#! FIELDS q rg file.free der_q der_rg
#! SET min_q 0.0222498
#! SET max_q 0.455426
#! SET nbins_q  63
#! SET periodic_q false
#! SET min_rg 0.845105
#! SET max_rg 1.78716
#! SET nbins_rg  55
#! SET periodic_rg false
    0.022249800    0.845105000   -0.000000000   -0.000000000   -0.000000000
    0.029236513    0.845105000   -0.000000000   -0.000000000   -0.000000000
    0.036223226    0.845105000   -0.000000000   -0.000000000   -0.000000000
    0.043209939    0.845105000   -0.000000000   -0.000000000   -0.000000000
    0.050196652    0.845105000   -0.000000000   -0.000000000   -0.000000000
    0.057183365    0.845105000   -0.000000000   -0.000000000   -0.000000000
    0.064170077    0.845105000   -0.000000000   -0.000000000   -0.000000000
    0.071156790    0.845105000   -0.000000000   -0.000000000   -0.000000000
    0.078143503    0.845105000   -0.000000000   -0.000000000   -0.000000000
    0.085130216    0.845105000   -0.000000000   -0.000000000   -0.000000000
    0.092116929    0.845105000   -0.000000000   -0.000000000   -0.000000000
    0.099103642    0.845105000   -0.000000000   -0.000000000   -0.000000000
    0.106090355    0.845105000   -0.000000000   -0.000000000   -0.000000000
    0.113077068    0.845105000   -0.000000000   -0.000000000   -0.000000000
    0.120063781    0.845105000   -0.000000000   -0.000000000   -0.000000000
    0.127050494    0.845105000   -0.000000000   -0.000000000   -0.000000000
    0.134037206    0.845105000   -0.000000000   -0.000000000   -0.000000000
    0.141023919    0.845105000   -0.000000000   -0.000000000   -0.000000000
    0.148010632    0.845105000   -0.000000000   -0.000000000   -0.000000000
    0.154997345    0.845105000   -0.000000000   -0.000000000   -0.000000000
    0.161984058    0.845105000   -0.000000000   -0.000000000   -0.000000000
    0.168970771    0.845105000   -0.000000000   -0.000000000   -0.000000000
    0.175957484    0.845105000   -0.000000000   -0.000000000   -0.000000000
    0.182944197    0.845105000   -0.000000000   -0.000000000   -0.000000000
    0.189930910    0.845105000   -0.000000000   -0.000000000   -0.000000000
    0.196917623    0.845105000   -0.000000000   -0.000000000   -0.000000000
    0.203904335    0.845105000   -0.000000000   -0.000000000   -0.000000000
    0.210891048    0.845105000   -0.000000000   -0.000000000   -0.000000000
    0.217877761    0.845105000   -0.000000000   -0.000000000   -0.000000000
    0.224864474    0.845105000   -0.000000000   -0.000000000   -0.000000000
    0.231851187    0.845105000   -0.000000000   -0.000000000   -0.000000000
    0.238837900    0.845105000   -0.000000000   -0.000000000   -0.000000000
    0.245824613    0.845105000   -0.000000000   -0.000000000   -0.000000000
    0.252811326    0.845105000   -0.000000000   -0.000000000   -0.000000000
    0.259798039    0.845105000   -0.000000000   -0.000000000   -0.000000000
    0.266784752    0.845105000   -0.000000000   -0.000000000   -0.000000000
    0.273771465    0.845105000   -0.000000000   -0.000000000   -0.000000000
    0.280758177    0.845105000   -0.000000000   -0.000000000   -0.000000000
    0.287744890    0.845105000   -0.000000000   -0.000000000   -0.000000000
    0.294731603    0.845105000   -0.000000000   -0.000000000   -0.000000000
    0.301718316    0.845105000   -0.000000000   -0.000000000   -0.000000000
    0.308705029    0.845105000   -0.000000000   -0.000000000   -0.000000000
    0.315691742    0.845105000   -0.000000000   -0.000000000   -0.000000000
    0.322678455    0.845105000   -0.000000000   -0.000000000   -0.000000000
    0.329665168    0.845105000   -0.000000000   -0.000000000   -0.000000000
    0.336651881    0.845105000   -0.000000000   -0.000000000   -0.000000000
    0.343638594    0.845105000   -0.000000000   -0.000000000   -0.000000000
    0.350625306    0.845105000   -0.000000000   -0.000000000   -0.000000000
    0.357612019    0.845105000   -0.000000000   -0.000000000   -0.000000000
    0.364598732    0.845105000   -0.000000000   -0.000000000   -0.000000000
    0.371585445    0.845105000   -0.000000000   -0.000000000   -0.000000000
    0.378572158    0.845105000   -0.000000000   -0.000000000   -0.000000000
    0.385558871    0.845105000   -0.000000000   -0.000000000   -0.000000000
    0.392545584    0.845105000   -0.000000000   -0.000000000   -0.000000000
    0.399532297    0.845105000   -0.000000000   -0.000000000   -0.000000000
    0.406519010    0.845105000   -0.000000000   -0.000000000   -0.000000000
    0.413505723    0.845105000   -0.000000000   -0.000000000   -0.000000000
    0.420492435    0.845105000   -0.000000000   -0.000000000   -0.000000000
    0.427479148    0.845105000   -0.000000000   -0.000000000   -0.000000000
    0.434465861    0.845105000   -0.000000000   -0.000000000   -0.000000000
    0.441452574    0.845105000   -0.000000000   -0.000000000   -0.000000000
    0.448439287    0.845105000   -0.000000000   -0.000000000   -0.000000000
    0.455426000    0.845105000   -0.000000000   -0.000000000   -0.000000000

    0.022249800    0.862550463   -0.000000000   -0.000000000   -0.000000000
    0.029236513    0.862550463   -0.000000000   -0.000000000   -0.000000000
    0.036223226    0.862550463   -0.000000000   -0.000000000   -0.000000000
    0.043209939    0.862550463   -0.000000000   -0.000000000   -0.000000000
    0.050196652    0.862550463   -0.000000000   -0.000000000   -0.000000000
    0.057183365    0.862550463   -0.000000000   -0.000000000   -0.000000000
    0.064170077    0.862550463   -0.000000000   -0.000000000   -0.000000000
    0.071156790    0.862550463   -0.000000000   -0.000000000   -0.000000000
    0.078143503    0.862550463   -0.000000000   -0.000000000   -0.000000000
    0.085130216    0.862550463   -0.000000000   -0.000000000   -0.000000000
    0.092116929    0.862550463   -0.000000000   -0.000000000   -0.000000000
    0.099103642    0.862550463   -0.000000000   -0.000000000   -0.000000000
    0.106090355    0.862550463   -0.000000000   -0.000000000   -0.000000000
    0.113077068    0.862550463   -0.000000000   -0.000000000   -0.000000000
    0.120063781    0.862550463   -0.000000000   -0.000000000   -0.000000000
    0.127050494    0.862550463   -0.000017341   -0.003020300   -0.013079191
    0.134037206    0.862550463   -0.000035685   -0.001974719   -0.023935005
    0.141023919    0.862550463   -0.000042375    0.001543017   -0.031719092
    0.148010632    0.862550463   -0.000012460    0.003056368   -0.017392063
    0.154997345    0.862550463   -0.000000000   -0.000000000   -0.000000000
    0.161984058    0.862550463   -0.000000000   -0.000000000   -0.000000000
    0.168970771    0.862550463   -0.000000000   -0.000000000   -0.000000000
    0.175957484    0.862550463   -0.000000000   -0.000000000   -0.000000000
    0.182944197    0.862550463   -0.000000000   -0.000000000   -0.000000000
    0.189930910    0.862550463   -0.000000000   -0.000000000   -0.000000000
    0.196917623    0.862550463   -0.000004076   -0.000420152   -0.003619225
    0.203904335    0.862550463   -0.000003865    0.000478807   -0.003604395
    0.210891048    0.862550463   -0.000001143   -0.000251679   -0.002584806
    0.217877761    0.862550463   -0.000024432   -0.007721067   -0.016732974
    0.224864474    0.862550463   -0.000250157   -0.077205117   -0.122617704
    0.231851187    0.862550463   -0.001164567   -0.178847344   -0.357907831
    0.238837900    0.862550463   -0.002811588   -0.293306775   -0.784049701
    0.245824613    0.862550463   -0.005086980   -0.327955808   -1.302038833
    0.252811326    0.862550463   -0.007082232   -0.209101196   -1.761639601
    0.259798039    0.862550463   -0.007742270    0.017528255   -1.934611331
    0.266784752    0.862550463   -0.006915054    0.193671729   -1.760009911
    0.273771465    0.862550463   -0.005319682    0.231957661   -1.413104709
    0.280758177    0.862550463   -0.004001107    0.144264250   -1.067985464
    0.287744890    0.862550463   -0.003333070    0.047300968   -0.865052710
    0.294731603    0.862550463   -0.003166263    0.002516983   -0.796386962
    0.301718316    0.862550463   -0.003001364    0.048084075   -0.755196475
    0.308705029    0.862550463   -0.002469225    0.107185879   -0.638935228
    0.315691742    0.862550463   -0.001610439    0.127739578   -0.455775492
    0.322678455    0.862550463   -0.000804829    0.086783359   -0.266368210
    0.329665168    0.862550463   -0.000405078    0.031471158   -0.139058831
    0.336651881    0.862550463   -0.000277840   -0.010522587   -0.163735974
    0.343638594    0.862550463   -0.000439849   -0.041311277   -0.182912753
    0.350625306    0.862550463   -0.000740008   -0.036059611   -0.278495473
    0.357612019    0.862550463   -0.000833333    0.011803363   -0.270917799
    0.364598732    0.862550463   -0.000631894    0.051885753   -0.262998576
    0.371585445    0.862550463   -0.000246981    0.051127002   -0.122496826
    0.378572158    0.862550463   -0.000000000   -0.000000000   -0.000000000
    0.385558871    0.862550463   -0.000000000   -0.000000000   -0.000000000
    0.392545584    0.862550463   -0.000000000   -0.000000000   -0.000000000
    0.399532297    0.862550463   -0.000000000   -0.000000000   -0.000000000
    0.406519010    0.862550463   -0.000000000   -0.000000000   -0.000000000
    0.413505723    0.862550463   -0.000000000   -0.000000000   -0.000000000
    0.420492435    0.862550463   -0.000000000   -0.000000000   -0.000000000
    0.427479148    0.862550463   -0.000000000   -0.000000000   -0.000000000
    0.434465861    0.862550463   -0.000000000   -0.000000000   -0.000000000
    0.441452574    0.862550463   -0.000000000   -0.000000000   -0.000000000
    0.448439287    0.862550463   -0.000000000   -0.000000000   -0.000000000
    0.455426000    0.862550463   -0.000000000   -0.000000000   -0.000000000

    0.022249800    0.879995926   -0.000000000   -0.000000000   -0.000000000
    0.029236513    0.879995926   -0.000000000   -0.000000000   -0.000000000
    0.036223226    0.879995926   -0.000000000   -0.000000000   -0.000000000
    0.043209939    0.879995926   -0.000000000   -0.000000000   -0.000000000
    0.050196652    0.879995926   -0.000000000   -0.000000000   -0.000000000
    0.057183365    0.879995926   -0.000000000   -0.000000000   -0.000000000
    0.064170077    0.879995926   -0.000000000   -0.000000000   -0.000000000
    0.071156790    0.879995926   -0.000000000   -0.000000000   -0.000000000
    0.078143503    0.879995926   -0.000000000   -0.000000000   -0.000000000
    0.085130216    0.879995926   -0.000000000   -0.000000000   -0.000000000
    0.092116929    0.879995926   -0.000029563   -0.014382398   -0.019185696
    0.099103642    0.879995926   -0.000314333   -0.092929909   -0.121598254
    0.106090355    0.879995926   -0.002564184   -0.618301342   -0.872955212
    0.113077068    0.879995926   -0.009319628   -1.235107332   -2.165923931
    0.120063781    0.879995926   -0.018796503   -1.365680460   -3.415337296
    0.127050494    0.879995926   -0.026694306   -0.823837875   -4.221013725
    0.134037206    0.879995926   -0.029675691   -0.033997265   -4.473699362
    0.141023919    0.879995926   -0.027269719    0.698953215   -4.460161635
    0.148010632    0.879995926   -0.020778468    1.076155955   -3.863184583
    0.154997345    0.879995926   -0.013061376    1.023987176   -2.936280410
    0.161984058    0.879995926   -0.007345313    0.579301725   -1.897814659
    0.168970771    0.879995926   -0.004762167    0.176196431   -1.469661140
    0.175957484    0.879995926   -0.004448779   -0.053108470   -1.459697971
    0.182944197    0.879995926   -0.005153363   -0.135307223   -1.541507788
    0.189930910    0.879995926   -0.006082620   -0.111267677   -1.623259349
    0.196917623    0.879995926   -0.006618646   -0.055575003   -1.630253178
    0.203904335    0.879995926   -0.007042568   -0.052620465   -1.720623887
    0.210891048    0.879995926   -0.008424488   -0.357941122   -2.088338047
    0.217877761    0.879995926   -0.012775536   -0.917460214   -2.866971802
    0.224864474    0.879995926   -0.021913023   -1.743542329   -4.045184587
    0.231851187    0.879995926   -0.037449530   -2.630859746   -5.631470494
    0.238837900    0.879995926   -0.057497453   -3.055288536   -7.330804437
    0.245824613    0.879995926   -0.078616125   -2.860082138   -8.999887760
    0.252811326    0.879995926   -0.095792921   -1.903220917  -10.349925276
    0.259798039    0.879995926   -0.104729537   -0.618383414  -11.143821319
    0.266784752    0.879995926   -0.104413925    0.650169790  -11.425726723
    0.273771465    0.879995926   -0.096699904    1.431408539  -11.202381807
    0.280758177    0.879995926   -0.085773488    1.629811520  -10.569553122
    0.287744890    0.879995926   -0.074999834    1.436108251   -9.589491969
    0.294731603    0.879995926   -0.065767748    1.162377832   -8.653743896
    0.301718316    0.879995926   -0.058793053    0.889735030   -7.842608570
    0.308705029    0.879995926   -0.052696286    0.902637984   -7.182100442
    0.315691742    0.879995926   -0.046212761    0.879397222   -6.594167036
    0.322678455    0.879995926   -0.040510771    0.721693753   -6.088006754
    0.329665168    0.879995926   -0.036352148    0.417586553   -5.954845491
    0.336651881    0.879995926   -0.033985643    0.289920311   -5.829488898
    0.343638594    0.879995926   -0.032138789    0.227337921   -5.559146727
    0.350625306    0.879995926   -0.029763580    0.471907073   -4.950279465
    0.357612019    0.879995926   -0.025596226    0.644613080   -4.050451235
    0.364598732    0.879995926   -0.020455002    0.839589375   -3.286946690
    0.371585445    0.879995926   -0.014294006    0.933172778   -2.417944907
    0.378572158    0.879995926   -0.007940231    0.858734950   -1.494832831
    0.385558871    0.879995926   -0.003159045    0.531693743   -0.665835558
    0.392545584    0.879995926   -0.000529518    0.233215456   -0.207691677
    0.399532297    0.879995926   -0.000000000   -0.000000000   -0.000000000
    0.406519010    0.879995926   -0.000000000   -0.000000000   -0.000000000
    0.413505723    0.879995926   -0.000000000   -0.000000000   -0.000000000
    0.420492435    0.879995926   -0.000000000   -0.000000000   -0.000000000
    0.427479148    0.879995926   -0.000000000   -0.000000000   -0.000000000
    0.434465861    0.879995926   -0.000000000   -0.000000000   -0.000000000
    0.441452574    0.879995926   -0.000000000   -0.000000000   -0.000000000
    0.448439287    0.879995926   -0.000000000   -0.000000000   -0.000000000
    0.455426000    0.879995926   -0.000000000   -0.000000000   -0.000000000

    0.022249800    0.897441389   -0.000000000   -0.000000000   -0.000000000
    0.029236513    0.897441389   -0.000000000   -0.000000000   -0.000000000
    0.036223226    0.897441389   -0.000000000   -0.000000000   -0.000000000
    0.043209939    0.897441389   -0.000000000   -0.000000000   -0.000000000
    0.050196652    0.897441389   -0.000000000   -0.000000000   -0.000000000
    0.057183365    0.897441389   -0.000000000   -0.000000000   -0.000000000
    0.064170077    0.897441389   -0.000000000   -0.000000000   -0.000000000
    0.071156790    0.897441389   -0.000000000   -0.000000000   -0.000000000
    0.078143503    0.897441389   -0.000116840   -0.053267020   -0.045347268
    0.085130216    0.897441389   -0.001977956   -0.619406091   -0.580052662
    0.092116929    0.897441389   -0.010553948   -2.053762616   -2.016818456
    0.099103642    0.897441389   -0.032796272   -4.237356525   -4.563192236
    0.106090355    0.897441389   -0.068652860   -5.819347347   -7.512180195
    0.113077068    0.897441389   -0.111024988   -6.092820984  -10.480806674
    0.120063781    0.897441389   -0.152011116   -5.629795440  -13.586923399
    0.127050494    0.897441389   -0.188986284   -4.809740004  -16.935780695
    0.134037206    0.897441389   -0.217392974   -3.031500733  -19.960859830
    0.141023919    0.897441389   -0.229746828   -0.414679271  -21.614848908
    0.148010632    0.897441389   -0.223885913    1.972307224  -22.216195968
    0.154997345    0.897441389   -0.205856893    3.035169577  -22.467287104
    0.161984058    0.897441389   -0.183251310    3.164800469  -21.835003934
    0.168970771    0.897441389   -0.163645973    2.128287325  -20.616340640
    0.175957484    0.897441389   -0.152945447    0.907060863  -19.282332170
    0.182944197    0.897441389   -0.148749721    0.428996509  -18.243276509
    0.189930910    0.897441389   -0.145253551    0.639284648  -17.739800346
    0.196917623    0.897441389   -0.140920166    0.391010009  -17.406396147
    0.203904335    0.897441389   -0.142633669   -1.137686436  -17.304591807
    0.210891048    0.897441389   -0.158447761   -3.518407572  -18.629061914
    0.217877761    0.897441389   -0.192510222   -6.237095460  -21.160820004
    0.224864474    0.897441389   -0.244398650   -8.523535752  -24.956125594
    0.231851187    0.897441389   -0.309936396   -9.999602991  -29.507696450
    0.238837900    0.897441389   -0.379744766   -9.811591279  -33.867029896
    0.245824613    0.897441389   -0.444620478   -8.604051416  -37.839511002
    0.252811326    0.897441389   -0.497679094   -6.581246460  -41.572456224
    0.259798039    0.897441389   -0.534437098   -3.787918922  -44.455507869
    0.266784752    0.897441389   -0.549953529   -0.594931740  -46.062272349
    0.273771465    0.897441389   -0.544238731    2.098236624  -46.258587202
    0.280758177    0.897441389   -0.522852002    3.936038547  -46.263530523
    0.287744890    0.897441389   -0.491341846    4.984947597  -44.960439368
    0.294731603    0.897441389   -0.455651474    4.908413085  -42.429834623
    0.301718316    0.897441389   -0.422039732    4.755608881  -40.010946454
    0.308705029    0.897441389   -0.391612753    3.873559945  -37.554011924
    0.315691742    0.897441389   -0.367834571    2.898467526  -35.894321542
    0.322678455    0.897441389   -0.351003778    1.782259090  -34.704196835
    0.329665168    0.897441389   -0.340866350    1.362290009  -33.477527741
    0.336651881    0.897441389   -0.331785830    1.307411776  -32.237249080
    0.343638594    0.897441389   -0.321561337    1.801491101  -31.046215659
    0.350625306    0.897441389   -0.303599178    3.363532417  -29.777432786
    0.357612019    0.897441389   -0.273096019    5.402883390  -27.274999083
    0.364598732    0.897441389   -0.228486411    7.227401115  -23.475865085
    0.371585445    0.897441389   -0.173811990    8.047456186  -18.833699712
    0.378572158    0.897441389   -0.118151084    7.623625961  -13.712426533
    0.385558871    0.897441389   -0.069581601    6.280416940   -8.929372851
    0.392545584    0.897441389   -0.032050584    4.384674400   -4.990304208
    0.399532297    0.897441389   -0.009417352    1.991648676   -1.877913203
    0.406519010    0.897441389   -0.001056996    0.448090379   -0.387243014
    0.413505723    0.897441389   -0.000000000   -0.000000000   -0.000000000
    0.420492435    0.897441389   -0.000000000   -0.000000000   -0.000000000
    0.427479148    0.897441389   -0.000000000   -0.000000000   -0.000000000
    0.434465861    0.897441389   -0.000000000   -0.000000000   -0.000000000
    0.441452574    0.897441389   -0.000000000   -0.000000000   -0.000000000
    0.448439287    0.897441389   -0.000000000   -0.000000000   -0.000000000
    0.455426000    0.897441389   -0.000000000   -0.000000000   -0.000000000

    0.022249800    0.914886852   -0.000000000   -0.000000000   -0.000000000
    0.029236513    0.914886852   -0.000000000   -0.000000000   -0.000000000
    0.036223226    0.914886852   -0.000000000   -0.000000000   -0.000000000
    0.043209939    0.914886852   -0.000000000   -0.000000000   -0.000000000
    0.050196652    0.914886852   -0.000000000   -0.000000000   -0.000000000
    0.057183365    0.914886852   -0.000000000   -0.000000000   -0.000000000
    0.064170077    0.914886852   -0.000019084   -0.051007775   -0.029866412
    0.071156790    0.914886852   -0.001685174   -0.628546664   -0.398344770
    0.078143503    0.914886852   -0.012482836   -2.767365515   -2.041249134
    0.085130216    0.914886852   -0.045025222   -7.030572443   -5.782160746
    0.092116929    0.914886852   -0.113165456  -12.473788191  -11.939018236
    0.099103642    0.914886852   -0.215570989  -16.438866898  -18.920323988
    0.106090355    0.914886852   -0.338509557  -18.529852635  -26.306853611
    0.113077068    0.914886852   -0.474321218  -20.385031859  -35.241713687
    0.120063781    0.914886852   -0.619609425  -20.582020441  -44.736903198
    0.127050494    0.914886852   -0.753526603  -17.159076842  -52.883886917
    0.134037206    0.914886852   -0.854001421  -11.403172917  -58.861025107
    0.141023919    0.914886852   -0.913104568   -5.588346553  -62.826074755
    0.148010632    0.914886852   -0.933686727   -0.495803804  -64.728576541
    0.154997345    0.914886852   -0.923747216    2.926183704  -65.423563217
    0.161984058    0.914886852   -0.896971390    4.655159564  -65.440301583
    0.168970771    0.914886852   -0.861775873    5.245740262  -64.991399231
    0.175957484    0.914886852   -0.828308736    3.947817382  -64.882161752
    0.182944197    0.914886852   -0.805337447    2.502675430  -64.666047327
    0.189930910    0.914886852   -0.792619737    0.961075550  -64.509308478
    0.196917623    0.914886852   -0.794694891   -1.461989673  -65.684297844
    0.203904335    0.914886852   -0.814746301   -4.514647948  -68.066723100
    0.210891048    0.914886852   -0.862446305   -9.524413996  -71.098762856
    0.217877761    0.914886852   -0.953006479  -16.468192720  -74.857956060
    0.224864474    0.914886852   -1.091294299  -22.780717581  -79.844625426
    0.231851187    0.914886852   -1.264013456  -26.333474692  -87.379962398
    0.238837900    0.914886852   -1.451464952  -26.785980036  -96.782784138
    0.245824613    0.914886852   -1.632364901  -24.445155035 -106.296120605
    0.252811326    0.914886852   -1.785943615  -18.920610485 -114.274851839
    0.259798039    0.914886852   -1.895357861  -12.522701464 -120.533549811
    0.266784752    0.914886852   -1.956791261   -5.298818598 -124.349662453
    0.273771465    0.914886852   -1.970192770    1.335679006 -125.912209303
    0.280758177    0.914886852   -1.942023031    6.503854684 -125.456965178
    0.287744890    0.914886852   -1.882568361   10.276983902 -123.174547782
    0.294731603    0.914886852   -1.799667345   13.025909302 -119.491065878
    0.301718316    0.914886852   -1.702423301   14.349468714 -114.956301934
    0.308705029    0.914886852   -1.605656036   12.843941034 -109.319170850
    0.315691742    0.914886852   -1.522107340   11.176628077 -104.280187212
    0.322678455    0.914886852   -1.450573314    9.149737566  -98.946877546
    0.329665168    0.914886852   -1.393569196    7.169557723  -94.653955800
    0.336651881    0.914886852   -1.345373619    6.803935838  -91.085868113
    0.343638594    0.914886852   -1.291958188    8.933177559  -86.961155381
    0.350625306    0.914886852   -1.215268801   13.107655302  -81.300063543
    0.357612019    0.914886852   -1.104768151   18.859698464  -73.815284997
    0.364598732    0.914886852   -0.952187642   24.665274959  -64.232402960
    0.371585445    0.914886852   -0.765757346   28.176977741  -52.851504272
    0.378572158    0.914886852   -0.566559748   28.334572200  -40.614437360
    0.385558871    0.914886852   -0.378184792   24.969080794  -28.716325088
    0.392545584    0.914886852   -0.223549488   18.940102927  -18.264114927
    0.399532297    0.914886852   -0.111236624   13.214165665  -10.714269435
    0.406519010    0.914886852   -0.039991609    7.342910716   -5.136913881
    0.413505723    0.914886852   -0.008090468    2.403426849   -1.538634776
    0.420492435    0.914886852   -0.000484567    0.256130904   -0.154932723
    0.427479148    0.914886852   -0.000000000   -0.000000000   -0.000000000
    0.434465861    0.914886852   -0.000000000   -0.000000000   -0.000000000
    0.441452574    0.914886852   -0.000000000   -0.000000000   -0.000000000
    0.448439287    0.914886852   -0.000000000   -0.000000000   -0.000000000
    0.455426000    0.914886852   -0.000000000   -0.000000000   -0.000000000

    0.022249800    0.932332315   -0.000000000   -0.000000000   -0.000000000
    0.029236513    0.932332315   -0.000000000   -0.000000000   -0.000000000
    0.036223226    0.932332315   -0.000000000   -0.000000000   -0.000000000
    0.043209939    0.932332315   -0.000000000   -0.000000000   -0.000000000
    0.050196652    0.932332315   -0.000000000   -0.000000000   -0.000000000
    0.057183365    0.932332315   -0.000160650   -0.091198748   -0.040785518
    0.064170077    0.932332315   -0.005121382   -1.935533621   -1.029050463
    0.071156790    0.932332315   -0.036357882   -7.455715667   -4.718147527
    0.078143503    0.932332315   -0.119164346  -16.915413701  -11.977764527
    0.085130216    0.932332315   -0.274010469  -27.624796038  -22.100956907
    0.092116929    0.932332315   -0.502309092  -37.536541520  -35.291413888
    0.099103642    0.932332315   -0.796721847  -46.512451966  -52.200950925
    0.106090355    0.932332315   -1.151768051  -55.252671404  -73.017298602
    0.113077068    0.932332315   -1.552349252  -58.219404056  -94.486557507
    0.120063781    0.932332315   -1.947904757  -53.692947210 -114.442733856
    0.127050494    0.932332315   -2.289287037  -43.397141967 -131.432377946
    0.134037206    0.932332315   -2.546081531  -29.817656881 -144.303887052
    0.141023919    0.932332315   -2.704597637  -15.734754901 -152.504235709
    0.148010632    0.932332315   -2.772980484   -4.172809296 -156.547626048
    0.154997345    0.932332315   -2.777287304    1.891165764 -158.022164834
    0.161984058    0.932332315   -2.758625855    2.894619366 -159.741732027
    0.168970771    0.932332315   -2.739444005    2.401024871 -161.673304990
    0.175957484    0.932332315   -2.730458942    0.332102096 -164.525813745
    0.182944197    0.932332315   -2.734413325   -1.548128725 -168.063085562
    0.189930910    0.932332315   -2.752014043   -3.588630197 -171.069662899
    0.196917623    0.932332315   -2.786211642   -6.912633440 -173.711135418
    0.203904335    0.932332315   -2.853756758  -12.500565795 -176.778231683
    0.210891048    0.932332315   -2.967843846  -20.651922184 -181.756260789
    0.217877761    0.932332315   -3.148038376  -31.095996329 -188.356887169
    0.224864474    0.932332315   -3.405225194  -42.475620520 -197.526454702
    0.231851187    0.932332315   -3.740573259  -52.600626149 -209.357513986
    0.238837900    0.932332315   -4.129485032  -57.426730210 -223.813080622
    0.245824613    0.932332315   -4.524191692  -54.392346054 -239.196099745
    0.252811326    0.932332315   -4.873618776  -44.810656562 -253.687834744
    0.259798039    0.932332315   -5.137222647  -30.339854298 -265.489749579
    0.266784752    0.932332315   -5.295738536  -15.119245420 -273.049858328
    0.273771465    0.932332315   -5.350073827   -0.781476007 -276.557518554
    0.280758177    0.932332315   -5.311832866   11.168469367 -275.579264636
    0.287744890    0.932332315   -5.198668291   20.755331511 -271.810688796
    0.294731603    0.932332315   -5.027392348   27.697988863 -264.928460841
    0.301718316    0.932332315   -4.816115672   32.045660207 -256.038483761
    0.308705029    0.932332315   -4.586909108   33.224538952 -245.759720493
    0.315691742    0.932332315   -4.359877499   30.876706604 -234.536801104
    0.322678455    0.932332315   -4.159134814   26.206994865 -224.471410210
    0.329665168    0.932332315   -3.991684565   22.041381321 -215.800208753
    0.336651881    0.932332315   -3.841582439   21.861895904 -207.414359894
    0.343638594    0.932332315   -3.674456402   27.433883898 -198.241704142
    0.350625306    0.932332315   -3.446575032   38.511402402 -185.261353264
    0.357612019    0.932332315   -3.126249729   53.104084054 -168.096529582
    0.364598732    0.932332315   -2.708974739   66.029077531 -146.170904907
    0.371585445    0.932332315   -2.213313934   74.762299808 -120.654407327
    0.378572158    0.932332315   -1.684079743   75.393732298  -93.292287836
    0.385558871    0.932332315   -1.178792688   68.122108912  -67.103524306
    0.392545584    0.932332315   -0.747130128   54.663018183  -44.371293030
    0.399532297    0.932332315   -0.421161274   38.641046051  -26.649568468
    0.406519010    0.932332315   -0.204144827   24.355455733  -14.510042533
    0.413505723    0.932332315   -0.075357579   13.042853388   -6.834387643
    0.420492435    0.932332315   -0.016996730    4.230811058   -2.052694469
    0.427479148    0.932332315   -0.001409480    0.790630279   -0.358973053
    0.434465861    0.932332315   -0.000000000   -0.000000000   -0.000000000
    0.441452574    0.932332315   -0.000000000   -0.000000000   -0.000000000
    0.448439287    0.932332315   -0.000000000   -0.000000000   -0.000000000
    0.455426000    0.932332315   -0.000000000   -0.000000000   -0.000000000

    0.022249800    0.949777778   -0.000000000   -0.000000000   -0.000000000
    0.029236513    0.949777778   -0.000000000   -0.000000000   -0.000000000
    0.036223226    0.949777778   -0.000000000   -0.000000000   -0.000000000
    0.043209939    0.949777778   -0.000000000   -0.000000000   -0.000000000
    0.050196652    0.949777778   -0.000195223   -0.108084102   -0.041461899
    0.057183365    0.949777778   -0.009560689   -3.740082001   -1.674102040
    0.064170077    0.949777778   -0.065698633  -13.227943613   -6.685312554
    0.071156790    0.949777778   -0.208240118  -28.349144399  -15.925798113
    0.078143503    0.949777778   -0.475108509  -48.878321958  -30.850594617
    0.085130216    0.949777778   -0.896201313  -71.755216500  -52.314239133
    0.092116929    0.949777778   -1.479055747  -95.338681490  -81.428710370
    0.099103642    0.949777778   -2.223722548 -117.532927356 -117.896049292
    0.106090355    0.949777778   -3.102380112 -131.887530206 -158.653169929
    0.113077068    0.949777778   -4.034093156 -132.538052784 -199.632987170
    0.120063781    0.949777778   -4.924842261 -120.416214720 -237.840812381
    0.127050494    0.949777778   -5.691849572  -97.698954084 -270.765336522
    0.134037206    0.949777778   -6.274177966  -68.398335411 -296.093487801
    0.141023919    0.949777778   -6.647244045  -38.745320596 -313.543820406
    0.148010632    0.949777778   -6.833869057  -16.098741841 -324.056199533
    0.154997345    0.949777778   -6.904660406   -5.687210988 -330.271143932
    0.161984058    0.949777778   -6.932035441   -4.004144529 -334.853321592
    0.168970771    0.949777778   -6.977516766   -9.511133541 -340.491788827
    0.175957484    0.949777778   -7.062158204  -13.732951888 -348.729544281
    0.182944197    0.949777778   -7.165924902  -15.001346644 -356.938609660
    0.189930910    0.949777778   -7.267963316  -14.298206468 -364.371931727
    0.196917623    0.949777778   -7.371285984  -15.632832568 -370.009974866
    0.203904335    0.949777778   -7.505329766  -24.125593435 -374.862384121
    0.210891048    0.949777778   -7.720323795  -38.230594113 -381.146470399
    0.217877761    0.949777778   -8.048125233  -56.441652446 -391.760472834
    0.224864474    0.949777778   -8.514680891  -77.463142915 -406.581787172
    0.231851187    0.949777778   -9.123598410  -95.882083838 -426.579223181
    0.238837900    0.949777778   -9.830008272 -105.003519032 -448.446298388
    0.245824613    0.949777778  -10.562754420 -102.701698955 -471.464934260
    0.252811326    0.949777778  -11.231708129  -87.097240598 -493.717571951
    0.259798039    0.949777778  -11.757225131  -62.630417101 -512.704772918
    0.266784752    0.949777778  -12.095774808  -34.439637711 -526.132864953
    0.273771465    0.949777778  -12.236072333   -6.555345079 -532.738561148
    0.280758177    0.949777778  -12.193335678   18.192477436 -532.765270521
    0.287744890    0.949777778  -11.989234138   39.291281169 -526.661332746
    0.294731603    0.949777778  -11.652913595   55.763899624 -514.736956377
    0.301718316    0.949777778  -11.226603185   65.739327809 -497.148576303
    0.308705029    0.949777778  -10.743817524   70.972756047 -477.853819311
    0.315691742    0.949777778  -10.253115267   67.695802141 -458.255102768
    0.322678455    0.949777778   -9.810184198   58.725613717 -439.625000045
    0.329665168    0.949777778   -9.427902519   51.302299578 -423.256794648
    0.336651881    0.949777778   -9.071369102   52.568460252 -407.428146025
    0.343638594    0.949777778   -8.665419183   65.996359788 -388.937993167
    0.350625306    0.949777778   -8.121406408   91.329769094 -364.320580798
    0.357612019    0.949777778   -7.373661011  123.008832945 -331.110952812
    0.364598732    0.949777778   -6.406373003  152.560438998 -288.751337995
    0.371585445    0.949777778   -5.268404272  171.042418146 -238.935604203
    0.378572158    0.949777778   -4.054797725  173.161761796 -185.717946332
    0.385558871    0.949777778   -2.889820049  157.703817360 -134.538293765
    0.392545584    0.949777778   -1.885852416  128.296932347  -89.808775325
    0.399532297    0.949777778   -1.111297672   92.985501388  -54.869052784
    0.406519010    0.949777778   -0.582331268   59.157882040  -30.161752126
    0.413505723    0.949777778   -0.261975029   33.941806376  -15.139057011
    0.420492435    0.949777778   -0.089906308   16.443004401   -6.554793261
    0.427479148    0.949777778   -0.019022333    5.124164871   -1.901872651
    0.434465861    0.949777778   -0.001386225    0.707045738   -0.250275641
    0.441452574    0.949777778   -0.000000000   -0.000000000   -0.000000000
    0.448439287    0.949777778   -0.000000000   -0.000000000   -0.000000000
    0.455426000    0.949777778   -0.000000000   -0.000000000   -0.000000000

    0.022249800    0.967223241   -0.000000000   -0.000000000   -0.000000000
    0.029236513    0.967223241   -0.000000000   -0.000000000   -0.000000000
    0.036223226    0.967223241   -0.000000000   -0.000000000   -0.000000000
    0.043209939    0.967223241   -0.000095529   -0.065878253   -0.020838974
    0.050196652    0.967223241   -0.009665469   -4.204130816   -1.520237819
    0.057183365    0.967223241   -0.078010220  -16.789437718   -6.651354317
    0.064170077    0.967223241   -0.263512252  -37.600216347  -16.478849912
    0.071156790    0.967223241   -0.635030645  -70.266180668  -34.384631926
    0.078143503    0.967223241   -1.272390685 -112.959662346  -63.131906582
    0.085130216    0.967223241   -2.232303243 -162.190377696 -105.409777648
    0.092116929    0.967223241   -3.543174735 -212.271777254 -162.090414333
    0.099103642    0.967223241   -5.181170409 -253.494491863 -230.516117151
    0.106090355    0.967223241   -7.031588523 -272.217901732 -303.410235880
    0.113077068    0.967223241   -8.928076989 -266.950547595 -374.956461065
    0.120063781    0.967223241  -10.707052819 -238.831236842 -439.347546859
    0.127050494    0.967223241  -12.226780977 -193.462628386 -492.897173379
    0.134037206    0.967223241  -13.389637882 -138.597541939 -534.598257123
    0.141023919    0.967223241  -14.167740217  -85.236989933 -564.065655845
    0.148010632    0.967223241  -14.616984221  -45.816084127 -583.311488151
    0.154997345    0.967223241  -14.853986415  -25.438024550 -596.469286072
    0.161984058    0.967223241  -15.024907083  -25.881337914 -609.020727312
    0.168970771    0.967223241  -15.243787453  -36.959476399 -624.017608355
    0.175957484    0.967223241  -15.538213934  -46.511154290 -641.439971231
    0.182944197    0.967223241  -15.864802175  -45.439311936 -659.523420421
    0.189930910    0.967223241  -16.157471118  -37.981551354 -674.821728167
    0.196917623    0.967223241  -16.399925407  -32.815292711 -685.552180789
    0.203904335    0.967223241  -16.642089876  -38.807664757 -693.636094732
    0.210891048    0.967223241  -16.982857706  -61.018894755 -701.716798789
    0.217877761    0.967223241  -17.519558412  -93.296009460 -714.312468532
    0.224864474    0.967223241  -18.286155191 -125.820698415 -731.546574750
    0.231851187    0.967223241  -19.267538279 -153.898546157 -754.170483851
    0.238837900    0.967223241  -20.407477426 -169.495794617 -780.572145992
    0.245824613    0.967223241  -21.598029250 -168.055433254 -809.249564190
    0.252811326    0.967223241  -22.717001766 -148.795055437 -837.274993596
    0.259798039    0.967223241  -23.632389628 -111.691775564 -862.778740807
    0.266784752    0.967223241  -24.255968986  -66.244011779 -882.011687189
    0.273771465    0.967223241  -24.553478629  -19.100943649 -893.912989463
    0.280758177    0.967223241  -24.527123170   26.243282691 -896.327433152
    0.287744890    0.967223241  -24.200026833   66.835214203 -888.360892676
    0.294731603    0.967223241  -23.610082148  100.598874158 -871.259694851
    0.301718316    0.967223241  -22.809150567  126.742044749 -845.547232542
    0.308705029    0.967223241  -21.879814509  136.363176862 -814.754670730
    0.315691742    0.967223241  -20.943644912  129.533491620 -782.806366723
    0.322678455    0.967223241  -20.085079161  115.679855815 -752.930484154
    0.329665168    0.967223241  -19.325230995  103.835817535 -724.942255949
    0.336651881    0.967223241  -18.595454779  108.870222467 -697.210149266
    0.343638594    0.967223241  -17.750346067  136.994052948 -665.063093650
    0.350625306    0.967223241  -16.629450596  187.041447216 -622.962967029
    0.357612019    0.967223241  -15.108510228  249.142996943 -566.378097662
    0.364598732    0.967223241  -13.157856903  307.257330786 -494.553304087
    0.371585445    0.967223241  -10.862256382  345.040044613 -410.384790309
    0.378572158    0.967223241   -8.413594641  350.100710736 -320.162537566
    0.385558871    0.967223241   -6.054297689  319.840023500 -232.766245175
    0.392545584    0.967223241   -4.005928435  262.753243927 -156.532043921
    0.399532297    0.967223241   -2.412862103  192.739587767  -96.339907493
    0.406519010    0.967223241   -1.306486253  125.665246809  -53.952050320
    0.413505723    0.967223241   -0.625585700   71.991809544  -27.057902765
    0.420492435    0.967223241   -0.252981394   36.962840903  -12.325289195
    0.427479148    0.967223241   -0.075295133   15.577940255   -4.712447349
    0.434465861    0.967223241   -0.013445761    3.847972701   -1.113155136
    0.441452574    0.967223241   -0.000584704    0.389994430   -0.104457298
    0.448439287    0.967223241   -0.000000000   -0.000000000   -0.000000000
    0.455426000    0.967223241   -0.000000000   -0.000000000   -0.000000000

    0.022249800    0.984668704   -0.000000000   -0.000000000   -0.000000000
    0.029236513    0.984668704   -0.000000000   -0.000000000   -0.000000000
    0.036223226    0.984668704   -0.000008103   -0.027705963   -0.006170804
    0.043209939    0.984668704   -0.005030295   -2.773928420   -0.810088546
    0.050196652    0.984668704   -0.063715710  -15.649146713   -4.823544456
    0.057183365    0.984668704   -0.252891634  -40.326710439  -13.595443945
    0.064170077    0.984668704   -0.672570653  -82.997349138  -31.075126647
    0.071156790    0.984668704   -1.467421941 -147.826032117  -62.502893030
    0.078143503    0.984668704   -2.787731166 -233.046679632 -113.812819763
    0.085130216    0.984668704   -4.759699542 -331.667555369 -189.923543131
    0.092116929    0.984668704   -7.405133053 -423.025237155 -287.331467022
    0.099103642    0.984668704  -10.599043781 -484.964920838 -398.964464474
    0.106090355    0.984668704  -14.080494592 -504.093670311 -514.260427186
    0.113077068    0.984668704  -17.541675646 -479.806771579 -622.888834906
    0.120063781    0.984668704  -20.705676210 -420.971350711 -717.817408548
    0.127050494    0.984668704  -23.363594724 -336.970895831 -794.024369391
    0.134037206    0.984668704  -25.386765502 -242.154703917 -850.088646070
    0.141023919    0.984668704  -26.766429602 -155.653095654 -888.468351141
    0.148010632    0.984668704  -27.619153334  -93.395023561 -915.104251720
    0.154997345    0.984668704  -28.160451545  -67.777403858 -936.909170632
    0.161984058    0.984668704  -28.645327391  -75.042403301 -961.027243511
    0.168970771    0.984668704  -29.247467343  -97.692342262 -990.803479952
    0.175957484    0.984668704  -29.987936766 -111.610531952 -1025.393522164
    0.182944197    0.984668704  -30.759846872 -105.822873712 -1059.856131933
    0.189930910    0.984668704  -31.425401051  -83.059465030 -1088.248495874
    0.196917623    0.984668704  -31.927634687  -63.033441430 -1107.682293286
    0.203904335    0.984668704  -32.342357400  -59.689640552 -1119.363583279
    0.210891048    0.984668704  -32.826359001  -83.159295611 -1126.920636915
    0.217877761    0.984668704  -33.546708315 -124.933247437 -1134.971226001
    0.224864474    0.984668704  -34.585769801 -171.792199379 -1146.968549285
    0.231851187    0.984668704  -35.930153226 -211.378839759 -1163.987428442
    0.238837900    0.984668704  -37.505913976 -236.746924138 -1185.646942344
    0.245824613    0.984668704  -39.179949464 -239.051859764 -1210.623081002
    0.252811326    0.984668704  -40.786596691 -217.059270868 -1237.078933787
    0.259798039    0.984668704  -42.164883597 -173.429913264 -1263.299682937
    0.266784752    0.984668704  -43.171497718 -112.623290585 -1286.872509225
    0.273771465    0.984668704  -43.719292456  -43.220967852 -1303.288210710
    0.280758177    0.984668704  -43.765057328   29.241033867 -1309.571483260
    0.287744890    0.984668704  -43.307935440  100.737358188 -1302.854253367
    0.294731603    0.984668704  -42.378924954  163.219687638 -1281.863064504
    0.301718316    0.984668704  -41.062268837  210.197561310 -1248.521868340
    0.308705029    0.984668704  -39.506895012  230.613292060 -1207.051771935
    0.315691742    0.984668704  -37.897119836  226.169076938 -1161.898945081
    0.322678455    0.984668704  -36.388254300  204.460955390 -1117.441374246
    0.329665168    0.984668704  -35.020978402  189.723166432 -1075.987079881
    0.336651881    0.984668704  -33.682856482  199.433366406 -1034.402361188
    0.343638594    0.984668704  -32.138520010  249.339208119 -985.853871956
    0.350625306    0.984668704  -30.105790788  337.440220108 -922.992277179
    0.357612019    0.984668704  -27.370070576  447.573176709 -839.779713459
    0.364598732    0.984668704  -23.870397411  550.978144925 -734.160810541
    0.371585445    0.984668704  -19.756796692  618.375763402 -609.796307209
    0.378572158    0.984668704  -15.362268098  628.565984556 -476.756783772
    0.385558871    0.984668704  -11.114184847  577.339550323 -347.785785075
    0.392545584    0.984668704   -7.413367919  475.842284454 -234.335650812
    0.399532297    0.984668704   -4.517226946  351.741499805 -145.105892529
    0.406519010    0.984668704   -2.488461341  231.583734965  -81.744443340
    0.413505723    0.984668704   -1.224479872  135.337135738  -41.689430519
    0.420492435    0.984668704   -0.526696095   69.977810369  -19.050732932
    0.427479148    0.984668704   -0.184746879   31.780418168   -7.803548345
    0.434465861    0.984668704   -0.044277572   10.527156873   -2.417925590
    0.441452574    0.984668704   -0.004986190    2.173348439   -0.464765751
    0.448439287    0.984668704   -0.000000000   -0.000000000   -0.000000000
    0.455426000    0.984668704   -0.000000000   -0.000000000   -0.000000000

    0.022249800    1.002114167   -0.000000000   -0.000000000   -0.000000000
    0.029236513    1.002114167   -0.000000000   -0.000000000   -0.000000000
    0.036223226    1.002114167   -0.000974257   -0.764329842   -0.177786237
    0.043209939    1.002114167   -0.034062013  -10.691315152   -2.557151840
    0.050196652    1.002114167   -0.182938642  -34.560125411   -8.807862679
    0.057183365    1.002114167   -0.565323881  -79.764699257  -22.401204387
    0.064170077    1.002114167   -1.373713762 -158.466999336  -49.844203034
    0.071156790    1.002114167   -2.875174209 -278.786588290 -100.373067200
    0.078143503    1.002114167   -5.359075669 -436.074080015 -182.430401173
    0.085130216    1.002114167   -8.992059793 -603.590978631 -297.511627701
    0.092116929    1.002114167  -13.743963381 -749.392474109 -442.458969935
    0.099103642    1.002114167  -19.319886145 -834.633046391 -604.444355332
    0.106090355    1.002114167  -25.221776762 -841.988866367 -766.670708892
    0.113077068    1.002114167  -30.921771060 -779.254129347 -914.170188170
    0.120063781    1.002114167  -35.981983385 -661.933404372 -1034.662096877
    0.127050494    1.002114167  -40.100940851 -514.338319076 -1123.675399225
    0.134037206    1.002114167  -43.164082547 -364.428008637 -1184.556039476
    0.141023919    1.002114167  -45.249097586 -237.789907378 -1224.787825286
    0.148010632    1.002114167  -46.594536354 -156.547927624 -1253.535911836
    0.154997345    1.002114167  -47.577712371 -134.581810697 -1281.448469848
    0.161984058    1.002114167  -48.589621024 -160.640395256 -1317.247563376
    0.168970771    1.002114167  -49.862850544 -203.293097087 -1364.319229083
    0.175957484    1.002114167  -51.386789113 -227.248932202 -1419.351931488
    0.182944197    1.002114167  -52.939697034 -210.067155830 -1474.845446386
    0.189930910    1.002114167  -54.247399603 -161.815346618 -1520.505730433
    0.196917623    1.002114167  -55.186820488 -108.918842855 -1551.014631584
    0.203904335    1.002114167  -55.836133692  -82.828291441 -1565.884582563
    0.210891048    1.002114167  -56.421216629  -91.480594752 -1568.950162937
    0.217877761    1.002114167  -57.191675312 -133.868576172 -1565.951124335
    0.224864474    1.002114167  -58.319374607 -189.188213407 -1563.014738671
    0.231851187    1.002114167  -59.827230016 -240.412935140 -1562.901395940
    0.238837900    1.002114167  -61.641809345 -275.853830227 -1566.734415105
    0.245824613    1.002114167  -63.628304365 -288.191308833 -1575.295083430
    0.252811326    1.002114167  -65.606308376 -273.845518756 -1589.189667038
    0.259798039    1.002114167  -67.389359416 -232.833415511 -1607.558533798
    0.266784752    1.002114167  -68.797451260 -165.352514854 -1628.689023988
    0.273771465    1.002114167  -69.653332156  -76.821670036 -1646.471288655
    0.280758177    1.002114167  -69.836915464   26.852173823 -1655.104212496
    0.287744890    1.002114167  -69.271872772  135.429124254 -1649.167780439
    0.294731603    1.002114167  -67.954514958  238.448116219 -1626.065790376
    0.301718316    1.002114167  -65.998199310  315.471956011 -1587.392062602
    0.308705029    1.002114167  -63.638814148  352.937884563 -1538.324726524
    0.315691742    1.002114167  -61.161104996  350.917203165 -1485.043743364
    0.322678455    1.002114167  -58.791961983  325.312133056 -1431.961123901
    0.329665168    1.002114167  -56.603422531  305.289549626 -1380.169553046
    0.336651881    1.002114167  -54.427669693  326.654189490 -1326.542118730
    0.343638594    1.002114167  -51.898474791  408.189548689 -1262.437649271
    0.350625306    1.002114167  -48.587976924  547.933431640 -1179.407956054
    0.357612019    1.002114167  -44.165874156  720.556038170 -1070.466471182
    0.364598732    1.002114167  -38.543248470  883.281130335 -933.983731010
    0.371585445    1.002114167  -31.949467712  991.415881968 -775.667914691
    0.378572158    1.002114167  -24.899876328 1009.645297964 -606.801295587
    0.385558871    1.002114167  -18.075641372  928.400928544 -442.941210470
    0.392545584    1.002114167  -12.112295488  768.392048491 -299.343985373
    0.399532297    1.002114167   -7.427505662  569.635394722 -185.456199604
    0.406519010    1.002114167   -4.132866946  377.788373531 -105.024364820
    0.413505723    1.002114167   -2.064348970  222.121117154  -53.699011776
    0.420492435    1.002114167   -0.913209291  115.890523985  -24.808990576
    0.427479148    1.002114167   -0.343337892   53.179164645  -10.199911144
    0.434465861    1.002114167   -0.097694872   20.277798584   -3.580752827
    0.441452574    1.002114167   -0.017337515    5.126680658   -0.861173849
    0.448439287    1.002114167   -0.000746663    0.583364570   -0.091746159
    0.455426000    1.002114167   -0.000000000   -0.000000000   -0.000000000

    0.022249800    1.019559630   -0.000000000   -0.000000000   -0.000000000
    0.029236513    1.019559630   -0.000000000   -0.000000000   -0.000000000
    0.036223226    1.019559630   -0.009626766   -4.503349874   -0.835557130
    0.043209939    1.019559630   -0.093924909  -22.388073082   -4.247288831
    0.050196652    1.019559630   -0.368981596  -61.136876450  -12.494107793
    0.057183365    1.019559630   -1.033791208 -136.829193155  -31.163934062
    0.064170077    1.019559630   -2.421064989 -271.809922196  -70.236829044
    0.071156790    1.019559630   -4.986501895 -473.070531053 -140.441492004
    0.078143503    1.019559630   -9.151952594 -724.606322987 -250.698210235
    0.085130216    1.019559630  -15.141566916 -987.137361791 -404.638732352
    0.092116929    1.019559630  -22.834060914 -1200.646960479 -595.697656996
    0.099103642    1.019559630  -31.662329310 -1305.494172786 -804.795461672
    0.106090355    1.019559630  -40.775819799 -1282.365214044 -1008.597497043
    0.113077068    1.019559630  -49.311648753 -1144.784588660 -1183.391587691
    0.120063781    1.019559630  -56.592064195 -930.924164756 -1314.335925475
    0.127050494    1.019559630  -62.262106273 -692.088473675 -1399.997516992
    0.134037206    1.019559630  -66.312528056 -473.541748291 -1449.066244616
    0.141023919    1.019559630  -69.002759492 -307.503570020 -1475.369801952
    0.148010632    1.019559630  -70.788161459 -217.994694037 -1494.583230254
    0.154997345    1.019559630  -72.253388317 -214.392705188 -1519.932829523
    0.161984058    1.019559630  -73.941459174 -276.345852471 -1559.647339152
    0.168970771    1.019559630  -76.150079245 -353.370716611 -1618.151318501
    0.175957484    1.019559630  -78.789988039 -392.777983782 -1688.789004131
    0.182944197    1.019559630  -81.465456512 -361.642079158 -1760.893695266
    0.189930910    1.019559630  -83.708282573 -274.048608302 -1820.355755169
    0.196917623    1.019559630  -85.259198837 -171.623019158 -1859.236570643
    0.203904335    1.019559630  -86.177023088  -98.192490460 -1874.490558297
    0.210891048    1.019559630  -86.751644783  -75.442819812 -1870.293583526
    0.217877761    1.019559630  -87.354814882 -104.517251274 -1854.034907805
    0.224864474    1.019559630  -88.268070865 -159.138492486 -1832.413070991
    0.231851187    1.019559630  -89.576305568 -214.110356743 -1809.523131123
    0.238837900    1.019559630  -91.237397278 -258.980733650 -1787.658222036
    0.245824613    1.019559630  -93.149946175 -284.891052182 -1769.915732751
    0.252811326    1.019559630  -95.169445945 -289.039587909 -1759.266631224
    0.259798039    1.019559630  -97.121872906 -264.732598572 -1757.980988465
    0.266784752    1.019559630  -98.792590902 -206.201656619 -1765.017503353
    0.273771465    1.019559630  -99.910072228 -108.223336873 -1775.254768002
    0.280758177    1.019559630 -100.223213270   22.405873963 -1780.570408057
    0.287744890    1.019559630  -99.550908989  170.753084416 -1773.649847595
    0.294731603    1.019559630  -97.837587734  315.928579391 -1752.081159196
    0.301718316    1.019559630  -95.217875819  425.252787653 -1716.370753120
    0.308705029    1.019559630  -92.011756681  482.659180478 -1670.672033869
    0.315691742    1.019559630  -88.608839981  484.154409817 -1620.326092869
    0.322678455    1.019559630  -85.312191622  457.890051057 -1569.081593206
    0.329665168    1.019559630  -82.189639961  442.144102213 -1515.747169914
    0.336651881    1.019559630  -79.007055299  481.095108774 -1455.498839302
    0.343638594    1.019559630  -75.263888805  605.690237728 -1381.420488773
    0.350625306    1.019559630  -70.365736536  807.615744419 -1283.896286915
    0.357612019    1.019559630  -63.879496417 1052.211029565 -1158.110140454
    0.364598732    1.019559630  -55.700013056 1281.207235491 -1004.206500190
    0.371585445    1.019559630  -46.163777276 1430.428689101 -829.016998553
    0.378572158    1.019559630  -36.003156865 1454.294677940 -645.944355908
    0.385558871    1.019559630  -26.171858670 1337.270038851 -470.183148588
    0.392545584    1.019559630  -17.580433929 1107.497975673 -317.073350978
    0.399532297    1.019559630  -10.820985743  823.543054423 -196.730461275
    0.406519010    1.019559630   -6.051699289  546.888797107 -111.191956862
    0.413505723    1.019559630   -3.048907483  323.647676568  -57.135448359
    0.420492435    1.019559630   -1.367348120  168.887541113  -26.314284271
    0.427479148    1.019559630   -0.531750961   78.765805720  -10.984960037
    0.434465861    1.019559630   -0.165714623   31.490945176   -4.009142878
    0.441452574    1.019559630   -0.034877998    9.097837447   -1.110261480
    0.448439287    1.019559630   -0.002838629    1.329333671   -0.153839029
    0.455426000    1.019559630   -0.000000000   -0.000000000   -0.000000000

    0.022249800    1.037005093   -0.000000000   -0.000000000   -0.000000000
    0.029236513    1.037005093   -0.000536030   -0.522442167   -0.068276235
    0.036223226    1.037005093   -0.029400705   -9.770344943   -1.356895511
    0.043209939    1.037005093   -0.177740124  -36.215428140   -5.178514929
    0.050196652    1.037005093   -0.610112096  -94.977063435  -14.827350099
    0.057183365    1.037005093   -1.639857235 -212.650262099  -37.717398468
    0.064170077    1.037005093   -3.785994300 -417.487427556  -84.386658741
    0.071156790    1.037005093   -7.698453932 -717.928811083 -167.076513774
    0.078143503    1.037005093  -13.975540034 -1086.582215445 -296.366857876
    0.085130216    1.037005093  -22.907360493 -1464.002254577 -476.343970667
    0.092116929    1.037005093  -34.225576401 -1753.067798781 -697.339711515
    0.099103642    1.037005093  -46.997263216 -1870.949716916 -936.419942636
    0.106090355    1.037005093  -59.892863983 -1788.029031485 -1161.879627215
    0.113077068    1.037005093  -71.579383695 -1533.895560353 -1344.412515584
    0.120063781    1.037005093  -81.099417007 -1183.173208657 -1466.863366022
    0.127050494    1.037005093  -88.093200945 -824.250262372 -1530.218745675
    0.134037206    1.037005093  -92.759179140 -525.177107604 -1549.213666209
    0.141023919    1.037005093  -95.663512876 -325.393919002 -1544.973015308
    0.148010632    1.037005093  -97.588079293 -246.315793138 -1539.456367927
    0.154997345    1.037005093  -99.371827323 -281.292300314 -1548.210173803
    0.161984058    1.037005093 -101.696821170 -392.856465756 -1578.296719172
    0.168970771    1.037005093 -104.897084586 -518.020038347 -1630.107178968
    0.175957484    1.037005093 -108.777967991 -577.430690872 -1696.356869982
    0.182944197    1.037005093 -112.721435031 -534.421072122 -1766.197566162
    0.189930910    1.037005093 -116.030287818 -402.048231519 -1824.732870668
    0.196917623    1.037005093 -118.265473705 -237.838816246 -1862.218436846
    0.203904335    1.037005093 -119.429792268 -104.029428740 -1874.820578093
    0.210891048    1.037005093 -119.885513438  -38.432948000 -1866.594701173
    0.217877761    1.037005093 -120.127128241  -40.070783553 -1843.165071518
    0.224864474    1.037005093 -120.540399637  -81.736252836 -1809.933833022
    0.231851187    1.037005093 -121.289298066 -132.123169734 -1770.950271602
    0.238837900    1.037005093 -122.373405522 -176.772869464 -1728.119412296
    0.245824613    1.037005093 -123.742242023 -212.941215662 -1684.792062447
    0.252811326    1.037005093 -125.319853568 -236.677804918 -1644.934013396
    0.259798039    1.037005093 -126.998809106 -238.927736391 -1614.084282502
    0.266784752    1.037005093 -128.578796192 -204.729101078 -1595.206324539
    0.273771465    1.037005093 -129.722369314 -112.701167271 -1586.070641736
    0.280758177    1.037005093 -130.041955361   29.482614338 -1580.496572666
    0.287744890    1.037005093 -129.235882260  204.583827280 -1571.724161343
    0.294731603    1.037005093 -127.189435679  378.573169195 -1555.985021268
    0.301718316    1.037005093 -124.045247442  511.498646650 -1533.638372607
    0.308705029    1.037005093 -120.180255973  583.316950595 -1506.111368945
    0.315691742    1.037005093 -116.043475885  592.247889299 -1475.102727164
    0.322678455    1.037005093 -111.970937795  572.418992864 -1440.065963966
    0.329665168    1.037005093 -107.994324776  574.106726978 -1397.488821372
    0.336651881    1.037005093 -103.778490868  647.729826978 -1340.835165588
    0.343638594    1.037005093  -98.700979023  823.494792353 -1263.629016267
    0.350625306    1.037005093  -92.045626267 1094.105840971 -1161.268787167
    0.357612019    1.037005093  -83.313552222 1407.456290787 -1031.903550319
    0.364598732    1.037005093  -72.436417572 1694.300572223 -880.161962166
    0.371585445    1.037005093  -59.890896122 1873.922885974 -714.845328130
    0.378572158    1.037005093  -46.633354261 1891.381181037 -548.466684486
    0.385558871    1.037005093  -33.875298652 1732.370360750 -394.513868232
    0.392545584    1.037005093  -22.756761230 1431.994262457 -263.551967367
    0.399532297    1.037005093  -14.025164069 1063.512254828 -162.318030077
    0.406519010    1.037005093   -7.863272572  707.732134404  -91.575664730
    0.413505723    1.037005093   -3.976294442  418.916233872  -46.753488365
    0.420492435    1.037005093   -1.795407182  220.015027710  -21.590869249
    0.427479148    1.037005093   -0.710378964  102.739816691   -8.995727005
    0.434465861    1.037005093   -0.231328494   41.849565834   -3.308975503
    0.441452574    1.037005093   -0.053781651   12.800503739   -0.979528723
    0.448439287    1.037005093   -0.005873207    2.406572092   -0.177017246
    0.455426000    1.037005093   -0.000000000   -0.000000000   -0.000000000

    0.022249800    1.054450556   -0.000000000   -0.000000000   -0.000000000
    0.029236513    1.054450556   -0.002879226   -2.004678792   -0.195430689
    0.036223226    1.054450556   -0.054582052  -15.194559471   -1.444078247
    0.043209939    1.054450556   -0.268016609  -50.633267499   -4.952634907
    0.050196652    1.054450556   -0.871525325 -132.727586290  -14.670107480
    0.057183365    1.054450556   -2.311756317 -296.587802883  -37.915354727
    0.064170077    1.054450556   -5.281604278 -575.949159808  -84.251759439
    0.071156790    1.054450556  -10.656473980 -982.671390471 -166.783555453
    0.078143503    1.054450556  -19.224497593 -1480.092231389 -296.434940735
    0.085130216    1.054450556  -31.348511419 -1980.185731464 -477.807731187
    0.092116929    1.054450556  -46.585386945 -2347.545708209 -700.491080794
    0.099103642    1.054450556  -63.574096852 -2468.045567570 -939.063939667
    0.106090355    1.054450556  -80.392402445 -2300.029653922 -1158.079391027
    0.113077068    1.054450556  -95.158101759 -1895.520225791 -1324.967294718
    0.120063781    1.054450556 -106.609881990 -1375.164709995 -1421.518679971
    0.127050494    1.054450556 -114.412132700 -871.528004251 -1449.498966109
    0.134037206    1.054450556 -119.066101429 -484.418763694 -1428.650778629
    0.141023919    1.054450556 -121.566071221 -260.249824286 -1386.219194309
    0.148010632    1.054450556 -123.099260023 -205.504575820 -1345.809612177
    0.154997345    1.054450556 -124.777582492 -294.450474708 -1323.959879592
    0.161984058    1.054450556 -127.403987920 -464.954058146 -1324.993873871
    0.168970771    1.054450556 -131.269697652 -634.451917889 -1345.742391534
    0.175957484    1.054450556 -136.069684880 -718.872195539 -1379.523753994
    0.182944197    1.054450556 -141.001852261 -669.848721291 -1418.745387400
    0.189930910    1.054450556 -145.155588290 -503.552951962 -1452.751298514
    0.196917623    1.054450556 -147.929356410 -289.395255298 -1474.892788975
    0.203904335    1.054450556 -149.274302451 -106.070493149 -1482.179962971
    0.210891048    1.054450556 -149.594708650    0.151583981 -1476.285153960
    0.217877761    1.054450556 -149.460213799   26.627763951 -1459.419579186
    0.224864474    1.054450556 -149.327951384    7.395906124 -1433.462161396
    0.231851187    1.054450556 -149.389074908  -24.363891567 -1397.112132149
    0.238837900    1.054450556 -149.653403530  -51.120379071 -1349.260943223
    0.245824613    1.054450556 -150.108179237  -79.757442633 -1290.618201406
    0.252811326    1.054450556 -150.776371366 -111.429568533 -1227.682459746
    0.259798039    1.054450556 -151.658178487 -138.748558971 -1168.118274320
    0.266784752    1.054450556 -152.642453659 -135.878479351 -1118.848609476
    0.273771465    1.054450556 -153.408803513  -72.708585417 -1084.474962071
    0.280758177    1.054450556 -153.498373668   56.596799419 -1063.302330168
    0.287744890    1.054450556 -152.517490268  229.464764674 -1052.325212253
    0.294731603    1.054450556 -150.291020328  405.277785677 -1048.542422195
    0.301718316    1.054450556 -146.950581582  541.806305859 -1049.863594927
    0.308705029    1.054450556 -142.866340624  615.971281843 -1054.023414007
    0.315691742    1.054450556 -138.467671616  635.848454283 -1056.876875281
    0.322678455    1.054450556 -134.026866327  636.472380148 -1051.217799243
    0.329665168    1.054450556 -129.480776437  675.691423273 -1029.877782899
    0.336651881    1.054450556 -124.373696708  804.104133496 -985.495439277
    0.343638594    1.054450556 -117.987457385 1043.535160954 -914.006957558
    0.350625306    1.054450556 -109.571898630 1377.746430315 -816.179520164
    0.357612019    1.054450556  -98.657855507 1745.115395786 -697.634883857
    0.364598732    1.054450556  -85.299806599 2063.228302960 -567.996809030
    0.371585445    1.054450556  -70.147485256 2245.705439675 -438.334330168
    0.378572158    1.054450556  -54.364848662 2237.885544091 -319.756000386
    0.385558871    1.054450556  -39.350141830 2029.704833141 -219.313808554
    0.392545584    1.054450556  -26.367775400 1667.070688856 -140.795125529
    0.399532297    1.054450556  -16.224659626 1232.300960668  -83.731515799
    0.406519010    1.054450556   -9.095521166  818.490987054  -46.151138411
    0.413505723    1.054450556   -4.600984159  484.509141134  -23.098365206
    0.420492435    1.054450556   -2.082635224  254.474252582  -10.436331003
    0.427479148    1.054450556   -0.829253688  118.728214639   -4.291969981
    0.434465861    1.054450556   -0.275692244   48.683724927   -1.600539952
    0.441452574    1.054450556   -0.067097993   15.402343307   -0.496112786
    0.448439287    1.054450556   -0.008480906    3.410670337   -0.108556159
    0.455426000    1.054450556   -0.000000000   -0.000000000   -0.000000000

    0.022249800    1.071896019   -0.000000000   -0.000000000   -0.000000000
    0.029236513    1.071896019   -0.006572075   -3.588670264   -0.197863402
    0.036223226    1.071896019   -0.076999831  -19.834775086   -1.034470369
    0.043209939    1.071896019   -0.343269798  -63.541001828   -3.505035937
    0.050196652    1.071896019   -1.104013353 -167.229222546  -11.316644242
    0.057183365    1.071896019   -2.910195620 -370.707470109  -29.436610667
    0.064170077    1.071896019   -6.620713217 -718.157299649  -66.449539857
    0.071156790    1.071896019  -13.321840174 -1224.262687665 -133.804067196
    0.078143503    1.071896019  -23.999305215 -1843.802087510 -242.180353903
    0.085130216    1.071896019  -39.086820502 -2460.524403679 -395.561003159
    0.092116929    1.071896019  -57.970918373 -2901.518822695 -585.511695133
    0.099103642    1.071896019  -78.862422881 -3016.920419850 -789.186432694
    0.106090355    1.071896019  -99.234111763 -2754.348956422 -973.114594081
    0.113077068    1.071896019 -116.629289032 -2185.726450854 -1105.038088430
    0.120063781    1.071896019 -129.457021499 -1480.287846981 -1165.993944656
    0.127050494    1.071896019 -137.427823843 -824.392751056 -1158.413650685
    0.134037206    1.071896019 -141.399447821 -348.742201557 -1102.848469335
    0.141023919    1.071896019 -142.850350486 -105.853771917 -1027.370878827
    0.148010632    1.071896019 -143.395039476  -82.683948641 -955.707139672
    0.154997345    1.071896019 -144.383760902 -220.830929246 -898.872859939
    0.161984058    1.071896019 -146.666676946 -438.287517753 -857.810539844
    0.168970771    1.071896019 -150.474727786 -641.929870019 -828.649171693
    0.175957484    1.071896019 -155.402239168 -748.460007661 -807.132023651
    0.182944197    1.071896019 -160.571240935 -705.757563409 -792.407082353
    0.189930910    1.071896019 -164.959019536 -533.560989383 -782.817407709
    0.196917623    1.071896019 -167.895027818 -305.514255065 -778.130817803
    0.203904335    1.071896019 -169.302239219 -108.994671967 -777.769354558
    0.210891048    1.071896019 -169.591834292   11.059409131 -780.625911585
    0.217877761    1.071896019 -169.325525619   54.164852350 -783.905115895
    0.224864474    1.071896019 -168.928847088   56.672536684 -781.723384798
    0.231851187    1.071896019 -168.525311109   61.431487963 -766.944747056
    0.238837900    1.071896019 -168.046047910   76.705195279 -731.985192308
    0.245824613    1.071896019 -167.472124209   84.406949055 -674.856532365
    0.252811326    1.071896019 -166.921413318   68.397428465 -600.381389000
    0.259798039    1.071896019 -166.569185618   30.703779998 -520.349537716
    0.266784752    1.071896019 -166.468975424    2.184543734 -447.041672837
    0.273771465    1.071896019 -166.430206717   20.568326897 -390.649237680
    0.280758177    1.071896019 -166.031311656  103.464889001 -357.077900028
    0.287744890    1.071896019 -164.864752911  236.500947502 -347.650204458
    0.294731603    1.071896019 -162.714470763  378.263604117 -360.630733448
    0.301718316    1.071896019 -159.651062962  489.604361294 -391.585950868
    0.308705029    1.071896019 -155.967461608  556.606710024 -433.330706575
    0.315691742    1.071896019 -151.954979236  589.528167397 -474.299605921
    0.322678455    1.071896019 -147.710145888  630.299020629 -501.953590249
    0.329665168    1.071896019 -143.007295722  730.172174336 -505.168283057
    0.336651881    1.071896019 -137.267655789  931.615849344 -477.372514207
    0.343638594    1.071896019 -129.734061130 1241.900528833 -418.276377567
    0.350625306    1.071896019 -119.725654535 1630.620111774 -335.030034953
    0.357612019    1.071896019 -106.931397025 2025.022438384 -240.147785123
    0.364598732    1.071896019  -91.623176707 2336.882817759 -148.426268882
    0.371585445    1.071896019  -74.662553915 2486.350324948  -72.854947685
    0.378572158    1.071896019  -57.374225396 2427.139994036  -20.654712194
    0.385558871    1.071896019  -41.221025543 2165.278808134    7.868141621
    0.392545584    1.071896019  -27.457697527 1756.710442174   17.836050186
    0.399532297    1.071896019  -16.814011366 1287.400723087   17.333234021
    0.406519010    1.071896019   -9.393877495  848.571875417   12.599487470
    0.413505723    1.071896019   -4.739812889  501.275826877    7.477261500
    0.420492435    1.071896019   -2.140058493  261.635492768    4.046569499
    0.427479148    1.071896019   -0.851131976  121.426061031    1.840732074
    0.434465861    1.071896019   -0.283763575   49.908505064    0.695775443
    0.441452574    1.071896019   -0.069898481   15.904302983    0.185826298
    0.448439287    1.071896019   -0.009204268    3.641620253    0.030297716
    0.455426000    1.071896019   -0.000000000   -0.000000000   -0.000000000

    0.022249800    1.089341481   -0.000000000   -0.000000000   -0.000000000
    0.029236513    1.089341481   -0.009076036   -4.492530537   -0.072322606
    0.036223226    1.089341481   -0.088431638  -21.964236723   -0.246768066
    0.043209939    1.089341481   -0.384663087  -71.359643508   -1.154570725
    0.050196652    1.089341481   -1.248212732 -189.294830678   -4.855483087
    0.057183365    1.089341481   -3.299001965 -421.080015257  -14.307259993
    0.064170077    1.089341481   -7.520779233 -819.421886946  -35.414676266
    0.071156790    1.089341481  -15.178817412 -1401.361578102  -76.147376352
    0.078143503    1.089341481  -27.419946283 -2116.418986478 -144.603614061
    0.085130216    1.089341481  -44.750452262 -2827.857643665 -245.588105923
    0.092116929    1.089341481  -66.454220474 -3332.818397318 -376.008005674
    0.099103642    1.089341481  -90.401708584 -3446.582807220 -519.944340611
    0.106090355    1.089341481 -113.529041239 -3099.278077493 -648.793076652
    0.113077068    1.089341481 -132.832451239 -2379.847443662 -734.810717063
    0.120063781    1.089341481 -146.412669254 -1502.070383068 -760.734378092
    0.127050494    1.089341481 -154.014497294 -705.610364140 -728.394210066
    0.134037206    1.089341481 -156.838577800 -151.164854062 -656.160783669
    0.141023919    1.089341481 -156.826995861  105.941622556 -568.371275343
    0.148010632    1.089341481 -155.954780166  107.610860620 -481.969498503
    0.154997345    1.089341481 -155.719259821  -59.158434487 -402.091620670
    0.161984058    1.089341481 -156.949344892 -296.255374854 -324.599375582
    0.168970771    1.089341481 -159.794948174 -506.862774919 -245.499409032
    0.175957484    1.089341481 -163.819244803 -624.717094907 -164.746482457
    0.182944197    1.089341481 -168.195969183 -604.897641127  -89.822797633
    0.189930910    1.089341481 -171.988102353 -465.789944458  -31.608594933
    0.196917623    1.089341481 -174.581292399 -274.702379944    2.403950126
    0.203904335    1.089341481 -175.909109289 -114.342662718   11.484691161
    0.210891048    1.089341481 -176.336864001  -18.847137288   -0.651067141
    0.217877761    1.089341481 -176.320818451   17.077338313  -24.858808722
    0.224864474    1.089341481 -176.127469991   40.289374125  -49.031243071
    0.231851187    1.089341481 -175.687258512   92.366043078  -58.369349817
    0.238837900    1.089341481 -174.766432848  174.278567802  -41.630924448
    0.245824613    1.089341481 -173.274803506  247.499484735    6.176808141
    0.252811326    1.089341481 -171.414526636  274.335246103   80.419194778
    0.259798039    1.089341481 -169.579111876  243.110167289  168.344326137
    0.266784752    1.089341481 -168.083364827  183.877152739  252.349587570
    0.273771465    1.089341481 -166.958476228  146.346471291  317.938332768
    0.280758177    1.089341481 -165.931762907  157.089551079  354.390067827
    0.287744890    1.089341481 -164.658447887  214.289171335  356.414369930
    0.294731603    1.089341481 -162.897373391  291.376574085  325.203463814
    0.301718316    1.089341481 -160.619164563  357.107924920  267.743085014
    0.308705029    1.089341481 -157.941319776  407.431400437  196.383530794
    0.315691742    1.089341481 -154.918767654  461.622238598  126.674431655
    0.322678455    1.089341481 -151.388312119  558.306006634   74.852280552
    0.329665168    1.089341481 -146.921543453  736.337927666   52.552184223
    0.336651881    1.089341481 -140.842404581 1021.666154907   63.969253880
    0.343638594    1.089341481 -132.427580249 1400.150269625  104.994712364
    0.350625306    1.089341481 -121.167167515 1824.564352624  163.503227651
    0.357612019    1.089341481 -107.011705412 2213.797955354  222.566953422
    0.364598732    1.089341481  -90.518529170 2481.090983777  265.125163953
    0.371585445    1.089341481  -72.774469804 2563.771431362  278.859942508
    0.378572158    1.089341481  -55.191784707 2434.957706218  261.049705770
    0.385558871    1.089341481  -39.178075039 2121.719567160  218.157781335
    0.392545584    1.089341481  -25.826248645 1687.642934884  163.043245218
    0.399532297    1.089341481  -15.675701717 1218.902883595  109.077799890
    0.406519010    1.089341481   -8.690884331  793.502315523   65.521896347
    0.413505723    1.089341481   -4.356266068  464.384774852   35.128235352
    0.420492435    1.089341481   -1.952011051  240.627419973   16.897558947
    0.427479148    1.089341481   -0.769249113  111.161647559    7.236557783
    0.434465861    1.089341481   -0.252945985   45.208195433    2.705676871
    0.441452574    1.089341481   -0.061191143   13.771362450    0.757481936
    0.448439287    1.089341481   -0.007653954    2.987023701    0.142108628
    0.455426000    1.089341481   -0.000000000   -0.000000000   -0.000000000

    0.022249800    1.106786944   -0.000000000   -0.000000000   -0.000000000
    0.029236513    1.106786944   -0.008825162   -4.315696638    0.096663812
    0.036223226    1.106786944   -0.085051200  -21.148545500    0.609732270
    0.043209939    1.106786944   -0.382164903  -73.259493834    1.420408816
    0.050196652    1.106786944   -1.268908206 -195.554135539    2.426116832
    0.057183365    1.106786944   -3.400940418 -439.956239241    2.303646642
    0.064170077    1.106786944   -7.834464746 -863.191540514   -0.794222535
    0.071156790    1.106786944  -15.929827384 -1486.462864573  -10.251135706
    0.078143503    1.106786944  -28.957650897 -2259.496903523  -32.214465697
    0.085130216    1.106786944  -47.526076760 -3039.103372708  -73.417135542
    0.092116929    1.106786944  -70.903905283 -3595.756953037 -134.428259185
    0.099103642    1.106786944  -96.742776739 -3714.965984769 -207.358425930
    0.106090355    1.106786944 -121.571438987 -3308.054269665 -273.592409119
    0.113077068    1.106786944 -141.960305590 -2474.869083244 -312.629616476
    0.120063781    1.106786944 -155.738229440 -1464.530365717 -311.057544597
    0.127050494    1.106786944 -162.677065070 -560.538935184 -270.598260516
    0.134037206    1.106786944 -164.268495876   48.196816048 -205.105771643
    0.141023919    1.106786944 -162.813193951  315.315074085 -131.660236997
    0.148010632    1.106786944 -160.505500190  309.603175196  -58.454597634
    0.154997345    1.106786944 -158.860434961  145.548539071   18.195526174
    0.161984058    1.106786944 -158.588975343  -68.600162213  108.387686131
    0.168970771    1.106786944 -159.748816129 -254.597749955  217.231525327
    0.175957484    1.106786944 -161.974482903 -366.995777138  337.672836327
    0.182944197    1.106786944 -164.643181048 -380.515653456  454.019914613
    0.189930910    1.106786944 -167.086353358 -307.646064947  547.426490504
    0.196917623    1.106786944 -168.863214632 -200.223743891  605.345798222
    0.203904335    1.106786944 -169.944097151 -116.028944243  625.190147452
    0.210891048    1.106786944 -170.599941424  -77.900863140  613.915521443
    0.217877761    1.106786944 -171.086005319  -62.323248089  584.412432742
    0.224864474    1.106786944 -171.412873031  -22.385310561  553.732603107
    0.231851187    1.106786944 -171.226155689   86.945866854  538.525057043
    0.238837900    1.106786944 -170.080580888  245.956590748  550.880590067
    0.245824613    1.106786944 -167.809122893  397.886590574  594.332665622
    0.252811326    1.106786944 -164.691172034  478.864591026  664.241634887
    0.259798039    1.106786944 -161.344978370  462.117844567  747.889545467
    0.266784752    1.106786944 -158.399217938  373.289623822  827.833244324
    0.273771465    1.106786944 -156.154266551  271.799275052  888.592301690
    0.280758177    1.106786944 -154.540245502  196.183677581  918.201886381
    0.287744890    1.106786944 -153.317318529  160.705395091  910.705615149
    0.294731603    1.106786944 -152.221072941  157.037395570  867.523152170
    0.301718316    1.106786944 -151.079381115  171.443286403  797.718767259
    0.308705029    1.106786944 -149.772797679  208.570212331  715.819432047
    0.315691742    1.106786944 -148.067944732  290.748903278  638.432545113
    0.322678455    1.106786944 -145.526991307  450.923300814  580.008302474
    0.329665168    1.106786944 -141.538805182  708.596481571  549.372725472
    0.336651881    1.106786944 -135.387277426 1068.021946068  546.456615524
    0.343638594    1.106786944 -126.458647706 1495.380392094  563.241424329
    0.350625306    1.106786944 -114.476183595 1928.881406997  585.614026217
    0.357612019    1.106786944  -99.690114768 2283.307346422  597.002449677
    0.364598732    1.106786944  -82.941930274 2479.915322481  582.777289508
    0.371585445    1.106786944  -65.499752418 2478.145052620  535.032839231
    0.378572158    1.106786944  -48.779711328 2277.166551435  456.112185481
    0.385558871    1.106786944  -34.031271879 1924.769580479  357.410818985
    0.392545584    1.106786944  -22.080200136 1490.182708764  255.724258242
    0.399532297    1.106786944  -13.214524590 1052.727307040  166.019868819
    0.406519010    1.106786944   -7.231902604  673.391040714   97.531848157
    0.413505723    1.106786944   -3.580895837  388.251588586   51.502193617
    0.420492435    1.106786944   -1.582119920  198.666665831   24.418492778
    0.427479148    1.106786944   -0.611989228   90.425975056   10.327945640
    0.434465861    1.106786944   -0.194406402   35.965648966    3.806106622
    0.441452574    1.106786944   -0.044924773   10.688845877    1.061193740
    0.448439287    1.106786944   -0.004783139    1.868957522    0.169832791
    0.455426000    1.106786944   -0.000000000   -0.000000000   -0.000000000

    0.022249800    1.124232407   -0.000000000   -0.000000000   -0.000000000
    0.029236513    1.124232407   -0.006256057   -3.035921290    0.178230864
    0.036223226    1.124232407   -0.069280591  -18.006116052    1.156852022
    0.043209939    1.124232407   -0.337651123  -67.834742987    3.542625458
    0.050196652    1.124232407   -1.174714656 -187.618106636    7.997891120
    0.057183365    1.124232407   -3.239973748 -429.320265140   15.235781693
    0.064170077    1.124232407   -7.586295047 -849.837312650   27.490291123
    0.071156790    1.124232407  -15.604107380 -1479.951740468   44.141375890
    0.078143503    1.124232407  -28.662565459 -2276.854237674   60.818651114
    0.085130216    1.124232407  -47.468868641 -3092.137117221   72.063054397
    0.092116929    1.124232407  -71.348772038 -3685.096439563   72.972583967
    0.099103642    1.124232407  -97.880121870 -3817.774878563   64.078848222
    0.106090355    1.124232407 -123.360120704 -3384.544849465   53.303476007
    0.113077068    1.124232407 -144.078605575 -2487.862594187   52.360219634
    0.120063781    1.124232407 -157.679355573 -1401.664373573   68.818252782
    0.127050494    1.124232407 -163.960967174 -440.145994677  101.051865451
    0.134037206    1.124232407 -164.621891284  188.646114487  139.684857984
    0.141023919    1.124232407 -162.181755082  454.622382255  176.251927365
    0.148010632    1.124232407 -158.894432077  454.290519457  212.419120629
    0.154997345    1.124232407 -156.133772866  324.860477808  260.051053225
    0.161984058    1.124232407 -154.398781688  172.931307741  333.018668832
    0.168970771    1.124232407 -153.654482945   45.117462996  436.813137070
    0.175957484    1.124232407 -153.678499005  -44.124182173  562.892956537
    0.182944197    1.124232407 -154.168577651  -88.639681330  691.415086459
    0.189930910    1.124232407 -154.823135278  -93.356687197  799.618868613
    0.196917623    1.124232407 -155.444666603  -84.572362012  873.173405085
    0.203904335    1.124232407 -156.045442107  -91.522924797  909.635588582
    0.210891048    1.124232407 -156.764504533 -114.932430936  917.149158709
    0.217877761    1.124232407 -157.614539590 -121.472628112  909.664855567
    0.224864474    1.124232407 -158.306166700  -60.740963629  903.627629442
    0.231851187    1.124232407 -158.220008032  100.891378159  911.902444380
    0.238837900    1.124232407 -156.741117437  327.664713718  941.067503394
    0.245824613    1.124232407 -153.664186618  543.525515356  991.606880127
    0.252811326    1.124232407 -149.359089506  667.237715191 1057.894877366
    0.259798039    1.124232407 -144.649538782  658.125563549 1129.677148153
    0.266784752    1.124232407 -140.424068488  537.347935863 1195.181800731
    0.273771465    1.124232407 -137.230602072  374.322606574 1242.461777201
    0.280758177    1.124232407 -135.186370785  215.519527543 1262.421879363
    0.287744890    1.124232407 -134.144003679   90.620255285 1250.815955981
    0.294731603    1.124232407 -133.806264550   13.678979675 1209.740734372
    0.301718316    1.124232407 -133.840905415  -14.901634211 1148.224765922
    0.308705029    1.124232407 -133.877883423   16.186374842 1079.860548286
    0.315691742    1.124232407 -133.424520286  129.286720476 1017.097391916
    0.322678455    1.124232407 -131.829419458  343.832766614  969.392158041
    0.329665168    1.124232407 -128.378700874  660.693479798  939.504678363
    0.336651881    1.124232407 -122.397875824 1063.125539780  922.747352279
    0.343638594    1.124232407 -113.435260243 1503.922264935  908.940088313
    0.350625306    1.124232407 -101.451007237 1914.368416509  885.582231375
    0.357612019    1.124232407  -86.947923563 2212.124377205  841.056171329
    0.364598732    1.124232407  -70.965431154 2330.187475943  767.754577477
    0.371585445    1.124232407  -54.849575252 2250.585125759  665.021892260
    0.378572158    1.124232407  -39.929984794 1995.615190637  540.496016878
    0.385558871    1.124232407  -27.230379949 1627.376205802  408.029287854
    0.392545584    1.124232407  -17.284936706 1218.990132000  283.740072397
    0.399532297    1.124232407  -10.134633941  836.335618309  180.335210302
    0.406519010    1.124232407   -5.437151782  521.410001701  104.176291987
    0.413505723    1.124232407   -2.639050714  294.466426987   54.329044369
    0.420492435    1.124232407   -1.138836728  147.012857214   25.403147790
    0.427479148    1.124232407   -0.425664212   65.474929796   10.615453676
    0.434465861    1.124232407   -0.126853917   24.761156600    3.745097999
    0.441452574    1.124232407   -0.026287992    7.195051894    1.035080163
    0.448439287    1.124232407   -0.001826215    1.017763727    0.136688806
    0.455426000    1.124232407   -0.000000000   -0.000000000   -0.000000000

    0.022249800    1.141677870   -0.000000000   -0.000000000   -0.000000000
    0.029236513    1.141677870   -0.003067462   -1.723184669    0.168460126
    0.036223226    1.141677870   -0.047275241  -13.251419789    1.307678536
    0.043209939    1.141677870   -0.266812537  -57.443816250    4.310676118
    0.050196652    1.141677870   -1.010656128 -170.238321755   10.226012580
    0.057183365    1.141677870   -2.905861819 -396.676796776   21.854718582
    0.064170077    1.141677870   -6.953708257 -795.831541448   42.581346292
    0.071156790    1.141677870  -14.534656673 -1409.739533902   74.033586041
    0.078143503    1.141677870  -27.068706493 -2199.289564330  114.771785015
    0.085130216    1.141677870  -45.351963496 -3022.528144097  159.886060586
    0.092116929    1.141677870  -68.817499090 -3636.516260279  202.639370890
    0.099103642    1.141677870  -95.084091251 -3789.741845347  237.766428479
    0.106090355    1.141677870 -120.397571689 -3361.438944262  264.036094742
    0.113077068    1.141677870 -140.918012288 -2452.189654549  284.681722498
    0.120063781    1.141677870 -154.203120386 -1347.995479092  302.143016962
    0.127050494    1.141677870 -160.090971274 -383.424728913  313.034893586
    0.134037206    1.141677870 -160.397078688  231.133202702  314.479311587
    0.141023919    1.141677870 -157.719529721  482.286938855  305.012434967
    0.148010632    1.141677870 -154.210349320  495.098740458  293.957339488
    0.154997345    1.141677870 -150.987826229  422.684303240  298.233469113
    0.161984058    1.141677870 -148.285083945  355.472101891  334.424307162
    0.168970771    1.141677870 -145.969846916  308.765762017  408.346261548
    0.175957484    1.141677870 -143.960227354  265.373014051  512.202618544
    0.182944197    1.141677870 -142.288197708  210.241503558  628.930280069
    0.189930910    1.141677870 -141.041430484  145.986794167  737.368229356
    0.196917623    1.141677870 -140.271122842   74.519412152  823.600714938
    0.203904335    1.141677870 -140.026351871   -5.313233812  885.603579429
    0.210891048    1.141677870 -140.313014956  -72.366918325  930.115676168
    0.217877761    1.141677870 -140.920615097  -89.300811780  968.058334101
    0.224864474    1.141677870 -141.318567308   -6.516963038 1010.064055097
    0.231851187    1.141677870 -140.733575024  190.258946259 1060.375352351
    0.238837900    1.141677870 -138.498836929  453.196716112 1118.141990481
    0.245824613    1.141677870 -134.441097164  696.905942516 1179.627762887
    0.252811326    1.141677870 -129.019876454  830.746957252 1240.533697396
    0.259798039    1.141677870 -123.192462948  812.595559556 1296.182732462
    0.266784752    1.141677870 -117.986903653  661.119453647 1342.706194815
    0.273771465    1.141677870 -114.096702572  447.044459676 1375.629479250
    0.280758177    1.141677870 -111.758674251  224.411608373 1390.407672596
    0.287744890    1.141677870 -110.877079411   36.035613920 1385.278122250
    0.294731603    1.141677870 -111.120108526  -93.652884081 1362.169090182
    0.301718316    1.141677870 -112.015243376 -148.737393326 1327.328624906
    0.308705029    1.141677870 -112.992939700 -115.284206847 1289.697931158
    0.315691742    1.141677870 -113.392937906   19.576082719 1255.814756324
    0.322678455    1.141677870 -112.466139422  262.470196826 1227.453410249
    0.329665168    1.141677870 -109.503353743  599.420595432 1201.426853113
    0.336651881    1.141677870 -103.944219050  999.454660166 1169.645518471
    0.343638594    1.141677870  -95.515905379 1410.635062649 1122.262070701
    0.350625306    1.141677870  -84.360396709 1767.514106100 1051.213700409
    0.357612019    1.141677870  -71.120401366 1996.155285120  952.316886281
    0.364598732    1.141677870  -56.889152963 2045.564722999  827.004558884
    0.371585445    1.141677870  -42.953679098 1914.607370217  682.624367596
    0.378572158    1.141677870  -30.470300982 1639.879350337  531.069258486
    0.385558871    1.141677870  -20.219427539 1288.719536939  386.102400818
    0.392545584    1.141677870  -12.482666313  929.457789915  260.153750581
    0.399532297    1.141677870   -7.118143421  615.926005281  161.273013065
    0.406519010    1.141677870   -3.711838124  371.495392811   91.160883746
    0.413505723    1.141677870   -1.746310639  203.424276280   46.709773966
    0.420492435    1.141677870   -0.724589538   98.666550409   21.500488750
    0.427479148    1.141677870   -0.253635168   42.265172113    8.793821856
    0.434465861    1.141677870   -0.068579518   14.558959739    2.844212122
    0.441452574    1.141677870   -0.011040371    3.647740727    0.681799076
    0.448439287    1.141677870   -0.000168472    0.362255865    0.062913264
    0.455426000    1.141677870   -0.000000000   -0.000000000   -0.000000000

    0.022249800    1.159123333   -0.000000000   -0.000000000   -0.000000000
    0.029236513    1.159123333   -0.000855748   -0.598514706    0.077374702
    0.036223226    1.159123333   -0.026033397   -8.793754982    1.077139820
    0.043209939    1.159123333   -0.194493303  -47.826161516    3.811324001
    0.050196652    1.159123333   -0.833246737 -148.911793613    9.710064938
    0.057183365    1.159123333   -2.514151963 -354.468269723   22.129593400
    0.064170077    1.159123333   -6.177179362 -726.722466825   44.455553185
    0.071156790    1.159123333  -13.162771487 -1308.278051316   79.807060433
    0.078143503    1.159123333  -24.893022823 -2072.602905577  128.803337946
    0.085130216    1.159123333  -42.247434918 -2885.874193309  187.353968977
    0.092116929    1.159123333  -64.770784001 -3507.334280770  248.673949873
    0.099103642    1.159123333  -90.217574720 -3685.296248295  303.930086750
    0.106090355    1.159123333 -114.908283027 -3287.372880091  345.396428244
    0.113077068    1.159123333 -135.009699444 -2406.471284324  369.906299859
    0.120063781    1.159123333 -148.082990316 -1333.535304727  375.238374611
    0.127050494    1.159123333 -153.999256013 -406.879379149  361.454482417
    0.134037206    1.159123333 -154.600720782  169.089706188  328.048260493
    0.141023919    1.159123333 -152.449376256  398.894525072  279.789491573
    0.148010632    1.159123333 -149.496577507  428.104250682  229.814789599
    0.154997345    1.159123333 -146.553362992  417.327554757  195.737144298
    0.161984058    1.159123333 -143.567603085  445.013299885  193.818619102
    0.168970771    1.159123333 -140.286803324  494.350726696  231.672979168
    0.175957484    1.159123333 -136.718492548  519.405360537  306.677493271
    0.182944197    1.159123333 -133.166744513  485.957218041  405.610371913
    0.189930910    1.159123333 -130.048981255  399.097991275  512.333331111
    0.196917623    1.159123333 -127.641355875  287.320391986  614.280540995
    0.203904335    1.159123333 -126.044527171  171.733053528  707.569871567
    0.210891048    1.159123333 -125.169891582   86.045639131  795.897659946
    0.217877761    1.159123333 -124.668924307   73.637868709  884.006312705
    0.224864474    1.159123333 -123.893683594  166.782903254  974.326151900
    0.231851187    1.159123333 -122.080900307  366.809686461 1061.850202121
    0.238837900    1.159123333 -118.635362901  621.625395792 1139.954931123
    0.245824613    1.159123333 -113.465910325  846.664476159 1203.373998328
    0.252811326    1.159123333 -107.084460155  956.386765192 1250.649148505
    0.259798039    1.159123333 -100.462736273  914.270523167 1285.271697919
    0.266784752    1.159123333  -94.618866350  741.747871973 1311.771185164
    0.273771465    1.159123333  -90.260599700  499.386734666 1332.699119974
    0.280758177    1.159123333  -87.667524113  244.748875825 1347.857738856
    0.287744890    1.159123333  -86.758239974   24.280277388 1356.673143160
    0.294731603    1.159123333  -87.179180014 -131.544655623 1359.677392842
    0.301718316    1.159123333  -88.389953866 -199.196962764 1358.104467093
    0.308705029    1.159123333  -89.718406146 -164.102796218 1354.884964878
    0.315691742    1.159123333  -90.446589110  -26.124683451 1350.239663636
    0.322678455    1.159123333  -89.850635092  211.064436231 1339.595107557
    0.329665168    1.159123333  -87.322529540  522.767219756 1315.277455985
    0.336651881    1.159123333  -82.449776821  874.843413212 1268.743424933
    0.343638594    1.159123333  -75.112749569 1219.939865764 1192.489417739
    0.350625306    1.159123333  -65.548053620 1502.128904017 1083.850563389
    0.357612019    1.159123333  -54.407422144 1662.864317334  945.727011242
    0.364598732    1.159123333  -42.686867682 1665.448725929  787.112711900
    0.371585445    1.159123333  -31.490702968 1516.935635706  621.306324883
    0.378572158    1.159123333  -21.744472495 1259.137765295  462.345487915
    0.385558871    1.159123333  -14.000766611  955.677585630  322.503517777
    0.392545584    1.159123333   -8.365447294  663.683730701  209.333607723
    0.399532297    1.159123333   -4.603483101  422.776389819  125.549573171
    0.406519010    1.159123333   -2.309101954  244.741079553   68.921868946
    0.413505723    1.159123333   -1.037121436  128.726795535   34.320543750
    0.420492435    1.159123333   -0.402446892   59.817453834   15.393308758
    0.427479148    1.159123333   -0.125394232   22.979663408    5.826551225
    0.434465861    1.159123333   -0.028650460    7.313631912    1.757402885
    0.441452574    1.159123333   -0.002399522    1.185125824    0.285233360
    0.448439287    1.159123333   -0.000000000   -0.000000000   -0.000000000
    0.455426000    1.159123333   -0.000000000   -0.000000000   -0.000000000

    0.022249800    1.176568796   -0.000000000   -0.000000000   -0.000000000
    0.029236513    1.176568796   -0.000119605   -0.183535554    0.006196107
    0.036223226    1.176568796   -0.011537751   -4.904776448    0.534740299
    0.043209939    1.176568796   -0.138906627  -38.817404358    2.510142072
    0.050196652    1.176568796   -0.681895200 -128.319450318    7.566246051
    0.057183365    1.176568796   -2.157333235 -315.340491067   18.331416176
    0.064170077    1.176568796   -5.448181999 -658.666677010   38.289228888
    0.071156790    1.176568796  -11.835868337 -1205.168079733   70.816170502
    0.078143503    1.176568796  -22.727188099 -1936.828792306  116.641244083
    0.085130216    1.176568796  -39.052785743 -2729.539402904  174.816419239
    0.092116929    1.176568796  -60.474282217 -3351.972901386  238.224463716
    0.099103642    1.176568796  -84.913674043 -3556.721523906  296.443330108
    0.106090355    1.176568796 -108.868527484 -3206.749406534  337.744946126
    0.113077068    1.176568796 -128.602056872 -2382.746851020  354.817748822
    0.120063781    1.176568796 -141.716742761 -1369.256518660  344.378660552
    0.127050494    1.176568796 -148.079377797 -497.872473814  308.758689377
    0.134037206    1.176568796 -149.478262936   35.507255654  253.412489361
    0.141023919    1.176568796 -148.350514063  243.904924399  187.716940895
    0.148010632    1.176568796 -146.443576278  290.157982493  122.503079626
    0.154997345    1.176568796 -144.279792390  338.822403580   72.098000176
    0.161984058    1.176568796 -141.537947399  456.069675806   49.978077016
    0.168970771    1.176568796 -137.819591929  607.833678839   65.412462275
    0.175957484    1.176568796 -133.139457021  719.450200913  119.948036136
    0.182944197    1.176568796 -127.991642619  739.187809123  205.368840286
    0.189930910    1.176568796 -123.009855371  675.534026134  312.176986453
    0.196917623    1.176568796 -118.676515219  560.873095488  429.646968798
    0.203904335    1.176568796 -115.194391568  439.256501514  550.909710981
    0.210891048    1.176568796 -112.459716732  353.120725190  673.076946178
    0.217877761    1.176568796 -110.087245449  341.372379864  795.354549453
    0.224864474    1.176568796 -107.473466707  422.636484775  910.910574155
    0.231851187    1.176568796 -103.983615724  588.208603463 1010.506502219
    0.238837900    1.176568796  -99.161663584  792.364032519 1085.783882335
    0.245824613    1.176568796  -92.998489930  959.892327115 1132.991055106
    0.252811326    1.176568796  -85.993483800 1024.467193161 1155.607887043
    0.259798039    1.176568796  -78.992733981  958.678461129 1163.626075214
    0.266784752    1.176568796  -72.868049528  780.072879733 1168.897369830
    0.273771465    1.176568796  -68.247255100  537.019684669 1177.778842694
    0.280758177    1.176568796  -65.384821334  284.438147140 1192.798422790
    0.287744890    1.176568796  -64.209547937   61.351409369 1213.188853094
    0.294731603    1.176568796  -64.381492325  -97.686371101 1236.874184231
    0.301718316    1.176568796  -65.372652425 -169.682740746 1261.394135522
    0.308705029    1.176568796  -66.520567616 -143.085379511 1282.883605946
    0.315691742    1.176568796  -67.147819409  -21.212362018 1296.587401843
    0.322678455    1.176568796  -66.640767468  177.699541123 1295.549623333
    0.329665168    1.176568796  -64.542089540  429.827549454 1270.421556518
    0.336651881    1.176568796  -60.579774016  704.409039350 1213.704582910
    0.343638594    1.176568796  -54.733409564  963.805833835 1121.805686618
    0.350625306    1.176568796  -47.248995892 1165.478927609  995.858247729
    0.357612019    1.176568796  -38.680629480 1267.676979739  843.636549137
    0.364598732    1.176568796  -29.828737187 1246.030831142  677.982537227
    0.371585445    1.176568796  -21.537724922 1110.833714662  514.597797496
    0.378572158    1.176568796  -14.489624764  898.118211639  367.118453728
    0.385558871    1.176568796   -9.045120576  660.600176879  245.101130719
    0.392545584    1.176568796   -5.212291573  442.927896189  152.489453719
    0.399532297    1.176568796   -2.748231019  270.683405870   87.675078429
    0.406519010    1.176568796   -1.309462951  149.530718775   46.152977424
    0.413505723    1.176568796   -0.545949646   75.224389221   22.235217327
    0.420492435    1.176568796   -0.187810780   32.344720904    9.351360550
    0.427479148    1.176568796   -0.049563144   10.407753199    3.026822009
    0.434465861    1.176568796   -0.007274645    2.871740670    0.771027889
    0.441452574    1.176568796   -0.000000000   -0.000000000   -0.000000000
    0.448439287    1.176568796   -0.000000000   -0.000000000   -0.000000000
    0.455426000    1.176568796   -0.000000000   -0.000000000   -0.000000000

    0.022249800    1.194014259   -0.000000000   -0.000000000   -0.000000000
    0.029236513    1.194014259   -0.000036579   -0.122685135    0.001334114
    0.036223226    1.194014259   -0.006695208   -3.042147008    0.033543145
    0.043209939    1.194014259   -0.106398888  -31.978485818    1.242763997
    0.050196652    1.194014259   -0.571363543 -111.156932041    5.220387265
    0.057183365    1.194014259   -1.876132259 -281.905329665   13.886415841
    0.064170077    1.194014259   -4.852948676 -599.954432287   29.923193779
    0.071156790    1.194014259  -10.720668012 -1113.731878690   57.346416848
    0.078143503    1.194014259  -20.853097484 -1810.607847101   98.811407276
    0.085130216    1.194014259  -36.197894761 -2577.781400507  152.971356991
    0.092116929    1.194014259  -56.538077155 -3198.592907723  213.939905507
    0.099103642    1.194014259  -79.984155773 -3431.594571958  269.364671359
    0.106090355    1.194014259 -103.247143986 -3137.509852711  308.168928466
    0.113077068    1.194014259 -122.754988985 -2387.460884312  318.477446433
    0.120063781    1.194014259 -136.154798462 -1444.026778161  298.184828755
    0.127050494    1.194014259 -143.240663756 -626.619345363  253.485014278
    0.134037206    1.194014259 -145.661406437 -123.458126820  194.910990713
    0.141023919    1.194014259 -145.666098920   82.803008057  133.949117461
    0.148010632    1.194014259 -144.829526280  150.173290065   80.305757801
    0.154997345    1.194014259 -143.485120251  248.191648583   40.970118491
    0.161984058    1.194014259 -141.135183451  440.272409610   21.982921977
    0.168970771    1.194014259 -137.210946276  683.886080215   32.496147574
    0.175957484    1.194014259 -131.683610535  883.831876640   76.538017735
    0.182944197    1.194014259 -125.122991090  976.303591441  152.864455571
    0.189930910    1.194014259 -118.295664236  961.739835655  255.864823107
    0.196917623    1.194014259 -111.851105431  873.839840936  377.104364340
    0.203904335    1.194014259 -106.132494267  764.082304261  509.045775098
    0.210891048    1.194014259 -101.121011003  677.610868945  643.416017939
    0.217877761    1.194014259  -96.531114587  647.647171453  770.257542090
    0.224864474    1.194014259  -91.909624148  686.289925848  879.994463804
    0.231851187    1.194014259  -86.792061177  786.502325094  962.704867884
    0.238837900    1.194014259  -80.857017685  911.951565476 1012.209262779
    0.245824613    1.194014259  -74.128560845 1004.074786078 1027.814033096
    0.252811326    1.194014259  -67.004893886 1018.572018638 1018.275589318
    0.259798039    1.194014259  -60.118400809  937.485830233  997.306674009
    0.266784752    1.194014259  -54.104092567  771.725827610  979.036022484
    0.273771465    1.194014259  -49.457390659  553.817600732  972.463392869
    0.280758177    1.194014259  -46.382423461  328.023134769  980.375773965
    0.287744890    1.194014259  -44.823800981  124.792586508 1001.489731024
    0.294731603    1.194014259  -44.505962928  -22.765334053 1031.299191691
    0.301718316    1.194014259  -44.963064410  -94.174813226 1064.920063978
    0.308705029    1.194014259  -45.638392821  -85.552076805 1095.129013573
    0.315691742    1.194014259  -45.962904763    3.619681779 1113.985896473
    0.322678455    1.194014259  -45.456535314  148.463958128 1113.534909762
    0.329665168    1.194014259  -43.806120154  327.616812881 1087.388257754
    0.336651881    1.194014259  -40.860117342  515.911596834 1029.601052322
    0.343638594    1.194014259  -36.633224996  689.378488008  938.492839738
    0.350625306    1.194014259  -31.326005591  819.941287622  818.379254449
    0.357612019    1.194014259  -25.345016818  877.862273838  677.812166728
    0.364598732    1.194014259  -19.255219265  850.898095269  530.398687264
    0.371585445    1.194014259  -13.641079875  745.296517522  389.743661780
    0.378572158    1.194014259   -8.958413593  589.511889771  267.768502165
    0.385558871    1.194014259   -5.423771539  422.871661186  171.625762092
    0.392545584    1.194014259   -3.007308173  274.559135251  101.974422671
    0.399532297    1.194014259   -1.508587299  160.903971572   55.750974158
    0.406519010    1.194014259   -0.669362060   85.858124968   28.212663427
    0.413505723    1.194014259   -0.247389011   39.450172523   12.519271254
    0.420492435    1.194014259   -0.070114446   14.300880775    4.406575160
    0.427479148    1.194014259   -0.013714011    4.157534597    1.249697390
    0.434465861    1.194014259   -0.000419853    0.637910551    0.170592012
    0.441452574    1.194014259   -0.000000000   -0.000000000   -0.000000000
    0.448439287    1.194014259   -0.000000000   -0.000000000   -0.000000000
    0.455426000    1.194014259   -0.000000000   -0.000000000   -0.000000000

    0.022249800    1.211459722   -0.000000000   -0.000000000   -0.000000000
    0.029236513    1.211459722   -0.000000000   -0.000000000   -0.000000000
    0.036223226    1.211459722   -0.007564239   -3.456342631   -0.091559079
    0.043209939    1.211459722   -0.093350012  -26.410283969    0.305577707
    0.050196652    1.211459722   -0.494825521  -98.867773797    3.593173392
    0.057183365    1.211459722   -1.665684689 -254.895915695   10.474510072
    0.064170077    1.211459722   -4.387842831 -551.890293240   23.868375635
    0.071156790    1.211459722   -9.805152918 -1031.608162666   48.567914411
    0.078143503    1.211459722  -19.235789191 -1692.957874372   87.981809339
    0.085130216    1.211459722  -33.647977483 -2430.454495771  141.650686982
    0.092116929    1.211459722  -52.919788952 -3045.184851227  205.116202688
    0.099103642    1.211459722  -75.363454188 -3303.978210129  265.611575236
    0.106090355    1.211459722  -97.928899788 -3071.131455133  308.524093302
    0.113077068    1.211459722 -117.234817024 -2397.972699616  323.530597972
    0.120063781    1.211459722 -130.970499513 -1526.380798495  308.031589863
    0.127050494    1.211459722 -138.798185476 -751.316592712  270.312220296
    0.134037206    1.211459722 -142.143695778 -257.692199376  225.245887424
    0.141023919    1.211459722 -143.041633065  -34.865950605  185.567749291
    0.148010632    1.211459722 -142.920071926   64.274229399  158.569498030
    0.154997345    1.211459722 -142.054283096  200.086747491  144.112997801
    0.161984058    1.211459722 -139.872625621  441.634190507  144.719322030
    0.168970771    1.211459722 -135.723241971  749.225623436  161.634185984
    0.175957484    1.211459722 -129.492067525 1020.449238016  197.937937580
    0.182944197    1.211459722 -121.724286158 1181.762305367  257.801041373
    0.189930910    1.211459722 -113.245268732 1226.728432314  341.239881200
    0.196917623    1.211459722 -104.790238366 1181.251393204  446.845324793
    0.203904335    1.211459722  -96.844543870 1088.764020837  565.939430925
    0.210891048    1.211459722  -89.583547484  991.648930384  685.112087840
    0.217877761    1.211459722  -82.929361903  920.511035080  791.819267283
    0.224864474    1.211459722  -76.624096173  894.086452882  873.234323280
    0.231851187    1.211459722  -70.345001477  909.670414396  921.800381506
    0.238837900    1.211459722  -63.868290907  945.785480837  934.114510647
    0.245824613    1.211459722  -57.177724218  963.121403371  914.400053511
    0.252811326    1.211459722  -50.499652152  938.112013840  874.032632696
    0.259798039    1.211459722  -44.213973104  851.704759591  826.619658916
    0.266784752    1.211459722  -38.724107943  712.285104849  785.860877212
    0.273771465    1.211459722  -34.348420067  536.510139940  760.972909855
    0.280758177    1.211459722  -31.253444292  350.648360241  754.828374022
    0.287744890    1.211459722  -29.412624550  181.270302764  764.536753207
    0.294731603    1.211459722  -28.625743951   52.828098293  786.327878876
    0.301718316    1.211459722  -28.536676590  -16.592039815  813.607630360
    0.308705029    1.211459722  -28.718604058  -24.360910362  837.734608022
    0.315691742    1.211459722  -28.743602297   24.825946153  851.952374530
    0.322678455    1.211459722  -28.270176711  116.056719307  848.852865728
    0.329665168    1.211459722  -27.073531302  228.133386631  823.379404972
    0.336651881    1.211459722  -25.083162186  341.351486844  772.681002185
    0.343638594    1.211459722  -22.325756611  444.394806721  696.983271705
    0.350625306    1.211459722  -18.933255864  520.355553338  599.826498756
    0.357612019    1.211459722  -15.163440180  550.183757617  488.792003774
    0.364598732    1.211459722  -11.370116137  526.459527757  374.659428859
    0.371585445    1.211459722   -7.918103070  454.787889729  268.350298595
    0.378572158    1.211459722   -5.084784845  353.772056356  178.776177398
    0.385558871    1.211459722   -2.987601860  247.217199668  110.107295601
    0.392545584    1.211459722   -1.589769324  156.589924986   62.747675658
    0.399532297    1.211459722   -0.748228785   88.293499559   32.579176868
    0.406519010    1.211459722   -0.299031267   43.789020051   14.995960203
    0.413505723    1.211459722   -0.094326278   17.807915348    5.694710832
    0.420492435    1.211459722   -0.020682510    5.124609924    1.595024183
    0.427479148    1.211459722   -0.001951937    0.846409643    0.188226030
    0.434465861    1.211459722   -0.000000000   -0.000000000   -0.000000000
    0.441452574    1.211459722   -0.000000000   -0.000000000   -0.000000000
    0.448439287    1.211459722   -0.000000000   -0.000000000   -0.000000000
    0.455426000    1.211459722   -0.000000000   -0.000000000   -0.000000000

    0.022249800    1.228905185   -0.000000000   -0.000000000   -0.000000000
    0.029236513    1.228905185   -0.000019191   -0.059268918   -0.000882172
    0.036223226    1.228905185   -0.008729796   -3.781427610   -0.015627905
    0.043209939    1.228905185   -0.088735439  -23.315437586    0.331933862
    0.050196652    1.228905185   -0.441270283  -88.129429061    2.618882178
    0.057183365    1.228905185   -1.503072291 -232.716832393    8.504204354
    0.064170077    1.228905185   -3.995909881 -506.590874307   21.410870091
    0.071156790    1.228905185   -8.991651093 -954.881267700   44.955117615
    0.078143503    1.228905185  -17.740130439 -1572.731814797   84.615470529
    0.085130216    1.228905185  -31.170728639 -2272.488029573  143.470561526
    0.092116929    1.228905185  -49.266299559 -2871.514244049  214.908927136
    0.099103642    1.228905185  -70.556755867 -3154.400097126  287.855442861
    0.106090355    1.228905185  -92.255904665 -2978.004471666  345.880135839
    0.113077068    1.228905185 -111.175584387 -2381.256603017  377.131935439
    0.120063781    1.228905185 -125.043406876 -1577.103035615  378.882377575
    0.127050494    1.228905185 -133.368246687 -836.567789967  360.348004761
    0.134037206    1.228905185 -137.313112456 -338.891434315  336.943991361
    0.141023919    1.228905185 -138.684779310  -86.554271259  322.152367196
    0.148010632    1.228905185 -138.804565889   47.489685999  321.401228356
    0.154997345    1.228905185 -137.940671075  214.676392130  334.522621419
    0.161984058    1.228905185 -135.560348669  482.345866078  354.813147200
    0.168970771    1.228905185 -131.058301598  808.914953202  376.576570050
    0.175957484    1.228905185 -124.304257976 1111.677814607  399.050266787
    0.182944197    1.228905185 -115.734963148 1322.963298973  430.384958815
    0.189930910    1.228905185 -106.072978201 1424.015981319  480.618923876
    0.196917623    1.228905185  -96.062013399 1426.549938862  549.997250689
    0.203904335    1.228905185  -86.324704297 1352.165817814  634.058961090
    0.210891048    1.228905185  -77.255322477 1240.237598885  720.488264827
    0.217877761    1.228905185  -69.014053295 1118.943955073  794.231310232
    0.224864474    1.228905185  -61.576572963 1015.433718339  843.545555737
    0.231851187    1.228905185  -54.758523482  942.194409359  858.148133185
    0.238837900    1.228905185  -48.359553742  891.862005369  838.600427545
    0.245824613    1.228905185  -42.268679290  851.105503308  792.591558290
    0.252811326    1.228905185  -36.503986646  796.167691617  730.650940391
    0.259798039    1.228905185  -31.206462893  714.401767494  666.074187326
    0.266784752    1.228905185  -26.577285926  606.654390286  610.238019517
    0.273771465    1.228905185  -22.782359757  476.169328591  569.263834499
    0.280758177    1.228905185  -19.945193969  335.202441107  546.402841900
    0.287744890    1.228905185  -18.072217054  203.537679112  539.871317917
    0.294731603    1.228905185  -17.037116130   97.812121409  545.816171139
    0.301718316    1.228905185  -16.604458969   33.048196129  557.899806390
    0.308705029    1.228905185  -16.466991547   14.132035386  570.569561031
    0.315691742    1.228905185  -16.313887975   35.578707240  576.852255141
    0.322678455    1.228905185  -15.912102206   82.165695294  570.744843179
    0.329665168    1.228905185  -15.134976312  141.349615260  548.749180266
    0.336651881    1.228905185  -13.926361438  203.929745306  510.673995123
    0.343638594    1.228905185  -12.304402890  258.942536803  456.390836865
    0.350625306    1.228905185  -10.347157654  297.437582330  388.886862353
    0.357612019    1.228905185   -8.206766809  310.666778422  313.360902203
    0.364598732    1.228905185   -6.078754183  293.644346045  236.382530258
    0.371585445    1.228905185   -4.165494171  249.882878634  165.849627129
    0.378572158    1.228905185   -2.615477810  191.595976088  107.754179516
    0.385558871    1.228905185   -1.489316935  131.884228636   64.278767070
    0.392545584    1.228905185   -0.752426866   81.143116800   34.891604444
    0.399532297    1.228905185   -0.328760356   43.166032097   16.496737657
    0.406519010    1.228905185   -0.116933577   19.461343733    6.745272681
    0.413505723    1.228905185   -0.030204015    6.742330817    2.115220296
    0.420492435    1.228905185   -0.005469265    1.539789527    0.399960902
    0.427479148    1.228905185   -0.000497810    0.288069867    0.065727041
    0.434465861    1.228905185   -0.000000000   -0.000000000   -0.000000000
    0.441452574    1.228905185   -0.000000000   -0.000000000   -0.000000000
    0.448439287    1.228905185   -0.000000000   -0.000000000   -0.000000000
    0.455426000    1.228905185   -0.000000000   -0.000000000   -0.000000000

    0.022249800    1.246350648   -0.000000000   -0.000000000   -0.000000000
    0.029236513    1.246350648   -0.000014101   -0.058374027    0.001447922
    0.036223226    1.246350648   -0.007950769   -3.446512672    0.100311545
    0.043209939    1.246350648   -0.081802730  -21.861792218    0.485126550
    0.050196652    1.246350648   -0.401908121  -78.865121748    1.961075947
    0.057183365    1.246350648   -1.363386388 -212.129967669    7.674068328
    0.064170077    1.246350648   -3.639315533 -464.187812408   19.214012351
    0.071156790    1.246350648   -8.233631505 -877.612551514   41.766194123
    0.078143503    1.246350648  -16.279700470 -1447.940927121   81.964629071
    0.085130216    1.246350648  -28.667027709 -2100.281660491  141.828508779
    0.092116929    1.246350648  -45.449019759 -2673.344212662  219.405868490
    0.099103642    1.246350648  -65.360643797 -2963.974201369  303.472157302
    0.106090355    1.246350648  -85.878433031 -2836.233612887  380.018549218
    0.113077068    1.246350648 -104.053781860 -2311.759434462  434.234767569
    0.120063781    1.246350648 -117.681507600 -1574.204794239  460.727531521
    0.127050494    1.246350648 -126.129261171 -868.105137005  465.279284691
    0.134037206    1.246350648 -130.299213447 -365.916248396  462.091059689
    0.141023919    1.246350648 -131.762665971  -82.202080802  465.452157944
    0.148010632    1.246350648 -131.711657970   90.252307854  483.972941272
    0.154997345    1.246350648 -130.467914749  275.709726160  511.202972506
    0.161984058    1.246350648 -127.670983245  537.695548733  536.632256896
    0.168970771    1.246350648 -122.838776247  848.860096282  550.708813660
    0.175957484    1.246350648 -115.850620367 1144.908038077  554.579922436
    0.182944197    1.246350648 -106.995390284 1377.502876598  555.334959179
    0.189930910    1.246350648  -96.815889048 1520.377816697  564.729395159
    0.196917623    1.246350648  -85.970325315 1568.532772332  591.347586098
    0.203904335    1.246350648  -75.122566572 1523.307769959  635.108299908
    0.210891048    1.246350648  -64.859970920 1403.905956954  686.054764308
    0.217877761    1.246350648  -55.613630556 1239.028211774  729.485512840
    0.224864474    1.246350648  -47.570750405 1064.188963237  751.075788363
    0.231851187    1.246350648  -40.697857797  908.273837694  745.673903685
    0.238837900    1.246350648  -34.796629356  786.655779454  710.654179910
    0.245824613    1.246350648  -29.628532971  697.161906579  654.331870835
    0.252811326    1.246350648  -25.015213466  624.415497649  586.551878960
    0.259798039    1.246350648  -20.897670084  553.557005818  517.446248628
    0.266784752    1.246350648  -17.309919777  472.149117833  455.996235038
    0.273771465    1.246350648  -14.319174080  382.306138051  405.990753852
    0.280758177    1.246350648  -11.995915981  281.856122749  371.203045461
    0.287744890    1.246350648  -10.371287696  185.434423370  350.989369392
    0.294731603    1.246350648   -9.367785450  105.924935160  342.784948089
    0.301718316    1.246350648   -8.835591664   51.754512350  342.310980925
    0.308705029    1.246350648   -8.563993376   30.346746227  345.630142990
    0.315691742    1.246350648   -8.355200212   32.698523966  346.440178950
    0.322678455    1.246350648   -8.070663397   50.688602975  339.567851945
    0.329665168    1.246350648   -7.623074585   78.028342915  324.293358206
    0.336651881    1.246350648   -6.973399233  107.668926509  299.045236781
    0.343638594    1.246350648   -6.122339663  134.978184048  264.691778267
    0.350625306    1.246350648   -5.107908661  153.487259036  223.083077985
    0.357612019    1.246350648   -4.009212411  158.492850227  177.355286841
    0.364598732    1.246350648   -2.929185121  148.273422026  132.008697906
    0.371585445    1.246350648   -1.970067166  124.629965862   91.152738788
    0.378572158    1.246350648   -1.206771712   93.493855296   57.649074995
    0.385558871    1.246350648   -0.661399617   62.872547965   33.325571472
    0.392545584    1.246350648   -0.316456576   36.503194820   16.906190993
    0.399532297    1.246350648   -0.126493733   18.689828025    7.506818196
    0.406519010    1.246350648   -0.040220390    7.733512395    2.657686215
    0.413505723    1.246350648   -0.009006636    2.111064643    0.671011652
    0.420492435    1.246350648   -0.001293867    0.547343872    0.158989803
    0.427479148    1.246350648   -0.000000000   -0.000000000   -0.000000000
    0.434465861    1.246350648   -0.000000000   -0.000000000   -0.000000000
    0.441452574    1.246350648   -0.000000000   -0.000000000   -0.000000000
    0.448439287    1.246350648   -0.000000000   -0.000000000   -0.000000000
    0.455426000    1.246350648   -0.000000000   -0.000000000   -0.000000000

    0.022249800    1.263796111   -0.000000000   -0.000000000   -0.000000000
    0.029236513    1.263796111   -0.000000000   -0.000000000   -0.000000000
    0.036223226    1.263796111   -0.005562490   -2.667554356    0.164642901
    0.043209939    1.263796111   -0.072626410  -20.499355516    0.543157200
    0.050196652    1.263796111   -0.369916877  -73.417155941    1.700232124
    0.057183365    1.263796111   -1.241279097 -192.045050327    6.053086915
    0.064170077    1.263796111   -3.332053543 -427.567950638   15.879440849
    0.071156790    1.263796111   -7.547487043 -804.808080718   36.025118093
    0.078143503    1.263796111  -14.929757559 -1329.151886164   70.999607089
    0.085130216    1.263796111  -26.313901527 -1933.377348420  124.527631843
    0.092116929    1.263796111  -41.785129340 -2468.666546705  195.627264690
    0.099103642    1.263796111  -60.212159207 -2750.126834588  278.777004175
    0.106090355    1.263796111  -79.310095933 -2650.739816947  361.936940999
    0.113077068    1.263796111  -96.383164738 -2185.186021257  431.449494403
    0.120063781    1.263796111 -109.354778322 -1511.066540811  478.515091062
    0.127050494    1.263796111 -117.524959637 -846.312619212  505.910338050
    0.134037206    1.263796111 -121.584657100 -350.319632795  520.837135519
    0.141023919    1.263796111 -122.866468528  -43.699164157  536.177608539
    0.148010632    1.263796111 -122.449911918  153.713744810  557.218073354
    0.154997345    1.263796111 -120.729657083  343.215589057  581.832171546
    0.161984058    1.263796111 -117.540669937  577.434584983  599.948353531
    0.168970771    1.263796111 -112.576386135  847.337098096  600.011813255
    0.175957484    1.263796111 -105.708584659 1113.406925944  582.976482109
    0.182944197    1.263796111  -97.098906726 1343.426997853  555.457506947
    0.189930910    1.263796111  -87.064526525 1518.266346636  531.753286604
    0.196917623    1.263796111  -76.066402215 1615.071989230  525.294253313
    0.203904335    1.263796111  -64.740495361 1609.480862550  538.840886559
    0.210891048    1.263796111  -53.831700919 1497.272301456  565.689727329
    0.217877761    1.263796111  -44.011901553 1302.991451895  590.545495398
    0.224864474    1.263796111  -35.712427569 1071.900377084  600.793621962
    0.231851187    1.263796111  -29.013928607  850.841449766  588.486027750
    0.238837900    1.263796111  -23.732439103  669.728897707  554.921016634
    0.245824613    1.263796111  -19.516348642  544.889307403  503.867651775
    0.252811326    1.263796111  -16.028106554  459.188367263  444.095169467
    0.259798039    1.263796111  -13.055929404  394.028355506  382.999057401
    0.266784752    1.263796111  -10.512336309  333.902135268  326.171657217
    0.273771465    1.263796111   -8.395747466  272.259977333  277.845170991
    0.280758177    1.263796111   -6.721352797  206.626917370  240.069639002
    0.287744890    1.263796111   -5.512886478  140.672986859  214.152710773
    0.294731603    1.263796111   -4.730370754   85.748011462  198.539567693
    0.301718316    1.263796111   -4.265672621   50.436016378  192.053215921
    0.308705029    1.263796111   -3.994395503   29.960118443  189.490155694
    0.315691742    1.263796111   -3.809953287   24.756306657  186.474517894
    0.322678455    1.263796111   -3.628923531   28.742157738  180.822787217
    0.329665168    1.263796111   -3.395705260   39.160633409  171.613674793
    0.336651881    1.263796111   -3.081582084   51.040776520  157.560463645
    0.343638594    1.263796111   -2.683418582   62.721168920  138.984623195
    0.350625306    1.263796111   -2.218101066   69.938187045  116.291027587
    0.357612019    1.263796111   -1.719973084   71.464320496   91.692856246
    0.364598732    1.263796111   -1.235282200   65.892634210   67.333341770
    0.371585445    1.263796111   -0.812581048   54.527545354   45.574432960
    0.378572158    1.263796111   -0.481529546   40.185746807   28.052518211
    0.385558871    1.263796111   -0.251845633   25.963467199   15.393774631
    0.392545584    1.263796111   -0.112926400   14.231811484    7.218137625
    0.399532297    1.263796111   -0.041631624    6.807305489    3.009408813
    0.406519010    1.263796111   -0.011108668    2.397172534    0.947681892
    0.413505723    1.263796111   -0.001918582    0.556177157    0.215434509
    0.420492435    1.263796111   -0.000000000   -0.000000000   -0.000000000
    0.427479148    1.263796111   -0.000000000   -0.000000000   -0.000000000
    0.434465861    1.263796111   -0.000000000   -0.000000000   -0.000000000
    0.441452574    1.263796111   -0.000000000   -0.000000000   -0.000000000
    0.448439287    1.263796111   -0.000000000   -0.000000000   -0.000000000
    0.455426000    1.263796111   -0.000000000   -0.000000000   -0.000000000

    0.022249800    1.281241574   -0.000000000   -0.000000000   -0.000000000
    0.029236513    1.281241574   -0.000000000   -0.000000000   -0.000000000
    0.036223226    1.281241574   -0.003407412   -2.154363077    0.075695121
    0.043209939    1.281241574   -0.065199293  -19.140966114    0.236515504
    0.050196652    1.281241574   -0.343587045  -67.489586971    1.318845588
    0.057183365    1.281241574   -1.156254540 -179.777260273    3.772167534
    0.064170077    1.281241574   -3.095382572 -395.509966364   11.081649790
    0.071156790    1.281241574   -6.999037880 -746.278266160   26.437935119
    0.078143503    1.281241574  -13.848112928 -1234.404366641   51.982449317
    0.085130216    1.281241574  -24.418601536 -1794.344723103   91.295413351
    0.092116929    1.281241574  -38.783520993 -2291.950423442  145.693497822
    0.099103642    1.281241574  -55.887078349 -2551.415857640  212.447139003
    0.106090355    1.281241574  -73.605665459 -2458.692881162  285.333059362
    0.113077068    1.281241574  -89.443559363 -2027.068010967  354.815732948
    0.120063781    1.281241574 -101.473253445 -1401.121910677  412.808803366
    0.127050494    1.281241574 -109.035859647 -779.969569409  453.783514713
    0.134037206    1.281241574 -112.723140165 -305.622394200  480.166909322
    0.141023919    1.281241574 -113.709384854   -1.660971338  497.167124824
    0.148010632    1.281241574 -112.982105161  199.475728376  509.694389793
    0.154997345    1.281241574 -110.963197239  379.900844221  516.846912303
    0.161984058    1.281241574 -107.625240970  580.919245024  514.768391673
    0.168970771    1.281241574 -102.784026967  806.985425515  499.376380813
    0.175957484    1.281241574  -96.354037632 1033.196389524  468.870040682
    0.182944197    1.281241574  -88.356788225 1253.930925536  429.687019078
    0.189930910    1.281241574  -78.858873790 1458.197833808  395.639302045
    0.196917623    1.281241574  -68.106078010 1605.634229550  378.461043942
    0.203904335    1.281241574  -56.666445423 1648.436511682  382.641773977
    0.210891048    1.281241574  -45.387529656 1557.602718317  400.748834752
    0.217877761    1.281241574  -35.187284656 1345.986646599  419.973818936
    0.224864474    1.281241574  -26.731937033 1069.159176545  428.014683803
    0.231851187    1.281241574  -20.235957196  796.092482807  418.130766009
    0.238837900    1.281241574  -15.490239151  574.043732688  390.990307863
    0.245824613    1.281241574  -12.059792246  418.529621797  351.735097429
    0.252811326    1.281241574   -9.499831734  321.269988825  305.886537981
    0.259798039    1.281241574   -7.482539742  259.921619714  258.019736897
    0.266784752    1.281241574   -5.832320041  212.980824696  213.001233459
    0.273771465    1.281241574   -4.490907230  171.747437666  173.545234203
    0.280758177    1.281241574   -3.438351224  130.102135316  141.675095487
    0.287744890    1.281241574   -2.665139524   91.551285444  118.779482578
    0.294731603    1.281241574   -2.144109512   58.850302240  104.737263687
    0.301718316    1.281241574   -1.816417763   36.134839501   96.746436830
    0.308705029    1.281241574   -1.618209380   22.055333524   91.399133608
    0.315691742    1.281241574   -1.493712826   14.991803682   87.894325308
    0.322678455    1.281241574   -1.394622693   14.422357322   84.284594030
    0.329665168    1.281241574   -1.284495437   17.126766620   78.936467645
    0.336651881    1.281241574   -1.151370787   21.276511470   71.945945264
    0.343638594    1.281241574   -0.989199032   24.925573336   62.639336172
    0.350625306    1.281241574   -0.804205985   27.768608061   52.042358693
    0.357612019    1.281241574   -0.610307278   27.275600458   40.291543540
    0.364598732    1.281241574   -0.428102902   24.693308794   28.991200177
    0.371585445    1.281241574   -0.274056319   19.585021561   18.872172225
    0.378572158    1.281241574   -0.156080311   13.858936963   10.983196550
    0.385558871    1.281241574   -0.078315999    8.456860631    5.565451538
    0.392545584    1.281241574   -0.032307361    4.757003746    2.666178528
    0.399532297    1.281241574   -0.009413814    2.165033259    1.076234366
    0.406519010    1.281241574   -0.001520903    0.437630204    0.225490042
    0.413505723    1.281241574   -0.000000000   -0.000000000   -0.000000000
    0.420492435    1.281241574   -0.000000000   -0.000000000   -0.000000000
    0.427479148    1.281241574   -0.000000000   -0.000000000   -0.000000000
    0.434465861    1.281241574   -0.000000000   -0.000000000   -0.000000000
    0.441452574    1.281241574   -0.000000000   -0.000000000   -0.000000000
    0.448439287    1.281241574   -0.000000000   -0.000000000   -0.000000000
    0.455426000    1.281241574   -0.000000000   -0.000000000   -0.000000000

    0.022249800    1.298687037   -0.000000000   -0.000000000   -0.000000000
    0.029236513    1.298687037   -0.000000000   -0.000000000   -0.000000000
    0.036223226    1.298687037   -0.003113252   -2.576423555   -0.023744035
    0.043209939    1.298687037   -0.063280158  -18.157114885   -0.035544620
    0.050196652    1.298687037   -0.325907123  -63.846323804    0.653175498
    0.057183365    1.298687037   -1.103279687 -171.256791469    2.427711999
    0.064170077    1.298687037   -2.938344767 -372.878685669    7.385959969
    0.071156790    1.298687037   -6.625310829 -705.932266629   17.068864721
    0.078143503    1.298687037  -13.111878076 -1169.750946860   33.650284649
    0.085130216    1.298687037  -23.130478807 -1700.953254423   58.047385326
    0.092116929    1.298687037  -36.723959577 -2165.305039412   93.149247806
    0.099103642    1.298687037  -52.841280594 -2398.756420240  139.111170367
    0.106090355    1.298687037  -69.448152491 -2296.050238857  192.850723782
    0.113077068    1.298687037  -84.164647104 -1871.945633639  250.220379454
    0.120063781    1.298687037  -95.206415647 -1275.002039391  303.169941178
    0.127050494    1.298687037 -102.018103935 -691.184017873  345.947727480
    0.134037206    1.298687037 -105.220140309 -254.796740558  373.344311065
    0.141023919    1.298687037 -105.958723333   20.361988034  382.999626766
    0.148010632    1.298687037 -105.165199593  198.164720356  377.740115991
    0.154997345    1.298687037 -103.230715666  357.960000208  361.570685267
    0.161984058    1.298687037 -100.120958610  535.708914688  336.645062907
    0.168970771    1.298687037  -95.702042029  731.454139690  304.264852644
    0.175957484    1.298687037  -89.867007191  940.864996465  268.012273751
    0.182944197    1.298687037  -82.512559608 1168.581048226  235.654166881
    0.189930910    1.298687037  -73.518102166 1404.806737727  215.529484103
    0.196917623    1.298687037  -62.970819430 1601.012459122  212.484251765
    0.203904335    1.298687037  -51.407562100 1685.495620346  224.971495250
    0.210891048    1.298687037  -39.802112437 1608.996706048  245.177909140
    0.217877761    1.298687037  -29.279045042 1382.306231859  263.403992730
    0.224864474    1.298687037  -20.686990305 1069.597167179  271.100726121
    0.231851187    1.298687037  -14.328721842  756.223934588  264.936266216
    0.238837900    1.298687037   -9.976616472  502.795305944  246.218529076
    0.245824613    1.298687037   -7.124098205  326.531794245  218.998302864
    0.252811326    1.298687037   -5.248079091  220.170721514  186.436079707
    0.259798039    1.298687037   -3.938255032  160.528553674  153.261650361
    0.266784752    1.298687037   -2.952714196  123.482427173  122.242358295
    0.273771465    1.298687037   -2.189994730   96.185971620   95.081698638
    0.280758177    1.298687037   -1.600847904   73.225318366   73.631749080
    0.287744890    1.298687037   -1.165286451   52.058903409   58.350679126
    0.294731603    1.298687037   -0.863495055   35.248580878   48.041417784
    0.301718316    1.298687037   -0.665889161   22.229485531   41.469206340
    0.308705029    1.298687037   -0.544855399   13.318735975   37.625580170
    0.315691742    1.298687037   -0.472481791    8.223721444   35.241862181
    0.322678455    1.298687037   -0.422301215    6.545713340   33.132788442
    0.329665168    1.298687037   -0.378444133    6.449135502   30.622495396
    0.336651881    1.298687037   -0.331059411    7.129967341   27.614469649
    0.343638594    1.298687037   -0.278140940    7.860448507   23.424394631
    0.350625306    1.298687037   -0.221759502    8.111502011   18.770346387
    0.357612019    1.298687037   -0.166187668    7.312683294   13.456386534
    0.364598732    1.298687037   -0.117393448    6.595724662    9.271945473
    0.371585445    1.298687037   -0.074768074    5.463852673    5.949537406
    0.378572158    1.298687037   -0.040788082    4.052341686    3.602126864
    0.385558871    1.298687037   -0.017546169    2.478976994    1.840680263
    0.392545584    1.298687037   -0.004511771    1.191207253    0.777665177
    0.399532297    1.298687037   -0.000350446    0.264917315    0.183320482
    0.406519010    1.298687037   -0.000000000   -0.000000000   -0.000000000
    0.413505723    1.298687037   -0.000000000   -0.000000000   -0.000000000
    0.420492435    1.298687037   -0.000000000   -0.000000000   -0.000000000
    0.427479148    1.298687037   -0.000000000   -0.000000000   -0.000000000
    0.434465861    1.298687037   -0.000000000   -0.000000000   -0.000000000
    0.441452574    1.298687037   -0.000000000   -0.000000000   -0.000000000
    0.448439287    1.298687037   -0.000000000   -0.000000000   -0.000000000
    0.455426000    1.298687037   -0.000000000   -0.000000000   -0.000000000

    0.022249800    1.316132500   -0.000000000   -0.000000000   -0.000000000
    0.029236513    1.316132500   -0.000000000   -0.000000000   -0.000000000
    0.036223226    1.316132500   -0.003900393   -2.459903134   -0.066610280
    0.043209939    1.316132500   -0.063888178  -17.568539170   -0.001164881
    0.050196652    1.316132500   -0.315302057  -60.923873392    0.636021998
    0.057183365    1.316132500   -1.060406786 -163.865888130    2.775595152
    0.064170077    1.316132500   -2.812746716 -357.146582650    7.621360726
    0.071156790    1.316132500   -6.353382330 -679.096612952   15.848742979
    0.078143503    1.316132500  -12.600037236 -1127.810466739   28.146113666
    0.085130216    1.316132500  -22.265243697 -1640.381425908   46.387280573
    0.092116929    1.316132500  -35.355801828 -2081.851767873   70.850466213
    0.099103642    1.316132500  -50.825098821 -2296.952176155  100.849271431
    0.106090355    1.316132500  -66.665519465 -2179.488135364  135.857524727
    0.113077068    1.316132500  -80.549023942 -1752.918637088  173.901835829
    0.120063781    1.316132500  -90.787767139 -1167.362219067  210.851411277
    0.127050494    1.316132500  -96.940857292 -614.225019422  240.864040723
    0.134037206    1.316132500  -99.753850710 -221.599632405  256.963524613
    0.141023919    1.316132500 -100.426641722    6.357035699  254.548584128
    0.148010632    1.316132500  -99.872751698  144.672909851  232.294609841
    0.154997345    1.316132500  -98.418133563  275.591837173  193.395642120
    0.161984058    1.316132500  -95.946848639  437.889213282  146.219224933
    0.168970771    1.316132500  -92.215912981  635.135813383  101.191981055
    0.175957484    1.316132500  -86.993047968  865.809526619   68.767603814
    0.182944197    1.316132500  -80.035795485 1131.749225271   56.663614646
    0.189930910    1.316132500  -71.158377270 1408.708957364   64.822784955
    0.196917623    1.316132500  -60.453988602 1640.957703871   86.574584161
    0.203904335    1.316132500  -48.537378593 1742.672404366  114.835476078
    0.210891048    1.316132500  -36.532495517 1662.505636889  140.245129920
    0.217877761    1.316132500  -25.699604451 1414.608863503  156.915303153
    0.224864474    1.316132500  -16.989877647 1070.190165989  161.798042622
    0.231851187    1.316132500  -10.730174366  728.202407828  155.943387802
    0.238837900    1.316132500   -6.652205322  453.537813329  142.383823952
    0.245824613    1.316132500   -4.190655914  265.206100367  124.258356650
    0.252811326    1.316132500   -2.765303480  153.976425262  104.163441963
    0.259798039    1.316132500   -1.913153969   96.103389543   83.821465977
    0.266784752    1.316132500   -1.361280501   65.069485508   64.929345540
    0.273771465    1.316132500   -0.975553105   47.597728710   48.729681728
    0.280758177    1.316132500   -0.680972186   36.972960493   36.074344796
    0.287744890    1.316132500   -0.458485593   26.969380344   26.535126735
    0.294731603    1.316132500   -0.300598679   18.319416139   20.012400749
    0.301718316    1.316132500   -0.197897051   11.472863465   15.532768188
    0.308705029    1.316132500   -0.136737449    6.352042764   12.898106217
    0.315691742    1.316132500   -0.103391836    3.617661267   10.920448423
    0.322678455    1.316132500   -0.083158851    2.131560955    9.189006440
    0.329665168    1.316132500   -0.070243514    1.643017614    7.616890833
    0.336651881    1.316132500   -0.060630956    1.176166075    6.605770209
    0.343638594    1.316132500   -0.052850342    1.048067412    5.274743714
    0.350625306    1.316132500   -0.045395361    1.306338889    4.466198567
    0.357612019    1.316132500   -0.035520025    1.561490155    3.597751420
    0.364598732    1.316132500   -0.023781374    1.726836323    2.771900055
    0.371585445    1.316132500   -0.012718058    1.402336347    1.756545845
    0.378572158    1.316132500   -0.004615892    0.900083162    0.887494326
    0.385558871    1.316132500   -0.000469603    0.364654875    0.276253469
    0.392545584    1.316132500   -0.000000000   -0.000000000   -0.000000000
    0.399532297    1.316132500   -0.000000000   -0.000000000   -0.000000000
    0.406519010    1.316132500   -0.000000000   -0.000000000   -0.000000000
    0.413505723    1.316132500   -0.000000000   -0.000000000   -0.000000000
    0.420492435    1.316132500   -0.000000000   -0.000000000   -0.000000000
    0.427479148    1.316132500   -0.000000000   -0.000000000   -0.000000000
    0.434465861    1.316132500   -0.000000000   -0.000000000   -0.000000000
    0.441452574    1.316132500   -0.000000000   -0.000000000   -0.000000000
    0.448439287    1.316132500   -0.000000000   -0.000000000   -0.000000000
    0.455426000    1.316132500   -0.000000000   -0.000000000   -0.000000000

    0.022249800    1.333577963   -0.000000000   -0.000000000   -0.000000000
    0.029236513    1.333577963   -0.000000000   -0.000000000   -0.000000000
    0.036223226    1.333577963   -0.004247649   -2.586317169    0.029751419
    0.043209939    1.333577963   -0.061705627  -16.684088065    0.309770072
    0.050196652    1.333577963   -0.299110868  -58.295108477    1.374978064
    0.057183365    1.333577963   -1.000039172 -153.965144365    4.403336605
    0.064170077    1.333577963   -2.654473374 -337.940343608   11.057110050
    0.071156790    1.333577963   -6.023323748 -648.889665088   22.984530951
    0.078143503    1.333577963  -12.017840921 -1084.521277811   41.237746374
    0.085130216    1.333577963  -21.329505307 -1583.289142649   65.405582487
    0.092116929    1.333577963  -33.986311977 -2015.829298043   92.957310240
    0.099103642    1.333577963  -48.974441593 -2226.082114513  120.347173470
    0.106090355    1.333577963  -64.312897252 -2107.112909382  144.755871141
    0.113077068    1.333577963  -77.704284781 -1685.662624547  163.364519169
    0.120063781    1.333577963  -87.506281811 -1110.872511830  175.484652952
    0.127050494    1.333577963  -93.335801838 -580.058361437  180.799753806
    0.134037206    1.333577963  -96.033477470 -225.115996812  175.765261065
    0.141023919    1.333577963  -96.895249790  -45.645787304  155.597083392
    0.148010632    1.333577963  -96.882043813   43.592741080  116.907650723
    0.154997345    1.333577963  -96.261027535  142.008428316   61.835226875
    0.161984058    1.333577963  -94.742199674  304.858163777    3.196464353
    0.168970771    1.333577963  -91.834163879  538.621856324  -44.237925059
    0.175957484    1.333577963  -87.074074663  832.783204272  -64.268978377
    0.182944197    1.333577963  -80.115357717 1162.296113488  -52.018057460
    0.189930910    1.333577963  -70.840292543 1485.187443190  -15.305515622
    0.196917623    1.333577963  -59.533527329 1732.005796264   30.824447070
    0.203904335    1.333577963  -47.007742200 1821.947583438   71.084514321
    0.210891048    1.333577963  -34.541695628 1713.645947509   97.512967176
    0.217877761    1.333577963  -23.475151116 1431.511103972  106.746664665
    0.224864474    1.333577963  -14.743752538 1060.819677646  103.119509288
    0.231851187    1.333577963   -8.623269343  700.481881098   92.262297498
    0.238837900    1.333577963   -4.776998526  416.208037192   78.475883908
    0.245824613    1.333577963   -2.588982216  225.746070480   64.804704397
    0.252811326    1.333577963   -1.442832260  114.762759497   52.562896623
    0.259798039    1.333577963   -0.860204251   58.695609325   40.925717737
    0.266784752    1.333577963   -0.553138816   32.307396964   30.994125643
    0.273771465    1.333577963   -0.373970473   20.878858798   22.795589741
    0.280758177    1.333577963   -0.245914773   16.053715376   16.062509658
    0.287744890    1.333577963   -0.148494111   11.801358183   10.811388659
    0.294731603    1.333577963   -0.080113844    7.690347375    6.977302543
    0.301718316    1.333577963   -0.038513256    4.279373650    4.301925530
    0.308705029    1.333577963   -0.018775443    1.833083835    2.568078967
    0.315691742    1.333577963   -0.010262230    0.544216374    1.649934391
    0.322678455    1.333577963   -0.008134443    0.155338887    1.408444392
    0.329665168    1.333577963   -0.007632221    0.048220985    1.211430756
    0.336651881    1.333577963   -0.007820540    0.009663629    1.247542506
    0.343638594    1.333577963   -0.007160873    0.152747428    1.106559958
    0.350625306    1.333577963   -0.005641169    0.284212587    0.895364152
    0.357612019    1.333577963   -0.003513957    0.303194582    0.630307093
    0.364598732    1.333577963   -0.001696670    0.274568305    0.406509270
    0.371585445    1.333577963   -0.000181235    0.094308838    0.094248817
    0.378572158    1.333577963   -0.000000000   -0.000000000   -0.000000000
    0.385558871    1.333577963   -0.000000000   -0.000000000   -0.000000000
    0.392545584    1.333577963   -0.000000000   -0.000000000   -0.000000000
    0.399532297    1.333577963   -0.000000000   -0.000000000   -0.000000000
    0.406519010    1.333577963   -0.000000000   -0.000000000   -0.000000000
    0.413505723    1.333577963   -0.000000000   -0.000000000   -0.000000000
    0.420492435    1.333577963   -0.000000000   -0.000000000   -0.000000000
    0.427479148    1.333577963   -0.000000000   -0.000000000   -0.000000000
    0.434465861    1.333577963   -0.000000000   -0.000000000   -0.000000000
    0.441452574    1.333577963   -0.000000000   -0.000000000   -0.000000000
    0.448439287    1.333577963   -0.000000000   -0.000000000   -0.000000000
    0.455426000    1.333577963   -0.000000000   -0.000000000   -0.000000000

    0.022249800    1.351023426   -0.000000000   -0.000000000   -0.000000000
    0.029236513    1.351023426   -0.000000000   -0.000000000   -0.000000000
    0.036223226    1.351023426   -0.003151247   -1.856086462    0.080255477
    0.043209939    1.351023426   -0.053376816  -14.807940614    0.680772088
    0.050196652    1.351023426   -0.265040445  -52.667659925    2.533685974
    0.057183365    1.351023426   -0.900480061 -139.593940167    7.060195110
    0.064170077    1.351023426   -2.412867945 -310.683481113   16.673540133
    0.071156790    1.351023426   -5.524341504 -602.678505639   34.263093152
    0.078143503    1.351023426  -11.113551753 -1016.742056340   62.626729431
    0.085130216    1.351023426  -19.892554400 -1500.294313266  100.040646242
    0.092116929    1.351023426  -31.958892845 -1932.386794891  140.871870407
    0.099103642    1.351023426  -46.413467808 -2157.946143743  175.299705647
    0.106090355    1.351023426  -61.366880514 -2066.583704895  195.940102124
    0.113077068    1.351023426  -74.590495772 -1676.763940055  196.900458750
    0.120063781    1.351023426  -84.421296318 -1127.063576130  180.838281715
    0.127050494    1.351023426  -90.434254924 -615.692784187  154.784999553
    0.134037206    1.351023426  -93.454352449 -283.069672998  122.495188606
    0.141023919    1.351023426  -94.835001708 -137.710742073   83.835978684
    0.148010632    1.351023426  -95.598789651  -85.811031857   35.641241758
    0.154997345    1.351023426  -95.968624103   -7.839560814  -20.790465452
    0.161984058    1.351023426  -95.465181329  171.797740910  -75.344505382
    0.168970771    1.351023426  -93.289952559  468.850213170 -109.522922386
    0.175957484    1.351023426  -88.717458970  849.000222452 -110.167729650
    0.182944197    1.351023426  -81.357050040 1257.166500749  -76.981882382
    0.189930910    1.351023426  -71.256513576 1619.541733887  -21.358529407
    0.196917623    1.351023426  -59.019431016 1857.047642870   36.414808096
    0.203904335    1.351023426  -45.752633796 1905.339877381   78.601400622
    0.210891048    1.351023426  -32.887783790 1744.789125205   96.804501367
    0.217877761    1.351023426  -21.755417774 1422.039664687   94.013649019
    0.224864474    1.351023426  -13.181391411 1028.710250230   79.989082226
    0.231851187    1.351023426   -7.310945894  661.968330201   62.030718179
    0.238837900    1.351023426   -3.723170944  381.192446753   46.354281641
    0.245824613    1.351023426   -1.757551638  196.456770796   33.965396343
    0.252811326    1.351023426   -0.795810637   90.369956520   24.687018445
    0.259798039    1.351023426   -0.368461832   39.023278315   18.078553021
    0.266784752    1.351023426   -0.186818400   15.986808733   13.042315987
    0.273771465    1.351023426   -0.111071300    7.636620968    9.009783279
    0.280758177    1.351023426   -0.064869610    5.721226639    6.021077998
    0.287744890    1.351023426   -0.031517101    3.823715118    3.611172560
    0.294731603    1.351023426   -0.011959198    1.906456349    1.701826838
    0.301718316    1.351023426   -0.003506611    0.691766470    0.639995446
    0.308705029    1.351023426   -0.000849153    0.161448856    0.175300877
    0.315691742    1.351023426   -0.000000000   -0.000000000   -0.000000000
    0.322678455    1.351023426   -0.000000000   -0.000000000   -0.000000000
    0.329665168    1.351023426   -0.000001218    0.003439325    0.034502395
    0.336651881    1.351023426   -0.000000000   -0.000000000   -0.000000000
    0.343638594    1.351023426   -0.000000000   -0.000000000   -0.000000000
    0.350625306    1.351023426   -0.000000000   -0.000000000   -0.000000000
    0.357612019    1.351023426   -0.000000000   -0.000000000   -0.000000000
    0.364598732    1.351023426   -0.000000000   -0.000000000   -0.000000000
    0.371585445    1.351023426   -0.000000000   -0.000000000   -0.000000000
    0.378572158    1.351023426   -0.000000000   -0.000000000   -0.000000000
    0.385558871    1.351023426   -0.000000000   -0.000000000   -0.000000000
    0.392545584    1.351023426   -0.000000000   -0.000000000   -0.000000000
    0.399532297    1.351023426   -0.000000000   -0.000000000   -0.000000000
    0.406519010    1.351023426   -0.000000000   -0.000000000   -0.000000000
    0.413505723    1.351023426   -0.000000000   -0.000000000   -0.000000000
    0.420492435    1.351023426   -0.000000000   -0.000000000   -0.000000000
    0.427479148    1.351023426   -0.000000000   -0.000000000   -0.000000000
    0.434465861    1.351023426   -0.000000000   -0.000000000   -0.000000000
    0.441452574    1.351023426   -0.000000000   -0.000000000   -0.000000000
    0.448439287    1.351023426   -0.000000000   -0.000000000   -0.000000000
    0.455426000    1.351023426   -0.000000000   -0.000000000   -0.000000000

    0.022249800    1.368468889   -0.000000000   -0.000000000   -0.000000000
    0.029236513    1.368468889   -0.000000000   -0.000000000   -0.000000000
    0.036223226    1.368468889   -0.001477257   -1.111224881    0.089246017
    0.043209939    1.368468889   -0.038416677  -11.516738082    1.008451400
    0.050196652    1.368468889   -0.213627091  -44.530514911    3.286354873
    0.057183365    1.368468889   -0.760201257 -121.525872394    8.817292603
    0.064170077    1.368468889   -2.084525921 -274.021572767   20.725498963
    0.071156790    1.368468889   -4.844924505 -536.274893333   42.967928305
    0.078143503    1.368468889   -9.865980378 -920.026173968   78.854398731
    0.085130216    1.368468889  -17.886676171 -1383.544944629  126.831131104
    0.092116929    1.368468889  -29.135818669 -1821.102729070  178.366939591
    0.099103642    1.368468889  -42.913571686 -2081.262753808  220.839513402
    0.106090355    1.368468889  -57.534611582 -2050.644917330  238.643676374
    0.113077068    1.368468889  -70.871324691 -1724.443013266  225.267224888
    0.120063781    1.368468889  -81.203981016 -1218.446282296  184.425949229
    0.127050494    1.368468889  -87.931771410 -724.552299532  130.339232828
    0.134037206    1.368468889  -91.724072925 -394.332069721   75.671866643
    0.141023919    1.368468889  -93.889320761 -251.934534410   26.536771622
    0.148010632    1.368468889  -95.485419032 -210.186418354  -19.198687434
    0.154997345    1.368468889  -96.740937868 -132.416152304  -60.914046747
    0.161984058    1.368468889  -97.014488012   81.017481951  -93.269445536
    0.168970771    1.368468889  -95.243131907  449.071896514 -104.584704031
    0.175957484    1.368468889  -90.508702729  914.914302641  -86.068827295
    0.182944197    1.368468889  -82.434732214 1390.281561098  -39.449377394
    0.189930910    1.368468889  -71.301840146 1773.799988378   20.841594040
    0.196917623    1.368468889  -58.073560069 1979.488401554   73.785955370
    0.203904335    1.368468889  -44.155037233 1966.490808352  104.870624378
    0.210891048    1.368468889  -31.089175620 1743.653216149  109.551204487
    0.217877761    1.368468889  -20.115686786 1381.558396965   93.901056918
    0.224864474    1.368468889  -11.879184562  976.752371344   70.510041272
    0.231851187    1.368468889   -6.361179099  615.053610199   48.102931152
    0.238837900    1.368468889   -3.066853860  345.022804642   30.705837127
    0.245824613    1.368468889   -1.317873628  171.329209291   18.365901784
    0.252811326    1.368468889   -0.498014146   73.946765932   11.120838315
    0.259798039    1.368468889   -0.163334085   28.468044265    6.833033030
    0.266784752    1.368468889   -0.046701053    8.716528735    4.191824612
    0.273771465    1.368468889   -0.017751769    1.947169185    2.444165502
    0.280758177    1.368468889   -0.007141586    1.134715665    1.273337722
    0.287744890    1.368468889   -0.001792787    0.417406517    0.424578263
    0.294731603    1.368468889   -0.000237304    0.047935191    0.078975033
    0.301718316    1.368468889   -0.000000000   -0.000000000   -0.000000000
    0.308705029    1.368468889   -0.000000000   -0.000000000   -0.000000000
    0.315691742    1.368468889   -0.000000000   -0.000000000   -0.000000000
    0.322678455    1.368468889   -0.000000000   -0.000000000   -0.000000000
    0.329665168    1.368468889   -0.000000000   -0.000000000   -0.000000000
    0.336651881    1.368468889   -0.000000000   -0.000000000   -0.000000000
    0.343638594    1.368468889   -0.000000000   -0.000000000   -0.000000000
    0.350625306    1.368468889   -0.000000000   -0.000000000   -0.000000000
    0.357612019    1.368468889   -0.000000000   -0.000000000   -0.000000000
    0.364598732    1.368468889   -0.000000000   -0.000000000   -0.000000000
    0.371585445    1.368468889   -0.000000000   -0.000000000   -0.000000000
    0.378572158    1.368468889   -0.000000000   -0.000000000   -0.000000000
    0.385558871    1.368468889   -0.000000000   -0.000000000   -0.000000000
    0.392545584    1.368468889   -0.000000000   -0.000000000   -0.000000000
    0.399532297    1.368468889   -0.000000000   -0.000000000   -0.000000000
    0.406519010    1.368468889   -0.000000000   -0.000000000   -0.000000000
    0.413505723    1.368468889   -0.000000000   -0.000000000   -0.000000000
    0.420492435    1.368468889   -0.000000000   -0.000000000   -0.000000000
    0.427479148    1.368468889   -0.000000000   -0.000000000   -0.000000000
    0.434465861    1.368468889   -0.000000000   -0.000000000   -0.000000000
    0.441452574    1.368468889   -0.000000000   -0.000000000   -0.000000000
    0.448439287    1.368468889   -0.000000000   -0.000000000   -0.000000000
    0.455426000    1.368468889   -0.000000000   -0.000000000   -0.000000000

    0.022249800    1.385914352   -0.000000000   -0.000000000   -0.000000000
    0.029236513    1.385914352   -0.000000000   -0.000000000   -0.000000000
    0.036223226    1.385914352   -0.000320699   -0.426750641    0.048033797
    0.043209939    1.385914352   -0.020701660   -7.883449304    0.961143536
    0.050196652    1.385914352   -0.153214845  -34.382211049    3.480668314
    0.057183365    1.385914352   -0.598938539 -100.363374563    9.280227242
    0.064170077    1.385914352   -1.711776424 -232.211388085   21.493819962
    0.071156790    1.385914352   -4.072786277 -462.469910758   44.455549726
    0.078143503    1.385914352   -8.449093581 -809.185795732   81.188522179
    0.085130216    1.385914352  -15.602792733 -1248.414905934  131.024480206
    0.092116929    1.385914352  -25.915212462 -1693.401527826  184.711018697
    0.099103642    1.385914352  -38.943217316 -2001.452242170  227.753655368
    0.106090355    1.385914352  -53.282353516 -2052.838544657  241.795159789
    0.113077068    1.385914352  -66.945078367 -1812.961500367  219.066737796
    0.120063781    1.385914352  -78.124907401 -1365.724858252  164.550707317
    0.127050494    1.385914352  -85.958504395 -886.442159995   94.914108013
    0.134037206    1.385914352  -90.814701116 -534.112118784   30.098281669
    0.141023919    1.385914352  -93.851473678 -361.938854495  -18.518233802
    0.148010632    1.385914352  -96.121631625 -294.626095107  -49.146676124
    0.154997345    1.385914352  -97.885253991 -192.998984849  -64.860673022
    0.161984058    1.385914352  -98.466335318   56.575436317  -68.055306370
    0.168970771    1.385914352  -96.679668268  480.731405636  -55.475010585
    0.175957484    1.385914352  -91.499500372 1011.438611418  -23.717285542
    0.182944197    1.385914352  -82.581213024 1527.713543753   23.807556470
    0.189930910    1.385914352  -70.472748032 1906.866617826   73.833322226
    0.196917623    1.385914352  -56.445948401 2068.797806871  110.465544082
    0.203904335    1.385914352  -42.131555619 1989.916987728  123.862129646
    0.210891048    1.385914352  -29.113470304 1710.785438551  114.655159615
    0.217877761    1.385914352  -18.493975452 1319.330344855   90.394362302
    0.224864474    1.385914352  -10.717130546  911.670841792   62.028799628
    0.231851187    1.385914352   -5.613894982  563.070604735   38.076261494
    0.238837900    1.385914352   -2.626110410  309.114907516   20.804507544
    0.245824613    1.385914352   -1.075713864  149.042331597   10.490757812
    0.252811326    1.385914352   -0.370738637   62.280438742    4.814082253
    0.259798039    1.385914352   -0.095208965   21.906852445    1.911164097
    0.266784752    1.385914352   -0.011905087    4.664466528    0.614138604
    0.273771465    1.385914352   -0.000883096    0.153487374    0.150677678
    0.280758177    1.385914352   -0.000088121    0.077607436    0.062210984
    0.287744890    1.385914352   -0.000000000   -0.000000000   -0.000000000
    0.294731603    1.385914352   -0.000000000   -0.000000000   -0.000000000
    0.301718316    1.385914352   -0.000000000   -0.000000000   -0.000000000
    0.308705029    1.385914352   -0.000000000   -0.000000000   -0.000000000
    0.315691742    1.385914352   -0.000000000   -0.000000000   -0.000000000
    0.322678455    1.385914352   -0.000000000   -0.000000000   -0.000000000
    0.329665168    1.385914352   -0.000000000   -0.000000000   -0.000000000
    0.336651881    1.385914352   -0.000000000   -0.000000000   -0.000000000
    0.343638594    1.385914352   -0.000000000   -0.000000000   -0.000000000
    0.350625306    1.385914352   -0.000000000   -0.000000000   -0.000000000
    0.357612019    1.385914352   -0.000000000   -0.000000000   -0.000000000
    0.364598732    1.385914352   -0.000000000   -0.000000000   -0.000000000
    0.371585445    1.385914352   -0.000000000   -0.000000000   -0.000000000
    0.378572158    1.385914352   -0.000000000   -0.000000000   -0.000000000
    0.385558871    1.385914352   -0.000000000   -0.000000000   -0.000000000
    0.392545584    1.385914352   -0.000000000   -0.000000000   -0.000000000
    0.399532297    1.385914352   -0.000000000   -0.000000000   -0.000000000
    0.406519010    1.385914352   -0.000000000   -0.000000000   -0.000000000
    0.413505723    1.385914352   -0.000000000   -0.000000000   -0.000000000
    0.420492435    1.385914352   -0.000000000   -0.000000000   -0.000000000
    0.427479148    1.385914352   -0.000000000   -0.000000000   -0.000000000
    0.434465861    1.385914352   -0.000000000   -0.000000000   -0.000000000
    0.441452574    1.385914352   -0.000000000   -0.000000000   -0.000000000
    0.448439287    1.385914352   -0.000000000   -0.000000000   -0.000000000
    0.455426000    1.385914352   -0.000000000   -0.000000000   -0.000000000

    0.022249800    1.403359815   -0.000000000   -0.000000000   -0.000000000
    0.029236513    1.403359815   -0.000000000   -0.000000000   -0.000000000
    0.036223226    1.403359815   -0.000000000   -0.000000000   -0.000000000
    0.043209939    1.403359815   -0.007969585   -3.527804576    0.425797457
    0.050196652    1.403359815   -0.097583155  -26.172064603    2.820751477
    0.057183365    1.403359815   -0.444329196  -80.579626198    8.239527557
    0.064170077    1.403359815   -1.353145854 -191.685484710   19.153288464
    0.071156790    1.403359815   -3.331564583 -392.231362212   39.717446356
    0.078143503    1.403359815   -7.102991623 -706.079282421   71.582390659
    0.085130216    1.403359815  -13.437933079 -1121.422765518  114.756097521
    0.092116929    1.403359815  -22.852084573 -1570.477730321  162.826514003
    0.099103642    1.403359815  -35.172025135 -1929.389464448  201.255504782
    0.106090355    1.403359815  -49.287954465 -2065.420892153  212.952741656
    0.113077068    1.403359815  -63.367343946 -1916.979371538  189.547485984
    0.120063781    1.403359815  -75.519320845 -1532.406225689  135.193356980
    0.127050494    1.403359815  -84.577148334 -1061.486429245   67.104124114
    0.134037206    1.403359815  -90.545688270 -671.399869588    6.625862031
    0.141023919    1.403359815  -94.342123949 -442.190053895  -31.153447884
    0.148010632    1.403359815  -96.985942325 -323.700578453  -44.022599957
    0.154997345    1.403359815  -98.820056193 -186.187964504  -37.282192916
    0.161984058    1.403359815  -99.250495149   93.308201046  -18.603964955
    0.168970771    1.403359815  -97.095053983  549.520389403    8.732663107
    0.175957484    1.403359815  -91.319515450 1110.329081023   42.796782165
    0.182944197    1.403359815  -81.657333185 1637.885525425   79.140076998
    0.189930910    1.403359815  -68.838382897 1994.113955530  109.134462421
    0.196917623    1.403359815  -54.356092786 2108.262935216  125.027879301
    0.203904335    1.403359815  -39.959291457 1974.938563997  121.018299349
    0.210891048    1.403359815  -27.199022426 1654.468964450  101.995784666
    0.217877761    1.403359815  -17.034168840 1248.352482014   74.864526715
    0.224864474    1.403359815   -9.744370309  846.322440154   48.456074769
    0.231851187    1.403359815   -5.038460019  515.081888725   27.661131639
    0.238837900    1.403359815   -2.321222867  279.671057178   14.309910111
    0.245824613    1.403359815   -0.926127604  133.114834706    6.806811378
    0.252811326    1.403359815   -0.307419980   53.756398479    2.646814301
    0.259798039    1.403359815   -0.075357211   17.919021407    0.507194575
    0.266784752    1.403359815   -0.008382409    3.275329942   -0.065782896
    0.273771465    1.403359815   -0.000114624    0.329848198   -0.035148824
    0.280758177    1.403359815   -0.000000000   -0.000000000   -0.000000000
    0.287744890    1.403359815   -0.000000000   -0.000000000   -0.000000000
    0.294731603    1.403359815   -0.000000000   -0.000000000   -0.000000000
    0.301718316    1.403359815   -0.000000000   -0.000000000   -0.000000000
    0.308705029    1.403359815   -0.000000000   -0.000000000   -0.000000000
    0.315691742    1.403359815   -0.000000000   -0.000000000   -0.000000000
    0.322678455    1.403359815   -0.000000000   -0.000000000   -0.000000000
    0.329665168    1.403359815   -0.000000000   -0.000000000   -0.000000000
    0.336651881    1.403359815   -0.000000000   -0.000000000   -0.000000000
    0.343638594    1.403359815   -0.000000000   -0.000000000   -0.000000000
    0.350625306    1.403359815   -0.000000000   -0.000000000   -0.000000000
    0.357612019    1.403359815   -0.000000000   -0.000000000   -0.000000000
    0.364598732    1.403359815   -0.000000000   -0.000000000   -0.000000000
    0.371585445    1.403359815   -0.000000000   -0.000000000   -0.000000000
    0.378572158    1.403359815   -0.000000000   -0.000000000   -0.000000000
    0.385558871    1.403359815   -0.000000000   -0.000000000   -0.000000000
    0.392545584    1.403359815   -0.000000000   -0.000000000   -0.000000000
    0.399532297    1.403359815   -0.000000000   -0.000000000   -0.000000000
    0.406519010    1.403359815   -0.000000000   -0.000000000   -0.000000000
    0.413505723    1.403359815   -0.000000000   -0.000000000   -0.000000000
    0.420492435    1.403359815   -0.000000000   -0.000000000   -0.000000000
    0.427479148    1.403359815   -0.000000000   -0.000000000   -0.000000000
    0.434465861    1.403359815   -0.000000000   -0.000000000   -0.000000000
    0.441452574    1.403359815   -0.000000000   -0.000000000   -0.000000000
    0.448439287    1.403359815   -0.000000000   -0.000000000   -0.000000000
    0.455426000    1.403359815   -0.000000000   -0.000000000   -0.000000000

    0.022249800    1.420805278   -0.000000000   -0.000000000   -0.000000000
    0.029236513    1.420805278   -0.000000000   -0.000000000   -0.000000000
    0.036223226    1.420805278   -0.000000000   -0.000000000   -0.000000000
    0.043209939    1.420805278   -0.003326649   -1.831493498    0.068759691
    0.050196652    1.420805278   -0.058090111  -17.896413633    1.735698402
    0.057183365    1.420805278   -0.316411203  -62.765138264    6.290081701
    0.064170077    1.420805278   -1.050124998 -156.615335992   15.556462833
    0.071156790    1.420805278   -2.705304922 -334.759132685   31.879566357
    0.078143503    1.420805278   -5.971585562 -620.422150542   57.698695778
    0.085130216    1.420805278  -11.628088191 -1014.595732556   93.003478593
    0.092116929    1.420805278  -20.277407202 -1464.108681560  133.075662141
    0.099103642    1.420805278  -31.974725407 -1863.431187090  166.453850889
    0.106090355    1.420805278  -45.874876243 -2073.652256914  180.056297912
    0.113077068    1.420805278  -60.298077753 -2006.852801466  165.436128059
    0.120063781    1.420805278  -73.299636499 -1678.489657587  124.108358540
    0.127050494    1.420805278  -83.431763125 -1213.340288377   70.213919904
    0.134037206    1.420805278  -90.342755606 -782.072488059   23.283063974
    0.141023919    1.420805278  -94.687185816 -487.041240558   -2.026531698
    0.148010632    1.420805278  -97.433531131 -311.018568372   -2.028573858
    0.154997345    1.420805278  -99.032968419 -135.544172327   16.969463876
    0.161984058    1.420805278  -99.034993732  162.463925793   44.849745095
    0.168970771    1.420805278  -96.371565612  625.063874694   74.024962041
    0.175957484    1.420805278  -90.071177537 1183.720649116   98.577933910
    0.182944197    1.420805278  -79.932414172 1696.938142794  115.765499604
    0.189930910    1.420805278  -66.795551806 2024.980350615  122.386400099
    0.196917623    1.420805278  -52.223311317 2101.588041603  117.593219980
    0.203904335    1.420805278  -38.007464954 1932.202360167  101.278791455
    0.210891048    1.420805278  -25.625917491 1592.248638546   77.828681416
    0.217877761    1.420805278  -15.916616196 1183.529222278   53.409560039
    0.224864474    1.420805278   -9.036942174  794.560214966   33.153818501
    0.231851187    1.420805278   -4.640400589  478.666644817   18.363941939
    0.238837900    1.420805278   -2.120676980  258.294817836    8.963039964
    0.245824613    1.420805278   -0.835948611  121.848110232    3.876162197
    0.252811326    1.420805278   -0.274977711   47.303398329    1.095274395
    0.259798039    1.420805278   -0.070670656   16.029605243    0.073750778
    0.266784752    1.420805278   -0.010144846    3.254866129   -0.139851810
    0.273771465    1.420805278   -0.000679502    0.425714160   -0.028004097
    0.280758177    1.420805278   -0.000000000   -0.000000000   -0.000000000
    0.287744890    1.420805278   -0.000000000   -0.000000000   -0.000000000
    0.294731603    1.420805278   -0.000000000   -0.000000000   -0.000000000
    0.301718316    1.420805278   -0.000000000   -0.000000000   -0.000000000
    0.308705029    1.420805278   -0.000000000   -0.000000000   -0.000000000
    0.315691742    1.420805278   -0.000000000   -0.000000000   -0.000000000
    0.322678455    1.420805278   -0.000000000   -0.000000000   -0.000000000
    0.329665168    1.420805278   -0.000000000   -0.000000000   -0.000000000
    0.336651881    1.420805278   -0.000000000   -0.000000000   -0.000000000
    0.343638594    1.420805278   -0.000000000   -0.000000000   -0.000000000
    0.350625306    1.420805278   -0.000000000   -0.000000000   -0.000000000
    0.357612019    1.420805278   -0.000000000   -0.000000000   -0.000000000
    0.364598732    1.420805278   -0.000000000   -0.000000000   -0.000000000
    0.371585445    1.420805278   -0.000000000   -0.000000000   -0.000000000
    0.378572158    1.420805278   -0.000000000   -0.000000000   -0.000000000
    0.385558871    1.420805278   -0.000000000   -0.000000000   -0.000000000
    0.392545584    1.420805278   -0.000000000   -0.000000000   -0.000000000
    0.399532297    1.420805278   -0.000000000   -0.000000000   -0.000000000
    0.406519010    1.420805278   -0.000000000   -0.000000000   -0.000000000
    0.413505723    1.420805278   -0.000000000   -0.000000000   -0.000000000
    0.420492435    1.420805278   -0.000000000   -0.000000000   -0.000000000
    0.427479148    1.420805278   -0.000000000   -0.000000000   -0.000000000
    0.434465861    1.420805278   -0.000000000   -0.000000000   -0.000000000
    0.441452574    1.420805278   -0.000000000   -0.000000000   -0.000000000
    0.448439287    1.420805278   -0.000000000   -0.000000000   -0.000000000
    0.455426000    1.420805278   -0.000000000   -0.000000000   -0.000000000

    0.022249800    1.438250741   -0.000000000   -0.000000000   -0.000000000
    0.029236513    1.438250741   -0.000000000   -0.000000000   -0.000000000
    0.036223226    1.438250741   -0.000000000   -0.000000000   -0.000000000
    0.043209939    1.438250741   -0.002878597   -1.604439933    0.017543978
    0.050196652    1.438250741   -0.039142413  -11.644627013    0.609027170
    0.057183365    1.438250741   -0.224219001  -47.545153214    4.276864562
    0.064170077    1.438250741   -0.810087185 -129.396343462   11.955481782
    0.071156790    1.438250741   -2.212352531 -287.687946513   24.947581636
    0.078143503    1.438250741   -5.073591643 -550.563144994   46.067041536
    0.085130216    1.438250741  -10.163810330 -924.174446336   76.124671459
    0.092116929    1.438250741  -18.160446991 -1371.659830677  111.537492878
    0.099103642    1.438250741  -29.284467078 -1797.280263965  144.782497263
    0.106090355    1.438250741  -42.895370679 -2062.234963662  164.502906632
    0.113077068    1.438250741  -57.469175209 -2061.326245148  162.676872380
    0.120063781    1.438250741  -71.042410161 -1782.650360082  138.381834159
    0.127050494    1.438250741  -81.954667003 -1325.968040593  102.755810622
    0.134037206    1.438250741  -89.544933755 -858.162938559   72.145068346
    0.141023919    1.438250741  -94.223329921 -504.723329505   58.795717611
    0.148010632    1.438250741  -96.894028387 -274.648840373   66.218051274
    0.154997345    1.438250741  -98.121840616  -69.792506432   89.286165256
    0.161984058    1.438250741  -97.637444961  232.047890358  116.428375918
    0.168970771    1.438250741  -94.525922041  681.088213499  138.282610680
    0.175957484    1.438250741  -87.913919112 1216.042074746  149.563662545
    0.182944197    1.438250741  -77.649865556 1700.567537989  147.052011386
    0.189930910    1.438250741  -64.578807615 2003.870303590  133.710062267
    0.196917623    1.438250741  -50.243976730 2056.730764987  112.052480224
    0.203904335    1.438250741  -36.401057158 1873.438481658   86.188216587
    0.210891048    1.438250741  -24.438825065 1531.971630212   60.901564304
    0.217877761    1.438250741  -15.122875636 1132.529098795   39.893695042
    0.224864474    1.438250741   -8.553331707  756.507430506   23.584925174
    0.231851187    1.438250741   -4.379366662  453.791368048   12.444714720
    0.238837900    1.438250741   -1.996907318  243.398182209    5.622861277
    0.245824613    1.438250741   -0.786808709  113.412450972    1.840291969
    0.252811326    1.438250741   -0.264456044   44.698220849    0.264975134
    0.259798039    1.438250741   -0.072029858   15.088446597   -0.126738552
    0.266784752    1.438250741   -0.012465997    3.920420636   -0.112711597
    0.273771465    1.438250741   -0.001040210    0.486854365   -0.012160242
    0.280758177    1.438250741   -0.000000000   -0.000000000   -0.000000000
    0.287744890    1.438250741   -0.000000000   -0.000000000   -0.000000000
    0.294731603    1.438250741   -0.000000000   -0.000000000   -0.000000000
    0.301718316    1.438250741   -0.000000000   -0.000000000   -0.000000000
    0.308705029    1.438250741   -0.000000000   -0.000000000   -0.000000000
    0.315691742    1.438250741   -0.000000000   -0.000000000   -0.000000000
    0.322678455    1.438250741   -0.000000000   -0.000000000   -0.000000000
    0.329665168    1.438250741   -0.000000000   -0.000000000   -0.000000000
    0.336651881    1.438250741   -0.000000000   -0.000000000   -0.000000000
    0.343638594    1.438250741   -0.000000000   -0.000000000   -0.000000000
    0.350625306    1.438250741   -0.000000000   -0.000000000   -0.000000000
    0.357612019    1.438250741   -0.000000000   -0.000000000   -0.000000000
    0.364598732    1.438250741   -0.000000000   -0.000000000   -0.000000000
    0.371585445    1.438250741   -0.000000000   -0.000000000   -0.000000000
    0.378572158    1.438250741   -0.000000000   -0.000000000   -0.000000000
    0.385558871    1.438250741   -0.000000000   -0.000000000   -0.000000000
    0.392545584    1.438250741   -0.000000000   -0.000000000   -0.000000000
    0.399532297    1.438250741   -0.000000000   -0.000000000   -0.000000000
    0.406519010    1.438250741   -0.000000000   -0.000000000   -0.000000000
    0.413505723    1.438250741   -0.000000000   -0.000000000   -0.000000000
    0.420492435    1.438250741   -0.000000000   -0.000000000   -0.000000000
    0.427479148    1.438250741   -0.000000000   -0.000000000   -0.000000000
    0.434465861    1.438250741   -0.000000000   -0.000000000   -0.000000000
    0.441452574    1.438250741   -0.000000000   -0.000000000   -0.000000000
    0.448439287    1.438250741   -0.000000000   -0.000000000   -0.000000000
    0.455426000    1.438250741   -0.000000000   -0.000000000   -0.000000000

    0.022249800    1.455696204   -0.000000000   -0.000000000   -0.000000000
    0.029236513    1.455696204   -0.000000000   -0.000000000   -0.000000000
    0.036223226    1.455696204   -0.000000000   -0.000000000   -0.000000000
    0.043209939    1.455696204   -0.002443153   -1.256310598    0.042940150
    0.050196652    1.455696204   -0.031890347   -8.964118147    0.328838567
    0.057183365    1.455696204   -0.166067615  -34.684384037    2.492268096
    0.064170077    1.455696204   -0.629145625 -107.660511867    8.792467541
    0.071156790    1.455696204   -1.823486177 -250.008993036   19.883125521
    0.078143503    1.455696204   -4.342810181 -489.694519472   38.363321138
    0.085130216    1.455696204   -8.934876405 -842.951015748   65.811616878
    0.092116929    1.455696204  -16.326736218 -1282.703679966   99.551875344
    0.099103642    1.455696204  -26.858371231 -1720.702997326  134.193523295
    0.106090355    1.455696204  -40.067562600 -2026.550768226  160.031268253
    0.113077068    1.455696204  -54.575844343 -2078.087779541  168.879188224
    0.120063781    1.455696204  -68.425539767 -1840.649928816  160.255862209
    0.127050494    1.455696204  -79.806633235 -1394.862861786  140.875403846
    0.134037206    1.455696204  -87.810717001 -902.410816260  123.322409170
    0.141023919    1.455696204  -92.639420313 -501.610326798  119.466696770
    0.148010632    1.455696204  -95.124353138 -226.824417675  133.777539653
    0.154997345    1.455696204  -95.922106099    0.442853128  161.064140186
    0.161984058    1.455696204  -94.955187400  295.283220808  190.469745040
    0.168970771    1.455696204  -91.495200372  715.260614104  210.712263188
    0.175957484    1.455696204  -84.774732345 1211.533767195  213.747897895
    0.182944197    1.455696204  -74.678033525 1660.338394160  198.929880373
    0.189930910    1.455696204  -61.975635022 1938.764824233  170.208216647
    0.196917623    1.455696204  -48.149496682 1979.128393044  134.419807610
    0.203904335    1.455696204  -34.843072908 1798.294940631   97.953633796
    0.210891048    1.455696204  -23.369058854 1468.945667147   66.253527111
    0.217877761    1.455696204  -14.436354641 1085.032366950   41.990000688
    0.224864474    1.455696204   -8.152375954  722.395973256   24.333541907
    0.231851187    1.455696204   -4.171355043  432.067913828   12.547448739
    0.238837900    1.455696204   -1.904337968  231.302194845    5.359602793
    0.245824613    1.455696204   -0.760842022  108.024539469    1.572826021
    0.252811326    1.455696204   -0.261500722   43.070776622    0.247734821
    0.259798039    1.455696204   -0.074059846   14.736125444   -0.012579341
    0.266784752    1.455696204   -0.013571808    4.363994440   -0.008825382
    0.273771465    1.455696204   -0.001079244    0.493348606    0.007820747
    0.280758177    1.455696204   -0.000000000   -0.000000000   -0.000000000
    0.287744890    1.455696204   -0.000000000   -0.000000000   -0.000000000
    0.294731603    1.455696204   -0.000000000   -0.000000000   -0.000000000
    0.301718316    1.455696204   -0.000000000   -0.000000000   -0.000000000
    0.308705029    1.455696204   -0.000000000   -0.000000000   -0.000000000
    0.315691742    1.455696204   -0.000000000   -0.000000000   -0.000000000
    0.322678455    1.455696204   -0.000000000   -0.000000000   -0.000000000
    0.329665168    1.455696204   -0.000000000   -0.000000000   -0.000000000
    0.336651881    1.455696204   -0.000000000   -0.000000000   -0.000000000
    0.343638594    1.455696204   -0.000000000   -0.000000000   -0.000000000
    0.350625306    1.455696204   -0.000000000   -0.000000000   -0.000000000
    0.357612019    1.455696204   -0.000000000   -0.000000000   -0.000000000
    0.364598732    1.455696204   -0.000000000   -0.000000000   -0.000000000
    0.371585445    1.455696204   -0.000000000   -0.000000000   -0.000000000
    0.378572158    1.455696204   -0.000000000   -0.000000000   -0.000000000
    0.385558871    1.455696204   -0.000000000   -0.000000000   -0.000000000
    0.392545584    1.455696204   -0.000000000   -0.000000000   -0.000000000
    0.399532297    1.455696204   -0.000000000   -0.000000000   -0.000000000
    0.406519010    1.455696204   -0.000000000   -0.000000000   -0.000000000
    0.413505723    1.455696204   -0.000000000   -0.000000000   -0.000000000
    0.420492435    1.455696204   -0.000000000   -0.000000000   -0.000000000
    0.427479148    1.455696204   -0.000000000   -0.000000000   -0.000000000
    0.434465861    1.455696204   -0.000000000   -0.000000000   -0.000000000
    0.441452574    1.455696204   -0.000000000   -0.000000000   -0.000000000
    0.448439287    1.455696204   -0.000000000   -0.000000000   -0.000000000
    0.455426000    1.455696204   -0.000000000   -0.000000000   -0.000000000

    0.022249800    1.473141667   -0.000000000   -0.000000000   -0.000000000
    0.029236513    1.473141667   -0.000000000   -0.000000000   -0.000000000
    0.036223226    1.473141667   -0.000000000   -0.000000000   -0.000000000
    0.043209939    1.473141667   -0.001419136   -0.805448448    0.061764685
    0.050196652    1.473141667   -0.024011117   -6.972538295    0.515218126
    0.057183365    1.473141667   -0.127980011  -26.993681575    1.979925885
    0.064170077    1.473141667   -0.500902089  -87.058250562    6.003688224
    0.071156790    1.473141667   -1.511322525 -215.054585466   15.944715741
    0.078143503    1.473141667   -3.721830929 -435.192742541   32.972801723
    0.085130216    1.473141667   -7.858158635 -767.895534367   57.646679951
    0.092116929    1.473141667  -14.675949625 -1195.368475880   89.402264492
    0.099103642    1.473141667  -24.607439643 -1641.379415006  123.081698223
    0.106090355    1.473141667  -37.349727572 -1976.289013558  149.732149196
    0.113077068    1.473141667  -51.653167606 -2070.515346285  163.254879288
    0.120063781    1.473141667  -65.573824236 -1867.136493417  161.976189550
    0.127050494    1.473141667  -77.198908696 -1433.521630334  152.142199859
    0.134037206    1.473141667  -85.420978705 -920.625435020  144.310474862
    0.141023919    1.473141667  -90.234146882 -477.006990175  149.993183723
    0.148010632    1.473141667  -92.386430727 -158.374128931  174.588449632
    0.154997345    1.473141667  -92.614281227   90.509495716  214.011573226
    0.161984058    1.473141667  -91.035883445  374.921966334  256.602086538
    0.168970771    1.473141667  -87.144588434  754.498057186  287.916889874
    0.175957484    1.473141667  -80.347244911 1194.898385162  296.122678515
    0.182944197    1.473141667  -70.537682632 1595.448945554  279.932137307
    0.189930910    1.473141667  -58.423395428 1839.970737601  242.526487021
    0.196917623    1.473141667  -45.341375796 1868.022548573  192.988933106
    0.203904335    1.473141667  -32.792965651 1695.351322694  142.003852286
    0.210891048    1.473141667  -21.975697942 1384.843411560   97.087695139
    0.217877761    1.473141667  -13.556540642 1022.007679632   61.363508247
    0.224864474    1.473141667   -7.644556854  678.629318036   35.400536306
    0.231851187    1.473141667   -3.908044893  404.597149024   18.587764378
    0.238837900    1.473141667   -1.788792654  215.711863928    8.275448116
    0.245824613    1.473141667   -0.723573459  100.993430428    2.955786878
    0.252811326    1.473141667   -0.251451568   40.733874196    0.935062769
    0.259798039    1.473141667   -0.071366997   14.194665640    0.357778825
    0.266784752    1.473141667   -0.012709062    4.028933807    0.108736325
    0.273771465    1.473141667   -0.000783248    0.442974747    0.025119858
    0.280758177    1.473141667   -0.000000000   -0.000000000   -0.000000000
    0.287744890    1.473141667   -0.000000000   -0.000000000   -0.000000000
    0.294731603    1.473141667   -0.000000000   -0.000000000   -0.000000000
    0.301718316    1.473141667   -0.000000000   -0.000000000   -0.000000000
    0.308705029    1.473141667   -0.000000000   -0.000000000   -0.000000000
    0.315691742    1.473141667   -0.000000000   -0.000000000   -0.000000000
    0.322678455    1.473141667   -0.000000000   -0.000000000   -0.000000000
    0.329665168    1.473141667   -0.000000000   -0.000000000   -0.000000000
    0.336651881    1.473141667   -0.000000000   -0.000000000   -0.000000000
    0.343638594    1.473141667   -0.000000000   -0.000000000   -0.000000000
    0.350625306    1.473141667   -0.000000000   -0.000000000   -0.000000000
    0.357612019    1.473141667   -0.000000000   -0.000000000   -0.000000000
    0.364598732    1.473141667   -0.000000000   -0.000000000   -0.000000000
    0.371585445    1.473141667   -0.000000000   -0.000000000   -0.000000000
    0.378572158    1.473141667   -0.000000000   -0.000000000   -0.000000000
    0.385558871    1.473141667   -0.000000000   -0.000000000   -0.000000000
    0.392545584    1.473141667   -0.000000000   -0.000000000   -0.000000000
    0.399532297    1.473141667   -0.000000000   -0.000000000   -0.000000000
    0.406519010    1.473141667   -0.000000000   -0.000000000   -0.000000000
    0.413505723    1.473141667   -0.000000000   -0.000000000   -0.000000000
    0.420492435    1.473141667   -0.000000000   -0.000000000   -0.000000000
    0.427479148    1.473141667   -0.000000000   -0.000000000   -0.000000000
    0.434465861    1.473141667   -0.000000000   -0.000000000   -0.000000000
    0.441452574    1.473141667   -0.000000000   -0.000000000   -0.000000000
    0.448439287    1.473141667   -0.000000000   -0.000000000   -0.000000000
    0.455426000    1.473141667   -0.000000000   -0.000000000   -0.000000000

    0.022249800    1.490587130   -0.000000000   -0.000000000   -0.000000000
    0.029236513    1.490587130   -0.000000000   -0.000000000   -0.000000000
    0.036223226    1.490587130   -0.000000000   -0.000000000   -0.000000000
    0.043209939    1.490587130   -0.000432281   -0.319181804    0.036452314
    0.050196652    1.490587130   -0.014320583   -4.665075773    0.535538611
    0.057183365    1.490587130   -0.095084037  -22.039931015    1.777233712
    0.064170077    1.490587130   -0.410241954  -75.311484407    4.760386879
    0.071156790    1.490587130   -1.271095649 -184.726028055   11.851549860
    0.078143503    1.490587130   -3.200969018 -386.519295096   26.469721898
    0.085130216    1.490587130   -6.929813499 -700.373887398   48.346724366
    0.092116929    1.490587130  -13.225643253 -1115.666840265   76.296027537
    0.099103642    1.490587130  -22.608463063 -1566.336019653  105.599688580
    0.106090355    1.490587130  -34.905296681 -1925.204530684  129.735556983
    0.113077068    1.490587130  -48.972998999 -2054.790885415  142.773873659
    0.120063781    1.490587130  -62.900314931 -1881.714175405  142.682422991
    0.127050494    1.490587130  -74.668382204 -1454.352038721  135.822262121
    0.134037206    1.490587130  -82.969664507 -917.870838308  133.811887608
    0.141023919    1.490587130  -87.603291777 -426.233537594  147.741202914
    0.148010632    1.490587130  -89.219610131  -56.860502216  184.487292087
    0.154997345    1.490587130  -88.611811598  222.677635803  240.853425592
    0.161984058    1.490587130  -86.114586519  498.570258899  303.641609687
    0.168970771    1.490587130  -81.512806208  828.971575364  354.914113863
    0.175957484    1.490587130  -74.424778880 1200.380020326  380.976780787
    0.182944197    1.490587130  -64.841807050 1526.842979596  372.270840498
    0.189930910    1.490587130  -53.412692494 1716.153453754  332.177341624
    0.196917623    1.490587130  -41.296148996 1719.929987754  271.666414087
    0.203904335    1.490587130  -29.778668592 1552.415544603  204.499152734
    0.210891048    1.490587130  -19.899727137 1262.727271969  141.764758864
    0.217877761    1.490587130  -12.240385673  928.385203531   90.189690980
    0.224864474    1.490587130   -6.882279578  613.920468882   52.427249341
    0.231851187    1.490587130   -3.505735881  364.624438197   27.704737655
    0.238837900    1.490587130   -1.608278051  192.873946236   12.752309136
    0.245824613    1.490587130   -0.652634070   90.940048246    5.221088471
    0.252811326    1.490587130   -0.225432221   37.289215938    1.965168040
    0.259798039    1.490587130   -0.062349581   13.024530824    0.677508875
    0.266784752    1.490587130   -0.010113729    3.249938863    0.179523394
    0.273771465    1.490587130   -0.000320991    0.221008457    0.020144332
    0.280758177    1.490587130   -0.000000000   -0.000000000   -0.000000000
    0.287744890    1.490587130   -0.000000000   -0.000000000   -0.000000000
    0.294731603    1.490587130   -0.000000000   -0.000000000   -0.000000000
    0.301718316    1.490587130   -0.000000000   -0.000000000   -0.000000000
    0.308705029    1.490587130   -0.000000000   -0.000000000   -0.000000000
    0.315691742    1.490587130   -0.000000000   -0.000000000   -0.000000000
    0.322678455    1.490587130   -0.000000000   -0.000000000   -0.000000000
    0.329665168    1.490587130   -0.000000000   -0.000000000   -0.000000000
    0.336651881    1.490587130   -0.000000000   -0.000000000   -0.000000000
    0.343638594    1.490587130   -0.000000000   -0.000000000   -0.000000000
    0.350625306    1.490587130   -0.000000000   -0.000000000   -0.000000000
    0.357612019    1.490587130   -0.000000000   -0.000000000   -0.000000000
    0.364598732    1.490587130   -0.000000000   -0.000000000   -0.000000000
    0.371585445    1.490587130   -0.000000000   -0.000000000   -0.000000000
    0.378572158    1.490587130   -0.000000000   -0.000000000   -0.000000000
    0.385558871    1.490587130   -0.000000000   -0.000000000   -0.000000000
    0.392545584    1.490587130   -0.000000000   -0.000000000   -0.000000000
    0.399532297    1.490587130   -0.000000000   -0.000000000   -0.000000000
    0.406519010    1.490587130   -0.000000000   -0.000000000   -0.000000000
    0.413505723    1.490587130   -0.000000000   -0.000000000   -0.000000000
    0.420492435    1.490587130   -0.000000000   -0.000000000   -0.000000000
    0.427479148    1.490587130   -0.000000000   -0.000000000   -0.000000000
    0.434465861    1.490587130   -0.000000000   -0.000000000   -0.000000000
    0.441452574    1.490587130   -0.000000000   -0.000000000   -0.000000000
    0.448439287    1.490587130   -0.000000000   -0.000000000   -0.000000000
    0.455426000    1.490587130   -0.000000000   -0.000000000   -0.000000000

    0.022249800    1.508032593   -0.000000000   -0.000000000   -0.000000000
    0.029236513    1.508032593   -0.000000000   -0.000000000   -0.000000000
    0.036223226    1.508032593   -0.000000000   -0.000000000   -0.000000000
    0.043209939    1.508032593   -0.000042538   -0.096190662    0.014494200
    0.050196652    1.508032593   -0.005834288   -2.539794898    0.367229997
    0.057183365    1.508032593   -0.065611595  -18.025314626    1.526911454
    0.064170077    1.508032593   -0.333846662  -63.787993129    3.896413059
    0.071156790    1.508032593   -1.084889120 -161.683364367    9.822509485
    0.078143503    1.508032593   -2.797001953 -345.254720940   20.444490761
    0.085130216    1.508032593   -6.175140540 -641.280018200   38.607790176
    0.092116929    1.508032593  -12.017789201 -1046.871218544   62.887345118
    0.099103642    1.508032593  -20.920116243 -1500.572038462   88.958834125
    0.106090355    1.508032593  -32.808116321 -1877.466959262  112.790123057
    0.113077068    1.508032593  -46.642186242 -2036.729209999  127.620999622
    0.120063781    1.508032593  -60.544669226 -1890.707213609  131.456882137
    0.127050494    1.508032593  -72.407093675 -1467.542078869  128.025105607
    0.134037206    1.508032593  -80.722616069 -903.239417370  128.575151658
    0.141023919    1.508032593  -85.078214782 -357.877616547  145.295615229
    0.148010632    1.508032593  -85.995662525   73.703177038  186.834674730
    0.154997345    1.508032593  -84.308107384  395.710764212  252.025874608
    0.161984058    1.508032593  -80.570806853  672.582964437  329.215676419
    0.168970771    1.508032593  -74.884973439  957.225215236  399.909633744
    0.175957484    1.508032593  -67.190515895 1241.631469145  442.511736617
    0.182944197    1.508032593  -57.664552046 1470.616282073  444.597181239
    0.189930910    1.508032593  -46.920186217 1581.649516134  407.024790151
    0.196917623    1.508032593  -35.920956991 1540.986239511  340.248804611
    0.203904335    1.508032593  -25.696916034 1366.273799999  260.134292413
    0.210891048    1.508032593  -17.052766779 1097.478888339  182.062513226
    0.217877761    1.508032593  -10.427219989  799.453833111  115.976382152
    0.224864474    1.508032593   -5.825713577  525.658289226   67.762904779
    0.231851187    1.508032593   -2.953156560  307.288217462   34.980215550
    0.238837900    1.508032593   -1.349739478  162.931421980   16.806845768
    0.245824613    1.508032593   -0.542919976   76.631974801    7.153982065
    0.252811326    1.508032593   -0.184010932   30.751717582    2.654391462
    0.259798039    1.508032593   -0.048417157   10.830297655    0.908089096
    0.266784752    1.508032593   -0.006615861    2.670029714    0.222642057
    0.273771465    1.508032593   -0.000000000   -0.000000000   -0.000000000
    0.280758177    1.508032593   -0.000000000   -0.000000000   -0.000000000
    0.287744890    1.508032593   -0.000000000   -0.000000000   -0.000000000
    0.294731603    1.508032593   -0.000000000   -0.000000000   -0.000000000
    0.301718316    1.508032593   -0.000000000   -0.000000000   -0.000000000
    0.308705029    1.508032593   -0.000000000   -0.000000000   -0.000000000
    0.315691742    1.508032593   -0.000000000   -0.000000000   -0.000000000
    0.322678455    1.508032593   -0.000000000   -0.000000000   -0.000000000
    0.329665168    1.508032593   -0.000000000   -0.000000000   -0.000000000
    0.336651881    1.508032593   -0.000000000   -0.000000000   -0.000000000
    0.343638594    1.508032593   -0.000000000   -0.000000000   -0.000000000
    0.350625306    1.508032593   -0.000000000   -0.000000000   -0.000000000
    0.357612019    1.508032593   -0.000000000   -0.000000000   -0.000000000
    0.364598732    1.508032593   -0.000000000   -0.000000000   -0.000000000
    0.371585445    1.508032593   -0.000000000   -0.000000000   -0.000000000
    0.378572158    1.508032593   -0.000000000   -0.000000000   -0.000000000
    0.385558871    1.508032593   -0.000000000   -0.000000000   -0.000000000
    0.392545584    1.508032593   -0.000000000   -0.000000000   -0.000000000
    0.399532297    1.508032593   -0.000000000   -0.000000000   -0.000000000
    0.406519010    1.508032593   -0.000000000   -0.000000000   -0.000000000
    0.413505723    1.508032593   -0.000000000   -0.000000000   -0.000000000
    0.420492435    1.508032593   -0.000000000   -0.000000000   -0.000000000
    0.427479148    1.508032593   -0.000000000   -0.000000000   -0.000000000
    0.434465861    1.508032593   -0.000000000   -0.000000000   -0.000000000
    0.441452574    1.508032593   -0.000000000   -0.000000000   -0.000000000
    0.448439287    1.508032593   -0.000000000   -0.000000000   -0.000000000
    0.455426000    1.508032593   -0.000000000   -0.000000000   -0.000000000

    0.022249800    1.525478056   -0.000000000   -0.000000000   -0.000000000
    0.029236513    1.525478056   -0.000000000   -0.000000000   -0.000000000
    0.036223226    1.525478056   -0.000000000   -0.000000000   -0.000000000
    0.043209939    1.525478056   -0.000000000   -0.000000000   -0.000000000
    0.050196652    1.525478056   -0.001371869   -0.967974911    0.114804094
    0.057183365    1.525478056   -0.043455356  -14.493481291    0.961841657
    0.064170077    1.525478056   -0.272439686  -55.200372903    3.128057866
    0.071156790    1.525478056   -0.927917419 -142.695751176    8.269299179
    0.078143503    1.525478056   -2.463448957 -312.441851939   18.087144174
    0.085130216    1.525478056   -5.549220551 -590.277093640   34.394992752
    0.092116929    1.525478056  -10.980368649 -982.158839449   58.162304185
    0.099103642    1.525478056  -19.405405086 -1430.901019603   87.944593803
    0.106090355    1.525478056  -30.834894745 -1817.773239124  119.068571777
    0.113077068    1.525478056  -44.326484620 -2000.304359996  145.516593226
    0.120063781    1.525478056  -58.069920831 -1880.735350072  161.821617145
    0.127050494    1.525478056  -69.918701456 -1469.571388069  167.687308623
    0.134037206    1.525478056  -78.205651607 -887.722770768  170.239291671
    0.141023919    1.525478056  -82.300938091 -294.257268396  181.970498994
    0.148010632    1.525478056  -82.554864587  200.862296396  214.098863719
    0.154997345    1.525478056  -79.773737527  577.425101564  271.635219150
    0.161984058    1.525478056  -74.681565240  870.080944598  345.510474937
    0.168970771    1.525478056  -67.724473291 1114.589362706  417.417308847
    0.175957484    1.525478056  -59.217233635 1310.707871709  465.267465453
    0.182944197    1.525478056  -49.585051922 1430.967976882  473.566542528
    0.189930910    1.525478056  -39.466664188 1445.522195792  438.739894998
    0.196917623    1.525478056  -29.650621445 1345.743651091  370.902600489
    0.203904335    1.525478056  -20.883857208 1152.196409237  285.191911965
    0.210891048    1.525478056  -13.681823607  904.040403396  199.620182735
    0.217877761    1.525478056   -8.278917794  646.480642248  127.138878915
    0.224864474    1.525478056   -4.580418565  419.600758045   73.673348401
    0.231851187    1.525478056   -2.300159140  243.452271849   38.883739369
    0.238837900    1.525478056   -1.036693064  127.143464030   18.526408643
    0.245824613    1.525478056   -0.409744163   59.338224260    7.828689843
    0.252811326    1.525478056   -0.134908373   23.564745380    2.885810015
    0.259798039    1.525478056   -0.032251651    7.942499195    0.914537928
    0.266784752    1.525478056   -0.003081490    1.593349712    0.175964623
    0.273771465    1.525478056   -0.000000000   -0.000000000   -0.000000000
    0.280758177    1.525478056   -0.000000000   -0.000000000   -0.000000000
    0.287744890    1.525478056   -0.000000000   -0.000000000   -0.000000000
    0.294731603    1.525478056   -0.000000000   -0.000000000   -0.000000000
    0.301718316    1.525478056   -0.000000000   -0.000000000   -0.000000000
    0.308705029    1.525478056   -0.000000000   -0.000000000   -0.000000000
    0.315691742    1.525478056   -0.000000000   -0.000000000   -0.000000000
    0.322678455    1.525478056   -0.000000000   -0.000000000   -0.000000000
    0.329665168    1.525478056   -0.000000000   -0.000000000   -0.000000000
    0.336651881    1.525478056   -0.000000000   -0.000000000   -0.000000000
    0.343638594    1.525478056   -0.000000000   -0.000000000   -0.000000000
    0.350625306    1.525478056   -0.000000000   -0.000000000   -0.000000000
    0.357612019    1.525478056   -0.000000000   -0.000000000   -0.000000000
    0.364598732    1.525478056   -0.000000000   -0.000000000   -0.000000000
    0.371585445    1.525478056   -0.000000000   -0.000000000   -0.000000000
    0.378572158    1.525478056   -0.000000000   -0.000000000   -0.000000000
    0.385558871    1.525478056   -0.000000000   -0.000000000   -0.000000000
    0.392545584    1.525478056   -0.000000000   -0.000000000   -0.000000000
    0.399532297    1.525478056   -0.000000000   -0.000000000   -0.000000000
    0.406519010    1.525478056   -0.000000000   -0.000000000   -0.000000000
    0.413505723    1.525478056   -0.000000000   -0.000000000   -0.000000000
    0.420492435    1.525478056   -0.000000000   -0.000000000   -0.000000000
    0.427479148    1.525478056   -0.000000000   -0.000000000   -0.000000000
    0.434465861    1.525478056   -0.000000000   -0.000000000   -0.000000000
    0.441452574    1.525478056   -0.000000000   -0.000000000   -0.000000000
    0.448439287    1.525478056   -0.000000000   -0.000000000   -0.000000000
    0.455426000    1.525478056   -0.000000000   -0.000000000   -0.000000000

    0.022249800    1.542923519   -0.000000000   -0.000000000   -0.000000000
    0.029236513    1.542923519   -0.000000000   -0.000000000   -0.000000000
    0.036223226    1.542923519   -0.000000000   -0.000000000   -0.000000000
    0.043209939    1.542923519   -0.000000000   -0.000000000   -0.000000000
    0.050196652    1.542923519   -0.000653891   -0.785149944    0.002479997
    0.057183365    1.542923519   -0.030303975  -11.797829737    0.528053938
    0.064170077    1.542923519   -0.223176992  -47.588399984    2.613866748
    0.071156790    1.542923519   -0.793570872 -125.222358011    7.484634031
    0.078143503    1.542923519   -2.152328486 -279.030016668   17.843388598
    0.085130216    1.542923519   -4.936537335 -536.385198771   36.644933604
    0.092116929    1.542923519   -9.911210353 -904.606083695   66.146638859
    0.099103642    1.542923519  -17.730626814 -1336.191034512  107.247869808
    0.106090355    1.542923519  -28.474812836 -1719.665968248  156.220090465
    0.113077068    1.542923519  -41.324048472 -1917.180266793  205.242334565
    0.120063781    1.542923519  -54.591657163 -1829.158745984  244.951071062
    0.127050494    1.542923519  -66.196593574 -1449.928706848  268.391732667
    0.134037206    1.542923519  -74.398104281 -878.078705580  276.937049564
    0.141023919    1.542923519  -78.362639058 -260.756098363  280.561299901
    0.148010632    1.542923519  -78.209898568  286.810982168  293.372481017
    0.154997345    1.542923519  -74.631105101  717.723367923  325.086877231
    0.161984058    1.542923519  -68.442636325 1036.396652225  373.399624914
    0.168970771    1.542923519  -60.380817277 1255.174035546  424.385686934
    0.175957484    1.542923519  -51.131065376 1376.030883273  458.231493692
    0.182944197    1.542923519  -41.395518583 1393.690380023  459.313248704
    0.189930910    1.542923519  -31.891598934 1311.807845562  422.485863570
    0.196917623    1.542923519  -23.254835184 1146.831800259  355.167980877
    0.203904335    1.542923519  -15.971615526  933.307274755  272.006986135
    0.210891048    1.542923519  -10.248667698  705.223990887  189.847111818
    0.217877761    1.542923519   -6.091722675  489.712859459  120.935125379
    0.224864474    1.542923519   -3.311327275  312.065839555   70.070296308
    0.231851187    1.542923519   -1.632316023  177.474918669   36.741591735
    0.238837900    1.542923519   -0.720262187   90.459997435   17.229179966
    0.245824613    1.542923519   -0.276654922   41.334455119    7.156246549
    0.252811326    1.542923519   -0.086717601   16.214699161    2.544831222
    0.259798039    1.542923519   -0.017408985    5.165396918    0.774282872
    0.266784752    1.542923519   -0.000917957    0.597887740    0.091308871
    0.273771465    1.542923519   -0.000000000   -0.000000000   -0.000000000
    0.280758177    1.542923519   -0.000000000   -0.000000000   -0.000000000
    0.287744890    1.542923519   -0.000000000   -0.000000000   -0.000000000
    0.294731603    1.542923519   -0.000000000   -0.000000000   -0.000000000
    0.301718316    1.542923519   -0.000000000   -0.000000000   -0.000000000
    0.308705029    1.542923519   -0.000000000   -0.000000000   -0.000000000
    0.315691742    1.542923519   -0.000000000   -0.000000000   -0.000000000
    0.322678455    1.542923519   -0.000000000   -0.000000000   -0.000000000
    0.329665168    1.542923519   -0.000000000   -0.000000000   -0.000000000
    0.336651881    1.542923519   -0.000000000   -0.000000000   -0.000000000
    0.343638594    1.542923519   -0.000000000   -0.000000000   -0.000000000
    0.350625306    1.542923519   -0.000000000   -0.000000000   -0.000000000
    0.357612019    1.542923519   -0.000000000   -0.000000000   -0.000000000
    0.364598732    1.542923519   -0.000000000   -0.000000000   -0.000000000
    0.371585445    1.542923519   -0.000000000   -0.000000000   -0.000000000
    0.378572158    1.542923519   -0.000000000   -0.000000000   -0.000000000
    0.385558871    1.542923519   -0.000000000   -0.000000000   -0.000000000
    0.392545584    1.542923519   -0.000000000   -0.000000000   -0.000000000
    0.399532297    1.542923519   -0.000000000   -0.000000000   -0.000000000
    0.406519010    1.542923519   -0.000000000   -0.000000000   -0.000000000
    0.413505723    1.542923519   -0.000000000   -0.000000000   -0.000000000
    0.420492435    1.542923519   -0.000000000   -0.000000000   -0.000000000
    0.427479148    1.542923519   -0.000000000   -0.000000000   -0.000000000
    0.434465861    1.542923519   -0.000000000   -0.000000000   -0.000000000
    0.441452574    1.542923519   -0.000000000   -0.000000000   -0.000000000
    0.448439287    1.542923519   -0.000000000   -0.000000000   -0.000000000
    0.455426000    1.542923519   -0.000000000   -0.000000000   -0.000000000

    0.022249800    1.560368981   -0.000000000   -0.000000000   -0.000000000
    0.029236513    1.560368981   -0.000000000   -0.000000000   -0.000000000
    0.036223226    1.560368981   -0.000000000   -0.000000000   -0.000000000
    0.043209939    1.560368981   -0.000000000   -0.000000000   -0.000000000
    0.050196652    1.560368981   -0.000730009   -0.719547008    0.007826049
    0.057183365    1.560368981   -0.023857738   -9.237485412    0.296165360
    0.064170077    1.560368981   -0.179614200  -39.406833228    2.434642652
    0.071156790    1.560368981   -0.660651684 -107.280105579    7.780923686
    0.078143503    1.560368981   -1.832015300 -241.235975608   19.373083582
    0.085130216    1.560368981   -4.250273631 -468.900726768   42.058953245
    0.092116929    1.560368981   -8.632704854 -800.995702274   80.666182432
    0.099103642    1.560368981  -15.599009374 -1196.766268219  137.665953022
    0.106090355    1.560368981  -25.283350644 -1559.462519267  210.211686424
    0.113077068    1.560368981  -37.022241513 -1764.204872472  288.902888094
    0.120063781    1.560368981  -49.336005714 -1713.342559263  359.278627588
    0.127050494    1.560368981  -60.320800086 -1388.962566459  407.727225789
    0.134037206    1.560368981  -68.273670533 -864.096685861  428.950438959
    0.141023919    1.560368981  -72.217608015 -262.518533582  429.211078666
    0.148010632    1.560368981  -72.022962134  305.879620683  422.236689748
    0.154997345    1.560368981  -68.176771996  775.532980031  421.345274706
    0.161984058    1.560368981  -61.478702656 1119.188238603  430.006950661
    0.168970771    1.560368981  -52.855484050 1325.970876122  441.420947646
    0.175957484    1.560368981  -43.280048449 1392.194571490  442.203342469
    0.182944197    1.560368981  -33.703762829 1330.180102214  420.791383765
    0.189930910    1.560368981  -24.913695503 1172.696390721  374.289010046
    0.196917623    1.560368981  -17.449631614  957.767528873  307.196862933
    0.203904335    1.560368981  -11.551856534  732.437572411  231.715105299
    0.210891048    1.560368981   -7.174240277  525.294509551  160.157466901
    0.217877761    1.560368981   -4.137217116  350.018053888  101.483022606
    0.224864474    1.560368981   -2.185282764  214.683406740   57.954379765
    0.231851187    1.560368981   -1.045869075  117.988872981   29.943173754
    0.238837900    1.560368981   -0.447559334   58.539308320   13.817465711
    0.245824613    1.560368981   -0.164901917   25.816140327    5.564853847
    0.252811326    1.560368981   -0.047037329    9.881579364    1.967736552
    0.259798039    1.560368981   -0.006843228    2.437754927    0.431839321
    0.266784752    1.560368981   -0.000025804    0.145716585    0.023532452
    0.273771465    1.560368981   -0.000000000   -0.000000000   -0.000000000
    0.280758177    1.560368981   -0.000000000   -0.000000000   -0.000000000
    0.287744890    1.560368981   -0.000000000   -0.000000000   -0.000000000
    0.294731603    1.560368981   -0.000000000   -0.000000000   -0.000000000
    0.301718316    1.560368981   -0.000000000   -0.000000000   -0.000000000
    0.308705029    1.560368981   -0.000000000   -0.000000000   -0.000000000
    0.315691742    1.560368981   -0.000000000   -0.000000000   -0.000000000
    0.322678455    1.560368981   -0.000000000   -0.000000000   -0.000000000
    0.329665168    1.560368981   -0.000000000   -0.000000000   -0.000000000
    0.336651881    1.560368981   -0.000000000   -0.000000000   -0.000000000
    0.343638594    1.560368981   -0.000000000   -0.000000000   -0.000000000
    0.350625306    1.560368981   -0.000000000   -0.000000000   -0.000000000
    0.357612019    1.560368981   -0.000000000   -0.000000000   -0.000000000
    0.364598732    1.560368981   -0.000000000   -0.000000000   -0.000000000
    0.371585445    1.560368981   -0.000000000   -0.000000000   -0.000000000
    0.378572158    1.560368981   -0.000000000   -0.000000000   -0.000000000
    0.385558871    1.560368981   -0.000000000   -0.000000000   -0.000000000
    0.392545584    1.560368981   -0.000000000   -0.000000000   -0.000000000
    0.399532297    1.560368981   -0.000000000   -0.000000000   -0.000000000
    0.406519010    1.560368981   -0.000000000   -0.000000000   -0.000000000
    0.413505723    1.560368981   -0.000000000   -0.000000000   -0.000000000
    0.420492435    1.560368981   -0.000000000   -0.000000000   -0.000000000
    0.427479148    1.560368981   -0.000000000   -0.000000000   -0.000000000
    0.434465861    1.560368981   -0.000000000   -0.000000000   -0.000000000
    0.441452574    1.560368981   -0.000000000   -0.000000000   -0.000000000
    0.448439287    1.560368981   -0.000000000   -0.000000000   -0.000000000
    0.455426000    1.560368981   -0.000000000   -0.000000000   -0.000000000

    0.022249800    1.577814444   -0.000000000   -0.000000000   -0.000000000
    0.029236513    1.577814444   -0.000000000   -0.000000000   -0.000000000
    0.036223226    1.577814444   -0.000000000   -0.000000000   -0.000000000
    0.043209939    1.577814444   -0.000000000   -0.000000000   -0.000000000
    0.050196652    1.577814444   -0.000396360   -0.522723787    0.024891145
    0.057183365    1.577814444   -0.018177785   -6.762005522    0.356360729
    0.064170077    1.577814444   -0.138340762  -30.881848298    2.334709004
    0.071156790    1.577814444   -0.521306817  -86.222463994    8.113166697
    0.078143503    1.577814444   -1.474574778 -198.259781271   21.320998127
    0.085130216    1.577814444   -3.470460846 -387.940676387   47.321730288
    0.092116929    1.577814444   -7.110707138 -668.568451342   92.536328558
    0.099103642    1.577814444  -12.958141490 -1010.328289915  162.908830736
    0.106090355    1.577814444  -21.189692015 -1334.396136913  255.636661574
    0.113077068    1.577814444  -31.314071291 -1534.691543814  360.561139796
    0.120063781    1.577814444  -42.135849501 -1522.881769083  460.201061726
    0.127050494    1.577814444  -52.030164073 -1271.702056782  536.453779539
    0.134037206    1.577814444  -59.449166651 -826.600452359  577.660497599
    0.141023919    1.577814444  -63.348128352 -281.552686692  584.244532168
    0.148010632    1.577814444  -63.379074219  265.901870507  567.084209438
    0.154997345    1.577814444  -59.802146584  741.235599773  538.983119348
    0.161984058    1.577814444  -53.309512027 1093.649826111  508.057507630
    0.168970771    1.577814444  -44.883798759 1290.525016561  473.941680294
    0.175957484    1.577814444  -35.660001658 1323.837460813  432.892512755
    0.182944197    1.577814444  -26.716205712 1216.331566696  380.942442761
    0.189930910    1.577814444  -18.877750114 1016.763797452  318.282409821
    0.196917623    1.577814444  -12.597753055  779.437114213  248.913738216
    0.203904335    1.577814444   -7.943383223  558.175122646  181.421773744
    0.210891048    1.577814444   -4.703691180  376.250375955  122.424923472
    0.217877761    1.577814444   -2.590643033  236.020513408   75.392079481
    0.224864474    1.577814444   -1.310436811  137.273006107   42.166895559
    0.231851187    1.577814444   -0.599225912   71.397579668   21.180371859
    0.238837900    1.577814444   -0.244232914   33.823958831    9.490440947
    0.245824613    1.577814444   -0.083554262   14.588765000    3.798519001
    0.252811326    1.577814444   -0.019301919    4.885320538    1.135105307
    0.259798039    1.577814444   -0.001782689    0.783930388    0.166840365
    0.266784752    1.577814444   -0.000000000   -0.000000000   -0.000000000
    0.273771465    1.577814444   -0.000000000   -0.000000000   -0.000000000
    0.280758177    1.577814444   -0.000000000   -0.000000000   -0.000000000
    0.287744890    1.577814444   -0.000000000   -0.000000000   -0.000000000
    0.294731603    1.577814444   -0.000000000   -0.000000000   -0.000000000
    0.301718316    1.577814444   -0.000000000   -0.000000000   -0.000000000
    0.308705029    1.577814444   -0.000000000   -0.000000000   -0.000000000
    0.315691742    1.577814444   -0.000000000   -0.000000000   -0.000000000
    0.322678455    1.577814444   -0.000000000   -0.000000000   -0.000000000
    0.329665168    1.577814444   -0.000000000   -0.000000000   -0.000000000
    0.336651881    1.577814444   -0.000000000   -0.000000000   -0.000000000
    0.343638594    1.577814444   -0.000000000   -0.000000000   -0.000000000
    0.350625306    1.577814444   -0.000000000   -0.000000000   -0.000000000
    0.357612019    1.577814444   -0.000000000   -0.000000000   -0.000000000
    0.364598732    1.577814444   -0.000000000   -0.000000000   -0.000000000
    0.371585445    1.577814444   -0.000000000   -0.000000000   -0.000000000
    0.378572158    1.577814444   -0.000000000   -0.000000000   -0.000000000
    0.385558871    1.577814444   -0.000000000   -0.000000000   -0.000000000
    0.392545584    1.577814444   -0.000000000   -0.000000000   -0.000000000
    0.399532297    1.577814444   -0.000000000   -0.000000000   -0.000000000
    0.406519010    1.577814444   -0.000000000   -0.000000000   -0.000000000
    0.413505723    1.577814444   -0.000000000   -0.000000000   -0.000000000
    0.420492435    1.577814444   -0.000000000   -0.000000000   -0.000000000
    0.427479148    1.577814444   -0.000000000   -0.000000000   -0.000000000
    0.434465861    1.577814444   -0.000000000   -0.000000000   -0.000000000
    0.441452574    1.577814444   -0.000000000   -0.000000000   -0.000000000
    0.448439287    1.577814444   -0.000000000   -0.000000000   -0.000000000
    0.455426000    1.577814444   -0.000000000   -0.000000000   -0.000000000

    0.022249800    1.595259907   -0.000000000   -0.000000000   -0.000000000
    0.029236513    1.595259907   -0.000000000   -0.000000000   -0.000000000
    0.036223226    1.595259907   -0.000000000   -0.000000000   -0.000000000
    0.043209939    1.595259907   -0.000000000   -0.000000000   -0.000000000
    0.050196652    1.595259907   -0.000122007   -0.163563184    0.011775133
    0.057183365    1.595259907   -0.011272317   -4.841573048    0.423829105
    0.064170077    1.595259907   -0.097203766  -22.532610886    2.364833651
    0.071156790    1.595259907   -0.381191706  -64.081893692    7.859313804
    0.078143503    1.595259907   -1.099610007 -151.155170809   21.245997785
    0.085130216    1.595259907   -2.630556835 -299.062350513   48.207681728
    0.092116929    1.595259907   -5.449648814 -520.054261110   95.752826069
    0.099103642    1.595259907  -10.023106617 -794.069761019  170.223821698
    0.106090355    1.595259907  -16.540415445 -1064.214353381  271.799474310
    0.113077068    1.595259907  -24.687054294 -1246.513935288  390.732366342
    0.120063781    1.595259907  -33.577616255 -1267.351778363  509.886715613
    0.127050494    1.595259907  -41.936611861 -1092.722825359  608.329931632
    0.134037206    1.595259907  -48.447955008 -746.667820943  670.960401271
    0.141023919    1.595259907  -52.112674350 -290.602804397  691.977742194
    0.148010632    1.595259907  -52.441621018  194.937963912  676.616713844
    0.154997345    1.595259907  -49.495049767  635.257224304  634.424770611
    0.161984058    1.595259907  -43.818525336  967.545846535  574.404616426
    0.168970771    1.595259907  -36.331144866 1148.063259201  503.479913053
    0.175957484    1.595259907  -28.160444009 1164.427477086  425.473006534
    0.182944197    1.595259907  -20.384738458 1042.196742497  344.586590546
    0.189930910    1.595259907  -13.788859106  836.339674746  265.751902468
    0.196917623    1.595259907   -8.744126824  609.497958742  193.844222520
    0.203904335    1.595259907   -5.207030252  410.698957277  133.205151518
    0.210891048    1.595259907   -2.899068873  257.377071647   85.233975532
    0.217877761    1.595259907   -1.501267856  150.050755408   50.159995255
    0.224864474    1.595259907   -0.711377152   81.480702274   27.017591581
    0.231851187    1.595259907   -0.301885885   39.750507989   13.235761174
    0.238837900    1.595259907   -0.112822058   17.582479568    5.744696348
    0.245824613    1.595259907   -0.033229935    6.674212994    2.020667865
    0.252811326    1.595259907   -0.005481398    1.796058183    0.483880234
    0.259798039    1.595259907   -0.000000000   -0.000000000   -0.000000000
    0.266784752    1.595259907   -0.000000000   -0.000000000   -0.000000000
    0.273771465    1.595259907   -0.000000000   -0.000000000   -0.000000000
    0.280758177    1.595259907   -0.000000000   -0.000000000   -0.000000000
    0.287744890    1.595259907   -0.000000000   -0.000000000   -0.000000000
    0.294731603    1.595259907   -0.000000000   -0.000000000   -0.000000000
    0.301718316    1.595259907   -0.000000000   -0.000000000   -0.000000000
    0.308705029    1.595259907   -0.000000000   -0.000000000   -0.000000000
    0.315691742    1.595259907   -0.000000000   -0.000000000   -0.000000000
    0.322678455    1.595259907   -0.000000000   -0.000000000   -0.000000000
    0.329665168    1.595259907   -0.000000000   -0.000000000   -0.000000000
    0.336651881    1.595259907   -0.000000000   -0.000000000   -0.000000000
    0.343638594    1.595259907   -0.000000000   -0.000000000   -0.000000000
    0.350625306    1.595259907   -0.000000000   -0.000000000   -0.000000000
    0.357612019    1.595259907   -0.000000000   -0.000000000   -0.000000000
    0.364598732    1.595259907   -0.000000000   -0.000000000   -0.000000000
    0.371585445    1.595259907   -0.000000000   -0.000000000   -0.000000000
    0.378572158    1.595259907   -0.000000000   -0.000000000   -0.000000000
    0.385558871    1.595259907   -0.000000000   -0.000000000   -0.000000000
    0.392545584    1.595259907   -0.000000000   -0.000000000   -0.000000000
    0.399532297    1.595259907   -0.000000000   -0.000000000   -0.000000000
    0.406519010    1.595259907   -0.000000000   -0.000000000   -0.000000000
    0.413505723    1.595259907   -0.000000000   -0.000000000   -0.000000000
    0.420492435    1.595259907   -0.000000000   -0.000000000   -0.000000000
    0.427479148    1.595259907   -0.000000000   -0.000000000   -0.000000000
    0.434465861    1.595259907   -0.000000000   -0.000000000   -0.000000000
    0.441452574    1.595259907   -0.000000000   -0.000000000   -0.000000000
    0.448439287    1.595259907   -0.000000000   -0.000000000   -0.000000000
    0.455426000    1.595259907   -0.000000000   -0.000000000   -0.000000000

    0.022249800    1.612705370   -0.000000000   -0.000000000   -0.000000000
    0.029236513    1.612705370   -0.000000000   -0.000000000   -0.000000000
    0.036223226    1.612705370   -0.000000000   -0.000000000   -0.000000000
    0.043209939    1.612705370   -0.000000000   -0.000000000   -0.000000000
    0.050196652    1.612705370   -0.000000000   -0.000000000   -0.000000000
    0.057183365    1.612705370   -0.004824874   -2.438790879    0.324043811
    0.064170077    1.612705370   -0.057179921  -14.821384881    2.083901595
    0.071156790    1.612705370   -0.250606001  -44.063721743    7.012110163
    0.078143503    1.612705370   -0.746036148 -105.592544899   18.929846648
    0.085130216    1.612705370   -1.826209545 -212.133056289   43.358115993
    0.092116929    1.612705370   -3.838627526 -373.315866388   87.103679555
    0.099103642    1.612705370   -7.140267718 -576.925988828  156.625693379
    0.106090355    1.612705370  -11.912230593 -784.997484440  253.474215927
    0.113077068    1.612705370  -17.981578644 -937.635233634  370.070183431
    0.120063781    1.612705370  -24.748063344 -976.446764126  491.736645844
    0.127050494    1.612705370  -31.281232405 -868.868642770  598.890321566
    0.134037206    1.612705370  -36.561879500 -621.535052909  675.909370584
    0.141023919    1.612705370  -39.724197665 -271.101098644  711.947924245
    0.148010632    1.612705370  -40.249385417  122.456754718  705.473536727
    0.154997345    1.612705370  -38.066314321  493.173858739  662.518752050
    0.161984058    1.612705370  -33.562625736  777.165651573  590.364529486
    0.168970771    1.612705370  -27.517364527  928.977554979  499.355487972
    0.175957484    1.612705370  -20.921884236  935.765997531  399.907964834
    0.182944197    1.612705370  -14.722924750  822.805513984  302.734415516
    0.189930910    1.612705370   -9.589271637  640.419961447  216.203570884
    0.196917623    1.612705370   -5.792236744  447.876853438  145.710426014
    0.203904335    1.612705370   -3.249745021  286.390755617   92.483909523
    0.210891048    1.612705370   -1.688348304  167.523012466   55.051831757
    0.217877761    1.612705370   -0.807396319   90.885588682   30.526077219
    0.224864474    1.612705370   -0.343916481   45.911202370   15.825735166
    0.231851187    1.612705370   -0.127804876   19.169159785    7.069011946
    0.238837900    1.612705370   -0.040791622    7.253083949    2.702266671
    0.245824613    1.612705370   -0.008832211    2.450197327    0.856968591
    0.252811326    1.612705370   -0.000406156    0.412479955    0.138729284
    0.259798039    1.612705370   -0.000000000   -0.000000000   -0.000000000
    0.266784752    1.612705370   -0.000000000   -0.000000000   -0.000000000
    0.273771465    1.612705370   -0.000000000   -0.000000000   -0.000000000
    0.280758177    1.612705370   -0.000000000   -0.000000000   -0.000000000
    0.287744890    1.612705370   -0.000000000   -0.000000000   -0.000000000
    0.294731603    1.612705370   -0.000000000   -0.000000000   -0.000000000
    0.301718316    1.612705370   -0.000000000   -0.000000000   -0.000000000
    0.308705029    1.612705370   -0.000000000   -0.000000000   -0.000000000
    0.315691742    1.612705370   -0.000000000   -0.000000000   -0.000000000
    0.322678455    1.612705370   -0.000000000   -0.000000000   -0.000000000
    0.329665168    1.612705370   -0.000000000   -0.000000000   -0.000000000
    0.336651881    1.612705370   -0.000000000   -0.000000000   -0.000000000
    0.343638594    1.612705370   -0.000000000   -0.000000000   -0.000000000
    0.350625306    1.612705370   -0.000000000   -0.000000000   -0.000000000
    0.357612019    1.612705370   -0.000000000   -0.000000000   -0.000000000
    0.364598732    1.612705370   -0.000000000   -0.000000000   -0.000000000
    0.371585445    1.612705370   -0.000000000   -0.000000000   -0.000000000
    0.378572158    1.612705370   -0.000000000   -0.000000000   -0.000000000
    0.385558871    1.612705370   -0.000000000   -0.000000000   -0.000000000
    0.392545584    1.612705370   -0.000000000   -0.000000000   -0.000000000
    0.399532297    1.612705370   -0.000000000   -0.000000000   -0.000000000
    0.406519010    1.612705370   -0.000000000   -0.000000000   -0.000000000
    0.413505723    1.612705370   -0.000000000   -0.000000000   -0.000000000
    0.420492435    1.612705370   -0.000000000   -0.000000000   -0.000000000
    0.427479148    1.612705370   -0.000000000   -0.000000000   -0.000000000
    0.434465861    1.612705370   -0.000000000   -0.000000000   -0.000000000
    0.441452574    1.612705370   -0.000000000   -0.000000000   -0.000000000
    0.448439287    1.612705370   -0.000000000   -0.000000000   -0.000000000
    0.455426000    1.612705370   -0.000000000   -0.000000000   -0.000000000

    0.022249800    1.630150833   -0.000000000   -0.000000000   -0.000000000
    0.029236513    1.630150833   -0.000000000   -0.000000000   -0.000000000
    0.036223226    1.630150833   -0.000000000   -0.000000000   -0.000000000
    0.043209939    1.630150833   -0.000000000   -0.000000000   -0.000000000
    0.050196652    1.630150833   -0.000000000   -0.000000000   -0.000000000
    0.057183365    1.630150833   -0.001116807   -0.688674071    0.122376720
    0.064170077    1.630150833   -0.027371476   -8.101185608    1.401752736
    0.071156790    1.630150833   -0.141645011  -27.071829313    5.338756778
    0.078143503    1.630150833   -0.450591788  -65.707109844   14.570537055
    0.085130216    1.630150833   -1.143187650 -137.664047697   34.558729230
    0.092116929    1.630150833   -2.457853842 -245.465258655   70.170421076
    0.099103642    1.630150833   -4.646969260 -385.077755400  127.472564829
    0.106090355    1.630150833   -7.858042085 -532.563241313  208.443482993
    0.113077068    1.630150833  -12.014885051 -648.661001727  309.039649132
    0.120063781    1.630150833  -16.750666509 -691.790397804  417.993572691
    0.127050494    1.630150833  -21.443312664 -633.256740212  519.242298297
    0.134037206    1.630150833  -25.351975652 -469.037320471  597.340747372
    0.141023919    1.630150833  -27.804087959 -221.927042905  640.879359644
    0.148010632    1.630150833  -28.351658432   68.462950548  643.988183170
    0.154997345    1.630150833  -26.871471627  348.927173981  607.411641729
    0.161984058    1.630150833  -23.625700414  565.841576062  537.592617534
    0.168970771    1.630150833  -19.205879531  680.416350723  445.397025671
    0.175957484    1.630150833  -14.383824466  681.971453067  344.842112752
    0.182944197    1.630150833   -9.895044353  590.349938987  248.239615260
    0.189930910    1.630150833   -6.248635751  449.871030809  166.800244995
    0.196917623    1.630150833   -3.622646941  305.643782025  104.576645867
    0.203904335    1.630150833   -1.920300473  187.116580796   61.497245315
    0.210891048    1.630150833   -0.926030178  103.687059212   33.872232293
    0.217877761    1.630150833   -0.396293020   52.285847071   17.261387676
    0.224864474    1.630150833   -0.142034635   22.846184663    7.980947862
    0.231851187    1.630150833   -0.042080025    7.828996616    3.159799245
    0.238837900    1.630150833   -0.008814863    2.142341093    0.984136339
    0.245824613    1.630150833   -0.000609852    0.456111431    0.177248575
    0.252811326    1.630150833   -0.000000000   -0.000000000   -0.000000000
    0.259798039    1.630150833   -0.000000000   -0.000000000   -0.000000000
    0.266784752    1.630150833   -0.000000000   -0.000000000   -0.000000000
    0.273771465    1.630150833   -0.000000000   -0.000000000   -0.000000000
    0.280758177    1.630150833   -0.000000000   -0.000000000   -0.000000000
    0.287744890    1.630150833   -0.000000000   -0.000000000   -0.000000000
    0.294731603    1.630150833   -0.000000000   -0.000000000   -0.000000000
    0.301718316    1.630150833   -0.000000000   -0.000000000   -0.000000000
    0.308705029    1.630150833   -0.000000000   -0.000000000   -0.000000000
    0.315691742    1.630150833   -0.000000000   -0.000000000   -0.000000000
    0.322678455    1.630150833   -0.000000000   -0.000000000   -0.000000000
    0.329665168    1.630150833   -0.000000000   -0.000000000   -0.000000000
    0.336651881    1.630150833   -0.000000000   -0.000000000   -0.000000000
    0.343638594    1.630150833   -0.000000000   -0.000000000   -0.000000000
    0.350625306    1.630150833   -0.000000000   -0.000000000   -0.000000000
    0.357612019    1.630150833   -0.000000000   -0.000000000   -0.000000000
    0.364598732    1.630150833   -0.000000000   -0.000000000   -0.000000000
    0.371585445    1.630150833   -0.000000000   -0.000000000   -0.000000000
    0.378572158    1.630150833   -0.000000000   -0.000000000   -0.000000000
    0.385558871    1.630150833   -0.000000000   -0.000000000   -0.000000000
    0.392545584    1.630150833   -0.000000000   -0.000000000   -0.000000000
    0.399532297    1.630150833   -0.000000000   -0.000000000   -0.000000000
    0.406519010    1.630150833   -0.000000000   -0.000000000   -0.000000000
    0.413505723    1.630150833   -0.000000000   -0.000000000   -0.000000000
    0.420492435    1.630150833   -0.000000000   -0.000000000   -0.000000000
    0.427479148    1.630150833   -0.000000000   -0.000000000   -0.000000000
    0.434465861    1.630150833   -0.000000000   -0.000000000   -0.000000000
    0.441452574    1.630150833   -0.000000000   -0.000000000   -0.000000000
    0.448439287    1.630150833   -0.000000000   -0.000000000   -0.000000000
    0.455426000    1.630150833   -0.000000000   -0.000000000   -0.000000000

    0.022249800    1.647596296   -0.000000000   -0.000000000   -0.000000000
    0.029236513    1.647596296   -0.000000000   -0.000000000   -0.000000000
    0.036223226    1.647596296   -0.000000000   -0.000000000   -0.000000000
    0.043209939    1.647596296   -0.000000000   -0.000000000   -0.000000000
    0.050196652    1.647596296   -0.000000000   -0.000000000   -0.000000000
    0.057183365    1.647596296   -0.000071144   -0.139095896    0.029981204
    0.064170077    1.647596296   -0.008594821   -3.478603027    0.739394235
    0.071156790    1.647596296   -0.065508429  -14.116153129    3.286027636
    0.078143503    1.647596296   -0.236685896  -36.863856726    9.795239593
    0.085130216    1.647596296   -0.634936618  -79.757149052   23.636732675
    0.092116929    1.647596296   -1.410957464 -146.570923763   49.785477908
    0.099103642    1.647596296   -2.731695427 -234.498996659   91.804754979
    0.106090355    1.647596296   -4.706131381 -330.187192933  152.285320641
    0.113077068    1.647596296   -7.309839129 -410.016762186  229.080774067
    0.120063781    1.647596296  -10.334891412 -446.671059069  314.988693109
    0.127050494    1.647596296  -13.400431576 -419.001615534  398.493651052
    0.134037206    1.647596296  -16.021947087 -319.803386457  466.513009181
    0.141023919    1.647596296  -17.725176717 -159.399472791  507.503976912
    0.148010632    1.647596296  -18.169247628   34.869684422  515.092461509
    0.154997345    1.647596296  -17.248619703  225.027669404  488.207291691
    0.161984058    1.647596296  -15.124590842  372.930392698  430.597079242
    0.168970771    1.647596296  -12.204745251  449.470288891  352.432765878
    0.175957484    1.647596296   -9.028829853  447.145004351  266.535280686
    0.182944197    1.647596296   -6.103243259  382.411785545  186.050382028
    0.189930910    1.647596296   -3.760024605  286.152643930  119.410299577
    0.196917623    1.647596296   -2.101718355  190.288287658   70.796742924
    0.203904335    1.647596296   -1.055188695  113.047663743   38.976655136
    0.210891048    1.647596296   -0.467476685   59.911803266   19.862376560
    0.217877761    1.647596296   -0.170985487   27.725703118    9.186054874
    0.224864474    1.647596296   -0.044838988   10.081848901    3.620168121
    0.231851187    1.647596296   -0.006914424    2.298807808    0.966811672
    0.238837900    1.647596296   -0.000468082    0.224354436    0.106927022
    0.245824613    1.647596296   -0.000000000   -0.000000000   -0.000000000
    0.252811326    1.647596296   -0.000000000   -0.000000000   -0.000000000
    0.259798039    1.647596296   -0.000000000   -0.000000000   -0.000000000
    0.266784752    1.647596296   -0.000000000   -0.000000000   -0.000000000
    0.273771465    1.647596296   -0.000000000   -0.000000000   -0.000000000
    0.280758177    1.647596296   -0.000000000   -0.000000000   -0.000000000
    0.287744890    1.647596296   -0.000000000   -0.000000000   -0.000000000
    0.294731603    1.647596296   -0.000000000   -0.000000000   -0.000000000
    0.301718316    1.647596296   -0.000000000   -0.000000000   -0.000000000
    0.308705029    1.647596296   -0.000000000   -0.000000000   -0.000000000
    0.315691742    1.647596296   -0.000000000   -0.000000000   -0.000000000
    0.322678455    1.647596296   -0.000000000   -0.000000000   -0.000000000
    0.329665168    1.647596296   -0.000000000   -0.000000000   -0.000000000
    0.336651881    1.647596296   -0.000000000   -0.000000000   -0.000000000
    0.343638594    1.647596296   -0.000000000   -0.000000000   -0.000000000
    0.350625306    1.647596296   -0.000000000   -0.000000000   -0.000000000
    0.357612019    1.647596296   -0.000000000   -0.000000000   -0.000000000
    0.364598732    1.647596296   -0.000000000   -0.000000000   -0.000000000
    0.371585445    1.647596296   -0.000000000   -0.000000000   -0.000000000
    0.378572158    1.647596296   -0.000000000   -0.000000000   -0.000000000
    0.385558871    1.647596296   -0.000000000   -0.000000000   -0.000000000
    0.392545584    1.647596296   -0.000000000   -0.000000000   -0.000000000
    0.399532297    1.647596296   -0.000000000   -0.000000000   -0.000000000
    0.406519010    1.647596296   -0.000000000   -0.000000000   -0.000000000
    0.413505723    1.647596296   -0.000000000   -0.000000000   -0.000000000
    0.420492435    1.647596296   -0.000000000   -0.000000000   -0.000000000
    0.427479148    1.647596296   -0.000000000   -0.000000000   -0.000000000
    0.434465861    1.647596296   -0.000000000   -0.000000000   -0.000000000
    0.441452574    1.647596296   -0.000000000   -0.000000000   -0.000000000
    0.448439287    1.647596296   -0.000000000   -0.000000000   -0.000000000
    0.455426000    1.647596296   -0.000000000   -0.000000000   -0.000000000

    0.022249800    1.665041759   -0.000000000   -0.000000000   -0.000000000
    0.029236513    1.665041759   -0.000000000   -0.000000000   -0.000000000
    0.036223226    1.665041759   -0.000000000   -0.000000000   -0.000000000
    0.043209939    1.665041759   -0.000000000   -0.000000000   -0.000000000
    0.050196652    1.665041759   -0.000000000   -0.000000000   -0.000000000
    0.057183365    1.665041759   -0.000000000   -0.000000000   -0.000000000
    0.064170077    1.665041759   -0.001022157   -0.723822572    0.169843615
    0.071156790    1.665041759   -0.022372493   -6.430968429    1.753822830
    0.078143503    1.665041759   -0.102859145  -18.014801225    5.526225322
    0.085130216    1.665041759   -0.304480833  -41.995665040   14.388308974
    0.092116929    1.665041759   -0.716973130  -78.138305468   30.538710459
    0.099103642    1.665041759   -1.432040032 -128.876704043   58.053503675
    0.106090355    1.665041759   -2.530576805 -185.608243296   98.463933714
    0.113077068    1.665041759   -4.010466560 -235.606510953  150.892094997
    0.120063781    1.665041759   -5.765242404 -261.545435758  210.765073287
    0.127050494    1.665041759   -7.577331413 -250.091798400  270.662465426
    0.134037206    1.665041759   -9.157875555 -195.090787021  321.459172127
    0.141023919    1.665041759  -10.211389675 -101.004887399  353.996383020
    0.148010632    1.665041759  -10.514170000   16.217967367  362.093090977
    0.154997345    1.665041759   -9.986591386  132.382321106  343.803529801
    0.161984058    1.665041759   -8.728123613  221.422429309  302.213391056
    0.168970771    1.665041759   -6.994888528  266.389469669  244.864208588
    0.175957484    1.665041759   -5.119336906  263.176689534  182.090438331
    0.182944197    1.665041759   -3.408870767  222.470537997  124.002572709
    0.189930910    1.665041759   -2.053602921  164.525255415   77.473587360
    0.196917623    1.665041759   -1.107385909  107.640628443   44.223213852
    0.203904335    1.665041759   -0.523725486   61.921594165   23.123296163
    0.210891048    1.665041759   -0.204856536   31.427909539   10.898190916
    0.217877761    1.665041759   -0.056805770   12.795673762    4.164088382
    0.224864474    1.665041759   -0.007894646    2.734863212    0.888395110
    0.231851187    1.665041759   -0.000051181    0.081293691    0.055464642
    0.238837900    1.665041759   -0.000000000   -0.000000000   -0.000000000
    0.245824613    1.665041759   -0.000000000   -0.000000000   -0.000000000
    0.252811326    1.665041759   -0.000000000   -0.000000000   -0.000000000
    0.259798039    1.665041759   -0.000000000   -0.000000000   -0.000000000
    0.266784752    1.665041759   -0.000000000   -0.000000000   -0.000000000
    0.273771465    1.665041759   -0.000000000   -0.000000000   -0.000000000
    0.280758177    1.665041759   -0.000000000   -0.000000000   -0.000000000
    0.287744890    1.665041759   -0.000000000   -0.000000000   -0.000000000
    0.294731603    1.665041759   -0.000000000   -0.000000000   -0.000000000
    0.301718316    1.665041759   -0.000000000   -0.000000000   -0.000000000
    0.308705029    1.665041759   -0.000000000   -0.000000000   -0.000000000
    0.315691742    1.665041759   -0.000000000   -0.000000000   -0.000000000
    0.322678455    1.665041759   -0.000000000   -0.000000000   -0.000000000
    0.329665168    1.665041759   -0.000000000   -0.000000000   -0.000000000
    0.336651881    1.665041759   -0.000000000   -0.000000000   -0.000000000
    0.343638594    1.665041759   -0.000000000   -0.000000000   -0.000000000
    0.350625306    1.665041759   -0.000000000   -0.000000000   -0.000000000
    0.357612019    1.665041759   -0.000000000   -0.000000000   -0.000000000
    0.364598732    1.665041759   -0.000000000   -0.000000000   -0.000000000
    0.371585445    1.665041759   -0.000000000   -0.000000000   -0.000000000
    0.378572158    1.665041759   -0.000000000   -0.000000000   -0.000000000
    0.385558871    1.665041759   -0.000000000   -0.000000000   -0.000000000
    0.392545584    1.665041759   -0.000000000   -0.000000000   -0.000000000
    0.399532297    1.665041759   -0.000000000   -0.000000000   -0.000000000
    0.406519010    1.665041759   -0.000000000   -0.000000000   -0.000000000
    0.413505723    1.665041759   -0.000000000   -0.000000000   -0.000000000
    0.420492435    1.665041759   -0.000000000   -0.000000000   -0.000000000
    0.427479148    1.665041759   -0.000000000   -0.000000000   -0.000000000
    0.434465861    1.665041759   -0.000000000   -0.000000000   -0.000000000
    0.441452574    1.665041759   -0.000000000   -0.000000000   -0.000000000
    0.448439287    1.665041759   -0.000000000   -0.000000000   -0.000000000
    0.455426000    1.665041759   -0.000000000   -0.000000000   -0.000000000

    0.022249800    1.682487222   -0.000000000   -0.000000000   -0.000000000
    0.029236513    1.682487222   -0.000000000   -0.000000000   -0.000000000
    0.036223226    1.682487222   -0.000000000   -0.000000000   -0.000000000
    0.043209939    1.682487222   -0.000000000   -0.000000000   -0.000000000
    0.050196652    1.682487222   -0.000000000   -0.000000000   -0.000000000
    0.057183365    1.682487222   -0.000000000   -0.000000000   -0.000000000
    0.064170077    1.682487222   -0.000000000   -0.000000000   -0.000000000
    0.071156790    1.682487222   -0.003595269   -1.674129420    0.492105720
    0.078143503    1.682487222   -0.034224895   -7.512140567    2.593292920
    0.085130216    1.682487222   -0.119767385  -18.425058269    7.273047655
    0.092116929    1.682487222   -0.311889856  -37.425509996   16.568841708
    0.099103642    1.682487222   -0.660417212  -63.196322787   32.186584091
    0.106090355    1.682487222   -1.206083960  -93.270502270   55.789398767
    0.113077068    1.682487222   -1.959157089 -121.373746874   87.437899986
    0.120063781    1.682487222   -2.874212295 -137.746934459  124.549246613
    0.127050494    1.682487222   -3.837266027 -134.087711464  162.602630530
    0.134037206    1.682487222   -4.691274674 -106.362362080  195.568918045
    0.141023919    1.682487222   -5.271357926  -56.555697513  217.358224921
    0.148010632    1.682487222   -5.449693674    6.708066320  223.437099892
    0.154997345    1.682487222   -5.178409396   69.667238072  212.306244483
    0.161984058    1.682487222   -4.512254771  117.678378966  185.662344884
    0.168970771    1.682487222   -3.592646393  140.651161047  148.803738774
    0.175957484    1.682487222   -2.602904843  138.157807593  109.614579555
    0.182944197    1.682487222   -1.706690759  116.131423173   73.646840334
    0.189930910    1.682487222   -1.001099385   85.152199975   44.937940121
    0.196917623    1.682487222   -0.515184995   54.436887058   24.764433206
    0.203904335    1.682487222   -0.223335307   30.458187338   12.179209685
    0.210891048    1.682487222   -0.071929243   13.587033648    4.867087422
    0.217877761    1.682487222   -0.012633296    4.028232046    1.280961471
    0.224864474    1.682487222   -0.000255156    0.335516313    0.107253404
    0.231851187    1.682487222   -0.000000000   -0.000000000   -0.000000000
    0.238837900    1.682487222   -0.000000000   -0.000000000   -0.000000000
    0.245824613    1.682487222   -0.000000000   -0.000000000   -0.000000000
    0.252811326    1.682487222   -0.000000000   -0.000000000   -0.000000000
    0.259798039    1.682487222   -0.000000000   -0.000000000   -0.000000000
    0.266784752    1.682487222   -0.000000000   -0.000000000   -0.000000000
    0.273771465    1.682487222   -0.000000000   -0.000000000   -0.000000000
    0.280758177    1.682487222   -0.000000000   -0.000000000   -0.000000000
    0.287744890    1.682487222   -0.000000000   -0.000000000   -0.000000000
    0.294731603    1.682487222   -0.000000000   -0.000000000   -0.000000000
    0.301718316    1.682487222   -0.000000000   -0.000000000   -0.000000000
    0.308705029    1.682487222   -0.000000000   -0.000000000   -0.000000000
    0.315691742    1.682487222   -0.000000000   -0.000000000   -0.000000000
    0.322678455    1.682487222   -0.000000000   -0.000000000   -0.000000000
    0.329665168    1.682487222   -0.000000000   -0.000000000   -0.000000000
    0.336651881    1.682487222   -0.000000000   -0.000000000   -0.000000000
    0.343638594    1.682487222   -0.000000000   -0.000000000   -0.000000000
    0.350625306    1.682487222   -0.000000000   -0.000000000   -0.000000000
    0.357612019    1.682487222   -0.000000000   -0.000000000   -0.000000000
    0.364598732    1.682487222   -0.000000000   -0.000000000   -0.000000000
    0.371585445    1.682487222   -0.000000000   -0.000000000   -0.000000000
    0.378572158    1.682487222   -0.000000000   -0.000000000   -0.000000000
    0.385558871    1.682487222   -0.000000000   -0.000000000   -0.000000000
    0.392545584    1.682487222   -0.000000000   -0.000000000   -0.000000000
    0.399532297    1.682487222   -0.000000000   -0.000000000   -0.000000000
    0.406519010    1.682487222   -0.000000000   -0.000000000   -0.000000000
    0.413505723    1.682487222   -0.000000000   -0.000000000   -0.000000000
    0.420492435    1.682487222   -0.000000000   -0.000000000   -0.000000000
    0.427479148    1.682487222   -0.000000000   -0.000000000   -0.000000000
    0.434465861    1.682487222   -0.000000000   -0.000000000   -0.000000000
    0.441452574    1.682487222   -0.000000000   -0.000000000   -0.000000000
    0.448439287    1.682487222   -0.000000000   -0.000000000   -0.000000000
    0.455426000    1.682487222   -0.000000000   -0.000000000   -0.000000000

    0.022249800    1.699932685   -0.000000000   -0.000000000   -0.000000000
    0.029236513    1.699932685   -0.000000000   -0.000000000   -0.000000000
    0.036223226    1.699932685   -0.000000000   -0.000000000   -0.000000000
    0.043209939    1.699932685   -0.000000000   -0.000000000   -0.000000000
    0.050196652    1.699932685   -0.000000000   -0.000000000   -0.000000000
    0.057183365    1.699932685   -0.000000000   -0.000000000   -0.000000000
    0.064170077    1.699932685   -0.000000000   -0.000000000   -0.000000000
    0.071156790    1.699932685   -0.000223777   -0.221224865    0.059920723
    0.078143503    1.699932685   -0.005729491   -1.925724764    0.707871210
    0.085130216    1.699932685   -0.035573710   -6.629478001    2.887349192
    0.092116929    1.699932685   -0.108410878  -15.344449960    7.559394815
    0.099103642    1.699932685   -0.255425427  -27.164834121   15.508399224
    0.106090355    1.699932685   -0.496608915  -41.827287360   27.863875830
    0.113077068    1.699932685   -0.838622552  -55.463586000   44.479039738
    0.120063781    1.699932685   -1.261090063  -64.368997237   64.641921455
    0.127050494    1.699932685   -1.716860554  -64.116030749   85.932189332
    0.134037206    1.699932685   -2.128641106  -51.690547737  104.646310581
    0.141023919    1.699932685   -2.413010718  -28.124753158  117.066933084
    0.148010632    1.699932685   -2.505327599    2.311983754  121.005326088
    0.154997345    1.699932685   -2.380873968   32.606954405  115.048866478
    0.161984058    1.699932685   -2.067758112   55.521529350  100.360572322
    0.168970771    1.699932685   -1.634369126   66.295393291   80.124059068
    0.175957484    1.699932685   -1.168752494   65.003447599   58.581932732
    0.182944197    1.699932685   -0.747943481   54.094460124   38.788229685
    0.189930910    1.699932685   -0.420588489   39.067629501   23.254548489
    0.196917623    1.699932685   -0.200295112   24.262696856   12.394431250
    0.203904335    1.699932685   -0.072745026   12.584955871    5.636976522
    0.210891048    1.699932685   -0.015546722    4.471418262    1.806087562
    0.217877761    1.699932685   -0.000654866    0.627633698    0.253808825
    0.224864474    1.699932685   -0.000000000   -0.000000000   -0.000000000
    0.231851187    1.699932685   -0.000000000   -0.000000000   -0.000000000
    0.238837900    1.699932685   -0.000000000   -0.000000000   -0.000000000
    0.245824613    1.699932685   -0.000000000   -0.000000000   -0.000000000
    0.252811326    1.699932685   -0.000000000   -0.000000000   -0.000000000
    0.259798039    1.699932685   -0.000000000   -0.000000000   -0.000000000
    0.266784752    1.699932685   -0.000000000   -0.000000000   -0.000000000
    0.273771465    1.699932685   -0.000000000   -0.000000000   -0.000000000
    0.280758177    1.699932685   -0.000000000   -0.000000000   -0.000000000
    0.287744890    1.699932685   -0.000000000   -0.000000000   -0.000000000
    0.294731603    1.699932685   -0.000000000   -0.000000000   -0.000000000
    0.301718316    1.699932685   -0.000000000   -0.000000000   -0.000000000
    0.308705029    1.699932685   -0.000000000   -0.000000000   -0.000000000
    0.315691742    1.699932685   -0.000000000   -0.000000000   -0.000000000
    0.322678455    1.699932685   -0.000000000   -0.000000000   -0.000000000
    0.329665168    1.699932685   -0.000000000   -0.000000000   -0.000000000
    0.336651881    1.699932685   -0.000000000   -0.000000000   -0.000000000
    0.343638594    1.699932685   -0.000000000   -0.000000000   -0.000000000
    0.350625306    1.699932685   -0.000000000   -0.000000000   -0.000000000
    0.357612019    1.699932685   -0.000000000   -0.000000000   -0.000000000
    0.364598732    1.699932685   -0.000000000   -0.000000000   -0.000000000
    0.371585445    1.699932685   -0.000000000   -0.000000000   -0.000000000
    0.378572158    1.699932685   -0.000000000   -0.000000000   -0.000000000
    0.385558871    1.699932685   -0.000000000   -0.000000000   -0.000000000
    0.392545584    1.699932685   -0.000000000   -0.000000000   -0.000000000
    0.399532297    1.699932685   -0.000000000   -0.000000000   -0.000000000
    0.406519010    1.699932685   -0.000000000   -0.000000000   -0.000000000
    0.413505723    1.699932685   -0.000000000   -0.000000000   -0.000000000
    0.420492435    1.699932685   -0.000000000   -0.000000000   -0.000000000
    0.427479148    1.699932685   -0.000000000   -0.000000000   -0.000000000
    0.434465861    1.699932685   -0.000000000   -0.000000000   -0.000000000
    0.441452574    1.699932685   -0.000000000   -0.000000000   -0.000000000
    0.448439287    1.699932685   -0.000000000   -0.000000000   -0.000000000
    0.455426000    1.699932685   -0.000000000   -0.000000000   -0.000000000

    0.022249800    1.717378148   -0.000000000   -0.000000000   -0.000000000
    0.029236513    1.717378148   -0.000000000   -0.000000000   -0.000000000
    0.036223226    1.717378148   -0.000000000   -0.000000000   -0.000000000
    0.043209939    1.717378148   -0.000000000   -0.000000000   -0.000000000
    0.050196652    1.717378148   -0.000000000   -0.000000000   -0.000000000
    0.057183365    1.717378148   -0.000000000   -0.000000000   -0.000000000
    0.064170077    1.717378148   -0.000000000   -0.000000000   -0.000000000
    0.071156790    1.717378148   -0.000000000   -0.000000000   -0.000000000
    0.078143503    1.717378148   -0.000571963   -0.238725032    0.086659691
    0.085130216    1.717378148   -0.005698326   -1.504417530    0.665000895
    0.092116929    1.717378148   -0.026717202   -4.736839733    2.615508786
    0.099103642    1.717378148   -0.075425293   -9.760668683    6.095466980
    0.106090355    1.717378148   -0.164759971  -15.847213477   11.678483238
    0.113077068    1.717378148   -0.298429882  -22.190326072   19.672735518
    0.120063781    1.717378148   -0.471256739  -26.655428788   29.644501851
    0.127050494    1.717378148   -0.659524070  -26.738826593   39.799716900
    0.134037206    1.717378148   -0.833446400  -22.190192583   49.136260144
    0.141023919    1.717378148   -0.956879563  -12.430307761   55.500713171
    0.148010632    1.717378148   -0.999548880    0.564308130   57.666449002
    0.154997345    1.717378148   -0.949350647   13.392676969   54.767129835
    0.161984058    1.717378148   -0.819205012   23.185801437   47.705950127
    0.168970771    1.717378148   -0.637352007   27.914725044   38.067844228
    0.175957484    1.717378148   -0.442918368   26.988169345   27.517972826
    0.182944197    1.717378148   -0.268887969   22.078898640   17.950151187
    0.189930910    1.717378148   -0.136909152   15.509408942   10.478159864
    0.196917623    1.717378148   -0.052595737    8.724061255    5.065091659
    0.203904335    1.717378148   -0.011738339    3.220018221    1.665127431
    0.210891048    1.717378148   -0.000341530    0.454216860    0.207271553
    0.217877761    1.717378148   -0.000000000   -0.000000000   -0.000000000
    0.224864474    1.717378148   -0.000000000   -0.000000000   -0.000000000
    0.231851187    1.717378148   -0.000000000   -0.000000000   -0.000000000
    0.238837900    1.717378148   -0.000000000   -0.000000000   -0.000000000
    0.245824613    1.717378148   -0.000000000   -0.000000000   -0.000000000
    0.252811326    1.717378148   -0.000000000   -0.000000000   -0.000000000
    0.259798039    1.717378148   -0.000000000   -0.000000000   -0.000000000
    0.266784752    1.717378148   -0.000000000   -0.000000000   -0.000000000
    0.273771465    1.717378148   -0.000000000   -0.000000000   -0.000000000
    0.280758177    1.717378148   -0.000000000   -0.000000000   -0.000000000
    0.287744890    1.717378148   -0.000000000   -0.000000000   -0.000000000
    0.294731603    1.717378148   -0.000000000   -0.000000000   -0.000000000
    0.301718316    1.717378148   -0.000000000   -0.000000000   -0.000000000
    0.308705029    1.717378148   -0.000000000   -0.000000000   -0.000000000
    0.315691742    1.717378148   -0.000000000   -0.000000000   -0.000000000
    0.322678455    1.717378148   -0.000000000   -0.000000000   -0.000000000
    0.329665168    1.717378148   -0.000000000   -0.000000000   -0.000000000
    0.336651881    1.717378148   -0.000000000   -0.000000000   -0.000000000
    0.343638594    1.717378148   -0.000000000   -0.000000000   -0.000000000
    0.350625306    1.717378148   -0.000000000   -0.000000000   -0.000000000
    0.357612019    1.717378148   -0.000000000   -0.000000000   -0.000000000
    0.364598732    1.717378148   -0.000000000   -0.000000000   -0.000000000
    0.371585445    1.717378148   -0.000000000   -0.000000000   -0.000000000
    0.378572158    1.717378148   -0.000000000   -0.000000000   -0.000000000
    0.385558871    1.717378148   -0.000000000   -0.000000000   -0.000000000
    0.392545584    1.717378148   -0.000000000   -0.000000000   -0.000000000
    0.399532297    1.717378148   -0.000000000   -0.000000000   -0.000000000
    0.406519010    1.717378148   -0.000000000   -0.000000000   -0.000000000
    0.413505723    1.717378148   -0.000000000   -0.000000000   -0.000000000
    0.420492435    1.717378148   -0.000000000   -0.000000000   -0.000000000
    0.427479148    1.717378148   -0.000000000   -0.000000000   -0.000000000
    0.434465861    1.717378148   -0.000000000   -0.000000000   -0.000000000
    0.441452574    1.717378148   -0.000000000   -0.000000000   -0.000000000
    0.448439287    1.717378148   -0.000000000   -0.000000000   -0.000000000
    0.455426000    1.717378148   -0.000000000   -0.000000000   -0.000000000

    0.022249800    1.734823611   -0.000000000   -0.000000000   -0.000000000
    0.029236513    1.734823611   -0.000000000   -0.000000000   -0.000000000
    0.036223226    1.734823611   -0.000000000   -0.000000000   -0.000000000
    0.043209939    1.734823611   -0.000000000   -0.000000000   -0.000000000
    0.050196652    1.734823611   -0.000000000   -0.000000000   -0.000000000
    0.057183365    1.734823611   -0.000000000   -0.000000000   -0.000000000
    0.064170077    1.734823611   -0.000000000   -0.000000000   -0.000000000
    0.071156790    1.734823611   -0.000000000   -0.000000000   -0.000000000
    0.078143503    1.734823611   -0.000000000   -0.000000000   -0.000000000
    0.085130216    1.734823611   -0.000501574   -0.289498961    0.132225897
    0.092116929    1.734823611   -0.004185386   -0.874968569    0.467619395
    0.099103642    1.734823611   -0.013899636   -2.047638149    1.387246793
    0.106090355    1.734823611   -0.037698575   -4.780703969    3.911799863
    0.113077068    1.734823611   -0.080068750   -7.127106892    7.018730878
    0.120063781    1.734823611   -0.137460369   -9.112229069   11.088059704
    0.127050494    1.734823611   -0.203428356   -9.501045771   15.485498689
    0.134037206    1.734823611   -0.265897187   -7.854939645   19.482040653
    0.141023919    1.734823611   -0.309996947   -4.499751752   22.237571437
    0.148010632    1.734823611   -0.325491860    0.069030318   23.523912776
    0.154997345    1.734823611   -0.307814909    4.871118068   22.503227501
    0.161984058    1.734823611   -0.260274380    8.435025570   19.394033530
    0.168970771    1.734823611   -0.194432202   10.107981895   15.348529858
    0.175957484    1.734823611   -0.124330457    9.514932854   10.829189602
    0.182944197    1.734823611   -0.064975441    7.424749751    6.679910989
    0.189930910    1.734823611   -0.023949736    4.116053475    3.032634355
    0.196917623    1.734823611   -0.004931392    1.577317854    0.985825965
    0.203904335    1.734823611   -0.000000000   -0.000000000   -0.000000000
    0.210891048    1.734823611   -0.000000000   -0.000000000   -0.000000000
    0.217877761    1.734823611   -0.000000000   -0.000000000   -0.000000000
    0.224864474    1.734823611   -0.000000000   -0.000000000   -0.000000000
    0.231851187    1.734823611   -0.000000000   -0.000000000   -0.000000000
    0.238837900    1.734823611   -0.000000000   -0.000000000   -0.000000000
    0.245824613    1.734823611   -0.000000000   -0.000000000   -0.000000000
    0.252811326    1.734823611   -0.000000000   -0.000000000   -0.000000000
    0.259798039    1.734823611   -0.000000000   -0.000000000   -0.000000000
    0.266784752    1.734823611   -0.000000000   -0.000000000   -0.000000000
    0.273771465    1.734823611   -0.000000000   -0.000000000   -0.000000000
    0.280758177    1.734823611   -0.000000000   -0.000000000   -0.000000000
    0.287744890    1.734823611   -0.000000000   -0.000000000   -0.000000000
    0.294731603    1.734823611   -0.000000000   -0.000000000   -0.000000000
    0.301718316    1.734823611   -0.000000000   -0.000000000   -0.000000000
    0.308705029    1.734823611   -0.000000000   -0.000000000   -0.000000000
    0.315691742    1.734823611   -0.000000000   -0.000000000   -0.000000000
    0.322678455    1.734823611   -0.000000000   -0.000000000   -0.000000000
    0.329665168    1.734823611   -0.000000000   -0.000000000   -0.000000000
    0.336651881    1.734823611   -0.000000000   -0.000000000   -0.000000000
    0.343638594    1.734823611   -0.000000000   -0.000000000   -0.000000000
    0.350625306    1.734823611   -0.000000000   -0.000000000   -0.000000000
    0.357612019    1.734823611   -0.000000000   -0.000000000   -0.000000000
    0.364598732    1.734823611   -0.000000000   -0.000000000   -0.000000000
    0.371585445    1.734823611   -0.000000000   -0.000000000   -0.000000000
    0.378572158    1.734823611   -0.000000000   -0.000000000   -0.000000000
    0.385558871    1.734823611   -0.000000000   -0.000000000   -0.000000000
    0.392545584    1.734823611   -0.000000000   -0.000000000   -0.000000000
    0.399532297    1.734823611   -0.000000000   -0.000000000   -0.000000000
    0.406519010    1.734823611   -0.000000000   -0.000000000   -0.000000000
    0.413505723    1.734823611   -0.000000000   -0.000000000   -0.000000000
    0.420492435    1.734823611   -0.000000000   -0.000000000   -0.000000000
    0.427479148    1.734823611   -0.000000000   -0.000000000   -0.000000000
    0.434465861    1.734823611   -0.000000000   -0.000000000   -0.000000000
    0.441452574    1.734823611   -0.000000000   -0.000000000   -0.000000000
    0.448439287    1.734823611   -0.000000000   -0.000000000   -0.000000000
    0.455426000    1.734823611   -0.000000000   -0.000000000   -0.000000000

    0.022249800    1.752269074   -0.000000000   -0.000000000   -0.000000000
    0.029236513    1.752269074   -0.000000000   -0.000000000   -0.000000000
    0.036223226    1.752269074   -0.000000000   -0.000000000   -0.000000000
    0.043209939    1.752269074   -0.000000000   -0.000000000   -0.000000000
    0.050196652    1.752269074   -0.000000000   -0.000000000   -0.000000000
    0.057183365    1.752269074   -0.000000000   -0.000000000   -0.000000000
    0.064170077    1.752269074   -0.000000000   -0.000000000   -0.000000000
    0.071156790    1.752269074   -0.000000000   -0.000000000   -0.000000000
    0.078143503    1.752269074   -0.000000000   -0.000000000   -0.000000000
    0.085130216    1.752269074   -0.000000000   -0.000000000   -0.000000000
    0.092116929    1.752269074   -0.000055553   -0.125520790    0.081857331
    0.099103642    1.752269074   -0.001926154   -0.425070303    0.302380981
    0.106090355    1.752269074   -0.005868150   -0.722025091    0.653750124
    0.113077068    1.752269074   -0.012794419   -1.371420540    1.465779412
    0.120063781    1.752269074   -0.025068573   -2.099917387    2.810269331
    0.127050494    1.752269074   -0.041885305   -2.620654656    4.609720130
    0.134037206    1.752269074   -0.059253700   -2.238470317    6.018029339
    0.141023919    1.752269074   -0.071788540   -1.252980807    7.050459885
    0.148010632    1.752269074   -0.075841082    0.131756712    7.568841226
    0.154997345    1.752269074   -0.069707932    1.625988064    7.117762759
    0.161984058    1.752269074   -0.054389103    2.618689105    5.999686980
    0.168970771    1.752269074   -0.035089690    2.700240806    4.300566041
    0.175957484    1.752269074   -0.017365858    2.195870976    2.609196619
    0.182944197    1.752269074   -0.005815182    1.151548784    1.127832100
    0.189930910    1.752269074   -0.000290419    0.243873346    0.202142781
    0.196917623    1.752269074   -0.000000000   -0.000000000   -0.000000000
    0.203904335    1.752269074   -0.000000000   -0.000000000   -0.000000000
    0.210891048    1.752269074   -0.000000000   -0.000000000   -0.000000000
    0.217877761    1.752269074   -0.000000000   -0.000000000   -0.000000000
    0.224864474    1.752269074   -0.000000000   -0.000000000   -0.000000000
    0.231851187    1.752269074   -0.000000000   -0.000000000   -0.000000000
    0.238837900    1.752269074   -0.000000000   -0.000000000   -0.000000000
    0.245824613    1.752269074   -0.000000000   -0.000000000   -0.000000000
    0.252811326    1.752269074   -0.000000000   -0.000000000   -0.000000000
    0.259798039    1.752269074   -0.000000000   -0.000000000   -0.000000000
    0.266784752    1.752269074   -0.000000000   -0.000000000   -0.000000000
    0.273771465    1.752269074   -0.000000000   -0.000000000   -0.000000000
    0.280758177    1.752269074   -0.000000000   -0.000000000   -0.000000000
    0.287744890    1.752269074   -0.000000000   -0.000000000   -0.000000000
    0.294731603    1.752269074   -0.000000000   -0.000000000   -0.000000000
    0.301718316    1.752269074   -0.000000000   -0.000000000   -0.000000000
    0.308705029    1.752269074   -0.000000000   -0.000000000   -0.000000000
    0.315691742    1.752269074   -0.000000000   -0.000000000   -0.000000000
    0.322678455    1.752269074   -0.000000000   -0.000000000   -0.000000000
    0.329665168    1.752269074   -0.000000000   -0.000000000   -0.000000000
    0.336651881    1.752269074   -0.000000000   -0.000000000   -0.000000000
    0.343638594    1.752269074   -0.000000000   -0.000000000   -0.000000000
    0.350625306    1.752269074   -0.000000000   -0.000000000   -0.000000000
    0.357612019    1.752269074   -0.000000000   -0.000000000   -0.000000000
    0.364598732    1.752269074   -0.000000000   -0.000000000   -0.000000000
    0.371585445    1.752269074   -0.000000000   -0.000000000   -0.000000000
    0.378572158    1.752269074   -0.000000000   -0.000000000   -0.000000000
    0.385558871    1.752269074   -0.000000000   -0.000000000   -0.000000000
    0.392545584    1.752269074   -0.000000000   -0.000000000   -0.000000000
    0.399532297    1.752269074   -0.000000000   -0.000000000   -0.000000000
    0.406519010    1.752269074   -0.000000000   -0.000000000   -0.000000000
    0.413505723    1.752269074   -0.000000000   -0.000000000   -0.000000000
    0.420492435    1.752269074   -0.000000000   -0.000000000   -0.000000000
    0.427479148    1.752269074   -0.000000000   -0.000000000   -0.000000000
    0.434465861    1.752269074   -0.000000000   -0.000000000   -0.000000000
    0.441452574    1.752269074   -0.000000000   -0.000000000   -0.000000000
    0.448439287    1.752269074   -0.000000000   -0.000000000   -0.000000000
    0.455426000    1.752269074   -0.000000000   -0.000000000   -0.000000000

    0.022249800    1.769714537   -0.000000000   -0.000000000   -0.000000000
    0.029236513    1.769714537   -0.000000000   -0.000000000   -0.000000000
    0.036223226    1.769714537   -0.000000000   -0.000000000   -0.000000000
    0.043209939    1.769714537   -0.000000000   -0.000000000   -0.000000000
    0.050196652    1.769714537   -0.000000000   -0.000000000   -0.000000000
    0.057183365    1.769714537   -0.000000000   -0.000000000   -0.000000000
    0.064170077    1.769714537   -0.000000000   -0.000000000   -0.000000000
    0.071156790    1.769714537   -0.000000000   -0.000000000   -0.000000000
    0.078143503    1.769714537   -0.000000000   -0.000000000   -0.000000000
    0.085130216    1.769714537   -0.000000000   -0.000000000   -0.000000000
    0.092116929    1.769714537   -0.000000000   -0.000000000   -0.000000000
    0.099103642    1.769714537   -0.000000000   -0.000000000   -0.000000000
    0.106090355    1.769714537   -0.000079576   -0.095735877    0.094124759
    0.113077068    1.769714537   -0.001145557   -0.213811557    0.285819439
    0.120063781    1.769714537   -0.002751834   -0.218524857    0.429589708
    0.127050494    1.769714537   -0.004248137   -0.209334757    0.610798246
    0.134037206    1.769714537   -0.005770173   -0.204396901    0.970399931
    0.141023919    1.769714537   -0.006691437   -0.037870912    1.188015979
    0.148010632    1.769714537   -0.006521398    0.125290435    1.464205726
    0.154997345    1.769714537   -0.004914289    0.299779931    1.232408118
    0.161984058    1.769714537   -0.002326328    0.339681877    0.835533443
    0.168970771    1.769714537   -0.000462896    0.191721373    0.357822076
    0.175957484    1.769714537   -0.000000000   -0.000000000   -0.000000000
    0.182944197    1.769714537   -0.000000000   -0.000000000   -0.000000000
    0.189930910    1.769714537   -0.000000000   -0.000000000   -0.000000000
    0.196917623    1.769714537   -0.000000000   -0.000000000   -0.000000000
    0.203904335    1.769714537   -0.000000000   -0.000000000   -0.000000000
    0.210891048    1.769714537   -0.000000000   -0.000000000   -0.000000000
    0.217877761    1.769714537   -0.000000000   -0.000000000   -0.000000000
    0.224864474    1.769714537   -0.000000000   -0.000000000   -0.000000000
    0.231851187    1.769714537   -0.000000000   -0.000000000   -0.000000000
    0.238837900    1.769714537   -0.000000000   -0.000000000   -0.000000000
    0.245824613    1.769714537   -0.000000000   -0.000000000   -0.000000000
    0.252811326    1.769714537   -0.000000000   -0.000000000   -0.000000000
    0.259798039    1.769714537   -0.000000000   -0.000000000   -0.000000000
    0.266784752    1.769714537   -0.000000000   -0.000000000   -0.000000000
    0.273771465    1.769714537   -0.000000000   -0.000000000   -0.000000000
    0.280758177    1.769714537   -0.000000000   -0.000000000   -0.000000000
    0.287744890    1.769714537   -0.000000000   -0.000000000   -0.000000000
    0.294731603    1.769714537   -0.000000000   -0.000000000   -0.000000000
    0.301718316    1.769714537   -0.000000000   -0.000000000   -0.000000000
    0.308705029    1.769714537   -0.000000000   -0.000000000   -0.000000000
    0.315691742    1.769714537   -0.000000000   -0.000000000   -0.000000000
    0.322678455    1.769714537   -0.000000000   -0.000000000   -0.000000000
    0.329665168    1.769714537   -0.000000000   -0.000000000   -0.000000000
    0.336651881    1.769714537   -0.000000000   -0.000000000   -0.000000000
    0.343638594    1.769714537   -0.000000000   -0.000000000   -0.000000000
    0.350625306    1.769714537   -0.000000000   -0.000000000   -0.000000000
    0.357612019    1.769714537   -0.000000000   -0.000000000   -0.000000000
    0.364598732    1.769714537   -0.000000000   -0.000000000   -0.000000000
    0.371585445    1.769714537   -0.000000000   -0.000000000   -0.000000000
    0.378572158    1.769714537   -0.000000000   -0.000000000   -0.000000000
    0.385558871    1.769714537   -0.000000000   -0.000000000   -0.000000000
    0.392545584    1.769714537   -0.000000000   -0.000000000   -0.000000000
    0.399532297    1.769714537   -0.000000000   -0.000000000   -0.000000000
    0.406519010    1.769714537   -0.000000000   -0.000000000   -0.000000000
    0.413505723    1.769714537   -0.000000000   -0.000000000   -0.000000000
    0.420492435    1.769714537   -0.000000000   -0.000000000   -0.000000000
    0.427479148    1.769714537   -0.000000000   -0.000000000   -0.000000000
    0.434465861    1.769714537   -0.000000000   -0.000000000   -0.000000000
    0.441452574    1.769714537   -0.000000000   -0.000000000   -0.000000000
    0.448439287    1.769714537   -0.000000000   -0.000000000   -0.000000000
    0.455426000    1.769714537   -0.000000000   -0.000000000   -0.000000000

    0.022249800    1.787160000   -0.000000000   -0.000000000   -0.000000000
    0.029236513    1.787160000   -0.000000000   -0.000000000   -0.000000000
    0.036223226    1.787160000   -0.000000000   -0.000000000   -0.000000000
    0.043209939    1.787160000   -0.000000000   -0.000000000   -0.000000000
    0.050196652    1.787160000   -0.000000000   -0.000000000   -0.000000000
    0.057183365    1.787160000   -0.000000000   -0.000000000   -0.000000000
    0.064170077    1.787160000   -0.000000000   -0.000000000   -0.000000000
    0.071156790    1.787160000   -0.000000000   -0.000000000   -0.000000000
    0.078143503    1.787160000   -0.000000000   -0.000000000   -0.000000000
    0.085130216    1.787160000   -0.000000000   -0.000000000   -0.000000000
    0.092116929    1.787160000   -0.000000000   -0.000000000   -0.000000000
    0.099103642    1.787160000   -0.000000000   -0.000000000   -0.000000000
    0.106090355    1.787160000   -0.000000000   -0.000000000   -0.000000000
    0.113077068    1.787160000   -0.000000000   -0.000000000   -0.000000000
    0.120063781    1.787160000   -0.000000000   -0.000000000   -0.000000000
    0.127050494    1.787160000   -0.000000000   -0.000000000   -0.000000000
    0.134037206    1.787160000   -0.000000000   -0.000000000   -0.000000000
    0.141023919    1.787160000   -0.000000000   -0.000000000   -0.000000000
    0.148010632    1.787160000   -0.000000000   -0.000000000   -0.000000000
    0.154997345    1.787160000   -0.000000000   -0.000000000   -0.000000000
    0.161984058    1.787160000   -0.000000000   -0.000000000   -0.000000000
    0.168970771    1.787160000   -0.000000000   -0.000000000   -0.000000000
    0.175957484    1.787160000   -0.000000000   -0.000000000   -0.000000000
    0.182944197    1.787160000   -0.000000000   -0.000000000   -0.000000000
    0.189930910    1.787160000   -0.000000000   -0.000000000   -0.000000000
    0.196917623    1.787160000   -0.000000000   -0.000000000   -0.000000000
    0.203904335    1.787160000   -0.000000000   -0.000000000   -0.000000000
    0.210891048    1.787160000   -0.000000000   -0.000000000   -0.000000000
    0.217877761    1.787160000   -0.000000000   -0.000000000   -0.000000000
    0.224864474    1.787160000   -0.000000000   -0.000000000   -0.000000000
    0.231851187    1.787160000   -0.000000000   -0.000000000   -0.000000000
    0.238837900    1.787160000   -0.000000000   -0.000000000   -0.000000000
    0.245824613    1.787160000   -0.000000000   -0.000000000   -0.000000000
    0.252811326    1.787160000   -0.000000000   -0.000000000   -0.000000000
    0.259798039    1.787160000   -0.000000000   -0.000000000   -0.000000000
    0.266784752    1.787160000   -0.000000000   -0.000000000   -0.000000000
    0.273771465    1.787160000   -0.000000000   -0.000000000   -0.000000000
    0.280758177    1.787160000   -0.000000000   -0.000000000   -0.000000000
    0.287744890    1.787160000   -0.000000000   -0.000000000   -0.000000000
    0.294731603    1.787160000   -0.000000000   -0.000000000   -0.000000000
    0.301718316    1.787160000   -0.000000000   -0.000000000   -0.000000000
    0.308705029    1.787160000   -0.000000000   -0.000000000   -0.000000000
    0.315691742    1.787160000   -0.000000000   -0.000000000   -0.000000000
    0.322678455    1.787160000   -0.000000000   -0.000000000   -0.000000000
    0.329665168    1.787160000   -0.000000000   -0.000000000   -0.000000000
    0.336651881    1.787160000   -0.000000000   -0.000000000   -0.000000000
    0.343638594    1.787160000   -0.000000000   -0.000000000   -0.000000000
    0.350625306    1.787160000   -0.000000000   -0.000000000   -0.000000000
    0.357612019    1.787160000   -0.000000000   -0.000000000   -0.000000000
    0.364598732    1.787160000   -0.000000000   -0.000000000   -0.000000000
    0.371585445    1.787160000   -0.000000000   -0.000000000   -0.000000000
    0.378572158    1.787160000   -0.000000000   -0.000000000   -0.000000000
    0.385558871    1.787160000   -0.000000000   -0.000000000   -0.000000000
    0.392545584    1.787160000   -0.000000000   -0.000000000   -0.000000000
    0.399532297    1.787160000   -0.000000000   -0.000000000   -0.000000000
    0.406519010    1.787160000   -0.000000000   -0.000000000   -0.000000000
    0.413505723    1.787160000   -0.000000000   -0.000000000   -0.000000000
    0.420492435    1.787160000   -0.000000000   -0.000000000   -0.000000000
    0.427479148    1.787160000   -0.000000000   -0.000000000   -0.000000000
    0.434465861    1.787160000   -0.000000000   -0.000000000   -0.000000000
    0.441452574    1.787160000   -0.000000000   -0.000000000   -0.000000000
    0.448439287    1.787160000   -0.000000000   -0.000000000   -0.000000000
    0.455426000    1.787160000   -0.000000000   -0.000000000   -0.000000000
