T*,rho*,N_rep,<βμ_ex>,err(βμ_ex)
2.0,0.5,5,-0.20085899999999998,0.003535834371120908
2.0,0.9,5,4.657074,0.019270451369908227
