lnp_id,ionizable_lipid,peg_lipid,sterol_lipid,helper_lipid,lipid_molar_ratio,particle_size_nm_std,pdi_std,zeta_potential_mv_std,encapsulation_efficiency_percent_std,loading_capacity_std,target_type,nucleic_acid_sequence,peg_lipid_original,ionizable_lipid_original,helper_lipid_original,sterol_lipid_original,synthesis_info,bioactivity_profile,paper_title,paper_authors,paper_doi,paper_journal,paper_year,ionizable_lipid_smiles,peg_lipid_smiles,sterol_lipid_smiles,helper_lipid_smiles,EE,ion_ratio,peg_ratio,sterol_ratio,helper_ratio,ion_frac,peg_frac,sterol_frac,helper_frac,size_nm,PDI_val
47,DLin-MC3-DMA,DMPE-PEG2000,cholesterol,DSPC,50:1.5:37.5:10,52 (Z-average); 36 (number average),0.12,,99,,siRNA,"barcode(25 nucleotide duplex strand, 100% phosphorothioated backbone)",DMPE-PEG 2000,DLin-MC3-DMA,DSPC,cholesterol,"synthesis_method: Microfluidic; device_used: NanoAssemblr (Precision NanoSystems Inc); total_flow_rate_ml_min: 12; flow_rate_ratio: 1:3 (organic:aqueous); aqueous_phase_composition: 100 mM RNAse free citrate buffer pH 3 (Teknova); organic_phase_composition: 100% ethanol; mixing_time_sec: ; temperature_condition: 4-8¡ÆC storage; post_processing: dialysis for 24 hours against 400x sample volume PBS pH 7.4, ultrafiltration with Amicon 30k MWCO, D2O exchange; sterilization: ; storage_buffer: D2O, stored at 4¡ÆC",,Structure of Lipid Nanoparticles Containing siRNA or mRNA by Dynamic Nuclear Polarization Enhanced NMR Spectroscopy,"['Jasmine Viger-Gravel', 'Anna Schantz', 'Arthur C. Pinon', 'Aaron J. Rossini', 'Staffan Schantz', 'Lyndon Emsley']",,,,CCCCC/C=C\C/C=C\CCCCCCCCC(CCCCCCCC/C=C\C/C=C\CCCCC)OC(=O)CCCN(C)C,CCCCCCCCCCCCCC(=O)OCC(COP(=O)([O-])OCCN[C@@H](CO)C(=O)NCCOCCOCCOCCOCCOCCOCCOCCOCCOCCOCCOCCOCCOCCOCCOCCOCCOCCOCCOCCOCCOCCOCCOCCOCCOCCOCCOCCOCCOCCOCCOCCOCCOCCOCCOCCOCCOCCOCCOCCOCCOCCOCCOCCOCCOCCOCCOCCOCCOCCOCCOCCOCCOCCOCCOCCOCCOCCOCCOCCOCCOCCOCCOCCOCCOCCOCCOCCOCCOCCOCCOCCOCCOCCOCCOCCOCCOCCOCCOCCOCCOCCOCCOCCOCCOCCOCCOCCOCCOCCO)OC(=O)CCCCCCCCCCCCC,CC(C)CCC[C@@H](C)[C@H]1CC[C@H]2[C@@H]3CC=C4C[C@@H](O)CC[C@]4(C)[C@H]3CC[C@]12C,CCCCCCCCCCCCCCCCCC(=O)OC[C@H](COP(=O)([O-])OCC[N+](C)(C)C)OC(=O)CCCCCCCCCCCCCCCCC,99.0,50.0,1.5,37.5,10.0,0.5050505050505051,0.015151515151515152,0.3787878787878788,0.10101010101010101,52.0,0.12
48,DLin-MC3-DMA,DMPE-PEG2000,cholesterol,DSPC,50:1.5:37.5:10,65 (Z-average); 43 (number average),0.13,,96,,siRNA,"barcode(25 nucleotide duplex strand, 50% phosphorothioated backbone)",DMPE-PEG 2000,DLin-MC3-DMA,DSPC,cholesterol,"synthesis_method: Microfluidic; device_used: NanoAssemblr (Precision NanoSystems Inc); total_flow_rate_ml_min: 12; flow_rate_ratio: 1:3 (organic:aqueous); aqueous_phase_composition: 100 mM RNAse free citrate buffer pH 3 (Teknova); organic_phase_composition: 100% ethanol; mixing_time_sec: ; temperature_condition: 4-8¡ÆC storage; post_processing: dialysis for 24 hours against 400x sample volume PBS pH 7.4, ultrafiltration with Amicon 30k MWCO, D2O exchange; sterilization: ; storage_buffer: D2O, stored at 4¡ÆC",,Structure of Lipid Nanoparticles Containing siRNA or mRNA by Dynamic Nuclear Polarization Enhanced NMR Spectroscopy,"['Jasmine Viger-Gravel', 'Anna Schantz', 'Arthur C. Pinon', 'Aaron J. Rossini', 'Staffan Schantz', 'Lyndon Emsley']",,,,CCCCC/C=C\C/C=C\CCCCCCCCC(CCCCCCCC/C=C\C/C=C\CCCCC)OC(=O)CCCN(C)C,CCCCCCCCCCCCCC(=O)OCC(COP(=O)([O-])OCCN[C@@H](CO)C(=O)NCCOCCOCCOCCOCCOCCOCCOCCOCCOCCOCCOCCOCCOCCOCCOCCOCCOCCOCCOCCOCCOCCOCCOCCOCCOCCOCCOCCOCCOCCOCCOCCOCCOCCOCCOCCOCCOCCOCCOCCOCCOCCOCCOCCOCCOCCOCCOCCOCCOCCOCCOCCOCCOCCOCCOCCOCCOCCOCCOCCOCCOCCOCCOCCOCCOCCOCCOCCOCCOCCOCCOCCOCCOCCOCCOCCOCCOCCOCCOCCOCCOCCOCCOCCOCCOCCOCCOCCOCCOCCO)OC(=O)CCCCCCCCCCCCC,CC(C)CCC[C@@H](C)[C@H]1CC[C@H]2[C@@H]3CC=C4C[C@@H](O)CC[C@]4(C)[C@H]3CC[C@]12C,CCCCCCCCCCCCCCCCCC(=O)OC[C@H](COP(=O)([O-])OCC[N+](C)(C)C)OC(=O)CCCCCCCCCCCCCCCCC,96.0,50.0,1.5,37.5,10.0,0.5050505050505051,0.015151515151515152,0.3787878787878788,0.10101010101010101,65.0,0.13
49,DLin-MC3-DMA,DMPE-PEG2000,cholesterol,DSPC,50:1.5:37.5:10,94 (Z-average); 53 (number average),0.2,,98,,mRNA,epo,DMPE-PEG 2000,DLin-MC3-DMA,DSPC,cholesterol,"synthesis_method: Microfluidic; device_used: NanoAssemblr (Precision NanoSystems Inc); total_flow_rate_ml_min: 12; flow_rate_ratio: 1:3 (organic:aqueous); aqueous_phase_composition: 100 mM RNAse free citrate buffer pH 3 (Teknova); organic_phase_composition: 100% ethanol; mixing_time_sec: ; temperature_condition: 4-8¡ÆC storage; post_processing: dialysis for 24 hours against 400x sample volume PBS pH 7.4, ultrafiltration with Amicon 30k MWCO, D2O exchange; sterilization: ; storage_buffer: D2O, stored at 4¡ÆC",,Structure of Lipid Nanoparticles Containing siRNA or mRNA by Dynamic Nuclear Polarization Enhanced NMR Spectroscopy,"['Jasmine Viger-Gravel', 'Anna Schantz', 'Arthur C. Pinon', 'Aaron J. Rossini', 'Staffan Schantz', 'Lyndon Emsley']",,,,CCCCC/C=C\C/C=C\CCCCCCCCC(CCCCCCCC/C=C\C/C=C\CCCCC)OC(=O)CCCN(C)C,CCCCCCCCCCCCCC(=O)OCC(COP(=O)([O-])OCCN[C@@H](CO)C(=O)NCCOCCOCCOCCOCCOCCOCCOCCOCCOCCOCCOCCOCCOCCOCCOCCOCCOCCOCCOCCOCCOCCOCCOCCOCCOCCOCCOCCOCCOCCOCCOCCOCCOCCOCCOCCOCCOCCOCCOCCOCCOCCOCCOCCOCCOCCOCCOCCOCCOCCOCCOCCOCCOCCOCCOCCOCCOCCOCCOCCOCCOCCOCCOCCOCCOCCOCCOCCOCCOCCOCCOCCOCCOCCOCCOCCOCCOCCOCCOCCOCCOCCOCCOCCOCCOCCOCCOCCOCCOCCO)OC(=O)CCCCCCCCCCCCC,CC(C)CCC[C@@H](C)[C@H]1CC[C@H]2[C@@H]3CC=C4C[C@@H](O)CC[C@]4(C)[C@H]3CC[C@]12C,CCCCCCCCCCCCCCCCCC(=O)OC[C@H](COP(=O)([O-])OCC[N+](C)(C)C)OC(=O)CCCCCCCCCCCCCCCCC,98.0,50.0,1.5,37.5,10.0,0.5050505050505051,0.015151515151515152,0.3787878787878788,0.10101010101010101,94.0,0.2
50,DLin-MC3-DMA,DMPE-PEG2000,cholesterol,DSPC,50:1.5:37.5:10,53 (Z-average); 42 (number average),0.06,,95,,siRNA,"barcode(25 nucleotide duplex strand, 0% phosphorothioated (standard siRNA))",DMPE-PEG 2000,DLin-MC3-DMA,DSPC,cholesterol,"synthesis_method: Microfluidic; device_used: NanoAssemblr (Precision NanoSystems Inc); total_flow_rate_ml_min: 12; flow_rate_ratio: 1:3 (organic:aqueous); aqueous_phase_composition: 100 mM RNAse free citrate buffer pH 3 (Teknova); organic_phase_composition: 100% ethanol; mixing_time_sec: ; temperature_condition: 4-8¡ÆC storage; post_processing: dialysis for 24 hours against 400x sample volume PBS pH 7.4, ultrafiltration with Amicon 30k MWCO, D2O exchange; sterilization: ; storage_buffer: D2O, stored at 4¡ÆC",,Structure of Lipid Nanoparticles Containing siRNA or mRNA by Dynamic Nuclear Polarization Enhanced NMR Spectroscopy,"['Jasmine Viger-Gravel', 'Anna Schantz', 'Arthur C. Pinon', 'Aaron J. Rossini', 'Staffan Schantz', 'Lyndon Emsley']",,,,CCCCC/C=C\C/C=C\CCCCCCCCC(CCCCCCCC/C=C\C/C=C\CCCCC)OC(=O)CCCN(C)C,CCCCCCCCCCCCCC(=O)OCC(COP(=O)([O-])OCCN[C@@H](CO)C(=O)NCCOCCOCCOCCOCCOCCOCCOCCOCCOCCOCCOCCOCCOCCOCCOCCOCCOCCOCCOCCOCCOCCOCCOCCOCCOCCOCCOCCOCCOCCOCCOCCOCCOCCOCCOCCOCCOCCOCCOCCOCCOCCOCCOCCOCCOCCOCCOCCOCCOCCOCCOCCOCCOCCOCCOCCOCCOCCOCCOCCOCCOCCOCCOCCOCCOCCOCCOCCOCCOCCOCCOCCOCCOCCOCCOCCOCCOCCOCCOCCOCCOCCOCCOCCOCCOCCOCCOCCOCCOCCO)OC(=O)CCCCCCCCCCCCC,CC(C)CCC[C@@H](C)[C@H]1CC[C@H]2[C@@H]3CC=C4C[C@@H](O)CC[C@]4(C)[C@H]3CC[C@]12C,CCCCCCCCCCCCCCCCCC(=O)OC[C@H](COP(=O)([O-])OCC[N+](C)(C)C)OC(=O)CCCCCCCCCCCCCCCCC,95.0,50.0,1.5,37.5,10.0,0.5050505050505051,0.015151515151515152,0.3787878787878788,0.10101010101010101,53.0,0.06
54,246C10,C16-Ceramide-PEG2000,cholesterol,DOPE,26.5:1.0:52:20,97 ¡¾ 17,0.064,,88.3 ¡¾ 7,WR:10(wt/wt)[ionizable_lipid:mRNA],mRNA,cre_recombinase,C16-PEG2000 ceramide,246C10,DOPE,cholesterol,synthesis_method: Microfluidic; device_used: microfluidic-based system; total_flow_rate_ml_min: 12; flow_rate_ratio: 1:3 (organic:aqueous); aqueous_phase_composition: 10 mM citrate; organic_phase_composition: ethanol; mixing_time_sec: ; temperature_condition: ; post_processing: dialyzed against PBS using 3500 MWCO dialysis cassettes overnight; sterilization: ; storage_buffer: PBS,"animal_model: LSL-tdTomato mice; administration_route: intravenous; dose: 0.5 mg/kg mRNA; gene_expression_result: tdTomato expression in hepatocytes (43¡¾10%) and LSECs (54¡¾8%); biodistribution_result: liver, both hepatocytes and LSECs",Engineered ionizable lipid nanoparticles for targeted delivery of RNA therapeutics into different types of cells in the liver,"['M. Kim', 'M. Jeong', 'S. Hur', 'Y. Cho', 'J. Park', 'H. Jung', 'Y. Seo', 'H. A. Woo', 'K. T. Nam', 'K. Lee', 'H. Lee']",10.1126/sciadv.abf4398,Science Advances,2021.0,CCCCCCCCCCC(O)CN(CCCN1CCN(CCCN(CC(O)CCCCCCCCCC)CC(O)CCCCCCCCCC)CC1)CC(O)CCCCCCCCCC,CCCCCCCCCCCCC=CC(O)C(COP(=O)([O-])OCCOCCOCCOCCOCCOCCOCCOCCOCCOCCOCCOCCOCCOCCOCCOCCOCCOCCOCCOCCOCCOCCOCCOCCOCCOCCOCCOCCOCCOCCOCCOCCOCCOCCOCCOCCOCCOCCOCCOCCOCCOCCOCCOCCOCCOCCOCCOCCOCCOCCOCCOCCOCCOCCOCCOCCOCCOCCOCCOCCOCCOCCOCCOCCOCCOCCOCCOCCOCCOCCOCCOCCOCCOCCOCCOCCOCCOCCOCCOCCOCCOCCOCCOCCOCCOCCOCCOCCOCCOCCO)NC(=O)CCCCCCCCCCCCCCC,CC(C)CCC[C@@H](C)[C@H]1CC[C@H]2[C@@H]3CC=C4C[C@@H](O)CC[C@]4(C)[C@H]3CC[C@]12C,CCCCCCCC/C=C\CCCCCCCC(=O)OC[C@H](COP(=O)(O)OCCN)OC(=O)CCCCCCC/C=C\CCCCCCCC,88.3,26.5,1.0,52.0,20.0,0.2663316582914573,0.010050251256281407,0.5226130653266332,0.20100502512562815,97.0,0.064
55,246C10,C16-Ceramide-PEG2000,cholesterol,DOPE,26.5:1.5:51.5:20,68 ¡¾ 15,0.127,,90.1 ¡¾ 5,WR:10(wt/wt)[ionizable_lipid:mRNA],mRNA,cre_recombinase,C16-PEG2000 ceramide,246C10,DOPE,cholesterol,synthesis_method: Microfluidic; device_used: microfluidic-based system; total_flow_rate_ml_min: 12; flow_rate_ratio: 1:3 (organic:aqueous); aqueous_phase_composition: 10 mM citrate; organic_phase_composition: ethanol; mixing_time_sec: ; temperature_condition: ; post_processing: dialyzed against PBS using 3500 MWCO dialysis cassettes overnight; sterilization: ; storage_buffer: PBS,"animal_model: LSL-tdTomato mice; administration_route: intravenous; dose: 0.5 mg/kg mRNA; gene_expression_result: tdTomato expression primarily in hepatocytes (80%); biodistribution_result: liver, primarily hepatocytes",Engineered ionizable lipid nanoparticles for targeted delivery of RNA therapeutics into different types of cells in the liver,"['M. Kim', 'M. Jeong', 'S. Hur', 'Y. Cho', 'J. Park', 'H. Jung', 'Y. Seo', 'H. A. Woo', 'K. T. Nam', 'K. Lee', 'H. Lee']",10.1126/sciadv.abf4398,Science Advances,2021.0,CCCCCCCCCCC(O)CN(CCCN1CCN(CCCN(CC(O)CCCCCCCCCC)CC(O)CCCCCCCCCC)CC1)CC(O)CCCCCCCCCC,CCCCCCCCCCCCC=CC(O)C(COP(=O)([O-])OCCOCCOCCOCCOCCOCCOCCOCCOCCOCCOCCOCCOCCOCCOCCOCCOCCOCCOCCOCCOCCOCCOCCOCCOCCOCCOCCOCCOCCOCCOCCOCCOCCOCCOCCOCCOCCOCCOCCOCCOCCOCCOCCOCCOCCOCCOCCOCCOCCOCCOCCOCCOCCOCCOCCOCCOCCOCCOCCOCCOCCOCCOCCOCCOCCOCCOCCOCCOCCOCCOCCOCCOCCOCCOCCOCCOCCOCCOCCOCCOCCOCCOCCOCCOCCOCCOCCOCCOCCOCCO)NC(=O)CCCCCCCCCCCCCCC,CC(C)CCC[C@@H](C)[C@H]1CC[C@H]2[C@@H]3CC=C4C[C@@H](O)CC[C@]4(C)[C@H]3CC[C@]12C,CCCCCCCC/C=C\CCCCCCCC(=O)OC[C@H](COP(=O)(O)OCCN)OC(=O)CCCCCCC/C=C\CCCCCCCC,90.1,26.5,1.5,51.5,20.0,0.2663316582914573,0.01507537688442211,0.5175879396984925,0.20100502512562815,68.0,0.127
56,246C10,C16-Ceramide-PEG2000,cholesterol,DOPE,26.5:3.0:50.5:20,58 ¡¾ 8,0.196,,80.1 ¡¾ 8,WR:10(wt/wt)[ionizable_lipid:mRNA],mRNA,cre_recombinase,C16-PEG2000 ceramide,246C10,DOPE,cholesterol,synthesis_method: Microfluidic; device_used: microfluidic-based system; total_flow_rate_ml_min: 12; flow_rate_ratio: 1:3 (organic:aqueous); aqueous_phase_composition: 10 mM citrate; organic_phase_composition: ethanol; mixing_time_sec: ; temperature_condition: ; post_processing: dialyzed against PBS using 3500 MWCO dialysis cassettes overnight; sterilization: ; storage_buffer: PBS,"animal_model: LSL-tdTomato mice; administration_route: intravenous; dose: 0.5 mg/kg mRNA; gene_expression_result: reduced tdTomato expression in all liver cells due to reduced ApoE adsorption; biodistribution_result: liver, reduced overall uptake",Engineered ionizable lipid nanoparticles for targeted delivery of RNA therapeutics into different types of cells in the liver,"['M. Kim', 'M. Jeong', 'S. Hur', 'Y. Cho', 'J. Park', 'H. Jung', 'Y. Seo', 'H. A. Woo', 'K. T. Nam', 'K. Lee', 'H. Lee']",10.1126/sciadv.abf4398,Science Advances,2021.0,CCCCCCCCCCC(O)CN(CCCN1CCN(CCCN(CC(O)CCCCCCCCCC)CC(O)CCCCCCCCCC)CC1)CC(O)CCCCCCCCCC,CCCCCCCCCCCCC=CC(O)C(COP(=O)([O-])OCCOCCOCCOCCOCCOCCOCCOCCOCCOCCOCCOCCOCCOCCOCCOCCOCCOCCOCCOCCOCCOCCOCCOCCOCCOCCOCCOCCOCCOCCOCCOCCOCCOCCOCCOCCOCCOCCOCCOCCOCCOCCOCCOCCOCCOCCOCCOCCOCCOCCOCCOCCOCCOCCOCCOCCOCCOCCOCCOCCOCCOCCOCCOCCOCCOCCOCCOCCOCCOCCOCCOCCOCCOCCOCCOCCOCCOCCOCCOCCOCCOCCOCCOCCOCCOCCOCCOCCOCCOCCO)NC(=O)CCCCCCCCCCCCCCC,CC(C)CCC[C@@H](C)[C@H]1CC[C@H]2[C@@H]3CC=C4C[C@@H](O)CC[C@]4(C)[C@H]3CC[C@]12C,CCCCCCCC/C=C\CCCCCCCC(=O)OC[C@H](COP(=O)(O)OCCN)OC(=O)CCCCCCC/C=C\CCCCCCCC,80.1,26.5,3.0,50.5,20.0,0.265,0.03,0.505,0.2,58.0,0.196
63,DLin-MC3-DMA,PEG-lipid,cholesterol,DSPC,50:10:38.5:1.5,50-142,,,69-100,NP:5.67(molar),mRNA,"firefly_luciferase, influenza_antigen",PEG lipid,MC3,DSPC,cholesterol,"synthesis_method: Microfluidic; device_used: Precision Nanosystems microfluidic mixer; total_flow_rate_ml_min: ; flow_rate_ratio: 3:1 (aqueous:ethanol); aqueous_phase_composition: 50 mM sodium citrate (pH 4.0) or 25 mM sodium acetate (pH 5.0); organic_phase_composition: ethanol; mixing_time_sec: ; temperature_condition: ; post_processing: dialyzed against PBS (pH 7.2) or 20 mM Tris (pH 7.4) with 8% sucrose for at least 18 h, concentrated using Amicon ultra-centrifugal filters; sterilization: 0.22-¥ìm filter; storage_buffer: PBS at 4¡ÆC or 20 mM Tris-8% sucrose at -20¡ÆC","animal_model: BALB/c mice, CD-1 mice, cynomolgus monkeys, Sprague-Dawley rats; administration_route: IM; dose: 0.001 mg/kg; gene_expression_result: robust titers and protein expression; biodistribution_result: detectable in liver and spleen 24 h post-IM injection; toxicity_profile: mild to moderate local and systemic adverse events; cytokine_response: elevated IL-6 levels",Optimization of Lipid Nanoparticles for Intramuscular Administration of mRNA Vaccines,"['Kimberly J. Hassett', 'Kerry E. Benenato', 'Eric Jacquinet', 'Aisha Lee', 'Angela Woods', 'Olga Yuzhakov', 'Sunny Himansu', 'Jessica Deterling', 'Benjamin M. Geilich', 'Tatiana Ketova', 'Cosmin Mihai', 'Andy Lynn', 'Iain McFadyen', 'Melissa J. Moore', 'Joseph J. Senn', 'Matthew G. Stanton', 'Orn Almarsson', 'Giuseppe Ciaramella', 'Luis A. Brito']",https://doi.org/10.1016/j.omtn.2019.01.013,Molecular Therapy: Nucleic Acids,2019.0,CCCCC/C=C\C/C=C\CCCCCCCCC(CCCCCCCC/C=C\C/C=C\CCCCC)OC(=O)CCCN(C)C,CCCCCCCCCCCCCCCCOC(=O)CCOCCOCCOCCOCCOCCOCCOCCOCCOCCOCCOCCOCCOCCOCCOCCOCCOCCOCCOCCOCCOCCOCCOCCOCCOCCOCCOCCOCCOCCOCCOCCOCCOCCOCCOCCOCCOCCOCCOCCOCCOCCOCCOCCOCCOCCOCCOCCOCCOCCOCCOCCOCCOCCOCCOCCOCCOCCOCCOCCOCCOCCOCCOCCOCCOCCOCCOCCOCCOCCOCCOCCOCCOCCOCCOCCOCCOCCOCCOCCOCCOCCOCCOCCOCCOCCOCCOCCOCCOCCO,CC(C)CCC[C@@H](C)[C@H]1CC[C@H]2[C@@H]3CC=C4C[C@@H](O)CC[C@]4(C)[C@H]3CC[C@]12C,CCCCCCCCCCCCCCCCCC(=O)OC[C@H](COP(=O)([O-])OCC[N+](C)(C)C)OC(=O)CCCCCCCCCCCCCCCCC,69.0,50.0,10.0,38.5,1.5,0.5,0.1,0.385,0.015,50.0,
64,DOTAP,PEG-lipid,cholesterol,DSPC,50:10:38.5:1.5,50-142,,,69-100,NP:5.67(molar),mRNA,"firefly_luciferase, influenza_antigen",PEG lipid,"DOTAP (N-[1-(2,3-Dioleoyloxy)propyl]-N,N,N-trimethylammonium)",DSPC,cholesterol,"synthesis_method: Microfluidic; device_used: Precision Nanosystems microfluidic mixer; total_flow_rate_ml_min: ; flow_rate_ratio: 3:1 (aqueous:ethanol); aqueous_phase_composition: 50 mM sodium citrate (pH 4.0) or 25 mM sodium acetate (pH 5.0); organic_phase_composition: ethanol; mixing_time_sec: ; temperature_condition: ; post_processing: dialyzed against PBS (pH 7.2) or 20 mM Tris (pH 7.4) with 8% sucrose for at least 18 h, concentrated using Amicon ultra-centrifugal filters; sterilization: 0.22-¥ìm filter; storage_buffer: PBS at 4¡ÆC or 20 mM Tris-8% sucrose at -20¡ÆC",animal_model: BALB/c mice; administration_route: IM; dose: 0.001 mg/kg; gene_expression_result: no detectable protein expression,Optimization of Lipid Nanoparticles for Intramuscular Administration of mRNA Vaccines,"['Kimberly J. Hassett', 'Kerry E. Benenato', 'Eric Jacquinet', 'Aisha Lee', 'Angela Woods', 'Olga Yuzhakov', 'Sunny Himansu', 'Jessica Deterling', 'Benjamin M. Geilich', 'Tatiana Ketova', 'Cosmin Mihai', 'Andy Lynn', 'Iain McFadyen', 'Melissa J. Moore', 'Joseph J. Senn', 'Matthew G. Stanton', 'Orn Almarsson', 'Giuseppe Ciaramella', 'Luis A. Brito']",https://doi.org/10.1016/j.omtn.2019.01.013,Molecular Therapy: Nucleic Acids,2019.0,CCCCCCCC/C=C\CCCCCCCC(=O)OCC(C[N+](C)(C)C)OC(=O)CCCCCCC/C=C\CCCCCCCC,CCCCCCCCCCCCCCCCOC(=O)CCOCCOCCOCCOCCOCCOCCOCCOCCOCCOCCOCCOCCOCCOCCOCCOCCOCCOCCOCCOCCOCCOCCOCCOCCOCCOCCOCCOCCOCCOCCOCCOCCOCCOCCOCCOCCOCCOCCOCCOCCOCCOCCOCCOCCOCCOCCOCCOCCOCCOCCOCCOCCOCCOCCOCCOCCOCCOCCOCCOCCOCCOCCOCCOCCOCCOCCOCCOCCOCCOCCOCCOCCOCCOCCOCCOCCOCCOCCOCCOCCOCCOCCOCCOCCOCCOCCOCCOCCOCCO,CC(C)CCC[C@@H](C)[C@H]1CC[C@H]2[C@@H]3CC=C4C[C@@H](O)CC[C@]4(C)[C@H]3CC[C@]12C,CCCCCCCCCCCCCCCCCC(=O)OC[C@H](COP(=O)([O-])OCC[N+](C)(C)C)OC(=O)CCCCCCCCCCCCCCCCC,69.0,50.0,10.0,38.5,1.5,0.5,0.1,0.385,0.015,50.0,
70,C12-200,C14-PEG2000,cholesterol,DSPC,50:1.5:38.5:10,152,0.102,-25.4,24,WR:5(wt/wt)[C12-200:mRNA],mRNA,epo,C14-PEG2000,C12-200,DSPC,cholesterol,"synthesis_method: Microfluidic; device_used: microfluidic chip device; total_flow_rate_ml_min: ; flow_rate_ratio: 3:1 (ethanol:aqueous); aqueous_phase_composition: 10 mM citrate buffer, pH 3; organic_phase_composition: ethanol phase containing lipid mixture; mixing_time_sec: ; temperature_condition: ; post_processing: dialyzed against PBS in 20,000 MWCO cassette at 4¡ÆC for 2 hours; sterilization: ; storage_buffer: PBS",animal_model: C57BL/6 mice; administration_route: intravenous; dose: 15 ¥ìg total mRNA per mouse; gene_expression_result: 962 ¡¾ 141 ng/mL serum EPO at 6 hours,Optimization of Lipid Nanoparticle Formulations for mRNA Delivery in vivo with Fractional Factorial and Definitive Screening Designs,"['Kevin J. Kauffman', 'J. Robert Dorkin', 'Jung H. Yang', 'Michael W. Heartlein', 'Frank DeRosa', 'Faryal F. Mir', 'Owen S. Fenton', 'Daniel G. Anderson']",10.1021/acs.nanolett.5b02497,Nano Letters,2015.0,CCCCCCCCCCCCC(O)CN(CCN1CCN(CCN)C(CN(CC(O)CCCCCCCCCCCC)CN(CC(O)CCCCCCCCCCCC)CC(O)CCCCCCCCCCCC)C1)CC(O)CCCCCCCCCCCC,CCCCCCCCCCCCCCOC(=O)CCOCCOCCOCCOCCOCCOCCOCCOCCOCCOCCOCCOCCOCCOCCOCCOCCOCCOCCOCCOCCOCCOCCOCCOCCOCCOCCOCCOCCOCCOCCOCCOCCOCCOCCOCCOCCOCCOCCOCCOCCOCCOCCOCCOCCOCCOCCOCCOCCOCCOCCOCCOCCOCCOCCOCCOCCOCCOCCOCCOCCOCCOCCOCCOCCOCCOCCOCCOCCOCCOCCOCCOCCOCCOCCOCCOCCOCCOCCOCCOCCOCCOCCOCCOCCOCCOCCOCCOCCOCCO,CC(C)CCC[C@@H](C)[C@H]1CC[C@H]2[C@@H]3CC=C4C[C@@H](O)CC[C@]4(C)[C@H]3CC[C@]12C,CCCCCCCCCCCCCCCCCC(=O)OC[C@H](COP(=O)([O-])OCC[N+](C)(C)C)OC(=O)CCCCCCCCCCCCCCCCC,24.0,50.0,1.5,38.5,10.0,0.5,0.015,0.385,0.1,152.0,0.102
71,C12-200,C14-PEG2000,cholesterol,DOPE,60:2.5:33.5:4,111,0.182,,5,WR:7.5(wt/wt)[C12-200:mRNA],mRNA,epo,C14-PEG2000,C12-200,DOPE,cholesterol,"synthesis_method: Microfluidic; device_used: microfluidic chip device; total_flow_rate_ml_min: ; flow_rate_ratio: 3:1 (ethanol:aqueous); aqueous_phase_composition: 10 mM citrate buffer, pH 3; organic_phase_composition: ethanol phase containing lipid mixture; mixing_time_sec: ; temperature_condition: ; post_processing: dialyzed against PBS in 20,000 MWCO cassette at 4¡ÆC for 2 hours; sterilization: ; storage_buffer: PBS",animal_model: C57BL/6 mice; administration_route: intravenous; dose: 15 ¥ìg total mRNA per mouse; gene_expression_result: 169 ¡¾ 14 ng/mL serum EPO at 6 hours,Optimization of Lipid Nanoparticle Formulations for mRNA Delivery in vivo with Fractional Factorial and Definitive Screening Designs,"['Kevin J. Kauffman', 'J. Robert Dorkin', 'Jung H. Yang', 'Michael W. Heartlein', 'Frank DeRosa', 'Faryal F. Mir', 'Owen S. Fenton', 'Daniel G. Anderson']",10.1021/acs.nanolett.5b02497,Nano Letters,2015.0,CCCCCCCCCCCCC(O)CN(CCN1CCN(CCN)C(CN(CC(O)CCCCCCCCCCCC)CN(CC(O)CCCCCCCCCCCC)CC(O)CCCCCCCCCCCC)C1)CC(O)CCCCCCCCCCCC,CCCCCCCCCCCCCCOC(=O)CCOCCOCCOCCOCCOCCOCCOCCOCCOCCOCCOCCOCCOCCOCCOCCOCCOCCOCCOCCOCCOCCOCCOCCOCCOCCOCCOCCOCCOCCOCCOCCOCCOCCOCCOCCOCCOCCOCCOCCOCCOCCOCCOCCOCCOCCOCCOCCOCCOCCOCCOCCOCCOCCOCCOCCOCCOCCOCCOCCOCCOCCOCCOCCOCCOCCOCCOCCOCCOCCOCCOCCOCCOCCOCCOCCOCCOCCOCCOCCOCCOCCOCCOCCOCCOCCOCCOCCOCCOCCO,CC(C)CCC[C@@H](C)[C@H]1CC[C@H]2[C@@H]3CC=C4C[C@@H](O)CC[C@]4(C)[C@H]3CC[C@]12C,CCCCCCCC/C=C\CCCCCCCC(=O)OC[C@H](COP(=O)(O)OCCN)OC(=O)CCCCCCC/C=C\CCCCCCCC,5.0,60.0,2.5,33.5,4.0,0.6,0.025,0.335,0.04,111.0,0.182
72,C12-200,C14-PEG2000,cholesterol,DOPE,40:1.5:42.5:16,122,0.121,,56,WR:7.5(wt/wt)[C12-200:mRNA],mRNA,epo,C14-PEG2000,C12-200,DOPE,cholesterol,"synthesis_method: Microfluidic; device_used: microfluidic chip device; total_flow_rate_ml_min: ; flow_rate_ratio: 3:1 (ethanol:aqueous); aqueous_phase_composition: 10 mM citrate buffer, pH 3; organic_phase_composition: ethanol phase containing lipid mixture; mixing_time_sec: ; temperature_condition: ; post_processing: dialyzed against PBS in 20,000 MWCO cassette at 4¡ÆC for 2 hours; sterilization: ; storage_buffer: PBS",animal_model: C57BL/6 mice; administration_route: intravenous; dose: 15 ¥ìg total mRNA per mouse; gene_expression_result: 6445 ¡¾ 1237 ng/mL serum EPO at 6 hours,Optimization of Lipid Nanoparticle Formulations for mRNA Delivery in vivo with Fractional Factorial and Definitive Screening Designs,"['Kevin J. Kauffman', 'J. Robert Dorkin', 'Jung H. Yang', 'Michael W. Heartlein', 'Frank DeRosa', 'Faryal F. Mir', 'Owen S. Fenton', 'Daniel G. Anderson']",10.1021/acs.nanolett.5b02497,Nano Letters,2015.0,CCCCCCCCCCCCC(O)CN(CCN1CCN(CCN)C(CN(CC(O)CCCCCCCCCCCC)CN(CC(O)CCCCCCCCCCCC)CC(O)CCCCCCCCCCCC)C1)CC(O)CCCCCCCCCCCC,CCCCCCCCCCCCCCOC(=O)CCOCCOCCOCCOCCOCCOCCOCCOCCOCCOCCOCCOCCOCCOCCOCCOCCOCCOCCOCCOCCOCCOCCOCCOCCOCCOCCOCCOCCOCCOCCOCCOCCOCCOCCOCCOCCOCCOCCOCCOCCOCCOCCOCCOCCOCCOCCOCCOCCOCCOCCOCCOCCOCCOCCOCCOCCOCCOCCOCCOCCOCCOCCOCCOCCOCCOCCOCCOCCOCCOCCOCCOCCOCCOCCOCCOCCOCCOCCOCCOCCOCCOCCOCCOCCOCCOCCOCCOCCOCCO,CC(C)CCC[C@@H](C)[C@H]1CC[C@H]2[C@@H]3CC=C4C[C@@H](O)CC[C@]4(C)[C@H]3CC[C@]12C,CCCCCCCC/C=C\CCCCCCCC(=O)OC[C@H](COP(=O)(O)OCCN)OC(=O)CCCCCCC/C=C\CCCCCCCC,56.0,40.0,1.5,42.5,16.0,0.4,0.015,0.425,0.16,122.0,0.121
73,C12-200,C14-PEG2000,cholesterol,DOPC,60:2.5:31.5:16,135,0.341,,4,WR:2.5(wt/wt)[C12-200:mRNA],mRNA,epo,C14-PEG2000,C12-200,DOPC,cholesterol,"synthesis_method: Microfluidic; device_used: microfluidic chip device; total_flow_rate_ml_min: ; flow_rate_ratio: 3:1 (ethanol:aqueous); aqueous_phase_composition: 10 mM citrate buffer, pH 3; organic_phase_composition: ethanol phase containing lipid mixture; mixing_time_sec: ; temperature_condition: ; post_processing: dialyzed against PBS in 20,000 MWCO cassette at 4¡ÆC for 2 hours; sterilization: ; storage_buffer: PBS",animal_model: C57BL/6 mice; administration_route: intravenous; dose: 15 ¥ìg total mRNA per mouse; gene_expression_result: 176 ¡¾ 21 ng/mL serum EPO at 6 hours,Optimization of Lipid Nanoparticle Formulations for mRNA Delivery in vivo with Fractional Factorial and Definitive Screening Designs,"['Kevin J. Kauffman', 'J. Robert Dorkin', 'Jung H. Yang', 'Michael W. Heartlein', 'Frank DeRosa', 'Faryal F. Mir', 'Owen S. Fenton', 'Daniel G. Anderson']",10.1021/acs.nanolett.5b02497,Nano Letters,2015.0,CCCCCCCCCCCCC(O)CN(CCN1CCN(CCN)C(CN(CC(O)CCCCCCCCCCCC)CN(CC(O)CCCCCCCCCCCC)CC(O)CCCCCCCCCCCC)C1)CC(O)CCCCCCCCCCCC,CCCCCCCCCCCCCCOC(=O)CCOCCOCCOCCOCCOCCOCCOCCOCCOCCOCCOCCOCCOCCOCCOCCOCCOCCOCCOCCOCCOCCOCCOCCOCCOCCOCCOCCOCCOCCOCCOCCOCCOCCOCCOCCOCCOCCOCCOCCOCCOCCOCCOCCOCCOCCOCCOCCOCCOCCOCCOCCOCCOCCOCCOCCOCCOCCOCCOCCOCCOCCOCCOCCOCCOCCOCCOCCOCCOCCOCCOCCOCCOCCOCCOCCOCCOCCOCCOCCOCCOCCOCCOCCOCCOCCOCCOCCOCCOCCO,CC(C)CCC[C@@H](C)[C@H]1CC[C@H]2[C@@H]3CC=C4C[C@@H](O)CC[C@]4(C)[C@H]3CC[C@]12C,CCCCCCCC/C=C\CCCCCCCC(=O)OC[C@H](COP(=O)([O-])OCC[N+](C)(C)C)OC(=O)CCCCCCC/C=C\CCCCCCCC,4.0,60.0,2.5,31.5,16.0,0.5454545454545454,0.022727272727272728,0.2863636363636364,0.14545454545454545,135.0,0.341
74,C12-200,C14-PEG2000,cholesterol,DSPC,60:1.5:34.5:4,169,0.217,,1,WR:2.5(wt/wt)[C12-200:mRNA],mRNA,epo,C14-PEG2000,C12-200,DSPC,cholesterol,"synthesis_method: Microfluidic; device_used: microfluidic chip device; total_flow_rate_ml_min: ; flow_rate_ratio: 3:1 (ethanol:aqueous); aqueous_phase_composition: 10 mM citrate buffer, pH 3; organic_phase_composition: ethanol phase containing lipid mixture; mixing_time_sec: ; temperature_condition: ; post_processing: dialyzed against PBS in 20,000 MWCO cassette at 4¡ÆC for 2 hours; sterilization: ; storage_buffer: PBS",animal_model: C57BL/6 mice; administration_route: intravenous; dose: 15 ¥ìg total mRNA per mouse; gene_expression_result: 72 ¡¾ 4 ng/mL serum EPO at 6 hours,Optimization of Lipid Nanoparticle Formulations for mRNA Delivery in vivo with Fractional Factorial and Definitive Screening Designs,"['Kevin J. Kauffman', 'J. Robert Dorkin', 'Jung H. Yang', 'Michael W. Heartlein', 'Frank DeRosa', 'Faryal F. Mir', 'Owen S. Fenton', 'Daniel G. Anderson']",10.1021/acs.nanolett.5b02497,Nano Letters,2015.0,CCCCCCCCCCCCC(O)CN(CCN1CCN(CCN)C(CN(CC(O)CCCCCCCCCCCC)CN(CC(O)CCCCCCCCCCCC)CC(O)CCCCCCCCCCCC)C1)CC(O)CCCCCCCCCCCC,CCCCCCCCCCCCCCOC(=O)CCOCCOCCOCCOCCOCCOCCOCCOCCOCCOCCOCCOCCOCCOCCOCCOCCOCCOCCOCCOCCOCCOCCOCCOCCOCCOCCOCCOCCOCCOCCOCCOCCOCCOCCOCCOCCOCCOCCOCCOCCOCCOCCOCCOCCOCCOCCOCCOCCOCCOCCOCCOCCOCCOCCOCCOCCOCCOCCOCCOCCOCCOCCOCCOCCOCCOCCOCCOCCOCCOCCOCCOCCOCCOCCOCCOCCOCCOCCOCCOCCOCCOCCOCCOCCOCCOCCOCCOCCOCCO,CC(C)CCC[C@@H](C)[C@H]1CC[C@H]2[C@@H]3CC=C4C[C@@H](O)CC[C@]4(C)[C@H]3CC[C@]12C,CCCCCCCCCCCCCCCCCC(=O)OC[C@H](COP(=O)([O-])OCC[N+](C)(C)C)OC(=O)CCCCCCCCCCCCCCCCC,1.0,60.0,1.5,34.5,4.0,0.6,0.015,0.345,0.04,169.0,0.217
75,C12-200,C14-PEG2000,cholesterol,DOPE,60:0.5:29.5:10,275,0.173,,2,WR:2.5(wt/wt)[C12-200:mRNA],mRNA,epo,C14-PEG2000,C12-200,DOPE,cholesterol,"synthesis_method: Microfluidic; device_used: microfluidic chip device; total_flow_rate_ml_min: ; flow_rate_ratio: 3:1 (ethanol:aqueous); aqueous_phase_composition: 10 mM citrate buffer, pH 3; organic_phase_composition: ethanol phase containing lipid mixture; mixing_time_sec: ; temperature_condition: ; post_processing: dialyzed against PBS in 20,000 MWCO cassette at 4¡ÆC for 2 hours; sterilization: ; storage_buffer: PBS",animal_model: C57BL/6 mice; administration_route: intravenous; dose: 15 ¥ìg total mRNA per mouse; gene_expression_result: 86 ¡¾ 5 ng/mL serum EPO at 6 hours,Optimization of Lipid Nanoparticle Formulations for mRNA Delivery in vivo with Fractional Factorial and Definitive Screening Designs,"['Kevin J. Kauffman', 'J. Robert Dorkin', 'Jung H. Yang', 'Michael W. Heartlein', 'Frank DeRosa', 'Faryal F. Mir', 'Owen S. Fenton', 'Daniel G. Anderson']",10.1021/acs.nanolett.5b02497,Nano Letters,2015.0,CCCCCCCCCCCCC(O)CN(CCN1CCN(CCN)C(CN(CC(O)CCCCCCCCCCCC)CN(CC(O)CCCCCCCCCCCC)CC(O)CCCCCCCCCCCC)C1)CC(O)CCCCCCCCCCCC,CCCCCCCCCCCCCCOC(=O)CCOCCOCCOCCOCCOCCOCCOCCOCCOCCOCCOCCOCCOCCOCCOCCOCCOCCOCCOCCOCCOCCOCCOCCOCCOCCOCCOCCOCCOCCOCCOCCOCCOCCOCCOCCOCCOCCOCCOCCOCCOCCOCCOCCOCCOCCOCCOCCOCCOCCOCCOCCOCCOCCOCCOCCOCCOCCOCCOCCOCCOCCOCCOCCOCCOCCOCCOCCOCCOCCOCCOCCOCCOCCOCCOCCOCCOCCOCCOCCOCCOCCOCCOCCOCCOCCOCCOCCOCCOCCO,CC(C)CCC[C@@H](C)[C@H]1CC[C@H]2[C@@H]3CC=C4C[C@@H](O)CC[C@]4(C)[C@H]3CC[C@]12C,CCCCCCCC/C=C\CCCCCCCC(=O)OC[C@H](COP(=O)(O)OCCN)OC(=O)CCCCCCC/C=C\CCCCCCCC,2.0,60.0,0.5,29.5,10.0,0.6,0.005,0.295,0.1,275.0,0.173
76,C12-200,C14-PEG2000,cholesterol,DOPC,40:0.5:55.5:4,352,0.2,,18,WR:5(wt/wt)[C12-200:mRNA],mRNA,epo,C14-PEG2000,C12-200,DOPC,cholesterol,"synthesis_method: Microfluidic; device_used: microfluidic chip device; total_flow_rate_ml_min: ; flow_rate_ratio: 3:1 (ethanol:aqueous); aqueous_phase_composition: 10 mM citrate buffer, pH 3; organic_phase_composition: ethanol phase containing lipid mixture; mixing_time_sec: ; temperature_condition: ; post_processing: dialyzed against PBS in 20,000 MWCO cassette at 4¡ÆC for 2 hours; sterilization: ; storage_buffer: PBS",animal_model: C57BL/6 mice; administration_route: intravenous; dose: 15 ¥ìg total mRNA per mouse; gene_expression_result: 297 ¡¾ 18 ng/mL serum EPO at 6 hours,Optimization of Lipid Nanoparticle Formulations for mRNA Delivery in vivo with Fractional Factorial and Definitive Screening Designs,"['Kevin J. Kauffman', 'J. Robert Dorkin', 'Jung H. Yang', 'Michael W. Heartlein', 'Frank DeRosa', 'Faryal F. Mir', 'Owen S. Fenton', 'Daniel G. Anderson']",10.1021/acs.nanolett.5b02497,Nano Letters,2015.0,CCCCCCCCCCCCC(O)CN(CCN1CCN(CCN)C(CN(CC(O)CCCCCCCCCCCC)CN(CC(O)CCCCCCCCCCCC)CC(O)CCCCCCCCCCCC)C1)CC(O)CCCCCCCCCCCC,CCCCCCCCCCCCCCOC(=O)CCOCCOCCOCCOCCOCCOCCOCCOCCOCCOCCOCCOCCOCCOCCOCCOCCOCCOCCOCCOCCOCCOCCOCCOCCOCCOCCOCCOCCOCCOCCOCCOCCOCCOCCOCCOCCOCCOCCOCCOCCOCCOCCOCCOCCOCCOCCOCCOCCOCCOCCOCCOCCOCCOCCOCCOCCOCCOCCOCCOCCOCCOCCOCCOCCOCCOCCOCCOCCOCCOCCOCCOCCOCCOCCOCCOCCOCCOCCOCCOCCOCCOCCOCCOCCOCCOCCOCCOCCOCCO,CC(C)CCC[C@@H](C)[C@H]1CC[C@H]2[C@@H]3CC=C4C[C@@H](O)CC[C@]4(C)[C@H]3CC[C@]12C,CCCCCCCC/C=C\CCCCCCCC(=O)OC[C@H](COP(=O)([O-])OCC[N+](C)(C)C)OC(=O)CCCCCCC/C=C\CCCCCCCC,18.0,40.0,0.5,55.5,4.0,0.4,0.005,0.555,0.04,352.0,0.2
78,C12-200,C14-PEG2000,cholesterol,DOPE,40:2.5:53.5:4,149,0.341,,2,WR:2.5(wt/wt)[C12-200:mRNA],mRNA,epo,C14-PEG2000,C12-200,DOPE,cholesterol,"synthesis_method: Microfluidic; device_used: microfluidic chip device; total_flow_rate_ml_min: ; flow_rate_ratio: 3:1 (ethanol:aqueous); aqueous_phase_composition: 10 mM citrate buffer, pH 3; organic_phase_composition: ethanol phase containing lipid mixture; mixing_time_sec: ; temperature_condition: ; post_processing: dialyzed against PBS in 20,000 MWCO cassette at 4¡ÆC for 2 hours; sterilization: ; storage_buffer: PBS",animal_model: C57BL/6 mice; administration_route: intravenous; dose: 15 ¥ìg total mRNA per mouse; gene_expression_result: 238 ¡¾ 20 ng/mL serum EPO at 6 hours,Optimization of Lipid Nanoparticle Formulations for mRNA Delivery in vivo with Fractional Factorial and Definitive Screening Designs,"['Kevin J. Kauffman', 'J. Robert Dorkin', 'Jung H. Yang', 'Michael W. Heartlein', 'Frank DeRosa', 'Faryal F. Mir', 'Owen S. Fenton', 'Daniel G. Anderson']",10.1021/acs.nanolett.5b02497,Nano Letters,2015.0,CCCCCCCCCCCCC(O)CN(CCN1CCN(CCN)C(CN(CC(O)CCCCCCCCCCCC)CN(CC(O)CCCCCCCCCCCC)CC(O)CCCCCCCCCCCC)C1)CC(O)CCCCCCCCCCCC,CCCCCCCCCCCCCCOC(=O)CCOCCOCCOCCOCCOCCOCCOCCOCCOCCOCCOCCOCCOCCOCCOCCOCCOCCOCCOCCOCCOCCOCCOCCOCCOCCOCCOCCOCCOCCOCCOCCOCCOCCOCCOCCOCCOCCOCCOCCOCCOCCOCCOCCOCCOCCOCCOCCOCCOCCOCCOCCOCCOCCOCCOCCOCCOCCOCCOCCOCCOCCOCCOCCOCCOCCOCCOCCOCCOCCOCCOCCOCCOCCOCCOCCOCCOCCOCCOCCOCCOCCOCCOCCOCCOCCOCCOCCOCCOCCO,CC(C)CCC[C@@H](C)[C@H]1CC[C@H]2[C@@H]3CC=C4C[C@@H](O)CC[C@]4(C)[C@H]3CC[C@]12C,CCCCCCCC/C=C\CCCCCCCC(=O)OC[C@H](COP(=O)(O)OCCN)OC(=O)CCCCCCC/C=C\CCCCCCCC,2.0,40.0,2.5,53.5,4.0,0.4,0.025,0.535,0.04,149.0,0.341
79,C12-200,C14-PEG2000,cholesterol,DSPC,40:2.5:47.5:10,79,0.177,,46,WR:7.5(wt/wt)[C12-200:mRNA],mRNA,epo,C14-PEG2000,C12-200,DSPC,cholesterol,"synthesis_method: Microfluidic; device_used: microfluidic chip device; total_flow_rate_ml_min: ; flow_rate_ratio: 3:1 (ethanol:aqueous); aqueous_phase_composition: 10 mM citrate buffer, pH 3; organic_phase_composition: ethanol phase containing lipid mixture; mixing_time_sec: ; temperature_condition: ; post_processing: dialyzed against PBS in 20,000 MWCO cassette at 4¡ÆC for 2 hours; sterilization: ; storage_buffer: PBS",animal_model: C57BL/6 mice; administration_route: intravenous; dose: 15 ¥ìg total mRNA per mouse; gene_expression_result: 2072 ¡¾ 302 ng/mL serum EPO at 6 hours,Optimization of Lipid Nanoparticle Formulations for mRNA Delivery in vivo with Fractional Factorial and Definitive Screening Designs,"['Kevin J. Kauffman', 'J. Robert Dorkin', 'Jung H. Yang', 'Michael W. Heartlein', 'Frank DeRosa', 'Faryal F. Mir', 'Owen S. Fenton', 'Daniel G. Anderson']",10.1021/acs.nanolett.5b02497,Nano Letters,2015.0,CCCCCCCCCCCCC(O)CN(CCN1CCN(CCN)C(CN(CC(O)CCCCCCCCCCCC)CN(CC(O)CCCCCCCCCCCC)CC(O)CCCCCCCCCCCC)C1)CC(O)CCCCCCCCCCCC,CCCCCCCCCCCCCCOC(=O)CCOCCOCCOCCOCCOCCOCCOCCOCCOCCOCCOCCOCCOCCOCCOCCOCCOCCOCCOCCOCCOCCOCCOCCOCCOCCOCCOCCOCCOCCOCCOCCOCCOCCOCCOCCOCCOCCOCCOCCOCCOCCOCCOCCOCCOCCOCCOCCOCCOCCOCCOCCOCCOCCOCCOCCOCCOCCOCCOCCOCCOCCOCCOCCOCCOCCOCCOCCOCCOCCOCCOCCOCCOCCOCCOCCOCCOCCOCCOCCOCCOCCOCCOCCOCCOCCOCCOCCOCCOCCO,CC(C)CCC[C@@H](C)[C@H]1CC[C@H]2[C@@H]3CC=C4C[C@@H](O)CC[C@]4(C)[C@H]3CC[C@]12C,CCCCCCCCCCCCCCCCCC(=O)OC[C@H](COP(=O)([O-])OCC[N+](C)(C)C)OC(=O)CCCCCCCCCCCCCCCCC,46.0,40.0,2.5,47.5,10.0,0.4,0.025,0.475,0.1,79.0,0.177
80,C12-200,C14-PEG2000,cholesterol,DSPC,60:0.5:23.5:16,149,0.212,,43,WR:7.5(wt/wt)[C12-200:mRNA],mRNA,epo,C14-PEG2000,C12-200,DSPC,cholesterol,"synthesis_method: Microfluidic; device_used: microfluidic chip device; total_flow_rate_ml_min: ; flow_rate_ratio: 3:1 (ethanol:aqueous); aqueous_phase_composition: 10 mM citrate buffer, pH 3; organic_phase_composition: ethanol phase containing lipid mixture; mixing_time_sec: ; temperature_condition: ; post_processing: dialyzed against PBS in 20,000 MWCO cassette at 4¡ÆC for 2 hours; sterilization: ; storage_buffer: PBS",animal_model: C57BL/6 mice; administration_route: intravenous; dose: 15 ¥ìg total mRNA per mouse; gene_expression_result: 443 ¡¾ 104 ng/mL serum EPO at 6 hours,Optimization of Lipid Nanoparticle Formulations for mRNA Delivery in vivo with Fractional Factorial and Definitive Screening Designs,"['Kevin J. Kauffman', 'J. Robert Dorkin', 'Jung H. Yang', 'Michael W. Heartlein', 'Frank DeRosa', 'Faryal F. Mir', 'Owen S. Fenton', 'Daniel G. Anderson']",10.1021/acs.nanolett.5b02497,Nano Letters,2015.0,CCCCCCCCCCCCC(O)CN(CCN1CCN(CCN)C(CN(CC(O)CCCCCCCCCCCC)CN(CC(O)CCCCCCCCCCCC)CC(O)CCCCCCCCCCCC)C1)CC(O)CCCCCCCCCCCC,CCCCCCCCCCCCCCOC(=O)CCOCCOCCOCCOCCOCCOCCOCCOCCOCCOCCOCCOCCOCCOCCOCCOCCOCCOCCOCCOCCOCCOCCOCCOCCOCCOCCOCCOCCOCCOCCOCCOCCOCCOCCOCCOCCOCCOCCOCCOCCOCCOCCOCCOCCOCCOCCOCCOCCOCCOCCOCCOCCOCCOCCOCCOCCOCCOCCOCCOCCOCCOCCOCCOCCOCCOCCOCCOCCOCCOCCOCCOCCOCCOCCOCCOCCOCCOCCOCCOCCOCCOCCOCCOCCOCCOCCOCCOCCOCCO,CC(C)CCC[C@@H](C)[C@H]1CC[C@H]2[C@@H]3CC=C4C[C@@H](O)CC[C@]4(C)[C@H]3CC[C@]12C,CCCCCCCCCCCCCCCCCC(=O)OC[C@H](COP(=O)([O-])OCC[N+](C)(C)C)OC(=O)CCCCCCCCCCCCCCCCC,43.0,60.0,0.5,23.5,16.0,0.6,0.005,0.235,0.16,149.0,0.212
81,C12-200,C14-PEG2000,cholesterol,DSPC,40:0.5:43.5:16,368,0.43,,2,WR:2.5(wt/wt)[C12-200:mRNA],mRNA,epo,C14-PEG2000,C12-200,DSPC,cholesterol,"synthesis_method: Microfluidic; device_used: microfluidic chip device; total_flow_rate_ml_min: ; flow_rate_ratio: 3:1 (ethanol:aqueous); aqueous_phase_composition: 10 mM citrate buffer, pH 3; organic_phase_composition: ethanol phase containing lipid mixture; mixing_time_sec: ; temperature_condition: ; post_processing: dialyzed against PBS in 20,000 MWCO cassette at 4¡ÆC for 2 hours; sterilization: ; storage_buffer: PBS",animal_model: C57BL/6 mice; administration_route: intravenous; dose: 15 ¥ìg total mRNA per mouse; gene_expression_result: 86 ¡¾ 2 ng/mL serum EPO at 6 hours,Optimization of Lipid Nanoparticle Formulations for mRNA Delivery in vivo with Fractional Factorial and Definitive Screening Designs,"['Kevin J. Kauffman', 'J. Robert Dorkin', 'Jung H. Yang', 'Michael W. Heartlein', 'Frank DeRosa', 'Faryal F. Mir', 'Owen S. Fenton', 'Daniel G. Anderson']",10.1021/acs.nanolett.5b02497,Nano Letters,2015.0,CCCCCCCCCCCCC(O)CN(CCN1CCN(CCN)C(CN(CC(O)CCCCCCCCCCCC)CN(CC(O)CCCCCCCCCCCC)CC(O)CCCCCCCCCCCC)C1)CC(O)CCCCCCCCCCCC,CCCCCCCCCCCCCCOC(=O)CCOCCOCCOCCOCCOCCOCCOCCOCCOCCOCCOCCOCCOCCOCCOCCOCCOCCOCCOCCOCCOCCOCCOCCOCCOCCOCCOCCOCCOCCOCCOCCOCCOCCOCCOCCOCCOCCOCCOCCOCCOCCOCCOCCOCCOCCOCCOCCOCCOCCOCCOCCOCCOCCOCCOCCOCCOCCOCCOCCOCCOCCOCCOCCOCCOCCOCCOCCOCCOCCOCCOCCOCCOCCOCCOCCOCCOCCOCCOCCOCCOCCOCCOCCOCCOCCOCCOCCOCCOCCO,CC(C)CCC[C@@H](C)[C@H]1CC[C@H]2[C@@H]3CC=C4C[C@@H](O)CC[C@]4(C)[C@H]3CC[C@]12C,CCCCCCCCCCCCCCCCCC(=O)OC[C@H](COP(=O)([O-])OCC[N+](C)(C)C)OC(=O)CCCCCCCCCCCCCCCCC,2.0,40.0,0.5,43.5,16.0,0.4,0.005,0.435,0.16,368.0,0.43
83,C12-200,C14-PEG2000,cholesterol,DOPC,50:1.5:38.5:10,173,0.151,,10,WR:5(wt/wt)[C12-200:mRNA],mRNA,epo,C14-PEG2000,C12-200,DOPC,cholesterol,"synthesis_method: Microfluidic; device_used: microfluidic chip device; total_flow_rate_ml_min: ; flow_rate_ratio: 3:1 (ethanol:aqueous); aqueous_phase_composition: 10 mM citrate buffer, pH 3; organic_phase_composition: ethanol phase containing lipid mixture; mixing_time_sec: ; temperature_condition: ; post_processing: dialyzed against PBS in 20,000 MWCO cassette at 4¡ÆC for 2 hours; sterilization: ; storage_buffer: PBS",animal_model: C57BL/6 mice; administration_route: intravenous; dose: 15 ¥ìg total mRNA per mouse; gene_expression_result: 595 ¡¾ 225 ng/mL serum EPO at 6 hours,Optimization of Lipid Nanoparticle Formulations for mRNA Delivery in vivo with Fractional Factorial and Definitive Screening Designs,"['Kevin J. Kauffman', 'J. Robert Dorkin', 'Jung H. Yang', 'Michael W. Heartlein', 'Frank DeRosa', 'Faryal F. Mir', 'Owen S. Fenton', 'Daniel G. Anderson']",10.1021/acs.nanolett.5b02497,Nano Letters,2015.0,CCCCCCCCCCCCC(O)CN(CCN1CCN(CCN)C(CN(CC(O)CCCCCCCCCCCC)CN(CC(O)CCCCCCCCCCCC)CC(O)CCCCCCCCCCCC)C1)CC(O)CCCCCCCCCCCC,CCCCCCCCCCCCCCOC(=O)CCOCCOCCOCCOCCOCCOCCOCCOCCOCCOCCOCCOCCOCCOCCOCCOCCOCCOCCOCCOCCOCCOCCOCCOCCOCCOCCOCCOCCOCCOCCOCCOCCOCCOCCOCCOCCOCCOCCOCCOCCOCCOCCOCCOCCOCCOCCOCCOCCOCCOCCOCCOCCOCCOCCOCCOCCOCCOCCOCCOCCOCCOCCOCCOCCOCCOCCOCCOCCOCCOCCOCCOCCOCCOCCOCCOCCOCCOCCOCCOCCOCCOCCOCCOCCOCCOCCOCCOCCOCCO,CC(C)CCC[C@@H](C)[C@H]1CC[C@H]2[C@@H]3CC=C4C[C@@H](O)CC[C@]4(C)[C@H]3CC[C@]12C,CCCCCCCC/C=C\CCCCCCCC(=O)OC[C@H](COP(=O)([O-])OCC[N+](C)(C)C)OC(=O)CCCCCCC/C=C\CCCCCCCC,10.0,50.0,1.5,38.5,10.0,0.5,0.015,0.385,0.1,173.0,0.151
85,C12-200,C14-PEG2000,cholesterol,DSPC,30:2.5:45.5:22,95,0.336,,59,WR:7.5(wt/wt)[C12-200:mRNA],mRNA,epo,C14-PEG2000,C12-200,DSPC,cholesterol,"synthesis_method: Microfluidic; device_used: microfluidic chip device; total_flow_rate_ml_min: ; flow_rate_ratio: 3:1 (ethanol:aqueous); aqueous_phase_composition: 10 mM citrate buffer, pH 3; organic_phase_composition: ethanol phase containing lipid mixture; mixing_time_sec: ; temperature_condition: ; post_processing: dialyzed against PBS in 20,000 MWCO cassette at 4¡ÆC for 2 hours; sterilization: ; storage_buffer: PBS",animal_model: C57BL/6 mice; administration_route: intravenous; dose: 15 ¥ìg total mRNA per mouse; gene_expression_result: 326 ¡¾ 85 ng/mL serum EPO at 6 hours,Optimization of Lipid Nanoparticle Formulations for mRNA Delivery in vivo with Fractional Factorial and Definitive Screening Designs,"['Kevin J. Kauffman', 'J. Robert Dorkin', 'Jung H. Yang', 'Michael W. Heartlein', 'Frank DeRosa', 'Faryal F. Mir', 'Owen S. Fenton', 'Daniel G. Anderson']",10.1021/acs.nanolett.5b02497,Nano Letters,2015.0,CCCCCCCCCCCCC(O)CN(CCN1CCN(CCN)C(CN(CC(O)CCCCCCCCCCCC)CN(CC(O)CCCCCCCCCCCC)CC(O)CCCCCCCCCCCC)C1)CC(O)CCCCCCCCCCCC,CCCCCCCCCCCCCCOC(=O)CCOCCOCCOCCOCCOCCOCCOCCOCCOCCOCCOCCOCCOCCOCCOCCOCCOCCOCCOCCOCCOCCOCCOCCOCCOCCOCCOCCOCCOCCOCCOCCOCCOCCOCCOCCOCCOCCOCCOCCOCCOCCOCCOCCOCCOCCOCCOCCOCCOCCOCCOCCOCCOCCOCCOCCOCCOCCOCCOCCOCCOCCOCCOCCOCCOCCOCCOCCOCCOCCOCCOCCOCCOCCOCCOCCOCCOCCOCCOCCOCCOCCOCCOCCOCCOCCOCCOCCOCCOCCO,CC(C)CCC[C@@H](C)[C@H]1CC[C@H]2[C@@H]3CC=C4C[C@@H](O)CC[C@]4(C)[C@H]3CC[C@]12C,CCCCCCCCCCCCCCCCCC(=O)OC[C@H](COP(=O)([O-])OCC[N+](C)(C)C)OC(=O)CCCCCCCCCCCCCCCCC,59.0,30.0,2.5,45.5,22.0,0.3,0.025,0.455,0.22,95.0,0.336
86,C12-200,C14-PEG2000,cholesterol,DOPE,40:3:35:22,117,0.195,,30,WR:12.5(wt/wt)[C12-200:mRNA],mRNA,epo,C14-PEG2000,C12-200,DOPE,cholesterol,"synthesis_method: Microfluidic; device_used: microfluidic chip device; total_flow_rate_ml_min: ; flow_rate_ratio: 3:1 (ethanol:aqueous); aqueous_phase_composition: 10 mM citrate buffer, pH 3; organic_phase_composition: ethanol phase containing lipid mixture; mixing_time_sec: ; temperature_condition: ; post_processing: dialyzed against PBS in 20,000 MWCO cassette at 4¡ÆC for 2 hours; sterilization: ; storage_buffer: PBS",animal_model: C57BL/6 mice; administration_route: intravenous; dose: 15 ¥ìg total mRNA per mouse; gene_expression_result: 4307 ¡¾ 403 ng/mL serum EPO at 6 hours,Optimization of Lipid Nanoparticle Formulations for mRNA Delivery in vivo with Fractional Factorial and Definitive Screening Designs,"['Kevin J. Kauffman', 'J. Robert Dorkin', 'Jung H. Yang', 'Michael W. Heartlein', 'Frank DeRosa', 'Faryal F. Mir', 'Owen S. Fenton', 'Daniel G. Anderson']",10.1021/acs.nanolett.5b02497,Nano Letters,2015.0,CCCCCCCCCCCCC(O)CN(CCN1CCN(CCN)C(CN(CC(O)CCCCCCCCCCCC)CN(CC(O)CCCCCCCCCCCC)CC(O)CCCCCCCCCCCC)C1)CC(O)CCCCCCCCCCCC,CCCCCCCCCCCCCCOC(=O)CCOCCOCCOCCOCCOCCOCCOCCOCCOCCOCCOCCOCCOCCOCCOCCOCCOCCOCCOCCOCCOCCOCCOCCOCCOCCOCCOCCOCCOCCOCCOCCOCCOCCOCCOCCOCCOCCOCCOCCOCCOCCOCCOCCOCCOCCOCCOCCOCCOCCOCCOCCOCCOCCOCCOCCOCCOCCOCCOCCOCCOCCOCCOCCOCCOCCOCCOCCOCCOCCOCCOCCOCCOCCOCCOCCOCCOCCOCCOCCOCCOCCOCCOCCOCCOCCOCCOCCOCCOCCO,CC(C)CCC[C@@H](C)[C@H]1CC[C@H]2[C@@H]3CC=C4C[C@@H](O)CC[C@]4(C)[C@H]3CC[C@]12C,CCCCCCCC/C=C\CCCCCCCC(=O)OC[C@H](COP(=O)(O)OCCN)OC(=O)CCCCCCC/C=C\CCCCCCCC,30.0,40.0,3.0,35.0,22.0,0.4,0.03,0.35,0.22,117.0,0.195
87,C12-200,C14-PEG2000,cholesterol,DOPE,40:2.5:29.5:28,113,0.168,,42,WR:10(wt/wt)[C12-200:mRNA],mRNA,epo,C14-PEG2000,C12-200,DOPE,cholesterol,"synthesis_method: Microfluidic; device_used: microfluidic chip device; total_flow_rate_ml_min: ; flow_rate_ratio: 3:1 (ethanol:aqueous); aqueous_phase_composition: 10 mM citrate buffer, pH 3; organic_phase_composition: ethanol phase containing lipid mixture; mixing_time_sec: ; temperature_condition: ; post_processing: dialyzed against PBS in 20,000 MWCO cassette at 4¡ÆC for 2 hours; sterilization: ; storage_buffer: PBS",animal_model: C57BL/6 mice; administration_route: intravenous; dose: 15 ¥ìg total mRNA per mouse; gene_expression_result: 5937 ¡¾ 1272 ng/mL serum EPO at 6 hours,Optimization of Lipid Nanoparticle Formulations for mRNA Delivery in vivo with Fractional Factorial and Definitive Screening Designs,"['Kevin J. Kauffman', 'J. Robert Dorkin', 'Jung H. Yang', 'Michael W. Heartlein', 'Frank DeRosa', 'Faryal F. Mir', 'Owen S. Fenton', 'Daniel G. Anderson']",10.1021/acs.nanolett.5b02497,Nano Letters,2015.0,CCCCCCCCCCCCC(O)CN(CCN1CCN(CCN)C(CN(CC(O)CCCCCCCCCCCC)CN(CC(O)CCCCCCCCCCCC)CC(O)CCCCCCCCCCCC)C1)CC(O)CCCCCCCCCCCC,CCCCCCCCCCCCCCOC(=O)CCOCCOCCOCCOCCOCCOCCOCCOCCOCCOCCOCCOCCOCCOCCOCCOCCOCCOCCOCCOCCOCCOCCOCCOCCOCCOCCOCCOCCOCCOCCOCCOCCOCCOCCOCCOCCOCCOCCOCCOCCOCCOCCOCCOCCOCCOCCOCCOCCOCCOCCOCCOCCOCCOCCOCCOCCOCCOCCOCCOCCOCCOCCOCCOCCOCCOCCOCCOCCOCCOCCOCCOCCOCCOCCOCCOCCOCCOCCOCCOCCOCCOCCOCCOCCOCCOCCOCCOCCOCCO,CC(C)CCC[C@@H](C)[C@H]1CC[C@H]2[C@@H]3CC=C4C[C@@H](O)CC[C@]4(C)[C@H]3CC[C@]12C,CCCCCCCC/C=C\CCCCCCCC(=O)OC[C@H](COP(=O)(O)OCCN)OC(=O)CCCCCCC/C=C\CCCCCCCC,42.0,40.0,2.5,29.5,28.0,0.4,0.025,0.295,0.28,113.0,0.168
88,C12-200,C14-PEG2000,cholesterol,DSPC,40:2.5:35.5:22,88,0.245,,55,WR:10(wt/wt)[C12-200:mRNA],mRNA,epo,C14-PEG2000,C12-200,DSPC,cholesterol,"synthesis_method: Microfluidic; device_used: microfluidic chip device; total_flow_rate_ml_min: ; flow_rate_ratio: 3:1 (ethanol:aqueous); aqueous_phase_composition: 10 mM citrate buffer, pH 3; organic_phase_composition: ethanol phase containing lipid mixture; mixing_time_sec: ; temperature_condition: ; post_processing: dialyzed against PBS in 20,000 MWCO cassette at 4¡ÆC for 2 hours; sterilization: ; storage_buffer: PBS",animal_model: C57BL/6 mice; administration_route: intravenous; dose: 15 ¥ìg total mRNA per mouse; gene_expression_result: 753 ¡¾ 88 ng/mL serum EPO at 6 hours,Optimization of Lipid Nanoparticle Formulations for mRNA Delivery in vivo with Fractional Factorial and Definitive Screening Designs,"['Kevin J. Kauffman', 'J. Robert Dorkin', 'Jung H. Yang', 'Michael W. Heartlein', 'Frank DeRosa', 'Faryal F. Mir', 'Owen S. Fenton', 'Daniel G. Anderson']",10.1021/acs.nanolett.5b02497,Nano Letters,2015.0,CCCCCCCCCCCCC(O)CN(CCN1CCN(CCN)C(CN(CC(O)CCCCCCCCCCCC)CN(CC(O)CCCCCCCCCCCC)CC(O)CCCCCCCCCCCC)C1)CC(O)CCCCCCCCCCCC,CCCCCCCCCCCCCCOC(=O)CCOCCOCCOCCOCCOCCOCCOCCOCCOCCOCCOCCOCCOCCOCCOCCOCCOCCOCCOCCOCCOCCOCCOCCOCCOCCOCCOCCOCCOCCOCCOCCOCCOCCOCCOCCOCCOCCOCCOCCOCCOCCOCCOCCOCCOCCOCCOCCOCCOCCOCCOCCOCCOCCOCCOCCOCCOCCOCCOCCOCCOCCOCCOCCOCCOCCOCCOCCOCCOCCOCCOCCOCCOCCOCCOCCOCCOCCOCCOCCOCCOCCOCCOCCOCCOCCOCCOCCOCCOCCO,CC(C)CCC[C@@H](C)[C@H]1CC[C@H]2[C@@H]3CC=C4C[C@@H](O)CC[C@]4(C)[C@H]3CC[C@]12C,CCCCCCCCCCCCCCCCCC(=O)OC[C@H](COP(=O)([O-])OCC[N+](C)(C)C)OC(=O)CCCCCCCCCCCCCCCCC,55.0,40.0,2.5,35.5,22.0,0.4,0.025,0.355,0.22,88.0,0.245
89,C12-200,C14-PEG2000,cholesterol,DSPC,35:3:34:28,89,0.228,,46,WR:7.5(wt/wt)[C12-200:mRNA],mRNA,epo,C14-PEG2000,C12-200,DSPC,cholesterol,"synthesis_method: Microfluidic; device_used: microfluidic chip device; total_flow_rate_ml_min: ; flow_rate_ratio: 3:1 (ethanol:aqueous); aqueous_phase_composition: 10 mM citrate buffer, pH 3; organic_phase_composition: ethanol phase containing lipid mixture; mixing_time_sec: ; temperature_condition: ; post_processing: dialyzed against PBS in 20,000 MWCO cassette at 4¡ÆC for 2 hours; sterilization: ; storage_buffer: PBS",animal_model: C57BL/6 mice; administration_route: intravenous; dose: 15 ¥ìg total mRNA per mouse; gene_expression_result: 285 ¡¾ 14 ng/mL serum EPO at 6 hours,Optimization of Lipid Nanoparticle Formulations for mRNA Delivery in vivo with Fractional Factorial and Definitive Screening Designs,"['Kevin J. Kauffman', 'J. Robert Dorkin', 'Jung H. Yang', 'Michael W. Heartlein', 'Frank DeRosa', 'Faryal F. Mir', 'Owen S. Fenton', 'Daniel G. Anderson']",10.1021/acs.nanolett.5b02497,Nano Letters,2015.0,CCCCCCCCCCCCC(O)CN(CCN1CCN(CCN)C(CN(CC(O)CCCCCCCCCCCC)CN(CC(O)CCCCCCCCCCCC)CC(O)CCCCCCCCCCCC)C1)CC(O)CCCCCCCCCCCC,CCCCCCCCCCCCCCOC(=O)CCOCCOCCOCCOCCOCCOCCOCCOCCOCCOCCOCCOCCOCCOCCOCCOCCOCCOCCOCCOCCOCCOCCOCCOCCOCCOCCOCCOCCOCCOCCOCCOCCOCCOCCOCCOCCOCCOCCOCCOCCOCCOCCOCCOCCOCCOCCOCCOCCOCCOCCOCCOCCOCCOCCOCCOCCOCCOCCOCCOCCOCCOCCOCCOCCOCCOCCOCCOCCOCCOCCOCCOCCOCCOCCOCCOCCOCCOCCOCCOCCOCCOCCOCCOCCOCCOCCOCCOCCOCCO,CC(C)CCC[C@@H](C)[C@H]1CC[C@H]2[C@@H]3CC=C4C[C@@H](O)CC[C@]4(C)[C@H]3CC[C@]12C,CCCCCCCCCCCCCCCCCC(=O)OC[C@H](COP(=O)([O-])OCC[N+](C)(C)C)OC(=O)CCCCCCCCCCCCCCCCC,46.0,35.0,3.0,34.0,28.0,0.35,0.03,0.34,0.28,89.0,0.228
90,C12-200,C14-PEG2000,cholesterol,DOPE,30:2.5:51.5:16,109,0.284,,24,WR:7.5(wt/wt)[C12-200:mRNA],mRNA,epo,C14-PEG2000,C12-200,DOPE,cholesterol,"synthesis_method: Microfluidic; device_used: microfluidic chip device; total_flow_rate_ml_min: ; flow_rate_ratio: 3:1 (ethanol:aqueous); aqueous_phase_composition: 10 mM citrate buffer, pH 3; organic_phase_composition: ethanol phase containing lipid mixture; mixing_time_sec: ; temperature_condition: ; post_processing: dialyzed against PBS in 20,000 MWCO cassette at 4¡ÆC for 2 hours; sterilization: ; storage_buffer: PBS",animal_model: C57BL/6 mice; administration_route: intravenous; dose: 15 ¥ìg total mRNA per mouse; gene_expression_result: 2989 ¡¾ 307 ng/mL serum EPO at 6 hours,Optimization of Lipid Nanoparticle Formulations for mRNA Delivery in vivo with Fractional Factorial and Definitive Screening Designs,"['Kevin J. Kauffman', 'J. Robert Dorkin', 'Jung H. Yang', 'Michael W. Heartlein', 'Frank DeRosa', 'Faryal F. Mir', 'Owen S. Fenton', 'Daniel G. Anderson']",10.1021/acs.nanolett.5b02497,Nano Letters,2015.0,CCCCCCCCCCCCC(O)CN(CCN1CCN(CCN)C(CN(CC(O)CCCCCCCCCCCC)CN(CC(O)CCCCCCCCCCCC)CC(O)CCCCCCCCCCCC)C1)CC(O)CCCCCCCCCCCC,CCCCCCCCCCCCCCOC(=O)CCOCCOCCOCCOCCOCCOCCOCCOCCOCCOCCOCCOCCOCCOCCOCCOCCOCCOCCOCCOCCOCCOCCOCCOCCOCCOCCOCCOCCOCCOCCOCCOCCOCCOCCOCCOCCOCCOCCOCCOCCOCCOCCOCCOCCOCCOCCOCCOCCOCCOCCOCCOCCOCCOCCOCCOCCOCCOCCOCCOCCOCCOCCOCCOCCOCCOCCOCCOCCOCCOCCOCCOCCOCCOCCOCCOCCOCCOCCOCCOCCOCCOCCOCCOCCOCCOCCOCCOCCOCCO,CC(C)CCC[C@@H](C)[C@H]1CC[C@H]2[C@@H]3CC=C4C[C@@H](O)CC[C@]4(C)[C@H]3CC[C@]12C,CCCCCCCC/C=C\CCCCCCCC(=O)OC[C@H](COP(=O)(O)OCCN)OC(=O)CCCCCCC/C=C\CCCCCCCC,24.0,30.0,2.5,51.5,16.0,0.3,0.025,0.515,0.16,109.0,0.284
91,C12-200,C14-PEG2000,cholesterol,DSPC,35:3.5:45.5:16,77,0.196,,40,WR:10(wt/wt)[C12-200:mRNA],mRNA,epo,C14-PEG2000,C12-200,DSPC,cholesterol,"synthesis_method: Microfluidic; device_used: microfluidic chip device; total_flow_rate_ml_min: ; flow_rate_ratio: 3:1 (ethanol:aqueous); aqueous_phase_composition: 10 mM citrate buffer, pH 3; organic_phase_composition: ethanol phase containing lipid mixture; mixing_time_sec: ; temperature_condition: ; post_processing: dialyzed against PBS in 20,000 MWCO cassette at 4¡ÆC for 2 hours; sterilization: ; storage_buffer: PBS",animal_model: C57BL/6 mice; administration_route: intravenous; dose: 15 ¥ìg total mRNA per mouse; gene_expression_result: 348 ¡¾ 262 ng/mL serum EPO at 6 hours,Optimization of Lipid Nanoparticle Formulations for mRNA Delivery in vivo with Fractional Factorial and Definitive Screening Designs,"['Kevin J. Kauffman', 'J. Robert Dorkin', 'Jung H. Yang', 'Michael W. Heartlein', 'Frank DeRosa', 'Faryal F. Mir', 'Owen S. Fenton', 'Daniel G. Anderson']",10.1021/acs.nanolett.5b02497,Nano Letters,2015.0,CCCCCCCCCCCCC(O)CN(CCN1CCN(CCN)C(CN(CC(O)CCCCCCCCCCCC)CN(CC(O)CCCCCCCCCCCC)CC(O)CCCCCCCCCCCC)C1)CC(O)CCCCCCCCCCCC,CCCCCCCCCCCCCCOC(=O)CCOCCOCCOCCOCCOCCOCCOCCOCCOCCOCCOCCOCCOCCOCCOCCOCCOCCOCCOCCOCCOCCOCCOCCOCCOCCOCCOCCOCCOCCOCCOCCOCCOCCOCCOCCOCCOCCOCCOCCOCCOCCOCCOCCOCCOCCOCCOCCOCCOCCOCCOCCOCCOCCOCCOCCOCCOCCOCCOCCOCCOCCOCCOCCOCCOCCOCCOCCOCCOCCOCCOCCOCCOCCOCCOCCOCCOCCOCCOCCOCCOCCOCCOCCOCCOCCOCCOCCOCCOCCO,CC(C)CCC[C@@H](C)[C@H]1CC[C@H]2[C@@H]3CC=C4C[C@@H](O)CC[C@]4(C)[C@H]3CC[C@]12C,CCCCCCCCCCCCCCCCCC(=O)OC[C@H](COP(=O)([O-])OCC[N+](C)(C)C)OC(=O)CCCCCCCCCCCCCCCCC,40.0,35.0,3.5,45.5,16.0,0.35,0.035,0.455,0.16,77.0,0.196
92,C12-200,C14-PEG2000,cholesterol,DOPE,30:3.5:38.5:28,87,0.182,,42,WR:12.5(wt/wt)[C12-200:mRNA],mRNA,epo,C14-PEG2000,C12-200,DOPE,cholesterol,"synthesis_method: Microfluidic; device_used: microfluidic chip device; total_flow_rate_ml_min: ; flow_rate_ratio: 3:1 (ethanol:aqueous); aqueous_phase_composition: 10 mM citrate buffer, pH 3; organic_phase_composition: ethanol phase containing lipid mixture; mixing_time_sec: ; temperature_condition: ; post_processing: dialyzed against PBS in 20,000 MWCO cassette at 4¡ÆC for 2 hours; sterilization: ; storage_buffer: PBS",animal_model: C57BL/6 mice; administration_route: intravenous; dose: 15 ¥ìg total mRNA per mouse; gene_expression_result: 6400 ¡¾ 2405 ng/mL serum EPO at 6 hours,Optimization of Lipid Nanoparticle Formulations for mRNA Delivery in vivo with Fractional Factorial and Definitive Screening Designs,"['Kevin J. Kauffman', 'J. Robert Dorkin', 'Jung H. Yang', 'Michael W. Heartlein', 'Frank DeRosa', 'Faryal F. Mir', 'Owen S. Fenton', 'Daniel G. Anderson']",10.1021/acs.nanolett.5b02497,Nano Letters,2015.0,CCCCCCCCCCCCC(O)CN(CCN1CCN(CCN)C(CN(CC(O)CCCCCCCCCCCC)CN(CC(O)CCCCCCCCCCCC)CC(O)CCCCCCCCCCCC)C1)CC(O)CCCCCCCCCCCC,CCCCCCCCCCCCCCOC(=O)CCOCCOCCOCCOCCOCCOCCOCCOCCOCCOCCOCCOCCOCCOCCOCCOCCOCCOCCOCCOCCOCCOCCOCCOCCOCCOCCOCCOCCOCCOCCOCCOCCOCCOCCOCCOCCOCCOCCOCCOCCOCCOCCOCCOCCOCCOCCOCCOCCOCCOCCOCCOCCOCCOCCOCCOCCOCCOCCOCCOCCOCCOCCOCCOCCOCCOCCOCCOCCOCCOCCOCCOCCOCCOCCOCCOCCOCCOCCOCCOCCOCCOCCOCCOCCOCCOCCOCCOCCOCCO,CC(C)CCC[C@@H](C)[C@H]1CC[C@H]2[C@@H]3CC=C4C[C@@H](O)CC[C@]4(C)[C@H]3CC[C@]12C,CCCCCCCC/C=C\CCCCCCCC(=O)OC[C@H](COP(=O)(O)OCCN)OC(=O)CCCCCCC/C=C\CCCCCCCC,42.0,30.0,3.5,38.5,28.0,0.3,0.035,0.385,0.28,87.0,0.182
93,C12-200,C14-PEG2000,cholesterol,DOPE,40:3.5:28.5:28,85,0.208,,32,WR:7.5(wt/wt)[C12-200:mRNA],mRNA,epo,C14-PEG2000,C12-200,DOPE,cholesterol,"synthesis_method: Microfluidic; device_used: microfluidic chip device; total_flow_rate_ml_min: ; flow_rate_ratio: 3:1 (ethanol:aqueous); aqueous_phase_composition: 10 mM citrate buffer, pH 3; organic_phase_composition: ethanol phase containing lipid mixture; mixing_time_sec: ; temperature_condition: ; post_processing: dialyzed against PBS in 20,000 MWCO cassette at 4¡ÆC for 2 hours; sterilization: ; storage_buffer: PBS",animal_model: C57BL/6 mice; administration_route: intravenous; dose: 15 ¥ìg total mRNA per mouse; gene_expression_result: 5464 ¡¾ 843 ng/mL serum EPO at 6 hours,Optimization of Lipid Nanoparticle Formulations for mRNA Delivery in vivo with Fractional Factorial and Definitive Screening Designs,"['Kevin J. Kauffman', 'J. Robert Dorkin', 'Jung H. Yang', 'Michael W. Heartlein', 'Frank DeRosa', 'Faryal F. Mir', 'Owen S. Fenton', 'Daniel G. Anderson']",10.1021/acs.nanolett.5b02497,Nano Letters,2015.0,CCCCCCCCCCCCC(O)CN(CCN1CCN(CCN)C(CN(CC(O)CCCCCCCCCCCC)CN(CC(O)CCCCCCCCCCCC)CC(O)CCCCCCCCCCCC)C1)CC(O)CCCCCCCCCCCC,CCCCCCCCCCCCCCOC(=O)CCOCCOCCOCCOCCOCCOCCOCCOCCOCCOCCOCCOCCOCCOCCOCCOCCOCCOCCOCCOCCOCCOCCOCCOCCOCCOCCOCCOCCOCCOCCOCCOCCOCCOCCOCCOCCOCCOCCOCCOCCOCCOCCOCCOCCOCCOCCOCCOCCOCCOCCOCCOCCOCCOCCOCCOCCOCCOCCOCCOCCOCCOCCOCCOCCOCCOCCOCCOCCOCCOCCOCCOCCOCCOCCOCCOCCOCCOCCOCCOCCOCCOCCOCCOCCOCCOCCOCCOCCOCCO,CC(C)CCC[C@@H](C)[C@H]1CC[C@H]2[C@@H]3CC=C4C[C@@H](O)CC[C@]4(C)[C@H]3CC[C@]12C,CCCCCCCC/C=C\CCCCCCCC(=O)OC[C@H](COP(=O)(O)OCCN)OC(=O)CCCCCCC/C=C\CCCCCCCC,32.0,40.0,3.5,28.5,28.0,0.4,0.035,0.285,0.28,85.0,0.208
94,C12-200,C14-PEG2000,cholesterol,DOPE,35:3:40:22,96,0.154,,39,WR:7.5(wt/wt)[C12-200:mRNA],mRNA,epo,C14-PEG2000,C12-200,DOPE,cholesterol,"synthesis_method: Microfluidic; device_used: microfluidic chip device; total_flow_rate_ml_min: ; flow_rate_ratio: 3:1 (ethanol:aqueous); aqueous_phase_composition: 10 mM citrate buffer, pH 3; organic_phase_composition: ethanol phase containing lipid mixture; mixing_time_sec: ; temperature_condition: ; post_processing: dialyzed against PBS in 20,000 MWCO cassette at 4¡ÆC for 2 hours; sterilization: ; storage_buffer: PBS",animal_model: C57BL/6 mice; administration_route: intravenous; dose: 15 ¥ìg total mRNA per mouse; gene_expression_result: 4084 ¡¾ 452 ng/mL serum EPO at 6 hours,Optimization of Lipid Nanoparticle Formulations for mRNA Delivery in vivo with Fractional Factorial and Definitive Screening Designs,"['Kevin J. Kauffman', 'J. Robert Dorkin', 'Jung H. Yang', 'Michael W. Heartlein', 'Frank DeRosa', 'Faryal F. Mir', 'Owen S. Fenton', 'Daniel G. Anderson']",10.1021/acs.nanolett.5b02497,Nano Letters,2015.0,CCCCCCCCCCCCC(O)CN(CCN1CCN(CCN)C(CN(CC(O)CCCCCCCCCCCC)CN(CC(O)CCCCCCCCCCCC)CC(O)CCCCCCCCCCCC)C1)CC(O)CCCCCCCCCCCC,CCCCCCCCCCCCCCOC(=O)CCOCCOCCOCCOCCOCCOCCOCCOCCOCCOCCOCCOCCOCCOCCOCCOCCOCCOCCOCCOCCOCCOCCOCCOCCOCCOCCOCCOCCOCCOCCOCCOCCOCCOCCOCCOCCOCCOCCOCCOCCOCCOCCOCCOCCOCCOCCOCCOCCOCCOCCOCCOCCOCCOCCOCCOCCOCCOCCOCCOCCOCCOCCOCCOCCOCCOCCOCCOCCOCCOCCOCCOCCOCCOCCOCCOCCOCCOCCOCCOCCOCCOCCOCCOCCOCCOCCOCCOCCOCCO,CC(C)CCC[C@@H](C)[C@H]1CC[C@H]2[C@@H]3CC=C4C[C@@H](O)CC[C@]4(C)[C@H]3CC[C@]12C,CCCCCCCC/C=C\CCCCCCCC(=O)OC[C@H](COP(=O)(O)OCCN)OC(=O)CCCCCCC/C=C\CCCCCCCC,39.0,35.0,3.0,40.0,22.0,0.35,0.03,0.4,0.22,96.0,0.154
95,C12-200,C14-PEG2000,cholesterol,DSPC,35:2.5:34.5:28,109,0.303,,58,WR:12.5(wt/wt)[C12-200:mRNA],mRNA,epo,C14-PEG2000,C12-200,DSPC,cholesterol,"synthesis_method: Microfluidic; device_used: microfluidic chip device; total_flow_rate_ml_min: ; flow_rate_ratio: 3:1 (ethanol:aqueous); aqueous_phase_composition: 10 mM citrate buffer, pH 3; organic_phase_composition: ethanol phase containing lipid mixture; mixing_time_sec: ; temperature_condition: ; post_processing: dialyzed against PBS in 20,000 MWCO cassette at 4¡ÆC for 2 hours; sterilization: ; storage_buffer: PBS",animal_model: C57BL/6 mice; administration_route: intravenous; dose: 15 ¥ìg total mRNA per mouse; gene_expression_result: 316 ¡¾ 58 ng/mL serum EPO at 6 hours,Optimization of Lipid Nanoparticle Formulations for mRNA Delivery in vivo with Fractional Factorial and Definitive Screening Designs,"['Kevin J. Kauffman', 'J. Robert Dorkin', 'Jung H. Yang', 'Michael W. Heartlein', 'Frank DeRosa', 'Faryal F. Mir', 'Owen S. Fenton', 'Daniel G. Anderson']",10.1021/acs.nanolett.5b02497,Nano Letters,2015.0,CCCCCCCCCCCCC(O)CN(CCN1CCN(CCN)C(CN(CC(O)CCCCCCCCCCCC)CN(CC(O)CCCCCCCCCCCC)CC(O)CCCCCCCCCCCC)C1)CC(O)CCCCCCCCCCCC,CCCCCCCCCCCCCCOC(=O)CCOCCOCCOCCOCCOCCOCCOCCOCCOCCOCCOCCOCCOCCOCCOCCOCCOCCOCCOCCOCCOCCOCCOCCOCCOCCOCCOCCOCCOCCOCCOCCOCCOCCOCCOCCOCCOCCOCCOCCOCCOCCOCCOCCOCCOCCOCCOCCOCCOCCOCCOCCOCCOCCOCCOCCOCCOCCOCCOCCOCCOCCOCCOCCOCCOCCOCCOCCOCCOCCOCCOCCOCCOCCOCCOCCOCCOCCOCCOCCOCCOCCOCCOCCOCCOCCOCCOCCOCCOCCO,CC(C)CCC[C@@H](C)[C@H]1CC[C@H]2[C@@H]3CC=C4C[C@@H](O)CC[C@]4(C)[C@H]3CC[C@]12C,CCCCCCCCCCCCCCCCCC(=O)OC[C@H](COP(=O)([O-])OCC[N+](C)(C)C)OC(=O)CCCCCCCCCCCCCCCCC,58.0,35.0,2.5,34.5,28.0,0.35,0.025,0.345,0.28,109.0,0.303
96,C12-200,C14-PEG2000,cholesterol,DOPE,35:2.5:46.5:16,89,0.174,,44,WR:12.5(wt/wt)[C12-200:mRNA],mRNA,epo,C14-PEG2000,C12-200,DOPE,cholesterol,"synthesis_method: Microfluidic; device_used: microfluidic chip device; total_flow_rate_ml_min: ; flow_rate_ratio: 3:1 (ethanol:aqueous); aqueous_phase_composition: 10 mM citrate buffer, pH 3; organic_phase_composition: ethanol phase containing lipid mixture; mixing_time_sec: ; temperature_condition: ; post_processing: dialyzed against PBS in 20,000 MWCO cassette at 4¡ÆC for 2 hours; sterilization: ; storage_buffer: PBS",animal_model: C57BL/6 mice; administration_route: intravenous; dose: 15 ¥ìg total mRNA per mouse; gene_expression_result: 7485 ¡¾ 854 ng/mL serum EPO at 6 hours,Optimization of Lipid Nanoparticle Formulations for mRNA Delivery in vivo with Fractional Factorial and Definitive Screening Designs,"['Kevin J. Kauffman', 'J. Robert Dorkin', 'Jung H. Yang', 'Michael W. Heartlein', 'Frank DeRosa', 'Faryal F. Mir', 'Owen S. Fenton', 'Daniel G. Anderson']",10.1021/acs.nanolett.5b02497,Nano Letters,2015.0,CCCCCCCCCCCCC(O)CN(CCN1CCN(CCN)C(CN(CC(O)CCCCCCCCCCCC)CN(CC(O)CCCCCCCCCCCC)CC(O)CCCCCCCCCCCC)C1)CC(O)CCCCCCCCCCCC,CCCCCCCCCCCCCCOC(=O)CCOCCOCCOCCOCCOCCOCCOCCOCCOCCOCCOCCOCCOCCOCCOCCOCCOCCOCCOCCOCCOCCOCCOCCOCCOCCOCCOCCOCCOCCOCCOCCOCCOCCOCCOCCOCCOCCOCCOCCOCCOCCOCCOCCOCCOCCOCCOCCOCCOCCOCCOCCOCCOCCOCCOCCOCCOCCOCCOCCOCCOCCOCCOCCOCCOCCOCCOCCOCCOCCOCCOCCOCCOCCOCCOCCOCCOCCOCCOCCOCCOCCOCCOCCOCCOCCOCCOCCOCCOCCO,CC(C)CCC[C@@H](C)[C@H]1CC[C@H]2[C@@H]3CC=C4C[C@@H](O)CC[C@]4(C)[C@H]3CC[C@]12C,CCCCCCCC/C=C\CCCCCCCC(=O)OC[C@H](COP(=O)(O)OCCN)OC(=O)CCCCCCC/C=C\CCCCCCCC,44.0,35.0,2.5,46.5,16.0,0.35,0.025,0.465,0.16,89.0,0.174
97,C12-200,C14-PEG2000,cholesterol,DSPC,30:3.5:44.5:22,74,0.328,,57,WR:12.5(wt/wt)[C12-200:mRNA],mRNA,epo,C14-PEG2000,C12-200,DSPC,cholesterol,"synthesis_method: Microfluidic; device_used: microfluidic chip device; total_flow_rate_ml_min: ; flow_rate_ratio: 3:1 (ethanol:aqueous); aqueous_phase_composition: 10 mM citrate buffer, pH 3; organic_phase_composition: ethanol phase containing lipid mixture; mixing_time_sec: ; temperature_condition: ; post_processing: dialyzed against PBS in 20,000 MWCO cassette at 4¡ÆC for 2 hours; sterilization: ; storage_buffer: PBS",animal_model: C57BL/6 mice; administration_route: intravenous; dose: 15 ¥ìg total mRNA per mouse; gene_expression_result: 648 ¡¾ 311 ng/mL serum EPO at 6 hours,Optimization of Lipid Nanoparticle Formulations for mRNA Delivery in vivo with Fractional Factorial and Definitive Screening Designs,"['Kevin J. Kauffman', 'J. Robert Dorkin', 'Jung H. Yang', 'Michael W. Heartlein', 'Frank DeRosa', 'Faryal F. Mir', 'Owen S. Fenton', 'Daniel G. Anderson']",10.1021/acs.nanolett.5b02497,Nano Letters,2015.0,CCCCCCCCCCCCC(O)CN(CCN1CCN(CCN)C(CN(CC(O)CCCCCCCCCCCC)CN(CC(O)CCCCCCCCCCCC)CC(O)CCCCCCCCCCCC)C1)CC(O)CCCCCCCCCCCC,CCCCCCCCCCCCCCOC(=O)CCOCCOCCOCCOCCOCCOCCOCCOCCOCCOCCOCCOCCOCCOCCOCCOCCOCCOCCOCCOCCOCCOCCOCCOCCOCCOCCOCCOCCOCCOCCOCCOCCOCCOCCOCCOCCOCCOCCOCCOCCOCCOCCOCCOCCOCCOCCOCCOCCOCCOCCOCCOCCOCCOCCOCCOCCOCCOCCOCCOCCOCCOCCOCCOCCOCCOCCOCCOCCOCCOCCOCCOCCOCCOCCOCCOCCOCCOCCOCCOCCOCCOCCOCCOCCOCCOCCOCCOCCOCCO,CC(C)CCC[C@@H](C)[C@H]1CC[C@H]2[C@@H]3CC=C4C[C@@H](O)CC[C@]4(C)[C@H]3CC[C@]12C,CCCCCCCCCCCCCCCCCC(=O)OC[C@H](COP(=O)([O-])OCC[N+](C)(C)C)OC(=O)CCCCCCCCCCCCCCCCC,57.0,30.0,3.5,44.5,22.0,0.3,0.035,0.445,0.22,74.0,0.328
98,C12-200,C14-PEG2000,cholesterol,DOPE,35:3.5:39.5:22,93,0.205,,35,WR:10(wt/wt)[C12-200:mRNA],mRNA,epo,C14-PEG2000,C12-200,DOPE,cholesterol,"synthesis_method: Microfluidic; device_used: microfluidic chip device; total_flow_rate_ml_min: ; flow_rate_ratio: 3:1 (ethanol:aqueous); aqueous_phase_composition: 10 mM citrate buffer, pH 3; organic_phase_composition: ethanol phase containing lipid mixture; mixing_time_sec: ; temperature_condition: ; post_processing: dialyzed against PBS in 20,000 MWCO cassette at 4¡ÆC for 2 hours; sterilization: ; storage_buffer: PBS",animal_model: C57BL/6 mice; administration_route: intravenous; dose: 15 ¥ìg total mRNA per mouse; gene_expression_result: 5960 ¡¾ 834 ng/mL serum EPO at 6 hours,Optimization of Lipid Nanoparticle Formulations for mRNA Delivery in vivo with Fractional Factorial and Definitive Screening Designs,"['Kevin J. Kauffman', 'J. Robert Dorkin', 'Jung H. Yang', 'Michael W. Heartlein', 'Frank DeRosa', 'Faryal F. Mir', 'Owen S. Fenton', 'Daniel G. Anderson']",10.1021/acs.nanolett.5b02497,Nano Letters,2015.0,CCCCCCCCCCCCC(O)CN(CCN1CCN(CCN)C(CN(CC(O)CCCCCCCCCCCC)CN(CC(O)CCCCCCCCCCCC)CC(O)CCCCCCCCCCCC)C1)CC(O)CCCCCCCCCCCC,CCCCCCCCCCCCCCOC(=O)CCOCCOCCOCCOCCOCCOCCOCCOCCOCCOCCOCCOCCOCCOCCOCCOCCOCCOCCOCCOCCOCCOCCOCCOCCOCCOCCOCCOCCOCCOCCOCCOCCOCCOCCOCCOCCOCCOCCOCCOCCOCCOCCOCCOCCOCCOCCOCCOCCOCCOCCOCCOCCOCCOCCOCCOCCOCCOCCOCCOCCOCCOCCOCCOCCOCCOCCOCCOCCOCCOCCOCCOCCOCCOCCOCCOCCOCCOCCOCCOCCOCCOCCOCCOCCOCCOCCOCCOCCOCCO,CC(C)CCC[C@@H](C)[C@H]1CC[C@H]2[C@@H]3CC=C4C[C@@H](O)CC[C@]4(C)[C@H]3CC[C@]12C,CCCCCCCC/C=C\CCCCCCCC(=O)OC[C@H](COP(=O)(O)OCCN)OC(=O)CCCCCCC/C=C\CCCCCCCC,35.0,35.0,3.5,39.5,22.0,0.35,0.035,0.395,0.22,93.0,0.205
99,C12-200,C14-PEG2000,cholesterol,DOPE,30:3:51:16,77,0.198,,38,WR:10(wt/wt)[C12-200:mRNA],mRNA,epo,C14-PEG2000,C12-200,DOPE,cholesterol,"synthesis_method: Microfluidic; device_used: microfluidic chip device; total_flow_rate_ml_min: ; flow_rate_ratio: 3:1 (ethanol:aqueous); aqueous_phase_composition: 10 mM citrate buffer, pH 3; organic_phase_composition: ethanol phase containing lipid mixture; mixing_time_sec: ; temperature_condition: ; post_processing: dialyzed against PBS in 20,000 MWCO cassette at 4¡ÆC for 2 hours; sterilization: ; storage_buffer: PBS",animal_model: C57BL/6 mice; administration_route: intravenous; dose: 15 ¥ìg total mRNA per mouse; gene_expression_result: 4792 ¡¾ 620 ng/mL serum EPO at 6 hours,Optimization of Lipid Nanoparticle Formulations for mRNA Delivery in vivo with Fractional Factorial and Definitive Screening Designs,"['Kevin J. Kauffman', 'J. Robert Dorkin', 'Jung H. Yang', 'Michael W. Heartlein', 'Frank DeRosa', 'Faryal F. Mir', 'Owen S. Fenton', 'Daniel G. Anderson']",10.1021/acs.nanolett.5b02497,Nano Letters,2015.0,CCCCCCCCCCCCC(O)CN(CCN1CCN(CCN)C(CN(CC(O)CCCCCCCCCCCC)CN(CC(O)CCCCCCCCCCCC)CC(O)CCCCCCCCCCCC)C1)CC(O)CCCCCCCCCCCC,CCCCCCCCCCCCCCOC(=O)CCOCCOCCOCCOCCOCCOCCOCCOCCOCCOCCOCCOCCOCCOCCOCCOCCOCCOCCOCCOCCOCCOCCOCCOCCOCCOCCOCCOCCOCCOCCOCCOCCOCCOCCOCCOCCOCCOCCOCCOCCOCCOCCOCCOCCOCCOCCOCCOCCOCCOCCOCCOCCOCCOCCOCCOCCOCCOCCOCCOCCOCCOCCOCCOCCOCCOCCOCCOCCOCCOCCOCCOCCOCCOCCOCCOCCOCCOCCOCCOCCOCCOCCOCCOCCOCCOCCOCCOCCOCCO,CC(C)CCC[C@@H](C)[C@H]1CC[C@H]2[C@@H]3CC=C4C[C@@H](O)CC[C@]4(C)[C@H]3CC[C@]12C,CCCCCCCC/C=C\CCCCCCCC(=O)OC[C@H](COP(=O)(O)OCCN)OC(=O)CCCCCCC/C=C\CCCCCCCC,38.0,30.0,3.0,51.0,16.0,0.3,0.03,0.51,0.16,77.0,0.198
100,C12-200,C14-PEG2000,cholesterol,DSPC,30:3:39:28,86,0.287,,60,WR:10(wt/wt)[C12-200:mRNA],mRNA,epo,C14-PEG2000,C12-200,DSPC,cholesterol,"synthesis_method: Microfluidic; device_used: microfluidic chip device; total_flow_rate_ml_min: ; flow_rate_ratio: 3:1 (ethanol:aqueous); aqueous_phase_composition: 10 mM citrate buffer, pH 3; organic_phase_composition: ethanol phase containing lipid mixture; mixing_time_sec: ; temperature_condition: ; post_processing: dialyzed against PBS in 20,000 MWCO cassette at 4¡ÆC for 2 hours; sterilization: ; storage_buffer: PBS",animal_model: C57BL/6 mice; administration_route: intravenous; dose: 15 ¥ìg total mRNA per mouse; gene_expression_result: 293 ¡¾ 13 ng/mL serum EPO at 6 hours,Optimization of Lipid Nanoparticle Formulations for mRNA Delivery in vivo with Fractional Factorial and Definitive Screening Designs,"['Kevin J. Kauffman', 'J. Robert Dorkin', 'Jung H. Yang', 'Michael W. Heartlein', 'Frank DeRosa', 'Faryal F. Mir', 'Owen S. Fenton', 'Daniel G. Anderson']",10.1021/acs.nanolett.5b02497,Nano Letters,2015.0,CCCCCCCCCCCCC(O)CN(CCN1CCN(CCN)C(CN(CC(O)CCCCCCCCCCCC)CN(CC(O)CCCCCCCCCCCC)CC(O)CCCCCCCCCCCC)C1)CC(O)CCCCCCCCCCCC,CCCCCCCCCCCCCCOC(=O)CCOCCOCCOCCOCCOCCOCCOCCOCCOCCOCCOCCOCCOCCOCCOCCOCCOCCOCCOCCOCCOCCOCCOCCOCCOCCOCCOCCOCCOCCOCCOCCOCCOCCOCCOCCOCCOCCOCCOCCOCCOCCOCCOCCOCCOCCOCCOCCOCCOCCOCCOCCOCCOCCOCCOCCOCCOCCOCCOCCOCCOCCOCCOCCOCCOCCOCCOCCOCCOCCOCCOCCOCCOCCOCCOCCOCCOCCOCCOCCOCCOCCOCCOCCOCCOCCOCCOCCOCCOCCO,CC(C)CCC[C@@H](C)[C@H]1CC[C@H]2[C@@H]3CC=C4C[C@@H](O)CC[C@]4(C)[C@H]3CC[C@]12C,CCCCCCCCCCCCCCCCCC(=O)OC[C@H](COP(=O)([O-])OCC[N+](C)(C)C)OC(=O)CCCCCCCCCCCCCCCCC,60.0,30.0,3.0,39.0,28.0,0.3,0.03,0.39,0.28,86.0,0.287
101,C12-200,C14-PEG2000,cholesterol,DSPC,40:3:41:16,65,0.396,,45,WR:12.5(wt/wt)[C12-200:mRNA],mRNA,epo,C14-PEG2000,C12-200,DSPC,cholesterol,"synthesis_method: Microfluidic; device_used: microfluidic chip device; total_flow_rate_ml_min: ; flow_rate_ratio: 3:1 (ethanol:aqueous); aqueous_phase_composition: 10 mM citrate buffer, pH 3; organic_phase_composition: ethanol phase containing lipid mixture; mixing_time_sec: ; temperature_condition: ; post_processing: dialyzed against PBS in 20,000 MWCO cassette at 4¡ÆC for 2 hours; sterilization: ; storage_buffer: PBS",animal_model: C57BL/6 mice; administration_route: intravenous; dose: 15 ¥ìg total mRNA per mouse; gene_expression_result: 1795 ¡¾ 298 ng/mL serum EPO at 6 hours,Optimization of Lipid Nanoparticle Formulations for mRNA Delivery in vivo with Fractional Factorial and Definitive Screening Designs,"['Kevin J. Kauffman', 'J. Robert Dorkin', 'Jung H. Yang', 'Michael W. Heartlein', 'Frank DeRosa', 'Faryal F. Mir', 'Owen S. Fenton', 'Daniel G. Anderson']",10.1021/acs.nanolett.5b02497,Nano Letters,2015.0,CCCCCCCCCCCCC(O)CN(CCN1CCN(CCN)C(CN(CC(O)CCCCCCCCCCCC)CN(CC(O)CCCCCCCCCCCC)CC(O)CCCCCCCCCCCC)C1)CC(O)CCCCCCCCCCCC,CCCCCCCCCCCCCCOC(=O)CCOCCOCCOCCOCCOCCOCCOCCOCCOCCOCCOCCOCCOCCOCCOCCOCCOCCOCCOCCOCCOCCOCCOCCOCCOCCOCCOCCOCCOCCOCCOCCOCCOCCOCCOCCOCCOCCOCCOCCOCCOCCOCCOCCOCCOCCOCCOCCOCCOCCOCCOCCOCCOCCOCCOCCOCCOCCOCCOCCOCCOCCOCCOCCOCCOCCOCCOCCOCCOCCOCCOCCOCCOCCOCCOCCOCCOCCOCCOCCOCCOCCOCCOCCOCCOCCOCCOCCOCCOCCO,CC(C)CCC[C@@H](C)[C@H]1CC[C@H]2[C@@H]3CC=C4C[C@@H](O)CC[C@]4(C)[C@H]3CC[C@]12C,CCCCCCCCCCCCCCCCCC(=O)OC[C@H](COP(=O)([O-])OCC[N+](C)(C)C)OC(=O)CCCCCCCCCCCCCCCCC,45.0,40.0,3.0,41.0,16.0,0.4,0.03,0.41,0.16,65.0,0.396
102,C12-200,C14-PEG2000,cholesterol,DSPC,40:3.5:40.5:16,64,0.295,,39,WR:7.5(wt/wt)[C12-200:mRNA],mRNA,epo,C14-PEG2000,C12-200,DSPC,cholesterol,"synthesis_method: Microfluidic; device_used: microfluidic chip device; total_flow_rate_ml_min: ; flow_rate_ratio: 3:1 (ethanol:aqueous); aqueous_phase_composition: 10 mM citrate buffer, pH 3; organic_phase_composition: ethanol phase containing lipid mixture; mixing_time_sec: ; temperature_condition: ; post_processing: dialyzed against PBS in 20,000 MWCO cassette at 4¡ÆC for 2 hours; sterilization: ; storage_buffer: PBS",animal_model: C57BL/6 mice; administration_route: intravenous; dose: 15 ¥ìg total mRNA per mouse; gene_expression_result: 1126 ¡¾ 260 ng/mL serum EPO at 6 hours,Optimization of Lipid Nanoparticle Formulations for mRNA Delivery in vivo with Fractional Factorial and Definitive Screening Designs,"['Kevin J. Kauffman', 'J. Robert Dorkin', 'Jung H. Yang', 'Michael W. Heartlein', 'Frank DeRosa', 'Faryal F. Mir', 'Owen S. Fenton', 'Daniel G. Anderson']",10.1021/acs.nanolett.5b02497,Nano Letters,2015.0,CCCCCCCCCCCCC(O)CN(CCN1CCN(CCN)C(CN(CC(O)CCCCCCCCCCCC)CN(CC(O)CCCCCCCCCCCC)CC(O)CCCCCCCCCCCC)C1)CC(O)CCCCCCCCCCCC,CCCCCCCCCCCCCCOC(=O)CCOCCOCCOCCOCCOCCOCCOCCOCCOCCOCCOCCOCCOCCOCCOCCOCCOCCOCCOCCOCCOCCOCCOCCOCCOCCOCCOCCOCCOCCOCCOCCOCCOCCOCCOCCOCCOCCOCCOCCOCCOCCOCCOCCOCCOCCOCCOCCOCCOCCOCCOCCOCCOCCOCCOCCOCCOCCOCCOCCOCCOCCOCCOCCOCCOCCOCCOCCOCCOCCOCCOCCOCCOCCOCCOCCOCCOCCOCCOCCOCCOCCOCCOCCOCCOCCOCCOCCOCCOCCO,CC(C)CCC[C@@H](C)[C@H]1CC[C@H]2[C@@H]3CC=C4C[C@@H](O)CC[C@]4(C)[C@H]3CC[C@]12C,CCCCCCCCCCCCCCCCCC(=O)OC[C@H](COP(=O)([O-])OCC[N+](C)(C)C)OC(=O)CCCCCCCCCCCCCCCCC,39.0,40.0,3.5,40.5,16.0,0.4,0.035,0.405,0.16,64.0,0.295
103,C12-200,C14-PEG2000,cholesterol,DOPE,35:2.5:46.5:16,106,0.216,,33,WR:5(wt/wt)[C12-200:mRNA],mRNA,epo,C14-PEG2000,C12-200,DOPE,cholesterol,"synthesis_method: Microfluidic; device_used: microfluidic chip device; total_flow_rate_ml_min: ; flow_rate_ratio: 3:1 (ethanol:aqueous); aqueous_phase_composition: 10 mM citrate buffer, pH 3; organic_phase_composition: ethanol phase containing lipid mixture; mixing_time_sec: ; temperature_condition: ; post_processing: dialyzed against PBS in 20,000 MWCO cassette at 4¡ÆC for 2 hours; sterilization: ; storage_buffer: PBS",animal_model: C57BL/6 mice; administration_route: intravenous; dose: 15 ¥ìg total mRNA per mouse; gene_expression_result: 3134 ¡¾ 502 ng/mL serum EPO at 6 hours,Optimization of Lipid Nanoparticle Formulations for mRNA Delivery in vivo with Fractional Factorial and Definitive Screening Designs,"['Kevin J. Kauffman', 'J. Robert Dorkin', 'Jung H. Yang', 'Michael W. Heartlein', 'Frank DeRosa', 'Faryal F. Mir', 'Owen S. Fenton', 'Daniel G. Anderson']",10.1021/acs.nanolett.5b02497,Nano Letters,2015.0,CCCCCCCCCCCCC(O)CN(CCN1CCN(CCN)C(CN(CC(O)CCCCCCCCCCCC)CN(CC(O)CCCCCCCCCCCC)CC(O)CCCCCCCCCCCC)C1)CC(O)CCCCCCCCCCCC,CCCCCCCCCCCCCCOC(=O)CCOCCOCCOCCOCCOCCOCCOCCOCCOCCOCCOCCOCCOCCOCCOCCOCCOCCOCCOCCOCCOCCOCCOCCOCCOCCOCCOCCOCCOCCOCCOCCOCCOCCOCCOCCOCCOCCOCCOCCOCCOCCOCCOCCOCCOCCOCCOCCOCCOCCOCCOCCOCCOCCOCCOCCOCCOCCOCCOCCOCCOCCOCCOCCOCCOCCOCCOCCOCCOCCOCCOCCOCCOCCOCCOCCOCCOCCOCCOCCOCCOCCOCCOCCOCCOCCOCCOCCOCCOCCO,CC(C)CCC[C@@H](C)[C@H]1CC[C@H]2[C@@H]3CC=C4C[C@@H](O)CC[C@]4(C)[C@H]3CC[C@]12C,CCCCCCCC/C=C\CCCCCCCC(=O)OC[C@H](COP(=O)(O)OCCN)OC(=O)CCCCCCC/C=C\CCCCCCCC,33.0,35.0,2.5,46.5,16.0,0.35,0.025,0.465,0.16,106.0,0.216
104,C12-200,C14-PEG2000,cholesterol,DOPE,35:2.5:46.5:16,106,0.159,,40,WR:7.5(wt/wt)[C12-200:mRNA],mRNA,epo,C14-PEG2000,C12-200,DOPE,cholesterol,"synthesis_method: Microfluidic; device_used: microfluidic chip device; total_flow_rate_ml_min: ; flow_rate_ratio: 3:1 (ethanol:aqueous); aqueous_phase_composition: 10 mM citrate buffer, pH 3; organic_phase_composition: ethanol phase containing lipid mixture; mixing_time_sec: ; temperature_condition: ; post_processing: dialyzed against PBS in 20,000 MWCO cassette at 4¡ÆC for 2 hours; sterilization: ; storage_buffer: PBS",animal_model: C57BL/6 mice; administration_route: intravenous; dose: 15 ¥ìg total mRNA per mouse; gene_expression_result: 4504 ¡¾ 586 ng/mL serum EPO at 6 hours,Optimization of Lipid Nanoparticle Formulations for mRNA Delivery in vivo with Fractional Factorial and Definitive Screening Designs,"['Kevin J. Kauffman', 'J. Robert Dorkin', 'Jung H. Yang', 'Michael W. Heartlein', 'Frank DeRosa', 'Faryal F. Mir', 'Owen S. Fenton', 'Daniel G. Anderson']",10.1021/acs.nanolett.5b02497,Nano Letters,2015.0,CCCCCCCCCCCCC(O)CN(CCN1CCN(CCN)C(CN(CC(O)CCCCCCCCCCCC)CN(CC(O)CCCCCCCCCCCC)CC(O)CCCCCCCCCCCC)C1)CC(O)CCCCCCCCCCCC,CCCCCCCCCCCCCCOC(=O)CCOCCOCCOCCOCCOCCOCCOCCOCCOCCOCCOCCOCCOCCOCCOCCOCCOCCOCCOCCOCCOCCOCCOCCOCCOCCOCCOCCOCCOCCOCCOCCOCCOCCOCCOCCOCCOCCOCCOCCOCCOCCOCCOCCOCCOCCOCCOCCOCCOCCOCCOCCOCCOCCOCCOCCOCCOCCOCCOCCOCCOCCOCCOCCOCCOCCOCCOCCOCCOCCOCCOCCOCCOCCOCCOCCOCCOCCOCCOCCOCCOCCOCCOCCOCCOCCOCCOCCOCCOCCO,CC(C)CCC[C@@H](C)[C@H]1CC[C@H]2[C@@H]3CC=C4C[C@@H](O)CC[C@]4(C)[C@H]3CC[C@]12C,CCCCCCCC/C=C\CCCCCCCC(=O)OC[C@H](COP(=O)(O)OCCN)OC(=O)CCCCCCC/C=C\CCCCCCCC,40.0,35.0,2.5,46.5,16.0,0.35,0.025,0.465,0.16,106.0,0.159
105,C12-200,C14-PEG2000,cholesterol,DOPE,35:2.5:46.5:16,102,0.158,-5,43,WR:10(wt/wt)[C12-200:mRNA],mRNA,epo,C14-PEG2000,C12-200,DOPE,cholesterol,"synthesis_method: Microfluidic; device_used: microfluidic chip device; total_flow_rate_ml_min: ; flow_rate_ratio: 3:1 (ethanol:aqueous); aqueous_phase_composition: 10 mM citrate buffer, pH 3; organic_phase_composition: ethanol phase containing lipid mixture; mixing_time_sec: ; temperature_condition: ; post_processing: dialyzed against PBS in 20,000 MWCO cassette at 4¡ÆC for 2 hours; sterilization: ; storage_buffer: PBS",animal_model: C57BL/6 mice; administration_route: intravenous; dose: 15 ¥ìg total mRNA per mouse; gene_expression_result: 7065 ¡¾ 513 ng/mL serum EPO at 6 hours,Optimization of Lipid Nanoparticle Formulations for mRNA Delivery in vivo with Fractional Factorial and Definitive Screening Designs,"['Kevin J. Kauffman', 'J. Robert Dorkin', 'Jung H. Yang', 'Michael W. Heartlein', 'Frank DeRosa', 'Faryal F. Mir', 'Owen S. Fenton', 'Daniel G. Anderson']",10.1021/acs.nanolett.5b02497,Nano Letters,2015.0,CCCCCCCCCCCCC(O)CN(CCN1CCN(CCN)C(CN(CC(O)CCCCCCCCCCCC)CN(CC(O)CCCCCCCCCCCC)CC(O)CCCCCCCCCCCC)C1)CC(O)CCCCCCCCCCCC,CCCCCCCCCCCCCCOC(=O)CCOCCOCCOCCOCCOCCOCCOCCOCCOCCOCCOCCOCCOCCOCCOCCOCCOCCOCCOCCOCCOCCOCCOCCOCCOCCOCCOCCOCCOCCOCCOCCOCCOCCOCCOCCOCCOCCOCCOCCOCCOCCOCCOCCOCCOCCOCCOCCOCCOCCOCCOCCOCCOCCOCCOCCOCCOCCOCCOCCOCCOCCOCCOCCOCCOCCOCCOCCOCCOCCOCCOCCOCCOCCOCCOCCOCCOCCOCCOCCOCCOCCOCCOCCOCCOCCOCCOCCOCCOCCO,CC(C)CCC[C@@H](C)[C@H]1CC[C@H]2[C@@H]3CC=C4C[C@@H](O)CC[C@]4(C)[C@H]3CC[C@]12C,CCCCCCCC/C=C\CCCCCCCC(=O)OC[C@H](COP(=O)(O)OCCN)OC(=O)CCCCCCC/C=C\CCCCCCCC,43.0,35.0,2.5,46.5,16.0,0.35,0.025,0.465,0.16,102.0,0.158
106,C12-200,C14-PEG2000,cholesterol,DOPE,35:2.5:46.5:16,102,0.147,,48,WR:15(wt/wt)[C12-200:mRNA],mRNA,epo,C14-PEG2000,C12-200,DOPE,cholesterol,"synthesis_method: Microfluidic; device_used: microfluidic chip device; total_flow_rate_ml_min: ; flow_rate_ratio: 3:1 (ethanol:aqueous); aqueous_phase_composition: 10 mM citrate buffer, pH 3; organic_phase_composition: ethanol phase containing lipid mixture; mixing_time_sec: ; temperature_condition: ; post_processing: dialyzed against PBS in 20,000 MWCO cassette at 4¡ÆC for 2 hours; sterilization: ; storage_buffer: PBS",animal_model: C57BL/6 mice; administration_route: intravenous; dose: 15 ¥ìg total mRNA per mouse; gene_expression_result: 7548 ¡¾ 208 ng/mL serum EPO at 6 hours,Optimization of Lipid Nanoparticle Formulations for mRNA Delivery in vivo with Fractional Factorial and Definitive Screening Designs,"['Kevin J. Kauffman', 'J. Robert Dorkin', 'Jung H. Yang', 'Michael W. Heartlein', 'Frank DeRosa', 'Faryal F. Mir', 'Owen S. Fenton', 'Daniel G. Anderson']",10.1021/acs.nanolett.5b02497,Nano Letters,2015.0,CCCCCCCCCCCCC(O)CN(CCN1CCN(CCN)C(CN(CC(O)CCCCCCCCCCCC)CN(CC(O)CCCCCCCCCCCC)CC(O)CCCCCCCCCCCC)C1)CC(O)CCCCCCCCCCCC,CCCCCCCCCCCCCCOC(=O)CCOCCOCCOCCOCCOCCOCCOCCOCCOCCOCCOCCOCCOCCOCCOCCOCCOCCOCCOCCOCCOCCOCCOCCOCCOCCOCCOCCOCCOCCOCCOCCOCCOCCOCCOCCOCCOCCOCCOCCOCCOCCOCCOCCOCCOCCOCCOCCOCCOCCOCCOCCOCCOCCOCCOCCOCCOCCOCCOCCOCCOCCOCCOCCOCCOCCOCCOCCOCCOCCOCCOCCOCCOCCOCCOCCOCCOCCOCCOCCOCCOCCOCCOCCOCCOCCOCCOCCOCCOCCO,CC(C)CCC[C@@H](C)[C@H]1CC[C@H]2[C@@H]3CC=C4C[C@@H](O)CC[C@]4(C)[C@H]3CC[C@]12C,CCCCCCCC/C=C\CCCCCCCC(=O)OC[C@H](COP(=O)(O)OCCN)OC(=O)CCCCCCC/C=C\CCCCCCCC,48.0,35.0,2.5,46.5,16.0,0.35,0.025,0.465,0.16,102.0,0.147
107,C12-200,C14-PEG2000,cholesterol,DOPE,35:2.5:46.5:16,98,0.177,,53,WR:20(wt/wt)[C12-200:mRNA],mRNA,epo,C14-PEG2000,C12-200,DOPE,cholesterol,"synthesis_method: Microfluidic; device_used: microfluidic chip device; total_flow_rate_ml_min: ; flow_rate_ratio: 3:1 (ethanol:aqueous); aqueous_phase_composition: 10 mM citrate buffer, pH 3; organic_phase_composition: ethanol phase containing lipid mixture; mixing_time_sec: ; temperature_condition: ; post_processing: dialyzed against PBS in 20,000 MWCO cassette at 4¡ÆC for 2 hours; sterilization: ; storage_buffer: PBS",animal_model: C57BL/6 mice; administration_route: intravenous; dose: 15 ¥ìg total mRNA per mouse; gene_expression_result: 7268 ¡¾ 366 ng/mL serum EPO at 6 hours,Optimization of Lipid Nanoparticle Formulations for mRNA Delivery in vivo with Fractional Factorial and Definitive Screening Designs,"['Kevin J. Kauffman', 'J. Robert Dorkin', 'Jung H. Yang', 'Michael W. Heartlein', 'Frank DeRosa', 'Faryal F. Mir', 'Owen S. Fenton', 'Daniel G. Anderson']",10.1021/acs.nanolett.5b02497,Nano Letters,2015.0,CCCCCCCCCCCCC(O)CN(CCN1CCN(CCN)C(CN(CC(O)CCCCCCCCCCCC)CN(CC(O)CCCCCCCCCCCC)CC(O)CCCCCCCCCCCC)C1)CC(O)CCCCCCCCCCCC,CCCCCCCCCCCCCCOC(=O)CCOCCOCCOCCOCCOCCOCCOCCOCCOCCOCCOCCOCCOCCOCCOCCOCCOCCOCCOCCOCCOCCOCCOCCOCCOCCOCCOCCOCCOCCOCCOCCOCCOCCOCCOCCOCCOCCOCCOCCOCCOCCOCCOCCOCCOCCOCCOCCOCCOCCOCCOCCOCCOCCOCCOCCOCCOCCOCCOCCOCCOCCOCCOCCOCCOCCOCCOCCOCCOCCOCCOCCOCCOCCOCCOCCOCCOCCOCCOCCOCCOCCOCCOCCOCCOCCOCCOCCOCCOCCO,CC(C)CCC[C@@H](C)[C@H]1CC[C@H]2[C@@H]3CC=C4C[C@@H](O)CC[C@]4(C)[C@H]3CC[C@]12C,CCCCCCCC/C=C\CCCCCCCC(=O)OC[C@H](COP(=O)(O)OCCN)OC(=O)CCCCCCC/C=C\CCCCCCCC,53.0,35.0,2.5,46.5,16.0,0.35,0.025,0.465,0.16,98.0,0.177
108,C12-200,C14-PEG2000,cholesterol,DOPE,35:2.5:46.5:16,109,0.151,,52,WR:25(wt/wt)[C12-200:mRNA],mRNA,epo,C14-PEG2000,C12-200,DOPE,cholesterol,"synthesis_method: Microfluidic; device_used: microfluidic chip device; total_flow_rate_ml_min: ; flow_rate_ratio: 3:1 (ethanol:aqueous); aqueous_phase_composition: 10 mM citrate buffer, pH 3; organic_phase_composition: ethanol phase containing lipid mixture; mixing_time_sec: ; temperature_condition: ; post_processing: dialyzed against PBS in 20,000 MWCO cassette at 4¡ÆC for 2 hours; sterilization: ; storage_buffer: PBS",animal_model: C57BL/6 mice; administration_route: intravenous; dose: 15 ¥ìg total mRNA per mouse; gene_expression_result: 6179 ¡¾ 361 ng/mL serum EPO at 6 hours,Optimization of Lipid Nanoparticle Formulations for mRNA Delivery in vivo with Fractional Factorial and Definitive Screening Designs,"['Kevin J. Kauffman', 'J. Robert Dorkin', 'Jung H. Yang', 'Michael W. Heartlein', 'Frank DeRosa', 'Faryal F. Mir', 'Owen S. Fenton', 'Daniel G. Anderson']",10.1021/acs.nanolett.5b02497,Nano Letters,2015.0,CCCCCCCCCCCCC(O)CN(CCN1CCN(CCN)C(CN(CC(O)CCCCCCCCCCCC)CN(CC(O)CCCCCCCCCCCC)CC(O)CCCCCCCCCCCC)C1)CC(O)CCCCCCCCCCCC,CCCCCCCCCCCCCCOC(=O)CCOCCOCCOCCOCCOCCOCCOCCOCCOCCOCCOCCOCCOCCOCCOCCOCCOCCOCCOCCOCCOCCOCCOCCOCCOCCOCCOCCOCCOCCOCCOCCOCCOCCOCCOCCOCCOCCOCCOCCOCCOCCOCCOCCOCCOCCOCCOCCOCCOCCOCCOCCOCCOCCOCCOCCOCCOCCOCCOCCOCCOCCOCCOCCOCCOCCOCCOCCOCCOCCOCCOCCOCCOCCOCCOCCOCCOCCOCCOCCOCCOCCOCCOCCOCCOCCOCCOCCOCCOCCO,CC(C)CCC[C@@H](C)[C@H]1CC[C@H]2[C@@H]3CC=C4C[C@@H](O)CC[C@]4(C)[C@H]3CC[C@]12C,CCCCCCCC/C=C\CCCCCCCC(=O)OC[C@H](COP(=O)(O)OCCN)OC(=O)CCCCCCC/C=C\CCCCCCCC,52.0,35.0,2.5,46.5,16.0,0.35,0.025,0.465,0.16,109.0,0.151
109,C12-200,C14-PEG2000,cholesterol,DSPC,50:1.5:38.5:10,113,0.147,,27,WR:5(wt/wt)[C12-200:mRNA],mRNA,luciferase,C14-PEG2000,C12-200,DSPC,cholesterol,"synthesis_method: Microfluidic; device_used: microfluidic chip device; total_flow_rate_ml_min: ; flow_rate_ratio: 3:1 (ethanol:aqueous); aqueous_phase_composition: 10 mM citrate buffer, pH 3; organic_phase_composition: ethanol phase containing lipid mixture; mixing_time_sec: ; temperature_condition: ; post_processing: dialyzed against PBS in 20,000 MWCO cassette at 4¡ÆC for 2 hours; sterilization: ; storage_buffer: PBS",animal_model: C57BL/6 mice; administration_route: intravenous; dose: 15 ¥ìg total mRNA per mouse; gene_expression_result: 0.99 ¡¾ 0.44 ¡¿ 10^9 p/s total flux; biodistribution_result: predominantly liver expression,Optimization of Lipid Nanoparticle Formulations for mRNA Delivery in vivo with Fractional Factorial and Definitive Screening Designs,"['Kevin J. Kauffman', 'J. Robert Dorkin', 'Jung H. Yang', 'Michael W. Heartlein', 'Frank DeRosa', 'Faryal F. Mir', 'Owen S. Fenton', 'Daniel G. Anderson']",10.1021/acs.nanolett.5b02497,Nano Letters,2015.0,CCCCCCCCCCCCC(O)CN(CCN1CCN(CCN)C(CN(CC(O)CCCCCCCCCCCC)CN(CC(O)CCCCCCCCCCCC)CC(O)CCCCCCCCCCCC)C1)CC(O)CCCCCCCCCCCC,CCCCCCCCCCCCCCOC(=O)CCOCCOCCOCCOCCOCCOCCOCCOCCOCCOCCOCCOCCOCCOCCOCCOCCOCCOCCOCCOCCOCCOCCOCCOCCOCCOCCOCCOCCOCCOCCOCCOCCOCCOCCOCCOCCOCCOCCOCCOCCOCCOCCOCCOCCOCCOCCOCCOCCOCCOCCOCCOCCOCCOCCOCCOCCOCCOCCOCCOCCOCCOCCOCCOCCOCCOCCOCCOCCOCCOCCOCCOCCOCCOCCOCCOCCOCCOCCOCCOCCOCCOCCOCCOCCOCCOCCOCCOCCOCCO,CC(C)CCC[C@@H](C)[C@H]1CC[C@H]2[C@@H]3CC=C4C[C@@H](O)CC[C@]4(C)[C@H]3CC[C@]12C,CCCCCCCCCCCCCCCCCC(=O)OC[C@H](COP(=O)([O-])OCC[N+](C)(C)C)OC(=O)CCCCCCCCCCCCCCCCC,27.0,50.0,1.5,38.5,10.0,0.5,0.015,0.385,0.1,113.0,0.147
110,C12-200,C14-PEG2000,cholesterol,DOPE,35:2.5:46.5:16,82,0.221,,48,WR:10(wt/wt)[C12-200:mRNA],mRNA,luciferase,C14-PEG2000,C12-200,DOPE,cholesterol,"synthesis_method: Microfluidic; device_used: microfluidic chip device; total_flow_rate_ml_min: ; flow_rate_ratio: 3:1 (ethanol:aqueous); aqueous_phase_composition: 10 mM citrate buffer, pH 3; organic_phase_composition: ethanol phase containing lipid mixture; mixing_time_sec: ; temperature_condition: ; post_processing: dialyzed against PBS in 20,000 MWCO cassette at 4¡ÆC for 2 hours; sterilization: ; storage_buffer: PBS",animal_model: C57BL/6 mice; administration_route: intravenous; dose: 15 ¥ìg total mRNA per mouse; gene_expression_result: 3.21 ¡¾ 1.18 ¡¿ 10^9 p/s total flux; biodistribution_result: predominantly liver expression,Optimization of Lipid Nanoparticle Formulations for mRNA Delivery in vivo with Fractional Factorial and Definitive Screening Designs,"['Kevin J. Kauffman', 'J. Robert Dorkin', 'Jung H. Yang', 'Michael W. Heartlein', 'Frank DeRosa', 'Faryal F. Mir', 'Owen S. Fenton', 'Daniel G. Anderson']",10.1021/acs.nanolett.5b02497,Nano Letters,2015.0,CCCCCCCCCCCCC(O)CN(CCN1CCN(CCN)C(CN(CC(O)CCCCCCCCCCCC)CN(CC(O)CCCCCCCCCCCC)CC(O)CCCCCCCCCCCC)C1)CC(O)CCCCCCCCCCCC,CCCCCCCCCCCCCCOC(=O)CCOCCOCCOCCOCCOCCOCCOCCOCCOCCOCCOCCOCCOCCOCCOCCOCCOCCOCCOCCOCCOCCOCCOCCOCCOCCOCCOCCOCCOCCOCCOCCOCCOCCOCCOCCOCCOCCOCCOCCOCCOCCOCCOCCOCCOCCOCCOCCOCCOCCOCCOCCOCCOCCOCCOCCOCCOCCOCCOCCOCCOCCOCCOCCOCCOCCOCCOCCOCCOCCOCCOCCOCCOCCOCCOCCOCCOCCOCCOCCOCCOCCOCCOCCOCCOCCOCCOCCOCCOCCO,CC(C)CCC[C@@H](C)[C@H]1CC[C@H]2[C@@H]3CC=C4C[C@@H](O)CC[C@]4(C)[C@H]3CC[C@]12C,CCCCCCCC/C=C\CCCCCCCC(=O)OC[C@H](COP(=O)(O)OCCN)OC(=O)CCCCCCC/C=C\CCCCCCCC,48.0,35.0,2.5,46.5,16.0,0.35,0.025,0.465,0.16,82.0,0.221
111,C12-200,C14-PEG2000,cholesterol,DSPC,50:1.5:38.5:10,65,0.15,,59,WR:5(wt/wt)[C12-200:siRNA],siRNA,factor_vii,C14-PEG2000,C12-200,DSPC,cholesterol,"synthesis_method: Microfluidic; device_used: microfluidic chip device; total_flow_rate_ml_min: ; flow_rate_ratio: 3:1 (ethanol:aqueous); aqueous_phase_composition: 10 mM citrate buffer, pH 3; organic_phase_composition: ethanol phase containing lipid mixture; mixing_time_sec: ; temperature_condition: ; post_processing: dialyzed against PBS in 20,000 MWCO cassette at 4¡ÆC for 2 hours; sterilization: ; storage_buffer: PBS","animal_model: C57BL/6 mice; administration_route: intravenous; dose: 0.1 mg/kg, 0.03 mg/kg, 0.01 mg/kg siRNA; gene_expression_result: 0.1 mg/kg: 10 ¡¾ 3% FVII, 0.03 mg/kg: 43 ¡¾ 12% FVII, 0.01 mg/kg: 79 ¡¾ 9% FVII at 72 hours; biodistribution_result: hepatocyte-specific silencing",Optimization of Lipid Nanoparticle Formulations for mRNA Delivery in vivo with Fractional Factorial and Definitive Screening Designs,"['Kevin J. Kauffman', 'J. Robert Dorkin', 'Jung H. Yang', 'Michael W. Heartlein', 'Frank DeRosa', 'Faryal F. Mir', 'Owen S. Fenton', 'Daniel G. Anderson']",10.1021/acs.nanolett.5b02497,Nano Letters,2015.0,CCCCCCCCCCCCC(O)CN(CCN1CCN(CCN)C(CN(CC(O)CCCCCCCCCCCC)CN(CC(O)CCCCCCCCCCCC)CC(O)CCCCCCCCCCCC)C1)CC(O)CCCCCCCCCCCC,CCCCCCCCCCCCCCOC(=O)CCOCCOCCOCCOCCOCCOCCOCCOCCOCCOCCOCCOCCOCCOCCOCCOCCOCCOCCOCCOCCOCCOCCOCCOCCOCCOCCOCCOCCOCCOCCOCCOCCOCCOCCOCCOCCOCCOCCOCCOCCOCCOCCOCCOCCOCCOCCOCCOCCOCCOCCOCCOCCOCCOCCOCCOCCOCCOCCOCCOCCOCCOCCOCCOCCOCCOCCOCCOCCOCCOCCOCCOCCOCCOCCOCCOCCOCCOCCOCCOCCOCCOCCOCCOCCOCCOCCOCCOCCOCCO,CC(C)CCC[C@@H](C)[C@H]1CC[C@H]2[C@@H]3CC=C4C[C@@H](O)CC[C@]4(C)[C@H]3CC[C@]12C,CCCCCCCCCCCCCCCCCC(=O)OC[C@H](COP(=O)([O-])OCC[N+](C)(C)C)OC(=O)CCCCCCCCCCCCCCCCC,59.0,50.0,1.5,38.5,10.0,0.5,0.015,0.385,0.1,65.0,0.15
112,C12-200,C14-PEG2000,cholesterol,DOPE,35:2.5:46.5:16,109,0.288,,58,WR:10(wt/wt)[C12-200:siRNA],siRNA,factor_vii,C14-PEG2000,C12-200,DOPE,cholesterol,"synthesis_method: Microfluidic; device_used: microfluidic chip device; total_flow_rate_ml_min: ; flow_rate_ratio: 3:1 (ethanol:aqueous); aqueous_phase_composition: 10 mM citrate buffer, pH 3; organic_phase_composition: ethanol phase containing lipid mixture; mixing_time_sec: ; temperature_condition: ; post_processing: dialyzed against PBS in 20,000 MWCO cassette at 4¡ÆC for 2 hours; sterilization: ; storage_buffer: PBS","animal_model: C57BL/6 mice; administration_route: intravenous; dose: 0.1 mg/kg, 0.03 mg/kg, 0.01 mg/kg siRNA; gene_expression_result: 0.1 mg/kg: 7 ¡¾ 1% FVII, 0.03 mg/kg: 48 ¡¾ 5% FVII, 0.01 mg/kg: 76 ¡¾ 9% FVII at 72 hours; biodistribution_result: hepatocyte-specific silencing",Optimization of Lipid Nanoparticle Formulations for mRNA Delivery in vivo with Fractional Factorial and Definitive Screening Designs,"['Kevin J. Kauffman', 'J. Robert Dorkin', 'Jung H. Yang', 'Michael W. Heartlein', 'Frank DeRosa', 'Faryal F. Mir', 'Owen S. Fenton', 'Daniel G. Anderson']",10.1021/acs.nanolett.5b02497,Nano Letters,2015.0,CCCCCCCCCCCCC(O)CN(CCN1CCN(CCN)C(CN(CC(O)CCCCCCCCCCCC)CN(CC(O)CCCCCCCCCCCC)CC(O)CCCCCCCCCCCC)C1)CC(O)CCCCCCCCCCCC,CCCCCCCCCCCCCCOC(=O)CCOCCOCCOCCOCCOCCOCCOCCOCCOCCOCCOCCOCCOCCOCCOCCOCCOCCOCCOCCOCCOCCOCCOCCOCCOCCOCCOCCOCCOCCOCCOCCOCCOCCOCCOCCOCCOCCOCCOCCOCCOCCOCCOCCOCCOCCOCCOCCOCCOCCOCCOCCOCCOCCOCCOCCOCCOCCOCCOCCOCCOCCOCCOCCOCCOCCOCCOCCOCCOCCOCCOCCOCCOCCOCCOCCOCCOCCOCCOCCOCCOCCOCCOCCOCCOCCOCCOCCOCCOCCO,CC(C)CCC[C@@H](C)[C@H]1CC[C@H]2[C@@H]3CC=C4C[C@@H](O)CC[C@]4(C)[C@H]3CC[C@]12C,CCCCCCCC/C=C\CCCCCCCC(=O)OC[C@H](COP(=O)(O)OCCN)OC(=O)CCCCCCC/C=C\CCCCCCCC,58.0,35.0,2.5,46.5,16.0,0.35,0.025,0.465,0.16,109.0,0.288
113,Custom lipid,PEG-lipid,cholesterol,DSPC,50:10:38.5:1.5,93.8,0.14,,96.9,,mRNA,firefly_luciferase,PEG-lipid,"2-(Di((9Z,12Z)-octadeca-9,12-dien-1-yl)amino)ethan-1-ol",DSPC,cholesterol,"synthesis_method: Microfluidic; device_used: ; total_flow_rate_ml_min: ; flow_rate_ratio: 3:1 (aqueous:ethanol); aqueous_phase_composition: 6.25 mM sodium acetate buffer (pH 5); organic_phase_composition: ethanol; mixing_time_sec: ; temperature_condition: ; post_processing: dialyzed against PBS (pH 7.4) for at least 18 hr, concentrated using Amicon ultra centrifugal filters; sterilization: 0.22-¥ìm filter; storage_buffer: stored at 4¡ÆC",animal_model: CD-1 mice; administration_route: i.v.; dose: 0.5 mg/kg mRNA; gene_expression_result: 2-fold lower than MC3 LNP control; biodistribution_result: majority of protein expression localized in liver,A Novel Amino Lipid Series for mRNA Delivery: Improved Endosomal Escape and Sustained Pharmacology and Safety in Non-human Primates,"['Staci Sabnis', 'E. Sathyajith Kumarasinghe', 'Timothy Salerno', 'Cosmin Mihai', 'Tatiana Ketova', 'Joseph J. Senn', 'Andy Lynn', 'Alex Bulychev', 'Iain McFadyen', 'Joyce Chan', 'Orn Almarsson', 'Matthew G. Stanton', 'Kerry E. Benenato']",https://doi.org/10.1016/j.ymthe.2018.03.010,Molecular Therapy,2018.0,CCCCC/C=C\C/C=C\CCCCCCCCN(CCO)CCCCCCCC/C=C\C/C=C\CCCCC,CCCCCCCCCCCCCCCCOC(=O)CCOCCOCCOCCOCCOCCOCCOCCOCCOCCOCCOCCOCCOCCOCCOCCOCCOCCOCCOCCOCCOCCOCCOCCOCCOCCOCCOCCOCCOCCOCCOCCOCCOCCOCCOCCOCCOCCOCCOCCOCCOCCOCCOCCOCCOCCOCCOCCOCCOCCOCCOCCOCCOCCOCCOCCOCCOCCOCCOCCOCCOCCOCCOCCOCCOCCOCCOCCOCCOCCOCCOCCOCCOCCOCCOCCOCCOCCOCCOCCOCCOCCOCCOCCOCCOCCOCCOCCOCCOCCO,CC(C)CCC[C@@H](C)[C@H]1CC[C@H]2[C@@H]3CC=C4C[C@@H](O)CC[C@]4(C)[C@H]3CC[C@]12C,CCCCCCCCCCCCCCCCCC(=O)OC[C@H](COP(=O)([O-])OCC[N+](C)(C)C)OC(=O)CCCCCCCCCCCCCCCCC,96.9,50.0,10.0,38.5,1.5,0.5,0.1,0.385,0.015,93.8,0.14
114,Custom lipid,PEG-lipid,cholesterol,DSPC,50:10:38.5:1.5,179.4,0.14,,91.8,,mRNA,firefly_luciferase,PEG-lipid,"Dinonyl 8,8'-((2-hydroxyethyl)azanediyl)dioctanoate",DSPC,cholesterol,"synthesis_method: Microfluidic; device_used: ; total_flow_rate_ml_min: ; flow_rate_ratio: 3:1 (aqueous:ethanol); aqueous_phase_composition: 6.25 mM sodium acetate buffer (pH 5); organic_phase_composition: ethanol; mixing_time_sec: ; temperature_condition: ; post_processing: dialyzed against PBS (pH 7.4) for at least 18 hr, concentrated using Amicon ultra centrifugal filters; sterilization: 0.22-¥ìm filter; storage_buffer: stored at 4¡ÆC",animal_model: CD-1 mice; administration_route: i.v.; dose: 0.5 mg/kg mRNA; gene_expression_result: not efficient mRNA delivery,A Novel Amino Lipid Series for mRNA Delivery: Improved Endosomal Escape and Sustained Pharmacology and Safety in Non-human Primates,"['Staci Sabnis', 'E. Sathyajith Kumarasinghe', 'Timothy Salerno', 'Cosmin Mihai', 'Tatiana Ketova', 'Joseph J. Senn', 'Andy Lynn', 'Alex Bulychev', 'Iain McFadyen', 'Joyce Chan', 'Orn Almarsson', 'Matthew G. Stanton', 'Kerry E. Benenato']",https://doi.org/10.1016/j.ymthe.2018.03.010,Molecular Therapy,2018.0,CCCCCCCCCOC(=O)CCCCCCCN(CCO)CCCCCCCC(=O)OCCCCCCCCC,CCCCCCCCCCCCCCCCOC(=O)CCOCCOCCOCCOCCOCCOCCOCCOCCOCCOCCOCCOCCOCCOCCOCCOCCOCCOCCOCCOCCOCCOCCOCCOCCOCCOCCOCCOCCOCCOCCOCCOCCOCCOCCOCCOCCOCCOCCOCCOCCOCCOCCOCCOCCOCCOCCOCCOCCOCCOCCOCCOCCOCCOCCOCCOCCOCCOCCOCCOCCOCCOCCOCCOCCOCCOCCOCCOCCOCCOCCOCCOCCOCCOCCOCCOCCOCCOCCOCCOCCOCCOCCOCCOCCOCCOCCOCCOCCOCCO,CC(C)CCC[C@@H](C)[C@H]1CC[C@H]2[C@@H]3CC=C4C[C@@H](O)CC[C@]4(C)[C@H]3CC[C@]12C,CCCCCCCCCCCCCCCCCC(=O)OC[C@H](COP(=O)([O-])OCC[N+](C)(C)C)OC(=O)CCCCCCCCCCCCCCCCC,91.8,50.0,10.0,38.5,1.5,0.5,0.1,0.385,0.015,179.4,0.14
115,Custom lipid,PEG-lipid,cholesterol,DSPC,50:10:38.5:1.5,140.4,0.11,,90.9,,mRNA,firefly_luciferase,PEG-lipid,"Nonyl 8-((2-hydroxyethyl)((9Z,12Z)-octadeca-9,12-dien-1-yl)amino)octanoate",DSPC,cholesterol,"synthesis_method: Microfluidic; device_used: ; total_flow_rate_ml_min: ; flow_rate_ratio: 3:1 (aqueous:ethanol); aqueous_phase_composition: 6.25 mM sodium acetate buffer (pH 5); organic_phase_composition: ethanol; mixing_time_sec: ; temperature_condition: ; post_processing: dialyzed against PBS (pH 7.4) for at least 18 hr, concentrated using Amicon ultra centrifugal filters; sterilization: 0.22-¥ìm filter; storage_buffer: stored at 4¡ÆC",animal_model: CD-1 mice; administration_route: i.v.; dose: 0.5 mg/kg mRNA; gene_expression_result: not efficient mRNA delivery,A Novel Amino Lipid Series for mRNA Delivery: Improved Endosomal Escape and Sustained Pharmacology and Safety in Non-human Primates,"['Staci Sabnis', 'E. Sathyajith Kumarasinghe', 'Timothy Salerno', 'Cosmin Mihai', 'Tatiana Ketova', 'Joseph J. Senn', 'Andy Lynn', 'Alex Bulychev', 'Iain McFadyen', 'Joyce Chan', 'Orn Almarsson', 'Matthew G. Stanton', 'Kerry E. Benenato']",https://doi.org/10.1016/j.ymthe.2018.03.010,Molecular Therapy,2018.0,CCCCC/C=C\C/C=C\CCCCCCCCN(CCO)CCCCCCCC(=O)OCCCCCCCCC,CCCCCCCCCCCCCCCCOC(=O)CCOCCOCCOCCOCCOCCOCCOCCOCCOCCOCCOCCOCCOCCOCCOCCOCCOCCOCCOCCOCCOCCOCCOCCOCCOCCOCCOCCOCCOCCOCCOCCOCCOCCOCCOCCOCCOCCOCCOCCOCCOCCOCCOCCOCCOCCOCCOCCOCCOCCOCCOCCOCCOCCOCCOCCOCCOCCOCCOCCOCCOCCOCCOCCOCCOCCOCCOCCOCCOCCOCCOCCOCCOCCOCCOCCOCCOCCOCCOCCOCCOCCOCCOCCOCCOCCOCCOCCOCCOCCO,CC(C)CCC[C@@H](C)[C@H]1CC[C@H]2[C@@H]3CC=C4C[C@@H](O)CC[C@]4(C)[C@H]3CC[C@]12C,CCCCCCCCCCCCCCCCCC(=O)OC[C@H](COP(=O)([O-])OCC[N+](C)(C)C)OC(=O)CCCCCCCCCCCCCCCCC,90.9,50.0,10.0,38.5,1.5,0.5,0.1,0.385,0.015,140.4,0.11
116,Custom lipid,PEG-lipid,cholesterol,DSPC,50:10:38.5:1.5,73.1,0.07,,97.6,,mRNA,firefly_luciferase,PEG-lipid,"Heptadecan-9-yl 8-((2-hydroxyethyl)((9Z,12Z)-octadeca-9,12-dien-1-yl)amino)octanoate",DSPC,cholesterol,"synthesis_method: Microfluidic; device_used: ; total_flow_rate_ml_min: ; flow_rate_ratio: 3:1 (aqueous:ethanol); aqueous_phase_composition: 6.25 mM sodium acetate buffer (pH 5); organic_phase_composition: ethanol; mixing_time_sec: ; temperature_condition: ; post_processing: dialyzed against PBS (pH 7.4) for at least 18 hr, concentrated using Amicon ultra centrifugal filters; sterilization: 0.22-¥ìm filter; storage_buffer: stored at 4¡ÆC",animal_model: CD-1 mice; administration_route: i.v.; dose: 0.5 mg/kg mRNA; gene_expression_result: equivalent expression to MC3 LNPs,A Novel Amino Lipid Series for mRNA Delivery: Improved Endosomal Escape and Sustained Pharmacology and Safety in Non-human Primates,"['Staci Sabnis', 'E. Sathyajith Kumarasinghe', 'Timothy Salerno', 'Cosmin Mihai', 'Tatiana Ketova', 'Joseph J. Senn', 'Andy Lynn', 'Alex Bulychev', 'Iain McFadyen', 'Joyce Chan', 'Orn Almarsson', 'Matthew G. Stanton', 'Kerry E. Benenato']",https://doi.org/10.1016/j.ymthe.2018.03.010,Molecular Therapy,2018.0,CCCCC/C=C\C/C=C\CCCCCCCCN(CCO)CCCCCCCC(=O)OC(CCCCCCCC)CCCCCCCC,CCCCCCCCCCCCCCCCOC(=O)CCOCCOCCOCCOCCOCCOCCOCCOCCOCCOCCOCCOCCOCCOCCOCCOCCOCCOCCOCCOCCOCCOCCOCCOCCOCCOCCOCCOCCOCCOCCOCCOCCOCCOCCOCCOCCOCCOCCOCCOCCOCCOCCOCCOCCOCCOCCOCCOCCOCCOCCOCCOCCOCCOCCOCCOCCOCCOCCOCCOCCOCCOCCOCCOCCOCCOCCOCCOCCOCCOCCOCCOCCOCCOCCOCCOCCOCCOCCOCCOCCOCCOCCOCCOCCOCCOCCOCCOCCOCCO,CC(C)CCC[C@@H](C)[C@H]1CC[C@H]2[C@@H]3CC=C4C[C@@H](O)CC[C@]4(C)[C@H]3CC[C@]12C,CCCCCCCCCCCCCCCCCC(=O)OC[C@H](COP(=O)([O-])OCC[N+](C)(C)C)OC(=O)CCCCCCCCCCCCCCCCC,97.6,50.0,10.0,38.5,1.5,0.5,0.1,0.385,0.015,73.1,0.07
117,Heptadecan-9-yl 8-((2-hydroxyethyl)(8-(nonyloxy)-8-oxooctyl)amino)octanoate,PEG-lipid,cholesterol,DSPC,50:10:38.5:1.5,86.2,0.04,,97.5,CONC:5(molecules/particle)[mRNA],mRNA,"firefly_luciferase, epo, antibody, influenza_antigen",PEG-lipid,Heptadecan-9-yl 8-((2-hydroxyethyl)(8-(nonyloxy)-8-oxooctyl)amino)octanoate,DSPC,cholesterol,"synthesis_method: Microfluidic; device_used: ; total_flow_rate_ml_min: ; flow_rate_ratio: 3:1 (aqueous:ethanol); aqueous_phase_composition: 6.25 mM sodium acetate buffer (pH 5); organic_phase_composition: ethanol; mixing_time_sec: ; temperature_condition: ; post_processing: dialyzed against PBS (pH 7.4) for at least 18 hr, concentrated using Amicon ultra centrifugal filters; sterilization: 0.22-¥ìm filter; storage_buffer: stored at 4¡ÆC","cell_line: HeLa cells; animal_model: CD-1 mice, Sprague-Dawley rats, cynomolgus monkeys; administration_route: i.v.; dose: 0.5 mg/kg (mice), 0.01-1 mg/kg (primates); gene_expression_result: 3-fold higher than MC3, 5-fold higher in non-human primates; biodistribution_result: liver and spleen had highest levels, significantly lower than MC3; toxicity_profile: no adverse findings in 1-month toxicity study, no liver damage or complement activation; cytokine_response: minimal elevation in MCP-1, no significant change in C5b9 levels",A Novel Amino Lipid Series for mRNA Delivery: Improved Endosomal Escape and Sustained Pharmacology and Safety in Non-human Primates,"['Staci Sabnis', 'E. Sathyajith Kumarasinghe', 'Timothy Salerno', 'Cosmin Mihai', 'Tatiana Ketova', 'Joseph J. Senn', 'Andy Lynn', 'Alex Bulychev', 'Iain McFadyen', 'Joyce Chan', 'Orn Almarsson', 'Matthew G. Stanton', 'Kerry E. Benenato']",https://doi.org/10.1016/j.ymthe.2018.03.010,Molecular Therapy,2018.0,CCCCCCCCCOC(=O)CCCCCCCN(CCO)CCCCCCCC(=O)OC(CCCCCCCC)CCCCCCCC,CCCCCCCCCCCCCCCCOC(=O)CCOCCOCCOCCOCCOCCOCCOCCOCCOCCOCCOCCOCCOCCOCCOCCOCCOCCOCCOCCOCCOCCOCCOCCOCCOCCOCCOCCOCCOCCOCCOCCOCCOCCOCCOCCOCCOCCOCCOCCOCCOCCOCCOCCOCCOCCOCCOCCOCCOCCOCCOCCOCCOCCOCCOCCOCCOCCOCCOCCOCCOCCOCCOCCOCCOCCOCCOCCOCCOCCOCCOCCOCCOCCOCCOCCOCCOCCOCCOCCOCCOCCOCCOCCOCCOCCOCCOCCOCCOCCO,CC(C)CCC[C@@H](C)[C@H]1CC[C@H]2[C@@H]3CC=C4C[C@@H](O)CC[C@]4(C)[C@H]3CC[C@]12C,CCCCCCCCCCCCCCCCCC(=O)OC[C@H](COP(=O)([O-])OCC[N+](C)(C)C)OC(=O)CCCCCCCCCCCCCCCCC,97.5,50.0,10.0,38.5,1.5,0.5,0.1,0.385,0.015,86.2,0.04
118,Custom lipid,PEG-lipid,cholesterol,DSPC,50:10:38.5:1.5,66.8,0.11,,97,,mRNA,firefly_luciferase,PEG-lipid,"Di(heptadecan-9-yl) 8,8'-((2-hydroxyethyl)azanediyl)dioctanoate",DSPC,cholesterol,"synthesis_method: Microfluidic; device_used: ; total_flow_rate_ml_min: ; flow_rate_ratio: 3:1 (aqueous:ethanol); aqueous_phase_composition: 6.25 mM sodium acetate buffer (pH 5); organic_phase_composition: ethanol; mixing_time_sec: ; temperature_condition: ; post_processing: dialyzed against PBS (pH 7.4) for at least 18 hr, concentrated using Amicon ultra centrifugal filters; sterilization: 0.22-¥ìm filter; storage_buffer: stored at 4¡ÆC",animal_model: CD-1 mice; administration_route: i.v.; dose: 0.5 mg/kg mRNA; gene_expression_result: lower luciferase activity due to lowered surface pKa,A Novel Amino Lipid Series for mRNA Delivery: Improved Endosomal Escape and Sustained Pharmacology and Safety in Non-human Primates,"['Staci Sabnis', 'E. Sathyajith Kumarasinghe', 'Timothy Salerno', 'Cosmin Mihai', 'Tatiana Ketova', 'Joseph J. Senn', 'Andy Lynn', 'Alex Bulychev', 'Iain McFadyen', 'Joyce Chan', 'Orn Almarsson', 'Matthew G. Stanton', 'Kerry E. Benenato']",https://doi.org/10.1016/j.ymthe.2018.03.010,Molecular Therapy,2018.0,CCCCCCCCC(CCCCCCCC)OC(=O)CCCCCCCN(CCO)CCCCCCCC(=O)OC(CCCCCCCC)CCCCCCCC,CCCCCCCCCCCCCCCCOC(=O)CCOCCOCCOCCOCCOCCOCCOCCOCCOCCOCCOCCOCCOCCOCCOCCOCCOCCOCCOCCOCCOCCOCCOCCOCCOCCOCCOCCOCCOCCOCCOCCOCCOCCOCCOCCOCCOCCOCCOCCOCCOCCOCCOCCOCCOCCOCCOCCOCCOCCOCCOCCOCCOCCOCCOCCOCCOCCOCCOCCOCCOCCOCCOCCOCCOCCOCCOCCOCCOCCOCCOCCOCCOCCOCCOCCOCCOCCOCCOCCOCCOCCOCCOCCOCCOCCOCCOCCOCCOCCO,CC(C)CCC[C@@H](C)[C@H]1CC[C@H]2[C@@H]3CC=C4C[C@@H](O)CC[C@]4(C)[C@H]3CC[C@]12C,CCCCCCCCCCCCCCCCCC(=O)OC[C@H](COP(=O)([O-])OCC[N+](C)(C)C)OC(=O)CCCCCCCCCCCCCCCCC,97.0,50.0,10.0,38.5,1.5,0.5,0.1,0.385,0.015,66.8,0.11
119,Custom lipid,PEG-lipid,cholesterol,DSPC,50:10:38.5:1.5,130.1,0.15,,95.2,,mRNA,firefly_luciferase,PEG-lipid,Heptadecan-9-yl 8-((2-(dimethylamino)ethyl)(8-(nonyloxy)-8-oxooctyl)amino)octanoate,DSPC,cholesterol,"synthesis_method: Microfluidic; device_used: ; total_flow_rate_ml_min: ; flow_rate_ratio: 3:1 (aqueous:ethanol); aqueous_phase_composition: 6.25 mM sodium acetate buffer (pH 5); organic_phase_composition: ethanol; mixing_time_sec: ; temperature_condition: ; post_processing: dialyzed against PBS (pH 7.4) for at least 18 hr, concentrated using Amicon ultra centrifugal filters; sterilization: 0.22-¥ìm filter; storage_buffer: stored at 4¡ÆC",animal_model: CD-1 mice; administration_route: i.v.; dose: 0.5 mg/kg mRNA; gene_expression_result: complete loss of delivery efficiency,A Novel Amino Lipid Series for mRNA Delivery: Improved Endosomal Escape and Sustained Pharmacology and Safety in Non-human Primates,"['Staci Sabnis', 'E. Sathyajith Kumarasinghe', 'Timothy Salerno', 'Cosmin Mihai', 'Tatiana Ketova', 'Joseph J. Senn', 'Andy Lynn', 'Alex Bulychev', 'Iain McFadyen', 'Joyce Chan', 'Orn Almarsson', 'Matthew G. Stanton', 'Kerry E. Benenato']",https://doi.org/10.1016/j.ymthe.2018.03.010,Molecular Therapy,2018.0,CCCCCCCCCOC(=O)CCCCCCCN(CCCCCCCC(=O)OC(CCCCCCCC)CCCCCCCC)CCN(C)C,CCCCCCCCCCCCCCCCOC(=O)CCOCCOCCOCCOCCOCCOCCOCCOCCOCCOCCOCCOCCOCCOCCOCCOCCOCCOCCOCCOCCOCCOCCOCCOCCOCCOCCOCCOCCOCCOCCOCCOCCOCCOCCOCCOCCOCCOCCOCCOCCOCCOCCOCCOCCOCCOCCOCCOCCOCCOCCOCCOCCOCCOCCOCCOCCOCCOCCOCCOCCOCCOCCOCCOCCOCCOCCOCCOCCOCCOCCOCCOCCOCCOCCOCCOCCOCCOCCOCCOCCOCCOCCOCCOCCOCCOCCOCCOCCOCCO,CC(C)CCC[C@@H](C)[C@H]1CC[C@H]2[C@@H]3CC=C4C[C@@H](O)CC[C@]4(C)[C@H]3CC[C@]12C,CCCCCCCCCCCCCCCCCC(=O)OC[C@H](COP(=O)([O-])OCC[N+](C)(C)C)OC(=O)CCCCCCCCCCCCCCCCC,95.2,50.0,10.0,38.5,1.5,0.5,0.1,0.385,0.015,130.1,0.15
120,SM-102,PEG-lipid,cholesterol,DSPC,50:10:38.5:1.5,85.8,0.1,,95.8,,mRNA,"firefly_luciferase, epo",PEG-lipid,Heptadecan-9-yl 8-((2-hydroxyethyl)(6-oxo-6-(undecyloxy)hexyl)amino)octanoate,DSPC,cholesterol,"synthesis_method: Microfluidic; device_used: ; total_flow_rate_ml_min: ; flow_rate_ratio: 3:1 (aqueous:ethanol); aqueous_phase_composition: 6.25 mM sodium acetate buffer (pH 5); organic_phase_composition: ethanol; mixing_time_sec: ; temperature_condition: ; post_processing: dialyzed against PBS (pH 7.4) for at least 18 hr, concentrated using Amicon ultra centrifugal filters; sterilization: 0.22-¥ìm filter; storage_buffer: stored at 4¡ÆC","animal_model: CD-1 mice, Sprague-Dawley rats; administration_route: i.v.; dose: 0.5 mg/kg (mice), 1 mg/kg (rats); gene_expression_result: higher expression compared to MC3",A Novel Amino Lipid Series for mRNA Delivery: Improved Endosomal Escape and Sustained Pharmacology and Safety in Non-human Primates,"['Staci Sabnis', 'E. Sathyajith Kumarasinghe', 'Timothy Salerno', 'Cosmin Mihai', 'Tatiana Ketova', 'Joseph J. Senn', 'Andy Lynn', 'Alex Bulychev', 'Iain McFadyen', 'Joyce Chan', 'Orn Almarsson', 'Matthew G. Stanton', 'Kerry E. Benenato']",https://doi.org/10.1016/j.ymthe.2018.03.010,Molecular Therapy,2018.0,CCCCCCCCCCCOC(=O)CCCCCN(CCO)CCCCCCCC(=O)OC(CCCCCCCC)CCCCCCCC,CCCCCCCCCCCCCCCCOC(=O)CCOCCOCCOCCOCCOCCOCCOCCOCCOCCOCCOCCOCCOCCOCCOCCOCCOCCOCCOCCOCCOCCOCCOCCOCCOCCOCCOCCOCCOCCOCCOCCOCCOCCOCCOCCOCCOCCOCCOCCOCCOCCOCCOCCOCCOCCOCCOCCOCCOCCOCCOCCOCCOCCOCCOCCOCCOCCOCCOCCOCCOCCOCCOCCOCCOCCOCCOCCOCCOCCOCCOCCOCCOCCOCCOCCOCCOCCOCCOCCOCCOCCOCCOCCOCCOCCOCCOCCOCCOCCO,CC(C)CCC[C@@H](C)[C@H]1CC[C@H]2[C@@H]3CC=C4C[C@@H](O)CC[C@]4(C)[C@H]3CC[C@]12C,CCCCCCCCCCCCCCCCCC(=O)OC[C@H](COP(=O)([O-])OCC[N+](C)(C)C)OC(=O)CCCCCCCCCCCCCCCCC,95.8,50.0,10.0,38.5,1.5,0.5,0.1,0.385,0.015,85.8,0.1
121,Custom lipid,PEG-lipid,cholesterol,DSPC,50:10:38.5:1.5,91.9,0.16,,97.4,,mRNA,firefly_luciferase,PEG-lipid,Heptadecan-9-yl 8-((2-hydroxyethyl)(4-(nonyloxy)-4-oxobutyl)amino)octanoate,DSPC,cholesterol,"synthesis_method: Microfluidic; device_used: ; total_flow_rate_ml_min: ; flow_rate_ratio: 3:1 (aqueous:ethanol); aqueous_phase_composition: 6.25 mM sodium acetate buffer (pH 5); organic_phase_composition: ethanol; mixing_time_sec: ; temperature_condition: ; post_processing: dialyzed against PBS (pH 7.4) for at least 18 hr, concentrated using Amicon ultra centrifugal filters; sterilization: 0.22-¥ìm filter; storage_buffer: stored at 4¡ÆC","animal_model: CD-1 mice, Sprague-Dawley rats; administration_route: i.v.; dose: 0.5 mg/kg mRNA; gene_expression_result: highest luciferase activity of the series",A Novel Amino Lipid Series for mRNA Delivery: Improved Endosomal Escape and Sustained Pharmacology and Safety in Non-human Primates,"['Staci Sabnis', 'E. Sathyajith Kumarasinghe', 'Timothy Salerno', 'Cosmin Mihai', 'Tatiana Ketova', 'Joseph J. Senn', 'Andy Lynn', 'Alex Bulychev', 'Iain McFadyen', 'Joyce Chan', 'Orn Almarsson', 'Matthew G. Stanton', 'Kerry E. Benenato']",https://doi.org/10.1016/j.ymthe.2018.03.010,Molecular Therapy,2018.0,CCCCCCCCCOC(=O)CCCN(CCO)CCCCCCCC(=O)OC(CCCCCCCC)CCCCCCCC,CCCCCCCCCCCCCCCCOC(=O)CCOCCOCCOCCOCCOCCOCCOCCOCCOCCOCCOCCOCCOCCOCCOCCOCCOCCOCCOCCOCCOCCOCCOCCOCCOCCOCCOCCOCCOCCOCCOCCOCCOCCOCCOCCOCCOCCOCCOCCOCCOCCOCCOCCOCCOCCOCCOCCOCCOCCOCCOCCOCCOCCOCCOCCOCCOCCOCCOCCOCCOCCOCCOCCOCCOCCOCCOCCOCCOCCOCCOCCOCCOCCOCCOCCOCCOCCOCCOCCOCCOCCOCCOCCOCCOCCOCCOCCOCCOCCO,CC(C)CCC[C@@H](C)[C@H]1CC[C@H]2[C@@H]3CC=C4C[C@@H](O)CC[C@]4(C)[C@H]3CC[C@]12C,CCCCCCCCCCCCCCCCCC(=O)OC[C@H](COP(=O)([O-])OCC[N+](C)(C)C)OC(=O)CCCCCCCCCCCCCCCCC,97.4,50.0,10.0,38.5,1.5,0.5,0.1,0.385,0.015,91.9,0.16
122,Custom lipid,PEG-lipid,cholesterol,DSPC,50:10:38.5:1.5,69.6,0.14,,98.3,,mRNA,firefly_luciferase,PEG-lipid,Henicosan-11-yl 6-((2-hydroxyethyl)(6-oxo-6-(undecyloxy)hexyl)amino)hexanoate,DSPC,cholesterol,"synthesis_method: Microfluidic; device_used: ; total_flow_rate_ml_min: ; flow_rate_ratio: 3:1 (aqueous:ethanol); aqueous_phase_composition: 6.25 mM sodium acetate buffer (pH 5); organic_phase_composition: ethanol; mixing_time_sec: ; temperature_condition: ; post_processing: dialyzed against PBS (pH 7.4) for at least 18 hr, concentrated using Amicon ultra centrifugal filters; sterilization: 0.22-¥ìm filter; storage_buffer: stored at 4¡ÆC",animal_model: CD-1 mice; administration_route: i.v.; dose: 0.5 mg/kg mRNA; gene_expression_result: comparable luciferase activity to lipid 9,A Novel Amino Lipid Series for mRNA Delivery: Improved Endosomal Escape and Sustained Pharmacology and Safety in Non-human Primates,"['Staci Sabnis', 'E. Sathyajith Kumarasinghe', 'Timothy Salerno', 'Cosmin Mihai', 'Tatiana Ketova', 'Joseph J. Senn', 'Andy Lynn', 'Alex Bulychev', 'Iain McFadyen', 'Joyce Chan', 'Orn Almarsson', 'Matthew G. Stanton', 'Kerry E. Benenato']",https://doi.org/10.1016/j.ymthe.2018.03.010,Molecular Therapy,2018.0,CCCCCCCCCCCOC(=O)CCCCCN(CCO)CCCCCC(=O)OC(CCCCCCCCCC)CCCCCCCCCC,CCCCCCCCCCCCCCCCOC(=O)CCOCCOCCOCCOCCOCCOCCOCCOCCOCCOCCOCCOCCOCCOCCOCCOCCOCCOCCOCCOCCOCCOCCOCCOCCOCCOCCOCCOCCOCCOCCOCCOCCOCCOCCOCCOCCOCCOCCOCCOCCOCCOCCOCCOCCOCCOCCOCCOCCOCCOCCOCCOCCOCCOCCOCCOCCOCCOCCOCCOCCOCCOCCOCCOCCOCCOCCOCCOCCOCCOCCOCCOCCOCCOCCOCCOCCOCCOCCOCCOCCOCCOCCOCCOCCOCCOCCOCCOCCOCCO,CC(C)CCC[C@@H](C)[C@H]1CC[C@H]2[C@@H]3CC=C4C[C@@H](O)CC[C@]4(C)[C@H]3CC[C@]12C,CCCCCCCCCCCCCCCCCC(=O)OC[C@H](COP(=O)([O-])OCC[N+](C)(C)C)OC(=O)CCCCCCCCCCCCCCCCC,98.3,50.0,10.0,38.5,1.5,0.5,0.1,0.385,0.015,69.6,0.14
123,DLin-MC3-DMA,PEG-lipid,cholesterol,DSPC,50:10:38.5:1.5,85.6,0.11,,97.3,CONC:5(molecules/particle)[mRNA],mRNA,"firefly_luciferase, epo",PEG-lipid,"MC3 (DLin-MC3-DMA, control)",DSPC,cholesterol,"synthesis_method: Microfluidic; device_used: ; total_flow_rate_ml_min: ; flow_rate_ratio: 3:1 (aqueous:ethanol); aqueous_phase_composition: 6.25 mM sodium acetate buffer (pH 5); organic_phase_composition: ethanol; mixing_time_sec: ; temperature_condition: ; post_processing: dialyzed against PBS (pH 7.4) for at least 18 hr, concentrated using Amicon ultra centrifugal filters; sterilization: 0.22-¥ìm filter; storage_buffer: stored at 4¡ÆC","cell_line: HeLa cells; animal_model: CD-1 mice, Sprague-Dawley rats, cynomolgus monkeys; administration_route: i.v.; dose: 0.5 mg/kg (mice), 0.3 mg/kg (rats); gene_expression_result: control reference; biodistribution_result: liver and spleen contained largest concentrations; toxicity_profile: ALT and AST elevation at 0.3 mg/kg, pathology showed evidence of necrosis",A Novel Amino Lipid Series for mRNA Delivery: Improved Endosomal Escape and Sustained Pharmacology and Safety in Non-human Primates,"['Staci Sabnis', 'E. Sathyajith Kumarasinghe', 'Timothy Salerno', 'Cosmin Mihai', 'Tatiana Ketova', 'Joseph J. Senn', 'Andy Lynn', 'Alex Bulychev', 'Iain McFadyen', 'Joyce Chan', 'Orn Almarsson', 'Matthew G. Stanton', 'Kerry E. Benenato']",https://doi.org/10.1016/j.ymthe.2018.03.010,Molecular Therapy,2018.0,CCCCC/C=C\C/C=C\CCCCCCCCC(CCCCCCCC/C=C\C/C=C\CCCCC)OC(=O)CCCN(C)C,CCCCCCCCCCCCCCCCOC(=O)CCOCCOCCOCCOCCOCCOCCOCCOCCOCCOCCOCCOCCOCCOCCOCCOCCOCCOCCOCCOCCOCCOCCOCCOCCOCCOCCOCCOCCOCCOCCOCCOCCOCCOCCOCCOCCOCCOCCOCCOCCOCCOCCOCCOCCOCCOCCOCCOCCOCCOCCOCCOCCOCCOCCOCCOCCOCCOCCOCCOCCOCCOCCOCCOCCOCCOCCOCCOCCOCCOCCOCCOCCOCCOCCOCCOCCOCCOCCOCCOCCOCCOCCOCCOCCOCCOCCOCCOCCOCCO,CC(C)CCC[C@@H](C)[C@H]1CC[C@H]2[C@@H]3CC=C4C[C@@H](O)CC[C@]4(C)[C@H]3CC[C@]12C,CCCCCCCCCCCCCCCCCC(=O)OC[C@H](COP(=O)([O-])OCC[N+](C)(C)C)OC(=O)CCCCCCCCCCCCCCCCC,97.3,50.0,10.0,38.5,1.5,0.5,0.1,0.385,0.015,85.6,0.11
142,Custom lipid,DMG-PEG2000,cholesterol,DSPC,50:1.5:38.5:10,130,,,90,WR:5(wt/wt)[synth_lipid:siRNA],siRNA,"firefly_luciferase, factor_vii",mPEG2000-DMG,Lipid 1 (thiol-yne derived),DSPC,cholesterol,"synthesis_method: Ethanol injection; device_used: ; total_flow_rate_ml_min: ; flow_rate_ratio: 1:1 (organic:aqueous); aqueous_phase_composition: 10 mM citrate buffer, pH 3.0; organic_phase_composition: 200-proof ethanol; mixing_time_sec: ; temperature_condition: room temperature; post_processing: dialysis against 1¡¿ PBS for 75 min in 3500 MWCO cassettes; sterilization: ; storage_buffer: 1¡¿ PBS",cell_line: HeLa cells (dual luciferase); animal_model: C57BL/6 mice; administration_route: IV; dose: 1 mg/kg siRNA; gene_expression_result: High efficacy (>50% gene silencing); biodistribution_result: hepatocyte-specific delivery; toxicity_profile: Non-toxic at tested doses,Multiparametric approach for the evaluation of lipid nanoparticles for siRNA delivery,"['Christopher A. Alabi', 'Kevin T. Love', 'Gaurav Sahay', 'Hao Yin', 'Kathryn M. Luly', 'Robert Langer', 'Daniel G. Anderson']",10.1073/pnas.1306529110,PNAS,2013.0,CCCCCCCCCCSCC(COC(=O)CCN(CCCN(C)C)CCC(=O)OCC(CSCCCCCCCCCC)SCCCCCCCCCC)SCCCCCCCCCC,CCCCCCCCCCCCCC(=O)OCC(COP(=O)([O-])OCCOCCOCCOCCOCCOCCOCCOCCOCCOCCOCCOCCOCCOCCOCCOCCOCCOCCOCCOCCOCCOCCOCCOCCOCCOCCOCCOCCOCCOCCOCCOCCOCCOCCOCCOCCOCCOCCOCCOCCOCCOCCOCCOCCOCCOCCOCCOCCOCCOCCOCCOCCOCCOCCOCCOCCOCCOCCOCCOCCOCCOCCOCCOCCOCCOCCOCCOCCOCCOCCOCCOCCOCCOCCOCCOCCOCCOCCOCCOCCOCCOCCOCCOCCOCCOCCOCCOCCOCCOCCO)OC(=O)CCCCCCCCCCCCC,CC(C)CCC[C@@H](C)[C@H]1CC[C@H]2[C@@H]3CC=C4C[C@@H](O)CC[C@]4(C)[C@H]3CC[C@]12C,CCCCCCCCCCCCCCCCCC(=O)OC[C@H](COP(=O)([O-])OCC[N+](C)(C)C)OC(=O)CCCCCCCCCCCCCCCCC,90.0,50.0,1.5,38.5,10.0,0.5,0.015,0.385,0.1,130.0,
143,Custom lipid,DMG-PEG2000,cholesterol,DSPC,50:1.5:38.5:10,140,,,88,WR:5(wt/wt)[synth_lipid:siRNA],siRNA,"firefly_luciferase, factor_vii",mPEG2000-DMG,Lipid 2 (thiol-yne derived),DSPC,cholesterol,"synthesis_method: Ethanol injection; device_used: ; total_flow_rate_ml_min: ; flow_rate_ratio: 1:1 (organic:aqueous); aqueous_phase_composition: 10 mM citrate buffer, pH 3.0; organic_phase_composition: 200-proof ethanol; mixing_time_sec: ; temperature_condition: room temperature; post_processing: dialysis against 1¡¿ PBS for 75 min in 3500 MWCO cassettes; sterilization: ; storage_buffer: 1¡¿ PBS",cell_line: HeLa cells (dual luciferase); animal_model: C57BL/6 mice; administration_route: IV; dose: 1 mg/kg siRNA; gene_expression_result: High efficacy (>50% gene silencing); biodistribution_result: hepatocyte-specific delivery; toxicity_profile: Non-toxic at tested doses,Multiparametric approach for the evaluation of lipid nanoparticles for siRNA delivery,"['Christopher A. Alabi', 'Kevin T. Love', 'Gaurav Sahay', 'Hao Yin', 'Kathryn M. Luly', 'Robert Langer', 'Daniel G. Anderson']",10.1073/pnas.1306529110,PNAS,2013.0,CCCCCCCCCCSCC(COC(=O)CCN(CCCN(CC)CC)CCC(=O)OCC(CSCCCCCCCCCC)SCCCCCCCCCC)SCCCCCCCCCC,CCCCCCCCCCCCCC(=O)OCC(COP(=O)([O-])OCCOCCOCCOCCOCCOCCOCCOCCOCCOCCOCCOCCOCCOCCOCCOCCOCCOCCOCCOCCOCCOCCOCCOCCOCCOCCOCCOCCOCCOCCOCCOCCOCCOCCOCCOCCOCCOCCOCCOCCOCCOCCOCCOCCOCCOCCOCCOCCOCCOCCOCCOCCOCCOCCOCCOCCOCCOCCOCCOCCOCCOCCOCCOCCOCCOCCOCCOCCOCCOCCOCCOCCOCCOCCOCCOCCOCCOCCOCCOCCOCCOCCOCCOCCOCCOCCOCCOCCOCCOCCO)OC(=O)CCCCCCCCCCCCC,CC(C)CCC[C@@H](C)[C@H]1CC[C@H]2[C@@H]3CC=C4C[C@@H](O)CC[C@]4(C)[C@H]3CC[C@]12C,CCCCCCCCCCCCCCCCCC(=O)OC[C@H](COP(=O)([O-])OCC[N+](C)(C)C)OC(=O)CCCCCCCCCCCCCCCCC,88.0,50.0,1.5,38.5,10.0,0.5,0.015,0.385,0.1,140.0,
144,Custom lipid,DMG-PEG2000,cholesterol,DSPC,50:1.5:38.5:10,140,,,87,WR:5(wt/wt)[synth_lipid:siRNA],siRNA,"firefly_luciferase, factor_vii",mPEG2000-DMG,Lipid 3 (thiol-yne derived),DSPC,cholesterol,"synthesis_method: Ethanol injection; device_used: ; total_flow_rate_ml_min: ; flow_rate_ratio: 1:1 (organic:aqueous); aqueous_phase_composition: 10 mM citrate buffer, pH 3.0; organic_phase_composition: 200-proof ethanol; mixing_time_sec: ; temperature_condition: room temperature; post_processing: dialysis against 1¡¿ PBS for 75 min in 3500 MWCO cassettes; sterilization: ; storage_buffer: 1¡¿ PBS",cell_line: HeLa cells (dual luciferase); animal_model: C57BL/6 mice; administration_route: IV; dose: 1 mg/kg siRNA; gene_expression_result: High efficacy (>50% gene silencing); biodistribution_result: hepatocyte-specific delivery; toxicity_profile: Non-toxic at tested doses,Multiparametric approach for the evaluation of lipid nanoparticles for siRNA delivery,"['Christopher A. Alabi', 'Kevin T. Love', 'Gaurav Sahay', 'Hao Yin', 'Kathryn M. Luly', 'Robert Langer', 'Daniel G. Anderson']",10.1073/pnas.1306529110,PNAS,2013.0,CCCCCCCCCCSCC(COC(=O)CCN(CCC(=O)OCC(CSCCCCCCCCCC)SCCCCCCCCCC)CCN(C)C)SCCCCCCCCCC,CCCCCCCCCCCCCC(=O)OCC(COP(=O)([O-])OCCOCCOCCOCCOCCOCCOCCOCCOCCOCCOCCOCCOCCOCCOCCOCCOCCOCCOCCOCCOCCOCCOCCOCCOCCOCCOCCOCCOCCOCCOCCOCCOCCOCCOCCOCCOCCOCCOCCOCCOCCOCCOCCOCCOCCOCCOCCOCCOCCOCCOCCOCCOCCOCCOCCOCCOCCOCCOCCOCCOCCOCCOCCOCCOCCOCCOCCOCCOCCOCCOCCOCCOCCOCCOCCOCCOCCOCCOCCOCCOCCOCCOCCOCCOCCOCCOCCOCCOCCOCCO)OC(=O)CCCCCCCCCCCCC,CC(C)CCC[C@@H](C)[C@H]1CC[C@H]2[C@@H]3CC=C4C[C@@H](O)CC[C@]4(C)[C@H]3CC[C@]12C,CCCCCCCCCCCCCCCCCC(=O)OC[C@H](COP(=O)([O-])OCC[N+](C)(C)C)OC(=O)CCCCCCCCCCCCCCCCC,87.0,50.0,1.5,38.5,10.0,0.5,0.015,0.385,0.1,140.0,
145,Custom lipid,DMG-PEG2000,cholesterol,DSPC,50:1.5:38.5:10,130,,,89,WR:5(wt/wt)[synth_lipid:siRNA],siRNA,"firefly_luciferase, factor_vii",mPEG2000-DMG,Lipid 4 (thiol-yne derived),DSPC,cholesterol,"synthesis_method: Ethanol injection; device_used: ; total_flow_rate_ml_min: ; flow_rate_ratio: 1:1 (organic:aqueous); aqueous_phase_composition: 10 mM citrate buffer, pH 3.0; organic_phase_composition: 200-proof ethanol; mixing_time_sec: ; temperature_condition: room temperature; post_processing: dialysis against 1¡¿ PBS for 75 min in 3500 MWCO cassettes; sterilization: ; storage_buffer: 1¡¿ PBS",cell_line: HeLa cells (dual luciferase); animal_model: C57BL/6 mice; administration_route: IV; dose: 1 mg/kg siRNA; gene_expression_result: Low efficacy (<50% gene silencing); biodistribution_result: hepatocyte-specific delivery; toxicity_profile: Non-toxic at tested doses,Multiparametric approach for the evaluation of lipid nanoparticles for siRNA delivery,"['Christopher A. Alabi', 'Kevin T. Love', 'Gaurav Sahay', 'Hao Yin', 'Kathryn M. Luly', 'Robert Langer', 'Daniel G. Anderson']",10.1073/pnas.1306529110,PNAS,2013.0,CCCCCCCCCCSCC(COC(=O)CCN(CCC(=O)OCC(CSCCCCCCCCCC)SCCCCCCCCCC)CCN(C(C)C)C(C)C)SCCCCCCCCCC,CCCCCCCCCCCCCC(=O)OCC(COP(=O)([O-])OCCOCCOCCOCCOCCOCCOCCOCCOCCOCCOCCOCCOCCOCCOCCOCCOCCOCCOCCOCCOCCOCCOCCOCCOCCOCCOCCOCCOCCOCCOCCOCCOCCOCCOCCOCCOCCOCCOCCOCCOCCOCCOCCOCCOCCOCCOCCOCCOCCOCCOCCOCCOCCOCCOCCOCCOCCOCCOCCOCCOCCOCCOCCOCCOCCOCCOCCOCCOCCOCCOCCOCCOCCOCCOCCOCCOCCOCCOCCOCCOCCOCCOCCOCCOCCOCCOCCOCCOCCOCCO)OC(=O)CCCCCCCCCCCCC,CC(C)CCC[C@@H](C)[C@H]1CC[C@H]2[C@@H]3CC=C4C[C@@H](O)CC[C@]4(C)[C@H]3CC[C@]12C,CCCCCCCCCCCCCCCCCC(=O)OC[C@H](COP(=O)([O-])OCC[N+](C)(C)C)OC(=O)CCCCCCCCCCCCCCCCC,89.0,50.0,1.5,38.5,10.0,0.5,0.015,0.385,0.1,130.0,
146,Custom lipid,DMG-PEG2000,cholesterol,DSPC,50:1.5:38.5:10,140,,,88,WR:5(wt/wt)[synth_lipid:siRNA],siRNA,"firefly_luciferase, factor_vii",mPEG2000-DMG,Lipid 5 (thiol-yne derived),DSPC,cholesterol,"synthesis_method: Ethanol injection; device_used: ; total_flow_rate_ml_min: ; flow_rate_ratio: 1:1 (organic:aqueous); aqueous_phase_composition: 10 mM citrate buffer, pH 3.0; organic_phase_composition: 200-proof ethanol; mixing_time_sec: ; temperature_condition: room temperature; post_processing: dialysis against 1¡¿ PBS for 75 min in 3500 MWCO cassettes; sterilization: ; storage_buffer: 1¡¿ PBS",cell_line: HeLa cells (dual luciferase); animal_model: C57BL/6 mice; administration_route: IV; dose: 1 mg/kg siRNA; gene_expression_result: Low efficacy (<50% gene silencing); biodistribution_result: hepatocyte-specific delivery; toxicity_profile: Non-toxic at tested doses,Multiparametric approach for the evaluation of lipid nanoparticles for siRNA delivery,"['Christopher A. Alabi', 'Kevin T. Love', 'Gaurav Sahay', 'Hao Yin', 'Kathryn M. Luly', 'Robert Langer', 'Daniel G. Anderson']",10.1073/pnas.1306529110,PNAS,2013.0,CCCCCCCCCCSCC(COC(=O)CCN(CCC(=O)OCC(CSCCCCCCCCCC)SCCCCCCCCCC)CC(C)(C)CN(C)C)SCCCCCCCCCC,CCCCCCCCCCCCCC(=O)OCC(COP(=O)([O-])OCCOCCOCCOCCOCCOCCOCCOCCOCCOCCOCCOCCOCCOCCOCCOCCOCCOCCOCCOCCOCCOCCOCCOCCOCCOCCOCCOCCOCCOCCOCCOCCOCCOCCOCCOCCOCCOCCOCCOCCOCCOCCOCCOCCOCCOCCOCCOCCOCCOCCOCCOCCOCCOCCOCCOCCOCCOCCOCCOCCOCCOCCOCCOCCOCCOCCOCCOCCOCCOCCOCCOCCOCCOCCOCCOCCOCCOCCOCCOCCOCCOCCOCCOCCOCCOCCOCCOCCOCCOCCO)OC(=O)CCCCCCCCCCCCC,CC(C)CCC[C@@H](C)[C@H]1CC[C@H]2[C@@H]3CC=C4C[C@@H](O)CC[C@]4(C)[C@H]3CC[C@]12C,CCCCCCCCCCCCCCCCCC(=O)OC[C@H](COP(=O)([O-])OCC[N+](C)(C)C)OC(=O)CCCCCCCCCCCCCCCCC,88.0,50.0,1.5,38.5,10.0,0.5,0.015,0.385,0.1,140.0,
147,Custom lipid,DMG-PEG2000,cholesterol,DSPC,50:1.5:38.5:10,135,,,87,WR:5(wt/wt)[synth_lipid:siRNA],siRNA,"firefly_luciferase, factor_vii",mPEG2000-DMG,Lipid 6 (thiol-yne derived),DSPC,cholesterol,"synthesis_method: Ethanol injection; device_used: ; total_flow_rate_ml_min: ; flow_rate_ratio: 1:1 (organic:aqueous); aqueous_phase_composition: 10 mM citrate buffer, pH 3.0; organic_phase_composition: 200-proof ethanol; mixing_time_sec: ; temperature_condition: room temperature; post_processing: dialysis against 1¡¿ PBS for 75 min in 3500 MWCO cassettes; sterilization: ; storage_buffer: 1¡¿ PBS",cell_line: HeLa cells (dual luciferase); animal_model: C57BL/6 mice; administration_route: IV; dose: 1 mg/kg siRNA; gene_expression_result: Low efficacy (<50% gene silencing); biodistribution_result: hepatocyte-specific delivery; toxicity_profile: Non-toxic at tested doses,Multiparametric approach for the evaluation of lipid nanoparticles for siRNA delivery,"['Christopher A. Alabi', 'Kevin T. Love', 'Gaurav Sahay', 'Hao Yin', 'Kathryn M. Luly', 'Robert Langer', 'Daniel G. Anderson']",10.1073/pnas.1306529110,PNAS,2013.0,CCCCCCCCCCSCC(COC(=O)CCN(CCCN(CCCC)CCCC)CCC(=O)OCC(CSCCCCCCCCCC)SCCCCCCCCCC)SCCCCCCCCCC,CCCCCCCCCCCCCC(=O)OCC(COP(=O)([O-])OCCOCCOCCOCCOCCOCCOCCOCCOCCOCCOCCOCCOCCOCCOCCOCCOCCOCCOCCOCCOCCOCCOCCOCCOCCOCCOCCOCCOCCOCCOCCOCCOCCOCCOCCOCCOCCOCCOCCOCCOCCOCCOCCOCCOCCOCCOCCOCCOCCOCCOCCOCCOCCOCCOCCOCCOCCOCCOCCOCCOCCOCCOCCOCCOCCOCCOCCOCCOCCOCCOCCOCCOCCOCCOCCOCCOCCOCCOCCOCCOCCOCCOCCOCCOCCOCCOCCOCCOCCOCCO)OC(=O)CCCCCCCCCCCCC,CC(C)CCC[C@@H](C)[C@H]1CC[C@H]2[C@@H]3CC=C4C[C@@H](O)CC[C@]4(C)[C@H]3CC[C@]12C,CCCCCCCCCCCCCCCCCC(=O)OC[C@H](COP(=O)([O-])OCC[N+](C)(C)C)OC(=O)CCCCCCCCCCCCCCCCC,87.0,50.0,1.5,38.5,10.0,0.5,0.015,0.385,0.1,135.0,
148,Custom lipid,DMG-PEG2000,cholesterol,DSPC,50:1.5:38.5:10,125,,,86,WR:5(wt/wt)[synth_lipid:siRNA],siRNA,"firefly_luciferase, factor_vii",mPEG2000-DMG,Lipid 7 (thiol-yne derived),DSPC,cholesterol,"synthesis_method: Ethanol injection; device_used: ; total_flow_rate_ml_min: ; flow_rate_ratio: 1:1 (organic:aqueous); aqueous_phase_composition: 10 mM citrate buffer, pH 3.0; organic_phase_composition: 200-proof ethanol; mixing_time_sec: ; temperature_condition: room temperature; post_processing: dialysis against 1¡¿ PBS for 75 min in 3500 MWCO cassettes; sterilization: ; storage_buffer: 1¡¿ PBS",cell_line: HeLa cells (dual luciferase); animal_model: C57BL/6 mice; administration_route: IV; dose: 1 mg/kg siRNA; gene_expression_result: High efficacy (>50% gene silencing); biodistribution_result: hepatocyte-specific delivery; toxicity_profile: Non-toxic at tested doses,Multiparametric approach for the evaluation of lipid nanoparticles for siRNA delivery,"['Christopher A. Alabi', 'Kevin T. Love', 'Gaurav Sahay', 'Hao Yin', 'Kathryn M. Luly', 'Robert Langer', 'Daniel G. Anderson']",10.1073/pnas.1306529110,PNAS,2013.0,CCCCCCCCCCSCC(COC(=O)CCN(CCC(=O)OCC(CSCCCCCCCCCC)SCCCCCCCCCC)CCN1CCCCC1)SCCCCCCCCCC,CCCCCCCCCCCCCC(=O)OCC(COP(=O)([O-])OCCOCCOCCOCCOCCOCCOCCOCCOCCOCCOCCOCCOCCOCCOCCOCCOCCOCCOCCOCCOCCOCCOCCOCCOCCOCCOCCOCCOCCOCCOCCOCCOCCOCCOCCOCCOCCOCCOCCOCCOCCOCCOCCOCCOCCOCCOCCOCCOCCOCCOCCOCCOCCOCCOCCOCCOCCOCCOCCOCCOCCOCCOCCOCCOCCOCCOCCOCCOCCOCCOCCOCCOCCOCCOCCOCCOCCOCCOCCOCCOCCOCCOCCOCCOCCOCCOCCOCCOCCOCCO)OC(=O)CCCCCCCCCCCCC,CC(C)CCC[C@@H](C)[C@H]1CC[C@H]2[C@@H]3CC=C4C[C@@H](O)CC[C@]4(C)[C@H]3CC[C@]12C,CCCCCCCCCCCCCCCCCC(=O)OC[C@H](COP(=O)([O-])OCC[N+](C)(C)C)OC(=O)CCCCCCCCCCCCCCCCC,86.0,50.0,1.5,38.5,10.0,0.5,0.015,0.385,0.1,125.0,
149,Custom lipid,DMG-PEG2000,cholesterol,DSPC,50:1.5:38.5:10,125,,,85,WR:5(wt/wt)[synth_lipid:siRNA],siRNA,"firefly_luciferase, factor_vii",mPEG2000-DMG,Lipid 8 (thiol-yne derived),DSPC,cholesterol,"synthesis_method: Ethanol injection; device_used: ; total_flow_rate_ml_min: ; flow_rate_ratio: 1:1 (organic:aqueous); aqueous_phase_composition: 10 mM citrate buffer, pH 3.0; organic_phase_composition: 200-proof ethanol; mixing_time_sec: ; temperature_condition: room temperature; post_processing: dialysis against 1¡¿ PBS for 75 min in 3500 MWCO cassettes; sterilization: ; storage_buffer: 1¡¿ PBS",cell_line: HeLa cells (dual luciferase); animal_model: C57BL/6 mice; administration_route: IV; dose: 1 mg/kg siRNA; gene_expression_result: Low efficacy (<50% gene silencing); biodistribution_result: hepatocyte-specific delivery; toxicity_profile: Non-toxic at tested doses,Multiparametric approach for the evaluation of lipid nanoparticles for siRNA delivery,"['Christopher A. Alabi', 'Kevin T. Love', 'Gaurav Sahay', 'Hao Yin', 'Kathryn M. Luly', 'Robert Langer', 'Daniel G. Anderson']",10.1073/pnas.1306529110,PNAS,2013.0,CCCCCCCCCCSCC(COC(=O)CCN(CCC(=O)OCC(CSCCCCCCCCCC)SCCCCCCCCCC)CCN1CCOCC1)SCCCCCCCCCC,CCCCCCCCCCCCCC(=O)OCC(COP(=O)([O-])OCCOCCOCCOCCOCCOCCOCCOCCOCCOCCOCCOCCOCCOCCOCCOCCOCCOCCOCCOCCOCCOCCOCCOCCOCCOCCOCCOCCOCCOCCOCCOCCOCCOCCOCCOCCOCCOCCOCCOCCOCCOCCOCCOCCOCCOCCOCCOCCOCCOCCOCCOCCOCCOCCOCCOCCOCCOCCOCCOCCOCCOCCOCCOCCOCCOCCOCCOCCOCCOCCOCCOCCOCCOCCOCCOCCOCCOCCOCCOCCOCCOCCOCCOCCOCCOCCOCCOCCOCCOCCO)OC(=O)CCCCCCCCCCCCC,CC(C)CCC[C@@H](C)[C@H]1CC[C@H]2[C@@H]3CC=C4C[C@@H](O)CC[C@]4(C)[C@H]3CC[C@]12C,CCCCCCCCCCCCCCCCCC(=O)OC[C@H](COP(=O)([O-])OCC[N+](C)(C)C)OC(=O)CCCCCCCCCCCCCCCCC,85.0,50.0,1.5,38.5,10.0,0.5,0.015,0.385,0.1,125.0,
150,Custom lipid,DMG-PEG2000,cholesterol,DSPC,50:1.5:38.5:10,170,,,84,WR:5(wt/wt)[synth_lipid:siRNA],siRNA,"firefly_luciferase, factor_vii",mPEG2000-DMG,Lipid 9 (thiol-yne derived),DSPC,cholesterol,"synthesis_method: Ethanol injection; device_used: ; total_flow_rate_ml_min: ; flow_rate_ratio: 1:1 (organic:aqueous); aqueous_phase_composition: 10 mM citrate buffer, pH 3.0; organic_phase_composition: 200-proof ethanol; mixing_time_sec: ; temperature_condition: room temperature; post_processing: dialysis against 1¡¿ PBS for 75 min in 3500 MWCO cassettes; sterilization: ; storage_buffer: 1¡¿ PBS",cell_line: HeLa cells (dual luciferase); animal_model: C57BL/6 mice; administration_route: IV; dose: 1 mg/kg siRNA; gene_expression_result: High efficacy (>50% gene silencing); biodistribution_result: hepatocyte-specific delivery; toxicity_profile: Non-toxic at tested doses,Multiparametric approach for the evaluation of lipid nanoparticles for siRNA delivery,"['Christopher A. Alabi', 'Kevin T. Love', 'Gaurav Sahay', 'Hao Yin', 'Kathryn M. Luly', 'Robert Langer', 'Daniel G. Anderson']",10.1073/pnas.1306529110,PNAS,2013.0,CCCCCCCCCCSCC(COC(=O)CCN(CCC(=O)OCC(CSCCCCCCCCCC)SCCCCCCCCCC)CCN1CCCC1)SCCCCCCCCCC,CCCCCCCCCCCCCC(=O)OCC(COP(=O)([O-])OCCOCCOCCOCCOCCOCCOCCOCCOCCOCCOCCOCCOCCOCCOCCOCCOCCOCCOCCOCCOCCOCCOCCOCCOCCOCCOCCOCCOCCOCCOCCOCCOCCOCCOCCOCCOCCOCCOCCOCCOCCOCCOCCOCCOCCOCCOCCOCCOCCOCCOCCOCCOCCOCCOCCOCCOCCOCCOCCOCCOCCOCCOCCOCCOCCOCCOCCOCCOCCOCCOCCOCCOCCOCCOCCOCCOCCOCCOCCOCCOCCOCCOCCOCCOCCOCCOCCOCCOCCOCCO)OC(=O)CCCCCCCCCCCCC,CC(C)CCC[C@@H](C)[C@H]1CC[C@H]2[C@@H]3CC=C4C[C@@H](O)CC[C@]4(C)[C@H]3CC[C@]12C,CCCCCCCCCCCCCCCCCC(=O)OC[C@H](COP(=O)([O-])OCC[N+](C)(C)C)OC(=O)CCCCCCCCCCCCCCCCC,84.0,50.0,1.5,38.5,10.0,0.5,0.015,0.385,0.1,170.0,
151,Custom lipid,DMG-PEG2000,cholesterol,DSPC,50:1.5:38.5:10,165,,,86,WR:5(wt/wt)[synth_lipid:siRNA],siRNA,"firefly_luciferase, factor_vii",mPEG2000-DMG,Lipid 10 (thiol-yne derived),DSPC,cholesterol,"synthesis_method: Ethanol injection; device_used: ; total_flow_rate_ml_min: ; flow_rate_ratio: 1:1 (organic:aqueous); aqueous_phase_composition: 10 mM citrate buffer, pH 3.0; organic_phase_composition: 200-proof ethanol; mixing_time_sec: ; temperature_condition: room temperature; post_processing: dialysis against 1¡¿ PBS for 75 min in 3500 MWCO cassettes; sterilization: ; storage_buffer: 1¡¿ PBS",cell_line: HeLa cells (dual luciferase); animal_model: C57BL/6 mice; administration_route: IV; dose: 1 mg/kg siRNA; gene_expression_result: Low efficacy (<50% gene silencing); biodistribution_result: hepatocyte-specific delivery; toxicity_profile: Non-toxic at tested doses,Multiparametric approach for the evaluation of lipid nanoparticles for siRNA delivery,"['Christopher A. Alabi', 'Kevin T. Love', 'Gaurav Sahay', 'Hao Yin', 'Kathryn M. Luly', 'Robert Langer', 'Daniel G. Anderson']",10.1073/pnas.1306529110,PNAS,2013.0,CCCCCCCCCCSCC(COC(=O)CCN(CCC(=O)OCC(CSCCCCCCCCCC)SCCCCCCCCCC)C1CN(C)C1)SCCCCCCCCCC,CCCCCCCCCCCCCC(=O)OCC(COP(=O)([O-])OCCOCCOCCOCCOCCOCCOCCOCCOCCOCCOCCOCCOCCOCCOCCOCCOCCOCCOCCOCCOCCOCCOCCOCCOCCOCCOCCOCCOCCOCCOCCOCCOCCOCCOCCOCCOCCOCCOCCOCCOCCOCCOCCOCCOCCOCCOCCOCCOCCOCCOCCOCCOCCOCCOCCOCCOCCOCCOCCOCCOCCOCCOCCOCCOCCOCCOCCOCCOCCOCCOCCOCCOCCOCCOCCOCCOCCOCCOCCOCCOCCOCCOCCOCCOCCOCCOCCOCCOCCOCCO)OC(=O)CCCCCCCCCCCCC,CC(C)CCC[C@@H](C)[C@H]1CC[C@H]2[C@@H]3CC=C4C[C@@H](O)CC[C@]4(C)[C@H]3CC[C@]12C,CCCCCCCCCCCCCCCCCC(=O)OC[C@H](COP(=O)([O-])OCC[N+](C)(C)C)OC(=O)CCCCCCCCCCCCCCCCC,86.0,50.0,1.5,38.5,10.0,0.5,0.015,0.385,0.1,165.0,
152,Custom lipid,DMG-PEG2000,cholesterol,DSPC,50:1.5:38.5:10,140,,,87,WR:5(wt/wt)[synth_lipid:siRNA],siRNA,"firefly_luciferase, factor_vii",mPEG2000-DMG,Lipid 11 (thiol-yne derived),DSPC,cholesterol,"synthesis_method: Ethanol injection; device_used: ; total_flow_rate_ml_min: ; flow_rate_ratio: 1:1 (organic:aqueous); aqueous_phase_composition: 10 mM citrate buffer, pH 3.0; organic_phase_composition: 200-proof ethanol; mixing_time_sec: ; temperature_condition: room temperature; post_processing: dialysis against 1¡¿ PBS for 75 min in 3500 MWCO cassettes; sterilization: ; storage_buffer: 1¡¿ PBS",cell_line: HeLa cells (dual luciferase); animal_model: C57BL/6 mice; administration_route: IV; dose: 1 mg/kg siRNA; gene_expression_result: High efficacy (>50% gene silencing); biodistribution_result: hepatocyte-specific delivery; toxicity_profile: Non-toxic at tested doses,Multiparametric approach for the evaluation of lipid nanoparticles for siRNA delivery,"['Christopher A. Alabi', 'Kevin T. Love', 'Gaurav Sahay', 'Hao Yin', 'Kathryn M. Luly', 'Robert Langer', 'Daniel G. Anderson']",10.1073/pnas.1306529110,PNAS,2013.0,CCCCCCCCCCSCC(COC(=O)CCN(CCC(=O)OCC(CSCCCCCCCCCC)SCCCCCCCCCC)C1CCN(C)C1)SCCCCCCCCCC,CCCCCCCCCCCCCC(=O)OCC(COP(=O)([O-])OCCOCCOCCOCCOCCOCCOCCOCCOCCOCCOCCOCCOCCOCCOCCOCCOCCOCCOCCOCCOCCOCCOCCOCCOCCOCCOCCOCCOCCOCCOCCOCCOCCOCCOCCOCCOCCOCCOCCOCCOCCOCCOCCOCCOCCOCCOCCOCCOCCOCCOCCOCCOCCOCCOCCOCCOCCOCCOCCOCCOCCOCCOCCOCCOCCOCCOCCOCCOCCOCCOCCOCCOCCOCCOCCOCCOCCOCCOCCOCCOCCOCCOCCOCCOCCOCCOCCOCCOCCOCCO)OC(=O)CCCCCCCCCCCCC,CC(C)CCC[C@@H](C)[C@H]1CC[C@H]2[C@@H]3CC=C4C[C@@H](O)CC[C@]4(C)[C@H]3CC[C@]12C,CCCCCCCCCCCCCCCCCC(=O)OC[C@H](COP(=O)([O-])OCC[N+](C)(C)C)OC(=O)CCCCCCCCCCCCCCCCC,87.0,50.0,1.5,38.5,10.0,0.5,0.015,0.385,0.1,140.0,
153,Custom lipid,DMG-PEG2000,cholesterol,DSPC,50:1.5:38.5:10,130,,,88,WR:5(wt/wt)[synth_lipid:siRNA],siRNA,"firefly_luciferase, factor_vii",mPEG2000-DMG,Lipid 12 (thiol-yne derived),DSPC,cholesterol,"synthesis_method: Ethanol injection; device_used: ; total_flow_rate_ml_min: ; flow_rate_ratio: 1:1 (organic:aqueous); aqueous_phase_composition: 10 mM citrate buffer, pH 3.0; organic_phase_composition: 200-proof ethanol; mixing_time_sec: ; temperature_condition: room temperature; post_processing: dialysis against 1¡¿ PBS for 75 min in 3500 MWCO cassettes; sterilization: ; storage_buffer: 1¡¿ PBS",cell_line: HeLa cells (dual luciferase); animal_model: C57BL/6 mice; administration_route: IV; dose: 1 mg/kg siRNA; gene_expression_result: High efficacy (>50% gene silencing); biodistribution_result: hepatocyte-specific delivery; toxicity_profile: Non-toxic at tested doses,Multiparametric approach for the evaluation of lipid nanoparticles for siRNA delivery,"['Christopher A. Alabi', 'Kevin T. Love', 'Gaurav Sahay', 'Hao Yin', 'Kathryn M. Luly', 'Robert Langer', 'Daniel G. Anderson']",10.1073/pnas.1306529110,PNAS,2013.0,CCCCCCCCCCSCC(COC(=O)CCN(CCCN1CCCC1)CCC(=O)OCC(CSCCCCCCCCCC)SCCCCCCCCCC)SCCCCCCCCCC,CCCCCCCCCCCCCC(=O)OCC(COP(=O)([O-])OCCOCCOCCOCCOCCOCCOCCOCCOCCOCCOCCOCCOCCOCCOCCOCCOCCOCCOCCOCCOCCOCCOCCOCCOCCOCCOCCOCCOCCOCCOCCOCCOCCOCCOCCOCCOCCOCCOCCOCCOCCOCCOCCOCCOCCOCCOCCOCCOCCOCCOCCOCCOCCOCCOCCOCCOCCOCCOCCOCCOCCOCCOCCOCCOCCOCCOCCOCCOCCOCCOCCOCCOCCOCCOCCOCCOCCOCCOCCOCCOCCOCCOCCOCCOCCOCCOCCOCCOCCOCCO)OC(=O)CCCCCCCCCCCCC,CC(C)CCC[C@@H](C)[C@H]1CC[C@H]2[C@@H]3CC=C4C[C@@H](O)CC[C@]4(C)[C@H]3CC[C@]12C,CCCCCCCCCCCCCCCCCC(=O)OC[C@H](COP(=O)([O-])OCC[N+](C)(C)C)OC(=O)CCCCCCCCCCCCCCCCC,88.0,50.0,1.5,38.5,10.0,0.5,0.015,0.385,0.1,130.0,
154,Custom lipid,DMG-PEG2000,cholesterol,DSPC,50:1.5:38.5:10,160,,,85,WR:5(wt/wt)[synth_lipid:siRNA],siRNA,"firefly_luciferase, factor_vii",mPEG2000-DMG,Lipid 13 (thiol-yne derived),DSPC,cholesterol,"synthesis_method: Ethanol injection; device_used: ; total_flow_rate_ml_min: ; flow_rate_ratio: 1:1 (organic:aqueous); aqueous_phase_composition: 10 mM citrate buffer, pH 3.0; organic_phase_composition: 200-proof ethanol; mixing_time_sec: ; temperature_condition: room temperature; post_processing: dialysis against 1¡¿ PBS for 75 min in 3500 MWCO cassettes; sterilization: ; storage_buffer: 1¡¿ PBS",cell_line: HeLa cells (dual luciferase); animal_model: C57BL/6 mice; administration_route: IV; dose: 1 mg/kg siRNA; gene_expression_result: Low efficacy (<50% gene silencing); biodistribution_result: hepatocyte-specific delivery; toxicity_profile: Non-toxic at tested doses,Multiparametric approach for the evaluation of lipid nanoparticles for siRNA delivery,"['Christopher A. Alabi', 'Kevin T. Love', 'Gaurav Sahay', 'Hao Yin', 'Kathryn M. Luly', 'Robert Langer', 'Daniel G. Anderson']",10.1073/pnas.1306529110,PNAS,2013.0,CCCCCCCCCCSCC(COC(=O)CCN(CCC(=O)OCC(CSCCCCCCCCCC)SCCCCCCCCCC)CCc1ccccn1)SCCCCCCCCCC,CCCCCCCCCCCCCC(=O)OCC(COP(=O)([O-])OCCOCCOCCOCCOCCOCCOCCOCCOCCOCCOCCOCCOCCOCCOCCOCCOCCOCCOCCOCCOCCOCCOCCOCCOCCOCCOCCOCCOCCOCCOCCOCCOCCOCCOCCOCCOCCOCCOCCOCCOCCOCCOCCOCCOCCOCCOCCOCCOCCOCCOCCOCCOCCOCCOCCOCCOCCOCCOCCOCCOCCOCCOCCOCCOCCOCCOCCOCCOCCOCCOCCOCCOCCOCCOCCOCCOCCOCCOCCOCCOCCOCCOCCOCCOCCOCCOCCOCCOCCOCCO)OC(=O)CCCCCCCCCCCCC,CC(C)CCC[C@@H](C)[C@H]1CC[C@H]2[C@@H]3CC=C4C[C@@H](O)CC[C@]4(C)[C@H]3CC[C@]12C,CCCCCCCCCCCCCCCCCC(=O)OC[C@H](COP(=O)([O-])OCC[N+](C)(C)C)OC(=O)CCCCCCCCCCCCCCCCC,85.0,50.0,1.5,38.5,10.0,0.5,0.015,0.385,0.1,160.0,
155,Custom lipid,DMG-PEG2000,cholesterol,DSPC,50:1.5:38.5:10,130,,,89,WR:5(wt/wt)[synth_lipid:siRNA],siRNA,"firefly_luciferase, factor_vii",mPEG2000-DMG,Lipid 14 (thiol-yne derived),DSPC,cholesterol,"synthesis_method: Ethanol injection; device_used: ; total_flow_rate_ml_min: ; flow_rate_ratio: 1:1 (organic:aqueous); aqueous_phase_composition: 10 mM citrate buffer, pH 3.0; organic_phase_composition: 200-proof ethanol; mixing_time_sec: ; temperature_condition: room temperature; post_processing: dialysis against 1¡¿ PBS for 75 min in 3500 MWCO cassettes; sterilization: ; storage_buffer: 1¡¿ PBS",cell_line: HeLa cells (dual luciferase); animal_model: C57BL/6 mice; administration_route: IV; dose: 1 mg/kg siRNA; gene_expression_result: High efficacy (>50% gene silencing); biodistribution_result: hepatocyte-specific delivery; toxicity_profile: Non-toxic at tested doses,Multiparametric approach for the evaluation of lipid nanoparticles for siRNA delivery,"['Christopher A. Alabi', 'Kevin T. Love', 'Gaurav Sahay', 'Hao Yin', 'Kathryn M. Luly', 'Robert Langer', 'Daniel G. Anderson']",10.1073/pnas.1306529110,PNAS,2013.0,CCCCCCCCCCSCC(COC(=O)CCN(CCC(=O)OCC(CSCCCCCCCCCC)SCCCCCCCCCC)CCN1CCC(C)C1)SCCCCCCCCCC,CCCCCCCCCCCCCC(=O)OCC(COP(=O)([O-])OCCOCCOCCOCCOCCOCCOCCOCCOCCOCCOCCOCCOCCOCCOCCOCCOCCOCCOCCOCCOCCOCCOCCOCCOCCOCCOCCOCCOCCOCCOCCOCCOCCOCCOCCOCCOCCOCCOCCOCCOCCOCCOCCOCCOCCOCCOCCOCCOCCOCCOCCOCCOCCOCCOCCOCCOCCOCCOCCOCCOCCOCCOCCOCCOCCOCCOCCOCCOCCOCCOCCOCCOCCOCCOCCOCCOCCOCCOCCOCCOCCOCCOCCOCCOCCOCCOCCOCCOCCOCCO)OC(=O)CCCCCCCCCCCCC,CC(C)CCC[C@@H](C)[C@H]1CC[C@H]2[C@@H]3CC=C4C[C@@H](O)CC[C@]4(C)[C@H]3CC[C@]12C,CCCCCCCCCCCCCCCCCC(=O)OC[C@H](COP(=O)([O-])OCC[N+](C)(C)C)OC(=O)CCCCCCCCCCCCCCCCC,89.0,50.0,1.5,38.5,10.0,0.5,0.015,0.385,0.1,130.0,
156,Custom lipid,DMG-PEG2000,cholesterol,DSPC,50:1.5:38.5:10,120,,,90,WR:5(wt/wt)[synth_lipid:siRNA],siRNA,"firefly_luciferase, factor_vii",mPEG2000-DMG,Lipid 15 (thiol-yne derived),DSPC,cholesterol,"synthesis_method: Ethanol injection; device_used: ; total_flow_rate_ml_min: ; flow_rate_ratio: 1:1 (organic:aqueous); aqueous_phase_composition: 10 mM citrate buffer, pH 3.0; organic_phase_composition: 200-proof ethanol; mixing_time_sec: ; temperature_condition: room temperature; post_processing: dialysis against 1¡¿ PBS for 75 min in 3500 MWCO cassettes; sterilization: ; storage_buffer: 1¡¿ PBS",cell_line: HeLa cells (dual luciferase); animal_model: C57BL/6 mice; administration_route: IV; dose: 1 mg/kg siRNA; gene_expression_result: High efficacy (>50% gene silencing); biodistribution_result: hepatocyte-specific delivery; toxicity_profile: Non-toxic at tested doses,Multiparametric approach for the evaluation of lipid nanoparticles for siRNA delivery,"['Christopher A. Alabi', 'Kevin T. Love', 'Gaurav Sahay', 'Hao Yin', 'Kathryn M. Luly', 'Robert Langer', 'Daniel G. Anderson']",10.1073/pnas.1306529110,PNAS,2013.0,CCCCCCCCCCSCC(COC(=O)CCN(CCC(=O)OCC(CSCCCCCCCCCC)SCCCCCCCCCC)CCC1CCN(C)C1)SCCCCCCCCCC,CCCCCCCCCCCCCC(=O)OCC(COP(=O)([O-])OCCOCCOCCOCCOCCOCCOCCOCCOCCOCCOCCOCCOCCOCCOCCOCCOCCOCCOCCOCCOCCOCCOCCOCCOCCOCCOCCOCCOCCOCCOCCOCCOCCOCCOCCOCCOCCOCCOCCOCCOCCOCCOCCOCCOCCOCCOCCOCCOCCOCCOCCOCCOCCOCCOCCOCCOCCOCCOCCOCCOCCOCCOCCOCCOCCOCCOCCOCCOCCOCCOCCOCCOCCOCCOCCOCCOCCOCCOCCOCCOCCOCCOCCOCCOCCOCCOCCOCCOCCOCCO)OC(=O)CCCCCCCCCCCCC,CC(C)CCC[C@@H](C)[C@H]1CC[C@H]2[C@@H]3CC=C4C[C@@H](O)CC[C@]4(C)[C@H]3CC[C@]12C,CCCCCCCCCCCCCCCCCC(=O)OC[C@H](COP(=O)([O-])OCC[N+](C)(C)C)OC(=O)CCCCCCCCCCCCCCCCC,90.0,50.0,1.5,38.5,10.0,0.5,0.015,0.385,0.1,120.0,
157,Custom lipid,DMG-PEG2000,cholesterol,DSPC,50:1.5:38.5:10,125,,,88,WR:5(wt/wt)[synth_lipid:siRNA],siRNA,"firefly_luciferase, factor_vii",mPEG2000-DMG,Lipid 16 (thiol-yne derived),DSPC,cholesterol,"synthesis_method: Ethanol injection; device_used: ; total_flow_rate_ml_min: ; flow_rate_ratio: 1:1 (organic:aqueous); aqueous_phase_composition: 10 mM citrate buffer, pH 3.0; organic_phase_composition: 200-proof ethanol; mixing_time_sec: ; temperature_condition: room temperature; post_processing: dialysis against 1¡¿ PBS for 75 min in 3500 MWCO cassettes; sterilization: ; storage_buffer: 1¡¿ PBS",cell_line: HeLa cells (dual luciferase); animal_model: C57BL/6 mice; administration_route: IV; dose: 1 mg/kg siRNA; gene_expression_result: High efficacy (>50% gene silencing); biodistribution_result: hepatocyte-specific delivery; toxicity_profile: Non-toxic at tested doses,Multiparametric approach for the evaluation of lipid nanoparticles for siRNA delivery,"['Christopher A. Alabi', 'Kevin T. Love', 'Gaurav Sahay', 'Hao Yin', 'Kathryn M. Luly', 'Robert Langer', 'Daniel G. Anderson']",10.1073/pnas.1306529110,PNAS,2013.0,CCCCCCCCCCSCC(COC(=O)CCN(CCC(=O)OCC(CSCCCCCCCCCC)SCCCCCCCCCC)CCC1CCCN1C)SCCCCCCCCCC,CCCCCCCCCCCCCC(=O)OCC(COP(=O)([O-])OCCOCCOCCOCCOCCOCCOCCOCCOCCOCCOCCOCCOCCOCCOCCOCCOCCOCCOCCOCCOCCOCCOCCOCCOCCOCCOCCOCCOCCOCCOCCOCCOCCOCCOCCOCCOCCOCCOCCOCCOCCOCCOCCOCCOCCOCCOCCOCCOCCOCCOCCOCCOCCOCCOCCOCCOCCOCCOCCOCCOCCOCCOCCOCCOCCOCCOCCOCCOCCOCCOCCOCCOCCOCCOCCOCCOCCOCCOCCOCCOCCOCCOCCOCCOCCOCCOCCOCCOCCOCCO)OC(=O)CCCCCCCCCCCCC,CC(C)CCC[C@@H](C)[C@H]1CC[C@H]2[C@@H]3CC=C4C[C@@H](O)CC[C@]4(C)[C@H]3CC[C@]12C,CCCCCCCCCCCCCCCCCC(=O)OC[C@H](COP(=O)([O-])OCC[N+](C)(C)C)OC(=O)CCCCCCCCCCCCCCCCC,88.0,50.0,1.5,38.5,10.0,0.5,0.015,0.385,0.1,125.0,
158,Custom lipid,DMG-PEG2000,cholesterol,DSPC,50:1.5:38.5:10,150,,,87,WR:5(wt/wt)[synth_lipid:siRNA],siRNA,"firefly_luciferase, factor_vii",mPEG2000-DMG,Lipid 17 (thiol-yne derived),DSPC,cholesterol,"synthesis_method: Ethanol injection; device_used: ; total_flow_rate_ml_min: ; flow_rate_ratio: 1:1 (organic:aqueous); aqueous_phase_composition: 10 mM citrate buffer, pH 3.0; organic_phase_composition: 200-proof ethanol; mixing_time_sec: ; temperature_condition: room temperature; post_processing: dialysis against 1¡¿ PBS for 75 min in 3500 MWCO cassettes; sterilization: ; storage_buffer: 1¡¿ PBS",cell_line: HeLa cells (dual luciferase); animal_model: C57BL/6 mice; administration_route: IV; dose: 1 mg/kg siRNA; gene_expression_result: High efficacy (>50% gene silencing); biodistribution_result: hepatocyte-specific delivery; toxicity_profile: Non-toxic at tested doses,Multiparametric approach for the evaluation of lipid nanoparticles for siRNA delivery,"['Christopher A. Alabi', 'Kevin T. Love', 'Gaurav Sahay', 'Hao Yin', 'Kathryn M. Luly', 'Robert Langer', 'Daniel G. Anderson']",10.1073/pnas.1306529110,PNAS,2013.0,CCCCCCCCCCSCC(COC(=O)CCN(CCC(=O)OCC(CSCCCCCCCCCC)SCCCCCCCCCC)CCN1CCCC1C)SCCCCCCCCCC,CCCCCCCCCCCCCC(=O)OCC(COP(=O)([O-])OCCOCCOCCOCCOCCOCCOCCOCCOCCOCCOCCOCCOCCOCCOCCOCCOCCOCCOCCOCCOCCOCCOCCOCCOCCOCCOCCOCCOCCOCCOCCOCCOCCOCCOCCOCCOCCOCCOCCOCCOCCOCCOCCOCCOCCOCCOCCOCCOCCOCCOCCOCCOCCOCCOCCOCCOCCOCCOCCOCCOCCOCCOCCOCCOCCOCCOCCOCCOCCOCCOCCOCCOCCOCCOCCOCCOCCOCCOCCOCCOCCOCCOCCOCCOCCOCCOCCOCCOCCOCCO)OC(=O)CCCCCCCCCCCCC,CC(C)CCC[C@@H](C)[C@H]1CC[C@H]2[C@@H]3CC=C4C[C@@H](O)CC[C@]4(C)[C@H]3CC[C@]12C,CCCCCCCCCCCCCCCCCC(=O)OC[C@H](COP(=O)([O-])OCC[N+](C)(C)C)OC(=O)CCCCCCCCCCCCCCCCC,87.0,50.0,1.5,38.5,10.0,0.5,0.015,0.385,0.1,150.0,
159,Custom lipid,DMG-PEG2000,cholesterol,DSPC,50:1.5:38.5:10,220,,,18,WR:5(wt/wt)[synth_lipid:siRNA],siRNA,"firefly_luciferase, factor_vii",mPEG2000-DMG,Lipid 18 (thiol-yne derived),DSPC,cholesterol,"synthesis_method: Ethanol injection; device_used: ; total_flow_rate_ml_min: ; flow_rate_ratio: 1:1 (organic:aqueous); aqueous_phase_composition: 10 mM citrate buffer, pH 3.0; organic_phase_composition: 200-proof ethanol; mixing_time_sec: ; temperature_condition: room temperature; post_processing: dialysis against 1¡¿ PBS for 75 min in 3500 MWCO cassettes; sterilization: ; storage_buffer: 1¡¿ PBS",cell_line: HeLa cells (dual luciferase); animal_model: C57BL/6 mice; administration_route: IV; dose: 1 mg/kg siRNA; gene_expression_result: Low efficacy (<50% gene silencing); biodistribution_result: hepatocyte-specific delivery; toxicity_profile: Non-toxic at tested doses,Multiparametric approach for the evaluation of lipid nanoparticles for siRNA delivery,"['Christopher A. Alabi', 'Kevin T. Love', 'Gaurav Sahay', 'Hao Yin', 'Kathryn M. Luly', 'Robert Langer', 'Daniel G. Anderson']",10.1073/pnas.1306529110,PNAS,2013.0,CCCCCCCCCCSCC(COC(=O)CCN(CCC(=O)OCC(CSCCCCCCCCCC)SCCCCCCCCCC)CCC1CCCC1)SCCCCCCCCCC,CCCCCCCCCCCCCC(=O)OCC(COP(=O)([O-])OCCOCCOCCOCCOCCOCCOCCOCCOCCOCCOCCOCCOCCOCCOCCOCCOCCOCCOCCOCCOCCOCCOCCOCCOCCOCCOCCOCCOCCOCCOCCOCCOCCOCCOCCOCCOCCOCCOCCOCCOCCOCCOCCOCCOCCOCCOCCOCCOCCOCCOCCOCCOCCOCCOCCOCCOCCOCCOCCOCCOCCOCCOCCOCCOCCOCCOCCOCCOCCOCCOCCOCCOCCOCCOCCOCCOCCOCCOCCOCCOCCOCCOCCOCCOCCOCCOCCOCCOCCOCCO)OC(=O)CCCCCCCCCCCCC,CC(C)CCC[C@@H](C)[C@H]1CC[C@H]2[C@@H]3CC=C4C[C@@H](O)CC[C@]4(C)[C@H]3CC[C@]12C,CCCCCCCCCCCCCCCCCC(=O)OC[C@H](COP(=O)([O-])OCC[N+](C)(C)C)OC(=O)CCCCCCCCCCCCCCCCC,18.0,50.0,1.5,38.5,10.0,0.5,0.015,0.385,0.1,220.0,
160,Custom lipid,DMG-PEG2000,cholesterol,DSPC,50:1.5:38.5:10,125,,,89,WR:5(wt/wt)[synth_lipid:siRNA],siRNA,"firefly_luciferase, factor_vii",mPEG2000-DMG,Lipid 19 (thiol-yne derived),DSPC,cholesterol,"synthesis_method: Ethanol injection; device_used: ; total_flow_rate_ml_min: ; flow_rate_ratio: 1:1 (organic:aqueous); aqueous_phase_composition: 10 mM citrate buffer, pH 3.0; organic_phase_composition: 200-proof ethanol; mixing_time_sec: ; temperature_condition: room temperature; post_processing: dialysis against 1¡¿ PBS for 75 min in 3500 MWCO cassettes; sterilization: ; storage_buffer: 1¡¿ PBS",cell_line: HeLa cells (dual luciferase); animal_model: C57BL/6 mice; administration_route: IV; dose: 1 mg/kg siRNA; gene_expression_result: High efficacy (>50% gene silencing); biodistribution_result: hepatocyte-specific delivery; toxicity_profile: Non-toxic at tested doses,Multiparametric approach for the evaluation of lipid nanoparticles for siRNA delivery,"['Christopher A. Alabi', 'Kevin T. Love', 'Gaurav Sahay', 'Hao Yin', 'Kathryn M. Luly', 'Robert Langer', 'Daniel G. Anderson']",10.1073/pnas.1306529110,PNAS,2013.0,CCCCCCCCCCSCC(COC(=O)CCN(CCCN1CCCCC1C)CCC(=O)OCC(CSCCCCCCCCCC)SCCCCCCCCCC)SCCCCCCCCCC,CCCCCCCCCCCCCC(=O)OCC(COP(=O)([O-])OCCOCCOCCOCCOCCOCCOCCOCCOCCOCCOCCOCCOCCOCCOCCOCCOCCOCCOCCOCCOCCOCCOCCOCCOCCOCCOCCOCCOCCOCCOCCOCCOCCOCCOCCOCCOCCOCCOCCOCCOCCOCCOCCOCCOCCOCCOCCOCCOCCOCCOCCOCCOCCOCCOCCOCCOCCOCCOCCOCCOCCOCCOCCOCCOCCOCCOCCOCCOCCOCCOCCOCCOCCOCCOCCOCCOCCOCCOCCOCCOCCOCCOCCOCCOCCOCCOCCOCCOCCOCCO)OC(=O)CCCCCCCCCCCCC,CC(C)CCC[C@@H](C)[C@H]1CC[C@H]2[C@@H]3CC=C4C[C@@H](O)CC[C@]4(C)[C@H]3CC[C@]12C,CCCCCCCCCCCCCCCCCC(=O)OC[C@H](COP(=O)([O-])OCC[N+](C)(C)C)OC(=O)CCCCCCCCCCCCCCCCC,89.0,50.0,1.5,38.5,10.0,0.5,0.015,0.385,0.1,125.0,
161,Custom lipid,DMG-PEG2000,cholesterol,DSPC,50:1.5:38.5:10,135,,,91,WR:5(wt/wt)[synth_lipid:siRNA],siRNA,"firefly_luciferase, factor_vii",mPEG2000-DMG,Lipid 20 (thiol-yne derived),DSPC,cholesterol,"synthesis_method: Ethanol injection; device_used: ; total_flow_rate_ml_min: ; flow_rate_ratio: 1:1 (organic:aqueous); aqueous_phase_composition: 10 mM citrate buffer, pH 3.0; organic_phase_composition: 200-proof ethanol; mixing_time_sec: ; temperature_condition: room temperature; post_processing: dialysis against 1¡¿ PBS for 75 min in 3500 MWCO cassettes; sterilization: ; storage_buffer: 1¡¿ PBS",cell_line: HeLa cells (dual luciferase); animal_model: C57BL/6 mice; administration_route: IV; dose: 1 mg/kg siRNA; gene_expression_result: Low efficacy (<50% gene silencing); biodistribution_result: hepatocyte-specific delivery; toxicity_profile: Non-toxic at tested doses,Multiparametric approach for the evaluation of lipid nanoparticles for siRNA delivery,"['Christopher A. Alabi', 'Kevin T. Love', 'Gaurav Sahay', 'Hao Yin', 'Kathryn M. Luly', 'Robert Langer', 'Daniel G. Anderson']",10.1073/pnas.1306529110,PNAS,2013.0,CCCCCCCCCCSCC(COC(=O)CCN(CCCn1ccnc1)CCC(=O)OCC(CSCCCCCCCCCC)SCCCCCCCCCC)SCCCCCCCCCC,CCCCCCCCCCCCCC(=O)OCC(COP(=O)([O-])OCCOCCOCCOCCOCCOCCOCCOCCOCCOCCOCCOCCOCCOCCOCCOCCOCCOCCOCCOCCOCCOCCOCCOCCOCCOCCOCCOCCOCCOCCOCCOCCOCCOCCOCCOCCOCCOCCOCCOCCOCCOCCOCCOCCOCCOCCOCCOCCOCCOCCOCCOCCOCCOCCOCCOCCOCCOCCOCCOCCOCCOCCOCCOCCOCCOCCOCCOCCOCCOCCOCCOCCOCCOCCOCCOCCOCCOCCOCCOCCOCCOCCOCCOCCOCCOCCOCCOCCOCCOCCO)OC(=O)CCCCCCCCCCCCC,CC(C)CCC[C@@H](C)[C@H]1CC[C@H]2[C@@H]3CC=C4C[C@@H](O)CC[C@]4(C)[C@H]3CC[C@]12C,CCCCCCCCCCCCCCCCCC(=O)OC[C@H](COP(=O)([O-])OCC[N+](C)(C)C)OC(=O)CCCCCCCCCCCCCCCCC,91.0,50.0,1.5,38.5,10.0,0.5,0.015,0.385,0.1,135.0,
162,Custom lipid,DMG-PEG2000,cholesterol,DSPC,50:1.5:38.5:10,120,,,88,WR:5(wt/wt)[synth_lipid:siRNA],siRNA,"firefly_luciferase, factor_vii",mPEG2000-DMG,Lipid 21 (thiol-yne derived),DSPC,cholesterol,"synthesis_method: Ethanol injection; device_used: ; total_flow_rate_ml_min: ; flow_rate_ratio: 1:1 (organic:aqueous); aqueous_phase_composition: 10 mM citrate buffer, pH 3.0; organic_phase_composition: 200-proof ethanol; mixing_time_sec: ; temperature_condition: room temperature; post_processing: dialysis against 1¡¿ PBS for 75 min in 3500 MWCO cassettes; sterilization: ; storage_buffer: 1¡¿ PBS",cell_line: HeLa cells (dual luciferase); animal_model: C57BL/6 mice; administration_route: IV; dose: 1 mg/kg siRNA; gene_expression_result: Low efficacy (<50% gene silencing); biodistribution_result: hepatocyte-specific delivery; toxicity_profile: Non-toxic at tested doses,Multiparametric approach for the evaluation of lipid nanoparticles for siRNA delivery,"['Christopher A. Alabi', 'Kevin T. Love', 'Gaurav Sahay', 'Hao Yin', 'Kathryn M. Luly', 'Robert Langer', 'Daniel G. Anderson']",10.1073/pnas.1306529110,PNAS,2013.0,CCCCCCCCCCSCC(COC(=O)CCN(CCCN1CCCN(C)CC1)CCC(=O)OCC(CSCCCCCCCCCC)SCCCCCCCCCC)SCCCCCCCCCC,CCCCCCCCCCCCCC(=O)OCC(COP(=O)([O-])OCCOCCOCCOCCOCCOCCOCCOCCOCCOCCOCCOCCOCCOCCOCCOCCOCCOCCOCCOCCOCCOCCOCCOCCOCCOCCOCCOCCOCCOCCOCCOCCOCCOCCOCCOCCOCCOCCOCCOCCOCCOCCOCCOCCOCCOCCOCCOCCOCCOCCOCCOCCOCCOCCOCCOCCOCCOCCOCCOCCOCCOCCOCCOCCOCCOCCOCCOCCOCCOCCOCCOCCOCCOCCOCCOCCOCCOCCOCCOCCOCCOCCOCCOCCOCCOCCOCCOCCOCCOCCO)OC(=O)CCCCCCCCCCCCC,CC(C)CCC[C@@H](C)[C@H]1CC[C@H]2[C@@H]3CC=C4C[C@@H](O)CC[C@]4(C)[C@H]3CC[C@]12C,CCCCCCCCCCCCCCCCCC(=O)OC[C@H](COP(=O)([O-])OCC[N+](C)(C)C)OC(=O)CCCCCCCCCCCCCCCCC,88.0,50.0,1.5,38.5,10.0,0.5,0.015,0.385,0.1,120.0,
163,Custom lipid,DMG-PEG2000,cholesterol,DSPC,50:1.5:38.5:10,125,,,87,WR:5(wt/wt)[synth_lipid:siRNA],siRNA,"firefly_luciferase, factor_vii",mPEG2000-DMG,Lipid 22 (thiol-yne derived),DSPC,cholesterol,"synthesis_method: Ethanol injection; device_used: ; total_flow_rate_ml_min: ; flow_rate_ratio: 1:1 (organic:aqueous); aqueous_phase_composition: 10 mM citrate buffer, pH 3.0; organic_phase_composition: 200-proof ethanol; mixing_time_sec: ; temperature_condition: room temperature; post_processing: dialysis against 1¡¿ PBS for 75 min in 3500 MWCO cassettes; sterilization: ; storage_buffer: 1¡¿ PBS",cell_line: HeLa cells (dual luciferase); animal_model: C57BL/6 mice; administration_route: IV; dose: 1 mg/kg siRNA; gene_expression_result: High efficacy (>50% gene silencing); biodistribution_result: hepatocyte-specific delivery; toxicity_profile: Non-toxic at tested doses,Multiparametric approach for the evaluation of lipid nanoparticles for siRNA delivery,"['Christopher A. Alabi', 'Kevin T. Love', 'Gaurav Sahay', 'Hao Yin', 'Kathryn M. Luly', 'Robert Langer', 'Daniel G. Anderson']",10.1073/pnas.1306529110,PNAS,2013.0,CCCCCCCCCCSCC(COC(=O)CCN(CCCN1CCN(C)CC1)CCC(=O)OCC(CSCCCCCCCCCC)SCCCCCCCCCC)SCCCCCCCCCC,CCCCCCCCCCCCCC(=O)OCC(COP(=O)([O-])OCCOCCOCCOCCOCCOCCOCCOCCOCCOCCOCCOCCOCCOCCOCCOCCOCCOCCOCCOCCOCCOCCOCCOCCOCCOCCOCCOCCOCCOCCOCCOCCOCCOCCOCCOCCOCCOCCOCCOCCOCCOCCOCCOCCOCCOCCOCCOCCOCCOCCOCCOCCOCCOCCOCCOCCOCCOCCOCCOCCOCCOCCOCCOCCOCCOCCOCCOCCOCCOCCOCCOCCOCCOCCOCCOCCOCCOCCOCCOCCOCCOCCOCCOCCOCCOCCOCCOCCOCCOCCO)OC(=O)CCCCCCCCCCCCC,CC(C)CCC[C@@H](C)[C@H]1CC[C@H]2[C@@H]3CC=C4C[C@@H](O)CC[C@]4(C)[C@H]3CC[C@]12C,CCCCCCCCCCCCCCCCCC(=O)OC[C@H](COP(=O)([O-])OCC[N+](C)(C)C)OC(=O)CCCCCCCCCCCCCCCCC,87.0,50.0,1.5,38.5,10.0,0.5,0.015,0.385,0.1,125.0,
164,Custom lipid,DMG-PEG2000,cholesterol,DSPC,50:1.5:38.5:10,150,,,86,WR:5(wt/wt)[synth_lipid:siRNA],siRNA,"firefly_luciferase, factor_vii",mPEG2000-DMG,Lipid 23 (thiol-yne derived),DSPC,cholesterol,"synthesis_method: Ethanol injection; device_used: ; total_flow_rate_ml_min: ; flow_rate_ratio: 1:1 (organic:aqueous); aqueous_phase_composition: 10 mM citrate buffer, pH 3.0; organic_phase_composition: 200-proof ethanol; mixing_time_sec: ; temperature_condition: room temperature; post_processing: dialysis against 1¡¿ PBS for 75 min in 3500 MWCO cassettes; sterilization: ; storage_buffer: 1¡¿ PBS",cell_line: HeLa cells (dual luciferase); animal_model: C57BL/6 mice; administration_route: IV; dose: 1 mg/kg siRNA; gene_expression_result: High efficacy (>50% gene silencing); biodistribution_result: hepatocyte-specific delivery; toxicity_profile: Non-toxic at tested doses,Multiparametric approach for the evaluation of lipid nanoparticles for siRNA delivery,"['Christopher A. Alabi', 'Kevin T. Love', 'Gaurav Sahay', 'Hao Yin', 'Kathryn M. Luly', 'Robert Langer', 'Daniel G. Anderson']",10.1073/pnas.1306529110,PNAS,2013.0,CCCCCCCCCCSCC(COC(=O)CCN(CCC(=O)OCC(CSCCCCCCCCCC)SCCCCCCCCCC)CCN1CCN(C)CC1)SCCCCCCCCCC,CCCCCCCCCCCCCC(=O)OCC(COP(=O)([O-])OCCOCCOCCOCCOCCOCCOCCOCCOCCOCCOCCOCCOCCOCCOCCOCCOCCOCCOCCOCCOCCOCCOCCOCCOCCOCCOCCOCCOCCOCCOCCOCCOCCOCCOCCOCCOCCOCCOCCOCCOCCOCCOCCOCCOCCOCCOCCOCCOCCOCCOCCOCCOCCOCCOCCOCCOCCOCCOCCOCCOCCOCCOCCOCCOCCOCCOCCOCCOCCOCCOCCOCCOCCOCCOCCOCCOCCOCCOCCOCCOCCOCCOCCOCCOCCOCCOCCOCCOCCOCCO)OC(=O)CCCCCCCCCCCCC,CC(C)CCC[C@@H](C)[C@H]1CC[C@H]2[C@@H]3CC=C4C[C@@H](O)CC[C@]4(C)[C@H]3CC[C@]12C,CCCCCCCCCCCCCCCCCC(=O)OC[C@H](COP(=O)([O-])OCC[N+](C)(C)C)OC(=O)CCCCCCCCCCCCCCCCC,86.0,50.0,1.5,38.5,10.0,0.5,0.015,0.385,0.1,150.0,
165,Custom lipid,DMG-PEG2000,cholesterol,DSPC,50:1.5:38.5:10,130,,,20,WR:5(wt/wt)[synth_lipid:siRNA],siRNA,"firefly_luciferase, factor_vii",mPEG2000-DMG,Lipid 24 (thiol-yne derived),DSPC,cholesterol,"synthesis_method: Ethanol injection; device_used: ; total_flow_rate_ml_min: ; flow_rate_ratio: 1:1 (organic:aqueous); aqueous_phase_composition: 10 mM citrate buffer, pH 3.0; organic_phase_composition: 200-proof ethanol; mixing_time_sec: ; temperature_condition: room temperature; post_processing: dialysis against 1¡¿ PBS for 75 min in 3500 MWCO cassettes; sterilization: ; storage_buffer: 1¡¿ PBS",cell_line: HeLa cells (dual luciferase); animal_model: C57BL/6 mice; administration_route: IV; dose: 1 mg/kg siRNA; gene_expression_result: Low efficacy (<50% gene silencing); biodistribution_result: hepatocyte-specific delivery; toxicity_profile: Non-toxic at tested doses,Multiparametric approach for the evaluation of lipid nanoparticles for siRNA delivery,"['Christopher A. Alabi', 'Kevin T. Love', 'Gaurav Sahay', 'Hao Yin', 'Kathryn M. Luly', 'Robert Langer', 'Daniel G. Anderson']",10.1073/pnas.1306529110,PNAS,2013.0,CCCCCCCCCCSCC(COC(=O)CCN(CCC(=O)OCC(CSCCCCCCCCCC)SCCCCCCCCCC)CCN1CCCN(C)CC1)SCCCCCCCCCC,CCCCCCCCCCCCCC(=O)OCC(COP(=O)([O-])OCCOCCOCCOCCOCCOCCOCCOCCOCCOCCOCCOCCOCCOCCOCCOCCOCCOCCOCCOCCOCCOCCOCCOCCOCCOCCOCCOCCOCCOCCOCCOCCOCCOCCOCCOCCOCCOCCOCCOCCOCCOCCOCCOCCOCCOCCOCCOCCOCCOCCOCCOCCOCCOCCOCCOCCOCCOCCOCCOCCOCCOCCOCCOCCOCCOCCOCCOCCOCCOCCOCCOCCOCCOCCOCCOCCOCCOCCOCCOCCOCCOCCOCCOCCOCCOCCOCCOCCOCCOCCO)OC(=O)CCCCCCCCCCCCC,CC(C)CCC[C@@H](C)[C@H]1CC[C@H]2[C@@H]3CC=C4C[C@@H](O)CC[C@]4(C)[C@H]3CC[C@]12C,CCCCCCCCCCCCCCCCCC(=O)OC[C@H](COP(=O)([O-])OCC[N+](C)(C)C)OC(=O)CCCCCCCCCCCCCCCCC,20.0,50.0,1.5,38.5,10.0,0.5,0.015,0.385,0.1,130.0,
166,Custom lipid,DMG-PEG2000,cholesterol,DSPC,50:1.5:38.5:10,140,,,89,WR:5(wt/wt)[synth_lipid:siRNA],siRNA,"firefly_luciferase, factor_vii",mPEG2000-DMG,Lipid 25 (thiol-yne derived),DSPC,cholesterol,"synthesis_method: Ethanol injection; device_used: ; total_flow_rate_ml_min: ; flow_rate_ratio: 1:1 (organic:aqueous); aqueous_phase_composition: 10 mM citrate buffer, pH 3.0; organic_phase_composition: 200-proof ethanol; mixing_time_sec: ; temperature_condition: room temperature; post_processing: dialysis against 1¡¿ PBS for 75 min in 3500 MWCO cassettes; sterilization: ; storage_buffer: 1¡¿ PBS",cell_line: HeLa cells (dual luciferase); animal_model: C57BL/6 mice; administration_route: IV; dose: 1 mg/kg siRNA; gene_expression_result: High efficacy (>50% gene silencing); biodistribution_result: hepatocyte-specific delivery; toxicity_profile: Non-toxic at tested doses,Multiparametric approach for the evaluation of lipid nanoparticles for siRNA delivery,"['Christopher A. Alabi', 'Kevin T. Love', 'Gaurav Sahay', 'Hao Yin', 'Kathryn M. Luly', 'Robert Langer', 'Daniel G. Anderson']",10.1073/pnas.1306529110,PNAS,2013.0,CCCCCCCCCCSCC(COC(=O)CCN(CCC(=O)OCC(CSCCCCCCCCCC)SCCCCCCCCCC)CC1CN(C)CCN1C)SCCCCCCCCCC,CCCCCCCCCCCCCC(=O)OCC(COP(=O)([O-])OCCOCCOCCOCCOCCOCCOCCOCCOCCOCCOCCOCCOCCOCCOCCOCCOCCOCCOCCOCCOCCOCCOCCOCCOCCOCCOCCOCCOCCOCCOCCOCCOCCOCCOCCOCCOCCOCCOCCOCCOCCOCCOCCOCCOCCOCCOCCOCCOCCOCCOCCOCCOCCOCCOCCOCCOCCOCCOCCOCCOCCOCCOCCOCCOCCOCCOCCOCCOCCOCCOCCOCCOCCOCCOCCOCCOCCOCCOCCOCCOCCOCCOCCOCCOCCOCCOCCOCCOCCOCCO)OC(=O)CCCCCCCCCCCCC,CC(C)CCC[C@@H](C)[C@H]1CC[C@H]2[C@@H]3CC=C4C[C@@H](O)CC[C@]4(C)[C@H]3CC[C@]12C,CCCCCCCCCCCCCCCCCC(=O)OC[C@H](COP(=O)([O-])OCC[N+](C)(C)C)OC(=O)CCCCCCCCCCCCCCCCC,89.0,50.0,1.5,38.5,10.0,0.5,0.015,0.385,0.1,140.0,
167,Custom lipid,DMG-PEG2000,cholesterol,DSPC,50:1.5:38.5:10,130,,,90,WR:5(wt/wt)[synth_lipid:siRNA],siRNA,"firefly_luciferase, factor_vii",mPEG2000-DMG,Lipid 26 (thiol-yne derived),DSPC,cholesterol,"synthesis_method: Ethanol injection; device_used: ; total_flow_rate_ml_min: ; flow_rate_ratio: 1:1 (organic:aqueous); aqueous_phase_composition: 10 mM citrate buffer, pH 3.0; organic_phase_composition: 200-proof ethanol; mixing_time_sec: ; temperature_condition: room temperature; post_processing: dialysis against 1¡¿ PBS for 75 min in 3500 MWCO cassettes; sterilization: ; storage_buffer: 1¡¿ PBS",cell_line: HeLa cells (dual luciferase); animal_model: C57BL/6 mice; administration_route: IV; dose: 1 mg/kg siRNA; gene_expression_result: Low efficacy (<50% gene silencing); biodistribution_result: hepatocyte-specific delivery; toxicity_profile: Non-toxic at tested doses,Multiparametric approach for the evaluation of lipid nanoparticles for siRNA delivery,"['Christopher A. Alabi', 'Kevin T. Love', 'Gaurav Sahay', 'Hao Yin', 'Kathryn M. Luly', 'Robert Langer', 'Daniel G. Anderson']",10.1073/pnas.1306529110,PNAS,2013.0,CCCCCCCCCCSCC(COC(=O)CCN(CCCC)CCC(=O)OCC(CSCCCCCCCCCC)SCCCCCCCCCC)SCCCCCCCCCC,CCCCCCCCCCCCCC(=O)OCC(COP(=O)([O-])OCCOCCOCCOCCOCCOCCOCCOCCOCCOCCOCCOCCOCCOCCOCCOCCOCCOCCOCCOCCOCCOCCOCCOCCOCCOCCOCCOCCOCCOCCOCCOCCOCCOCCOCCOCCOCCOCCOCCOCCOCCOCCOCCOCCOCCOCCOCCOCCOCCOCCOCCOCCOCCOCCOCCOCCOCCOCCOCCOCCOCCOCCOCCOCCOCCOCCOCCOCCOCCOCCOCCOCCOCCOCCOCCOCCOCCOCCOCCOCCOCCOCCOCCOCCOCCOCCOCCOCCOCCOCCO)OC(=O)CCCCCCCCCCCCC,CC(C)CCC[C@@H](C)[C@H]1CC[C@H]2[C@@H]3CC=C4C[C@@H](O)CC[C@]4(C)[C@H]3CC[C@]12C,CCCCCCCCCCCCCCCCCC(=O)OC[C@H](COP(=O)([O-])OCC[N+](C)(C)C)OC(=O)CCCCCCCCCCCCCCCCC,90.0,50.0,1.5,38.5,10.0,0.5,0.015,0.385,0.1,130.0,
168,Custom lipid,DMG-PEG2000,cholesterol,DSPC,50:1.5:38.5:10,125,,,88,WR:5(wt/wt)[synth_lipid:siRNA],siRNA,"firefly_luciferase, factor_vii",mPEG2000-DMG,Lipid 27 (thiol-yne derived),DSPC,cholesterol,"synthesis_method: Ethanol injection; device_used: ; total_flow_rate_ml_min: ; flow_rate_ratio: 1:1 (organic:aqueous); aqueous_phase_composition: 10 mM citrate buffer, pH 3.0; organic_phase_composition: 200-proof ethanol; mixing_time_sec: ; temperature_condition: room temperature; post_processing: dialysis against 1¡¿ PBS for 75 min in 3500 MWCO cassettes; sterilization: ; storage_buffer: 1¡¿ PBS",cell_line: HeLa cells (dual luciferase); animal_model: C57BL/6 mice; administration_route: IV; dose: 1 mg/kg siRNA; gene_expression_result: High efficacy (>50% gene silencing); biodistribution_result: hepatocyte-specific delivery; toxicity_profile: Non-toxic at tested doses,Multiparametric approach for the evaluation of lipid nanoparticles for siRNA delivery,"['Christopher A. Alabi', 'Kevin T. Love', 'Gaurav Sahay', 'Hao Yin', 'Kathryn M. Luly', 'Robert Langer', 'Daniel G. Anderson']",10.1073/pnas.1306529110,PNAS,2013.0,CCCCCCCCCCSCC(COC(=O)CCN(CCC(=O)OCC(CSCCCCCCCCCC)SCCCCCCCCCC)C1CCN(C)CC1)SCCCCCCCCCC,CCCCCCCCCCCCCC(=O)OCC(COP(=O)([O-])OCCOCCOCCOCCOCCOCCOCCOCCOCCOCCOCCOCCOCCOCCOCCOCCOCCOCCOCCOCCOCCOCCOCCOCCOCCOCCOCCOCCOCCOCCOCCOCCOCCOCCOCCOCCOCCOCCOCCOCCOCCOCCOCCOCCOCCOCCOCCOCCOCCOCCOCCOCCOCCOCCOCCOCCOCCOCCOCCOCCOCCOCCOCCOCCOCCOCCOCCOCCOCCOCCOCCOCCOCCOCCOCCOCCOCCOCCOCCOCCOCCOCCOCCOCCOCCOCCOCCOCCOCCOCCO)OC(=O)CCCCCCCCCCCCC,CC(C)CCC[C@@H](C)[C@H]1CC[C@H]2[C@@H]3CC=C4C[C@@H](O)CC[C@]4(C)[C@H]3CC[C@]12C,CCCCCCCCCCCCCCCCCC(=O)OC[C@H](COP(=O)([O-])OCC[N+](C)(C)C)OC(=O)CCCCCCCCCCCCCCCCC,88.0,50.0,1.5,38.5,10.0,0.5,0.015,0.385,0.1,125.0,
169,Custom lipid,DMG-PEG2000,cholesterol,DSPC,50:1.5:38.5:10,115,,,87,WR:5(wt/wt)[synth_lipid:siRNA],siRNA,"firefly_luciferase, factor_vii",mPEG2000-DMG,Lipid 28 (thiol-yne derived),DSPC,cholesterol,"synthesis_method: Ethanol injection; device_used: ; total_flow_rate_ml_min: ; flow_rate_ratio: 1:1 (organic:aqueous); aqueous_phase_composition: 10 mM citrate buffer, pH 3.0; organic_phase_composition: 200-proof ethanol; mixing_time_sec: ; temperature_condition: room temperature; post_processing: dialysis against 1¡¿ PBS for 75 min in 3500 MWCO cassettes; sterilization: ; storage_buffer: 1¡¿ PBS",cell_line: HeLa cells (dual luciferase); animal_model: C57BL/6 mice; administration_route: IV; dose: 1 mg/kg siRNA; gene_expression_result: Low efficacy (<50% gene silencing); biodistribution_result: hepatocyte-specific delivery; toxicity_profile: Non-toxic at tested doses,Multiparametric approach for the evaluation of lipid nanoparticles for siRNA delivery,"['Christopher A. Alabi', 'Kevin T. Love', 'Gaurav Sahay', 'Hao Yin', 'Kathryn M. Luly', 'Robert Langer', 'Daniel G. Anderson']",10.1073/pnas.1306529110,PNAS,2013.0,CCCCCCCCCCSCC(COC(=O)CCN(CCC(=O)OCC(CSCCCCCCCCCC)SCCCCCCCCCC)CCN1CCS(=O)(=O)CC1)SCCCCCCCCCC,CCCCCCCCCCCCCC(=O)OCC(COP(=O)([O-])OCCOCCOCCOCCOCCOCCOCCOCCOCCOCCOCCOCCOCCOCCOCCOCCOCCOCCOCCOCCOCCOCCOCCOCCOCCOCCOCCOCCOCCOCCOCCOCCOCCOCCOCCOCCOCCOCCOCCOCCOCCOCCOCCOCCOCCOCCOCCOCCOCCOCCOCCOCCOCCOCCOCCOCCOCCOCCOCCOCCOCCOCCOCCOCCOCCOCCOCCOCCOCCOCCOCCOCCOCCOCCOCCOCCOCCOCCOCCOCCOCCOCCOCCOCCOCCOCCOCCOCCOCCOCCO)OC(=O)CCCCCCCCCCCCC,CC(C)CCC[C@@H](C)[C@H]1CC[C@H]2[C@@H]3CC=C4C[C@@H](O)CC[C@]4(C)[C@H]3CC[C@]12C,CCCCCCCCCCCCCCCCCC(=O)OC[C@H](COP(=O)([O-])OCC[N+](C)(C)C)OC(=O)CCCCCCCCCCCCCCCCC,87.0,50.0,1.5,38.5,10.0,0.5,0.015,0.385,0.1,115.0,
170,Custom lipid,DMG-PEG2000,cholesterol,DSPC,50:1.5:38.5:10,105,,,89,WR:5(wt/wt)[synth_lipid:siRNA],siRNA,"firefly_luciferase, factor_vii",mPEG2000-DMG,Lipid 29 (thiol-yne derived),DSPC,cholesterol,"synthesis_method: Ethanol injection; device_used: ; total_flow_rate_ml_min: ; flow_rate_ratio: 1:1 (organic:aqueous); aqueous_phase_composition: 10 mM citrate buffer, pH 3.0; organic_phase_composition: 200-proof ethanol; mixing_time_sec: ; temperature_condition: room temperature; post_processing: dialysis against 1¡¿ PBS for 75 min in 3500 MWCO cassettes; sterilization: ; storage_buffer: 1¡¿ PBS",cell_line: HeLa cells (dual luciferase); animal_model: C57BL/6 mice; administration_route: IV; dose: 1 mg/kg siRNA; gene_expression_result: High efficacy (>50% gene silencing); biodistribution_result: hepatocyte-specific delivery; toxicity_profile: Non-toxic at tested doses,Multiparametric approach for the evaluation of lipid nanoparticles for siRNA delivery,"['Christopher A. Alabi', 'Kevin T. Love', 'Gaurav Sahay', 'Hao Yin', 'Kathryn M. Luly', 'Robert Langer', 'Daniel G. Anderson']",10.1073/pnas.1306529110,PNAS,2013.0,CCCCCCCCCCSCC(COC(=O)CCN(CCC(=O)OCC(CSCCCCCCCCCC)SCCCCCCCCCC)C1CCN(Cc2ccccc2)CC1)SCCCCCCCCCC,CCCCCCCCCCCCCC(=O)OCC(COP(=O)([O-])OCCOCCOCCOCCOCCOCCOCCOCCOCCOCCOCCOCCOCCOCCOCCOCCOCCOCCOCCOCCOCCOCCOCCOCCOCCOCCOCCOCCOCCOCCOCCOCCOCCOCCOCCOCCOCCOCCOCCOCCOCCOCCOCCOCCOCCOCCOCCOCCOCCOCCOCCOCCOCCOCCOCCOCCOCCOCCOCCOCCOCCOCCOCCOCCOCCOCCOCCOCCOCCOCCOCCOCCOCCOCCOCCOCCOCCOCCOCCOCCOCCOCCOCCOCCOCCOCCOCCOCCOCCOCCO)OC(=O)CCCCCCCCCCCCC,CC(C)CCC[C@@H](C)[C@H]1CC[C@H]2[C@@H]3CC=C4C[C@@H](O)CC[C@]4(C)[C@H]3CC[C@]12C,CCCCCCCCCCCCCCCCCC(=O)OC[C@H](COP(=O)([O-])OCC[N+](C)(C)C)OC(=O)CCCCCCCCCCCCCCCCC,89.0,50.0,1.5,38.5,10.0,0.5,0.015,0.385,0.1,105.0,
171,Custom lipid,DMG-PEG2000,cholesterol,DSPC,50:1.5:38.5:10,100,,,88,WR:5(wt/wt)[synth_lipid:siRNA],siRNA,"firefly_luciferase, factor_vii",mPEG2000-DMG,Lipid 30 (thiol-yne derived),DSPC,cholesterol,"synthesis_method: Ethanol injection; device_used: ; total_flow_rate_ml_min: ; flow_rate_ratio: 1:1 (organic:aqueous); aqueous_phase_composition: 10 mM citrate buffer, pH 3.0; organic_phase_composition: 200-proof ethanol; mixing_time_sec: ; temperature_condition: room temperature; post_processing: dialysis against 1¡¿ PBS for 75 min in 3500 MWCO cassettes; sterilization: ; storage_buffer: 1¡¿ PBS",cell_line: HeLa cells (dual luciferase); animal_model: C57BL/6 mice; administration_route: IV; dose: 1 mg/kg siRNA; gene_expression_result: Low efficacy (<50% gene silencing); biodistribution_result: hepatocyte-specific delivery; toxicity_profile: Non-toxic at tested doses,Multiparametric approach for the evaluation of lipid nanoparticles for siRNA delivery,"['Christopher A. Alabi', 'Kevin T. Love', 'Gaurav Sahay', 'Hao Yin', 'Kathryn M. Luly', 'Robert Langer', 'Daniel G. Anderson']",10.1073/pnas.1306529110,PNAS,2013.0,CCCCCCCCCCSCC(COC(=O)CCN(CCC(=O)OCC(CSCCCCCCCCCC)SCCCCCCCCCC)C1CCN(Cc2ccccc2)C1)SCCCCCCCCCC,CCCCCCCCCCCCCC(=O)OCC(COP(=O)([O-])OCCOCCOCCOCCOCCOCCOCCOCCOCCOCCOCCOCCOCCOCCOCCOCCOCCOCCOCCOCCOCCOCCOCCOCCOCCOCCOCCOCCOCCOCCOCCOCCOCCOCCOCCOCCOCCOCCOCCOCCOCCOCCOCCOCCOCCOCCOCCOCCOCCOCCOCCOCCOCCOCCOCCOCCOCCOCCOCCOCCOCCOCCOCCOCCOCCOCCOCCOCCOCCOCCOCCOCCOCCOCCOCCOCCOCCOCCOCCOCCOCCOCCOCCOCCOCCOCCOCCOCCOCCOCCO)OC(=O)CCCCCCCCCCCCC,CC(C)CCC[C@@H](C)[C@H]1CC[C@H]2[C@@H]3CC=C4C[C@@H](O)CC[C@]4(C)[C@H]3CC[C@]12C,CCCCCCCCCCCCCCCCCC(=O)OC[C@H](COP(=O)([O-])OCC[N+](C)(C)C)OC(=O)CCCCCCCCCCCCCCCCC,88.0,50.0,1.5,38.5,10.0,0.5,0.015,0.385,0.1,100.0,
172,Custom lipid,DMG-PEG2000,cholesterol,DSPC,50:1.5:38.5:10,95,,,87,WR:5(wt/wt)[synth_lipid:siRNA],siRNA,"firefly_luciferase, factor_vii",mPEG2000-DMG,Lipid 31 (thiol-yne derived),DSPC,cholesterol,"synthesis_method: Ethanol injection; device_used: ; total_flow_rate_ml_min: ; flow_rate_ratio: 1:1 (organic:aqueous); aqueous_phase_composition: 10 mM citrate buffer, pH 3.0; organic_phase_composition: 200-proof ethanol; mixing_time_sec: ; temperature_condition: room temperature; post_processing: dialysis against 1¡¿ PBS for 75 min in 3500 MWCO cassettes; sterilization: ; storage_buffer: 1¡¿ PBS",cell_line: HeLa cells (dual luciferase); animal_model: C57BL/6 mice; administration_route: IV; dose: 1 mg/kg siRNA; gene_expression_result: High efficacy (>50% gene silencing); biodistribution_result: hepatocyte-specific delivery; toxicity_profile: Non-toxic at tested doses,Multiparametric approach for the evaluation of lipid nanoparticles for siRNA delivery,"['Christopher A. Alabi', 'Kevin T. Love', 'Gaurav Sahay', 'Hao Yin', 'Kathryn M. Luly', 'Robert Langer', 'Daniel G. Anderson']",10.1073/pnas.1306529110,PNAS,2013.0,CCCCCCCCCCSCC(COC(=O)CCN(CCC(=O)OCC(CSCCCCCCCCCC)SCCCCCCCCCC)C(C)CN(C)C)SCCCCCCCCCC,CCCCCCCCCCCCCC(=O)OCC(COP(=O)([O-])OCCOCCOCCOCCOCCOCCOCCOCCOCCOCCOCCOCCOCCOCCOCCOCCOCCOCCOCCOCCOCCOCCOCCOCCOCCOCCOCCOCCOCCOCCOCCOCCOCCOCCOCCOCCOCCOCCOCCOCCOCCOCCOCCOCCOCCOCCOCCOCCOCCOCCOCCOCCOCCOCCOCCOCCOCCOCCOCCOCCOCCOCCOCCOCCOCCOCCOCCOCCOCCOCCOCCOCCOCCOCCOCCOCCOCCOCCOCCOCCOCCOCCOCCOCCOCCOCCOCCOCCOCCOCCO)OC(=O)CCCCCCCCCCCCC,CC(C)CCC[C@@H](C)[C@H]1CC[C@H]2[C@@H]3CC=C4C[C@@H](O)CC[C@]4(C)[C@H]3CC[C@]12C,CCCCCCCCCCCCCCCCCC(=O)OC[C@H](COP(=O)([O-])OCC[N+](C)(C)C)OC(=O)CCCCCCCCCCCCCCCCC,87.0,50.0,1.5,38.5,10.0,0.5,0.015,0.385,0.1,95.0,
173,Custom lipid,DMG-PEG2000,cholesterol,DSPC,50:1.5:38.5:10,95,,,90,WR:5(wt/wt)[synth_lipid:siRNA],siRNA,"firefly_luciferase, factor_vii",mPEG2000-DMG,Lipid 32 (thiol-yne derived),DSPC,cholesterol,"synthesis_method: Ethanol injection; device_used: ; total_flow_rate_ml_min: ; flow_rate_ratio: 1:1 (organic:aqueous); aqueous_phase_composition: 10 mM citrate buffer, pH 3.0; organic_phase_composition: 200-proof ethanol; mixing_time_sec: ; temperature_condition: room temperature; post_processing: dialysis against 1¡¿ PBS for 75 min in 3500 MWCO cassettes; sterilization: ; storage_buffer: 1¡¿ PBS",cell_line: HeLa cells (dual luciferase); animal_model: C57BL/6 mice; administration_route: IV; dose: 1 mg/kg siRNA; gene_expression_result: High efficacy (>50% gene silencing); biodistribution_result: hepatocyte-specific delivery; toxicity_profile: Non-toxic at tested doses,Multiparametric approach for the evaluation of lipid nanoparticles for siRNA delivery,"['Christopher A. Alabi', 'Kevin T. Love', 'Gaurav Sahay', 'Hao Yin', 'Kathryn M. Luly', 'Robert Langer', 'Daniel G. Anderson']",10.1073/pnas.1306529110,PNAS,2013.0,CCCCCCCCCCSCC(COC(=O)CCN(C)CCN(C)CCC(=O)OCC(CSCCCCCCCCCC)SCCCCCCCCCC)SCCCCCCCCCC,CCCCCCCCCCCCCC(=O)OCC(COP(=O)([O-])OCCOCCOCCOCCOCCOCCOCCOCCOCCOCCOCCOCCOCCOCCOCCOCCOCCOCCOCCOCCOCCOCCOCCOCCOCCOCCOCCOCCOCCOCCOCCOCCOCCOCCOCCOCCOCCOCCOCCOCCOCCOCCOCCOCCOCCOCCOCCOCCOCCOCCOCCOCCOCCOCCOCCOCCOCCOCCOCCOCCOCCOCCOCCOCCOCCOCCOCCOCCOCCOCCOCCOCCOCCOCCOCCOCCOCCOCCOCCOCCOCCOCCOCCOCCOCCOCCOCCOCCOCCOCCO)OC(=O)CCCCCCCCCCCCC,CC(C)CCC[C@@H](C)[C@H]1CC[C@H]2[C@@H]3CC=C4C[C@@H](O)CC[C@]4(C)[C@H]3CC[C@]12C,CCCCCCCCCCCCCCCCCC(=O)OC[C@H](COP(=O)([O-])OCC[N+](C)(C)C)OC(=O)CCCCCCCCCCCCCCCCC,90.0,50.0,1.5,38.5,10.0,0.5,0.015,0.385,0.1,95.0,
179,Custom lipid,DMG-PEG2000,cholesterol,DOPE,20:0.75:40:30,86,0.25,-11,91,,mRNA,"firefly_luciferase, base_editor",DMG-PEG2000,FTT5,DOPE,cholesterol,synthesis_method: Microfluidic; device_used: NanoAssemblr benchtop; total_flow_rate_ml_min: ; flow_rate_ratio: ; aqueous_phase_composition: citrate acid buffer; organic_phase_composition: ethanol; mixing_time_sec: ; temperature_condition: ; post_processing: ; sterilization: ; storage_buffer: ,"cell_line: Hep3B; animal_model: C57BL/6 mice, hemophilia A mice, Balb/c mice; administration_route: IV; dose: 0.5 mg/kg (screening), 2 mg/kg (hFVIII), 0.125-1 mg/kg (base editing); gene_expression_result: ~2.0 fold vs TT3 in liver, >140 ng/ml hFVIII protein, 90% hFVIII activity, ~60% base editing efficiency; biodistribution_result: Primarily liver targeting; toxicity_profile: Well tolerated, no pathological changes",Functionalized lipid-like nanoparticles for in vivo mRNA delivery and base editing,"['Xinfu Zhang', 'Weiyu Zhao', 'Giang N. Nguyen', 'Chengxiang Zhang', 'Chunxi Zeng', 'Jingyue Yan', 'Shi Du', 'Xucheng Hou', 'Wenqing Li', 'Justin Jiang', 'Binbin Deng', 'David W. McComb', 'Robert Dorkin', 'Aalok Shah', 'Luis Barrera', 'Francine Gregoire', 'Manmohan Singh', 'Delai Chen', 'Denise E. Sabatino', 'Yizhou Dong']",10.1126/sciadv.abc2315,Science Advances,2020.0,CCCCCCCCC(=O)OCC(CCCC)CCN(CCCCCCCC(=O)OCC(CC)CCCC)CCCNC(=O)c1cc(C(=O)NCCCN(CCC(CCCC)COC(=O)CCCCCCCC)CCC(CCCC)COC(=O)CCCCCCCC)cc(C(=O)NCCN(CCC(CCCC)COC(=O)CCCCCCCC)CCC(CCCC)COC(=O)CCCCCCCC)c1,CCCCCCCCCCCCCC(=O)OCC(COP(=O)([O-])OCCOCCOCCOCCOCCOCCOCCOCCOCCOCCOCCOCCOCCOCCOCCOCCOCCOCCOCCOCCOCCOCCOCCOCCOCCOCCOCCOCCOCCOCCOCCOCCOCCOCCOCCOCCOCCOCCOCCOCCOCCOCCOCCOCCOCCOCCOCCOCCOCCOCCOCCOCCOCCOCCOCCOCCOCCOCCOCCOCCOCCOCCOCCOCCOCCOCCOCCOCCOCCOCCOCCOCCOCCOCCOCCOCCOCCOCCOCCOCCOCCOCCOCCOCCOCCOCCOCCOCCOCCOCCO)OC(=O)CCCCCCCCCCCCC,CC(C)CCC[C@@H](C)[C@H]1CC[C@H]2[C@@H]3CC=C4C[C@@H](O)CC[C@]4(C)[C@H]3CC[C@]12C,CCCCCCCC/C=C\CCCCCCCC(=O)OC[C@H](COP(=O)(O)OCCN)OC(=O)CCCCCCC/C=C\CCCCCCCC,91.0,20.0,0.75,40.0,30.0,0.22038567493112948,0.008264462809917356,0.44077134986225897,0.3305785123966942,86.0,0.25
185,DSDMA,PEG-c-DMA,cholesterol,DSPC,30:2:48:20,182,0.15,,67,,siRNA,"luciferase, aso",PEG2000-C-DMA,"DSDMA (1,2-distearyloxy-N,N-dimethyl-3-aminopropane)",DSPC,cholesterol,synthesis_method: Ethanol injection (spontaneous vesicle formation); device_used: ; total_flow_rate_ml_min: ; flow_rate_ratio: ; aqueous_phase_composition: PBS; organic_phase_composition: ethanol; mixing_time_sec: ; temperature_condition: ; post_processing: diafiltered against 100 mL of PBS (20 wash volumes) using cross flow ultrafiltration cartridge; sterilization: sterile filtered through Acrodisc 0.8/0.2 ¥ìm syringe filters; storage_buffer: PBS,cell_line: Neuro2A-G cells (luciferase-expressing); administration_route: in vitro; dose: 0.0625-1.0 ¥ìg/mL siRNA; gene_expression_result: No significant luciferase knockdown,Cationic lipid saturation influences intracellular delivery of encapsulated nucleic acids,"['James Heyes', 'Lorne Palmer', 'Kaz Bremner', 'Ian MacLachlan']",10.1016/j.jconrel.2005.06.014,Journal of Controlled Release,2005.0,CCCCCCCCCCCCCCCCCCOCC(CN(C)C)OCCCCCCCCCCCCCCCCCC,CN(C)CCC(O)COCCOCCOCCOCCOCCOCCOCCOCCOCCOCCOCCOCCOCCOCCOCCOCCOCCOCCOCCOCCOCCOCCOCCOCCOCCOCCOCCOCCOCCOCCOCCOCCOCCOCCOCCOCCOCCOCCOCCOCCOCCOCCOCCOCCOCCOCCOCCOCCOCCOCCOCCOCCOCCOCCOCCOCCOCCOCCOCCOCCOCCOCCOCCOCCOCCOCCOCCOCCOCCOCCOCCOCCOCCOCCOCCOCCOCCOCCOCCOCCOCCOCCOCCOCCOCCOCCOCCOCCOCCOCCO,CC(C)CCC[C@@H](C)[C@H]1CC[C@H]2[C@@H]3CC=C4C[C@@H](O)CC[C@]4(C)[C@H]3CC[C@]12C,CCCCCCCCCCCCCCCCCC(=O)OC[C@H](COP(=O)([O-])OCC[N+](C)(C)C)OC(=O)CCCCCCCCCCCCCCCCC,67.0,30.0,2.0,48.0,20.0,0.3,0.02,0.48,0.2,182.0,0.15
186,DODMA,PEG-c-DMA,cholesterol,DSPC,30:2:48:20,137,0.12,,84,,siRNA,"luciferase, aso",PEG2000-C-DMA,"DODMA (1,2-dioleyloxy-N,N-dimethyl-3-aminopropane)",DSPC,cholesterol,synthesis_method: Ethanol injection (spontaneous vesicle formation); device_used: ; total_flow_rate_ml_min: ; flow_rate_ratio: ; aqueous_phase_composition: PBS; organic_phase_composition: ethanol; mixing_time_sec: ; temperature_condition: ; post_processing: diafiltered against 100 mL of PBS (20 wash volumes) using cross flow ultrafiltration cartridge; sterilization: sterile filtered through Acrodisc 0.8/0.2 ¥ìm syringe filters; storage_buffer: PBS,cell_line: Neuro2A-G cells (luciferase-expressing); administration_route: in vitro; dose: 0.0625-1.0 ¥ìg/mL siRNA; gene_expression_result: ~54% luciferase expression (46% knockdown) at 1.0 ¥ìg/mL,Cationic lipid saturation influences intracellular delivery of encapsulated nucleic acids,"['James Heyes', 'Lorne Palmer', 'Kaz Bremner', 'Ian MacLachlan']",10.1016/j.jconrel.2005.06.014,Journal of Controlled Release,2005.0,CCCCCCCC/C=C\CCCCCCCCOCC(CN(C)C)OCCCCCCCC/C=C\CCCCCCCC,CN(C)CCC(O)COCCOCCOCCOCCOCCOCCOCCOCCOCCOCCOCCOCCOCCOCCOCCOCCOCCOCCOCCOCCOCCOCCOCCOCCOCCOCCOCCOCCOCCOCCOCCOCCOCCOCCOCCOCCOCCOCCOCCOCCOCCOCCOCCOCCOCCOCCOCCOCCOCCOCCOCCOCCOCCOCCOCCOCCOCCOCCOCCOCCOCCOCCOCCOCCOCCOCCOCCOCCOCCOCCOCCOCCOCCOCCOCCOCCOCCOCCOCCOCCOCCOCCOCCOCCOCCOCCOCCOCCOCCOCCO,CC(C)CCC[C@@H](C)[C@H]1CC[C@H]2[C@@H]3CC=C4C[C@@H](O)CC[C@]4(C)[C@H]3CC[C@]12C,CCCCCCCCCCCCCCCCCC(=O)OC[C@H](COP(=O)([O-])OCC[N+](C)(C)C)OC(=O)CCCCCCCCCCCCCCCCC,84.0,30.0,2.0,48.0,20.0,0.3,0.02,0.48,0.2,137.0,0.12
187,DLinDMA,PEG-c-DMA,cholesterol,DSPC,30:2:48:20,140,0.11,,84,,siRNA,"luciferase, aso",PEG2000-C-DMA,"DLinDMA (1,2-dilinoleyloxy-N,N-dimethyl-3-aminopropane)",DSPC,cholesterol,synthesis_method: Ethanol injection (spontaneous vesicle formation); device_used: ; total_flow_rate_ml_min: ; flow_rate_ratio: ; aqueous_phase_composition: PBS; organic_phase_composition: ethanol; mixing_time_sec: ; temperature_condition: ; post_processing: diafiltered against 100 mL of PBS (20 wash volumes) using cross flow ultrafiltration cartridge; sterilization: sterile filtered through Acrodisc 0.8/0.2 ¥ìm syringe filters; storage_buffer: PBS,cell_line: Neuro2A-G cells (luciferase-expressing); administration_route: in vitro; dose: 0.0625-1.0 ¥ìg/mL siRNA; gene_expression_result: ~21% luciferase expression (79% knockdown) at 1.0 ¥ìg/mL,Cationic lipid saturation influences intracellular delivery of encapsulated nucleic acids,"['James Heyes', 'Lorne Palmer', 'Kaz Bremner', 'Ian MacLachlan']",10.1016/j.jconrel.2005.06.014,Journal of Controlled Release,2005.0,CCCCC/C=C\C/C=C\CCCCCCCCOCC(CN(C)C)OCCCCCCCC/C=C\C/C=C\CCCCC,CN(C)CCC(O)COCCOCCOCCOCCOCCOCCOCCOCCOCCOCCOCCOCCOCCOCCOCCOCCOCCOCCOCCOCCOCCOCCOCCOCCOCCOCCOCCOCCOCCOCCOCCOCCOCCOCCOCCOCCOCCOCCOCCOCCOCCOCCOCCOCCOCCOCCOCCOCCOCCOCCOCCOCCOCCOCCOCCOCCOCCOCCOCCOCCOCCOCCOCCOCCOCCOCCOCCOCCOCCOCCOCCOCCOCCOCCOCCOCCOCCOCCOCCOCCOCCOCCOCCOCCOCCOCCOCCOCCOCCOCCO,CC(C)CCC[C@@H](C)[C@H]1CC[C@H]2[C@@H]3CC=C4C[C@@H](O)CC[C@]4(C)[C@H]3CC[C@]12C,CCCCCCCCCCCCCCCCCC(=O)OC[C@H](COP(=O)([O-])OCC[N+](C)(C)C)OC(=O)CCCCCCCCCCCCCCCCC,84.0,30.0,2.0,48.0,20.0,0.3,0.02,0.48,0.2,140.0,0.11
188,DLenDMA,PEG-c-DMA,cholesterol,DSPC,30:2:48:20,132,0.13,,85,,siRNA,"luciferase, aso",PEG2000-C-DMA,"DLenDMA (1,2-dilinolenoyloxy-N,N-dimethyl-3-aminopropane)",DSPC,cholesterol,synthesis_method: Ethanol injection (spontaneous vesicle formation); device_used: ; total_flow_rate_ml_min: ; flow_rate_ratio: ; aqueous_phase_composition: PBS; organic_phase_composition: ethanol; mixing_time_sec: ; temperature_condition: ; post_processing: diafiltered against 100 mL of PBS (20 wash volumes) using cross flow ultrafiltration cartridge; sterilization: sterile filtered through Acrodisc 0.8/0.2 ¥ìm syringe filters; storage_buffer: PBS,cell_line: Neuro2A-G cells (luciferase-expressing); administration_route: in vitro; dose: 0.0625-1.0 ¥ìg/mL siRNA; gene_expression_result: ~32% luciferase expression (68% knockdown) at 1.0 ¥ìg/mL,Cationic lipid saturation influences intracellular delivery of encapsulated nucleic acids,"['James Heyes', 'Lorne Palmer', 'Kaz Bremner', 'Ian MacLachlan']",10.1016/j.jconrel.2005.06.014,Journal of Controlled Release,2005.0,CC/C=C\C/C=C\C/C=C\CCCCCCCCOCC(CN(C)C)OCCCCCCCC/C=C\C/C=C\C/C=C\CC,CN(C)CCC(O)COCCOCCOCCOCCOCCOCCOCCOCCOCCOCCOCCOCCOCCOCCOCCOCCOCCOCCOCCOCCOCCOCCOCCOCCOCCOCCOCCOCCOCCOCCOCCOCCOCCOCCOCCOCCOCCOCCOCCOCCOCCOCCOCCOCCOCCOCCOCCOCCOCCOCCOCCOCCOCCOCCOCCOCCOCCOCCOCCOCCOCCOCCOCCOCCOCCOCCOCCOCCOCCOCCOCCOCCOCCOCCOCCOCCOCCOCCOCCOCCOCCOCCOCCOCCOCCOCCOCCOCCOCCOCCO,CC(C)CCC[C@@H](C)[C@H]1CC[C@H]2[C@@H]3CC=C4C[C@@H](O)CC[C@]4(C)[C@H]3CC[C@]12C,CCCCCCCCCCCCCCCCCC(=O)OC[C@H](COP(=O)([O-])OCC[N+](C)(C)C)OC(=O)CCCCCCCCCCCCCCCCC,85.0,30.0,2.0,48.0,20.0,0.3,0.02,0.48,0.2,132.0,0.13
189,DLin-KC2-DMA,DMG-PEG2000,cholesterol,DOPE,50:1:38.5:10,76.17 ¡¾ 4.03,0.059 ¡¾ 0.014,23.10 ¡¾ 0.26,97.58 ¡¾ 0.63,0.029 mg DNA per ¥ìmol lipid (NP:6.0(molar)),DNA,"firefly_luciferase, gfp, plasmid_dna",PEG-DMG,DLin-KC2-DMA,DOPE,cholesterol,"synthesis_method: Microfluidic; device_used: micromixer (Precision Nanosystems); total_flow_rate_ml_min: ; flow_rate_ratio: ; aqueous_phase_composition: 25 mM sodium acetate pH 4, 0.116 mg/ml pDNA; organic_phase_composition: ethanol; mixing_time_sec: ; temperature_condition: ; post_processing: dialysis and concentration to ~0.2 mg/mL pDNA; sterilization: ; storage_buffer: ","cell_line: HeLa, primary embryonic mesenchyme cells; animal_model: white leghorn chicken embryos; administration_route: microinjection into limb bud; dose: 0.75-40 ¥ìg/ml pDNA; gene_expression_result: 85-90% transfection efficiency, highest in vivo; biodistribution_result: limb bud, penetration into chondrogenic condensations; toxicity_profile: >85% cell viability, superior to Lipofectamine (33%)",Design of lipid nanoparticles for in vitro and in vivo delivery of plasmid DNA,"['Jayesh A. Kulkarni', 'Johnathan Layne Myhre', 'Sam Chen', 'Yuen Yi C. Tam', 'Adrian Danescu', 'Joy M. Richman', 'Pieter R. Cullis']",http://dx.doi.org/10.1016/j.nano.2016.12.014,"Nanomedicine: Nanotechnology, Biology, and Medicine",2017.0,CCCCC/C=C\C/C=C\CCCCCCCCC1(CCCCCCCC/C=C\C/C=C\CCCCC)OCC(CCN(C)C)O1,CCCCCCCCCCCCCC(=O)OCC(COP(=O)([O-])OCCOCCOCCOCCOCCOCCOCCOCCOCCOCCOCCOCCOCCOCCOCCOCCOCCOCCOCCOCCOCCOCCOCCOCCOCCOCCOCCOCCOCCOCCOCCOCCOCCOCCOCCOCCOCCOCCOCCOCCOCCOCCOCCOCCOCCOCCOCCOCCOCCOCCOCCOCCOCCOCCOCCOCCOCCOCCOCCOCCOCCOCCOCCOCCOCCOCCOCCOCCOCCOCCOCCOCCOCCOCCOCCOCCOCCOCCOCCOCCOCCOCCOCCOCCOCCOCCOCCOCCOCCOCCO)OC(=O)CCCCCCCCCCCCC,CC(C)CCC[C@@H](C)[C@H]1CC[C@H]2[C@@H]3CC=C4C[C@@H](O)CC[C@]4(C)[C@H]3CC[C@]12C,CCCCCCCC/C=C\CCCCCCCC(=O)OC[C@H](COP(=O)(O)OCCN)OC(=O)CCCCCCC/C=C\CCCCCCCC,97.58,50.0,1.0,38.5,10.0,0.5025125628140703,0.010050251256281407,0.3869346733668342,0.10050251256281408,76.17,0.059
190,DLin-KC2-DMA,DMG-PEG2000,cholesterol,DOPC,50:1:38.5:10,74.44 ¡¾ 1.67,0.060 ¡¾ 0.009,25.80 ¡¾ 0.50,96.59 ¡¾ 2.02,0.029 mg DNA per ¥ìmol lipid (NP:6.0(molar)),DNA,"firefly_luciferase, gfp, plasmid_dna",PEG-DMG,DLin-KC2-DMA,DOPC,cholesterol,"synthesis_method: Microfluidic; device_used: micromixer (Precision Nanosystems); total_flow_rate_ml_min: ; flow_rate_ratio: ; aqueous_phase_composition: 25 mM sodium acetate pH 4, 0.116 mg/ml pDNA; organic_phase_composition: ethanol; mixing_time_sec: ; temperature_condition: ; post_processing: dialysis and concentration to ~0.2 mg/mL pDNA; sterilization: ; storage_buffer: ","cell_line: HeLa, HepG2, PC12, MCF7, Hep3B, MDA-231, JHOC-9, primary embryonic mesenchyme cells; animal_model: white leghorn chicken embryos; administration_route: microinjection into limb bud; dose: 0.75-6.0 ¥ìg/ml pDNA (in vitro), 10 ¥ìg/ml pDNA (in vivo); gene_expression_result: 3-fold enhancement vs DSPC with DLin-KC2-DMA; biodistribution_result: limb bud transfection; toxicity_profile: >85% cell viability",Design of lipid nanoparticles for in vitro and in vivo delivery of plasmid DNA,"['Jayesh A. Kulkarni', 'Johnathan Layne Myhre', 'Sam Chen', 'Yuen Yi C. Tam', 'Adrian Danescu', 'Joy M. Richman', 'Pieter R. Cullis']",http://dx.doi.org/10.1016/j.nano.2016.12.014,"Nanomedicine: Nanotechnology, Biology, and Medicine",2017.0,CCCCC/C=C\C/C=C\CCCCCCCCC1(CCCCCCCC/C=C\C/C=C\CCCCC)OCC(CCN(C)C)O1,CCCCCCCCCCCCCC(=O)OCC(COP(=O)([O-])OCCOCCOCCOCCOCCOCCOCCOCCOCCOCCOCCOCCOCCOCCOCCOCCOCCOCCOCCOCCOCCOCCOCCOCCOCCOCCOCCOCCOCCOCCOCCOCCOCCOCCOCCOCCOCCOCCOCCOCCOCCOCCOCCOCCOCCOCCOCCOCCOCCOCCOCCOCCOCCOCCOCCOCCOCCOCCOCCOCCOCCOCCOCCOCCOCCOCCOCCOCCOCCOCCOCCOCCOCCOCCOCCOCCOCCOCCOCCOCCOCCOCCOCCOCCOCCOCCOCCOCCOCCOCCO)OC(=O)CCCCCCCCCCCCC,CC(C)CCC[C@@H](C)[C@H]1CC[C@H]2[C@@H]3CC=C4C[C@@H](O)CC[C@]4(C)[C@H]3CC[C@]12C,CCCCCCCC/C=C\CCCCCCCC(=O)OC[C@H](COP(=O)([O-])OCC[N+](C)(C)C)OC(=O)CCCCCCC/C=C\CCCCCCCC,96.59,50.0,1.0,38.5,10.0,0.5025125628140703,0.010050251256281407,0.3869346733668342,0.10050251256281408,74.44,0.06
192,DLin-KC2-DMA,DMG-PEG2000,cholesterol,DSPC,50:1:38.5:10,69.99 ¡¾ 1.69,0.071 ¡¾ 0.002,24.07 ¡¾ 3.84,94.89 ¡¾ 2.55,0.029 mg DNA per ¥ìmol lipid (NP:6.0(molar)),DNA,firefly_luciferase,PEG-DMG,DLin-KC2-DMA,DSPC,cholesterol,"synthesis_method: Microfluidic; device_used: micromixer (Precision Nanosystems); total_flow_rate_ml_min: ; flow_rate_ratio: ; aqueous_phase_composition: 25 mM sodium acetate pH 4, 0.116 mg/ml pDNA; organic_phase_composition: ethanol; mixing_time_sec: ; temperature_condition: ; post_processing: dialysis and concentration to ~0.2 mg/mL pDNA; sterilization: ; storage_buffer: ",cell_line: HeLa; dose: 0.75-6.0 ¥ìg/ml pDNA; gene_expression_result: baseline for KC2-DMA comparisons,Design of lipid nanoparticles for in vitro and in vivo delivery of plasmid DNA,"['Jayesh A. Kulkarni', 'Johnathan Layne Myhre', 'Sam Chen', 'Yuen Yi C. Tam', 'Adrian Danescu', 'Joy M. Richman', 'Pieter R. Cullis']",http://dx.doi.org/10.1016/j.nano.2016.12.014,"Nanomedicine: Nanotechnology, Biology, and Medicine",2017.0,CCCCC/C=C\C/C=C\CCCCCCCCC1(CCCCCCCC/C=C\C/C=C\CCCCC)OCC(CCN(C)C)O1,CCCCCCCCCCCCCC(=O)OCC(COP(=O)([O-])OCCOCCOCCOCCOCCOCCOCCOCCOCCOCCOCCOCCOCCOCCOCCOCCOCCOCCOCCOCCOCCOCCOCCOCCOCCOCCOCCOCCOCCOCCOCCOCCOCCOCCOCCOCCOCCOCCOCCOCCOCCOCCOCCOCCOCCOCCOCCOCCOCCOCCOCCOCCOCCOCCOCCOCCOCCOCCOCCOCCOCCOCCOCCOCCOCCOCCOCCOCCOCCOCCOCCOCCOCCOCCOCCOCCOCCOCCOCCOCCOCCOCCOCCOCCOCCOCCOCCOCCOCCOCCO)OC(=O)CCCCCCCCCCCCC,CC(C)CCC[C@@H](C)[C@H]1CC[C@H]2[C@@H]3CC=C4C[C@@H](O)CC[C@]4(C)[C@H]3CC[C@]12C,CCCCCCCCCCCCCCCCCC(=O)OC[C@H](COP(=O)([O-])OCC[N+](C)(C)C)OC(=O)CCCCCCCCCCCCCCCCC,94.89,50.0,1.0,38.5,10.0,0.5025125628140703,0.010050251256281407,0.3869346733668342,0.10050251256281408,69.99,0.071
193,DLin-MC3-DMA,DMG-PEG2000,cholesterol,DSPC,51:10:39:1.5,58,0.088,32,96,"WR:9.75(wt/wt)[lipid:siRNA], siRNA concentration 0.6mg/ml",siRNA,factor_vii,PEG-DMG (1.4-1.5%),DLin-MC3-DMA,DSPC,cholesterol,"synthesis_method: Rapid precipitation (two-stage formulation); device_used: T-junction mixing; total_flow_rate_ml_min: ; flow_rate_ratio: ; aqueous_phase_composition: 25 mmol/l acetate buffer, pH 4; organic_phase_composition: ethanol; mixing_time_sec: ; temperature_condition: room temperature; post_processing: overnight dialysis against 1¡¿ phosphate buffer saline; sterilization: ; storage_buffer: 1¡¿ phosphate buffer saline","cell_line: human whole blood assay; animal_model: CD-1 mice, C57BL/6 mice, apoE-/- mice; administration_route: intravenous; dose: 0.01-10 mg/kg siRNA; gene_expression_result: ~50% FVII protein reduction at 0.03 mg/kg; biodistribution_result: hepatic targeting via ApoE-mediated mechanism; toxicity_profile: elevated cytokines (G-CSF, IP-10, KC, MCP-1) at 3-6 hours; cytokine_response: highest cytokine induction among tested formulations","Shielding of Lipid Nanoparticles for siRNA Delivery: Impact on Physicochemical Properties, Cytokine Induction, and Efficacy","['Varun Kumar', 'June Qin', 'Yongfeng Jiang', 'Richard G Duncan', 'Benjamin Brigham', 'Shannon Fishman', 'Jayaprakash K Nair', 'Akin Akinc', 'Scott A Barros', 'Pia V Kasperkovitz']",10.1038/mtna.2014.61,Molecular Therapy?Nucleic Acids,2014.0,CCCCC/C=C\C/C=C\CCCCCCCCC(CCCCCCCC/C=C\C/C=C\CCCCC)OC(=O)CCCN(C)C,CCCCCCCCCCCCCC(=O)OCC(COP(=O)([O-])OCCOCCOCCOCCOCCOCCOCCOCCOCCOCCOCCOCCOCCOCCOCCOCCOCCOCCOCCOCCOCCOCCOCCOCCOCCOCCOCCOCCOCCOCCOCCOCCOCCOCCOCCOCCOCCOCCOCCOCCOCCOCCOCCOCCOCCOCCOCCOCCOCCOCCOCCOCCOCCOCCOCCOCCOCCOCCOCCOCCOCCOCCOCCOCCOCCOCCOCCOCCOCCOCCOCCOCCOCCOCCOCCOCCOCCOCCOCCOCCOCCOCCOCCOCCOCCOCCOCCOCCOCCOCCO)OC(=O)CCCCCCCCCCCCC,CC(C)CCC[C@@H](C)[C@H]1CC[C@H]2[C@@H]3CC=C4C[C@@H](O)CC[C@]4(C)[C@H]3CC[C@]12C,CCCCCCCCCCCCCCCCCC(=O)OC[C@H](COP(=O)([O-])OCC[N+](C)(C)C)OC(=O)CCCCCCCCCCCCCCCCC,96.0,51.0,10.0,39.0,1.5,0.5024630541871922,0.09852216748768473,0.3842364532019704,0.014778325123152709,58.0,0.088
194,DLin-MC3-DMA,DMG-PEG2000,cholesterol,DSPC,51:10:39:5,47,0.127,24,81,"WR:9.75(wt/wt)[lipid:siRNA], siRNA concentration 0.6mg/ml",siRNA,factor_vii,PEG-DMG (4-5%),DLin-MC3-DMA,DSPC,cholesterol,"synthesis_method: Rapid precipitation (two-stage formulation); device_used: T-junction mixing; total_flow_rate_ml_min: ; flow_rate_ratio: ; aqueous_phase_composition: 25 mmol/l acetate buffer, pH 4; organic_phase_composition: ethanol; mixing_time_sec: ; temperature_condition: room temperature; post_processing: overnight dialysis against 1¡¿ phosphate buffer saline; sterilization: ; storage_buffer: 1¡¿ phosphate buffer saline","cell_line: human whole blood assay; animal_model: CD-1 mice, C57BL/6 mice, apoE-/- mice; administration_route: intravenous; dose: 0.01-10 mg/kg siRNA; gene_expression_result: ~25% FVII protein reduction at 0.1 mg/kg; biodistribution_result: reduced hepatic targeting, lower ApoE binding affinity; toxicity_profile: moderate cytokine elevation; cytokine_response: intermediate cytokine induction","Shielding of Lipid Nanoparticles for siRNA Delivery: Impact on Physicochemical Properties, Cytokine Induction, and Efficacy","['Varun Kumar', 'June Qin', 'Yongfeng Jiang', 'Richard G Duncan', 'Benjamin Brigham', 'Shannon Fishman', 'Jayaprakash K Nair', 'Akin Akinc', 'Scott A Barros', 'Pia V Kasperkovitz']",10.1038/mtna.2014.61,Molecular Therapy?Nucleic Acids,2014.0,CCCCC/C=C\C/C=C\CCCCCCCCC(CCCCCCCC/C=C\C/C=C\CCCCC)OC(=O)CCCN(C)C,CCCCCCCCCCCCCC(=O)OCC(COP(=O)([O-])OCCOCCOCCOCCOCCOCCOCCOCCOCCOCCOCCOCCOCCOCCOCCOCCOCCOCCOCCOCCOCCOCCOCCOCCOCCOCCOCCOCCOCCOCCOCCOCCOCCOCCOCCOCCOCCOCCOCCOCCOCCOCCOCCOCCOCCOCCOCCOCCOCCOCCOCCOCCOCCOCCOCCOCCOCCOCCOCCOCCOCCOCCOCCOCCOCCOCCOCCOCCOCCOCCOCCOCCOCCOCCOCCOCCOCCOCCOCCOCCOCCOCCOCCOCCOCCOCCOCCOCCOCCOCCO)OC(=O)CCCCCCCCCCCCC,CC(C)CCC[C@@H](C)[C@H]1CC[C@H]2[C@@H]3CC=C4C[C@@H](O)CC[C@]4(C)[C@H]3CC[C@]12C,CCCCCCCCCCCCCCCCCC(=O)OC[C@H](COP(=O)([O-])OCC[N+](C)(C)C)OC(=O)CCCCCCCCCCCCCCCCC,81.0,51.0,10.0,39.0,5.0,0.4857142857142857,0.09523809523809523,0.37142857142857144,0.047619047619047616,47.0,0.127
195,DLin-MC3-DMA,DMG-PEG2000,cholesterol,DSPC,51:10:39:10,46,0.139,18,82,"WR:9.75(wt/wt)[lipid:siRNA], siRNA concentration 0.6mg/ml",siRNA,factor_vii,PEG-DMG (6-8%),DLin-MC3-DMA,DSPC,cholesterol,"synthesis_method: Rapid precipitation (two-stage formulation); device_used: T-junction mixing; total_flow_rate_ml_min: ; flow_rate_ratio: ; aqueous_phase_composition: 25 mmol/l acetate buffer, pH 4; organic_phase_composition: ethanol; mixing_time_sec: ; temperature_condition: room temperature; post_processing: overnight dialysis against 1¡¿ phosphate buffer saline; sterilization: ; storage_buffer: 1¡¿ phosphate buffer saline","cell_line: human whole blood assay; animal_model: CD-1 mice, C57BL/6 mice, apoE-/- mice; administration_route: intravenous; dose: 0.01-10 mg/kg siRNA; gene_expression_result: minimal FVII protein reduction even at 0.3 mg/kg; biodistribution_result: very low hepatic targeting, minimal ApoE association; toxicity_profile: lowest cytokine elevation; cytokine_response: minimal cytokine induction, very low hemolytic activity","Shielding of Lipid Nanoparticles for siRNA Delivery: Impact on Physicochemical Properties, Cytokine Induction, and Efficacy","['Varun Kumar', 'June Qin', 'Yongfeng Jiang', 'Richard G Duncan', 'Benjamin Brigham', 'Shannon Fishman', 'Jayaprakash K Nair', 'Akin Akinc', 'Scott A Barros', 'Pia V Kasperkovitz']",10.1038/mtna.2014.61,Molecular Therapy?Nucleic Acids,2014.0,CCCCC/C=C\C/C=C\CCCCCCCCC(CCCCCCCC/C=C\C/C=C\CCCCC)OC(=O)CCCN(C)C,CCCCCCCCCCCCCC(=O)OCC(COP(=O)([O-])OCCOCCOCCOCCOCCOCCOCCOCCOCCOCCOCCOCCOCCOCCOCCOCCOCCOCCOCCOCCOCCOCCOCCOCCOCCOCCOCCOCCOCCOCCOCCOCCOCCOCCOCCOCCOCCOCCOCCOCCOCCOCCOCCOCCOCCOCCOCCOCCOCCOCCOCCOCCOCCOCCOCCOCCOCCOCCOCCOCCOCCOCCOCCOCCOCCOCCOCCOCCOCCOCCOCCOCCOCCOCCOCCOCCOCCOCCOCCOCCOCCOCCOCCOCCOCCOCCOCCOCCOCCOCCO)OC(=O)CCCCCCCCCCCCC,CC(C)CCC[C@@H](C)[C@H]1CC[C@H]2[C@@H]3CC=C4C[C@@H](O)CC[C@]4(C)[C@H]3CC[C@]12C,CCCCCCCCCCCCCCCCCC(=O)OC[C@H](COP(=O)([O-])OCC[N+](C)(C)C)OC(=O)CCCCCCCCCCCCCCCCC,82.0,51.0,10.0,39.0,10.0,0.4636363636363636,0.09090909090909091,0.35454545454545455,0.09090909090909091,46.0,0.139
198,OF-Deg-Lin,C14-PEG2000,cholesterol,DOPE,35:16:46.5:2.5,75 ¡¾ 10,0.197,,?60,OTHER:OF-Deg-Lin:mRNA weight ratio of 10:1,mRNA,firefly_luciferase,C14-PEG-2000,OF-Deg-Lin,DOPE,cholesterol,"synthesis_method: Microfluidic; device_used: microfluidic chip device using syringe pumps; total_flow_rate_ml_min: ; flow_rate_ratio: 3:1 (ethanol:aqueous); aqueous_phase_composition: 10 mM citrate buffer (pH 3); organic_phase_composition: 100% ethanol with lipid mixture; mixing_time_sec: ; temperature_condition: ; post_processing: dialyzed against 1X PBS in a 20,000 MWCO cassette at 4¡ÆC for 2 hours; sterilization: ; storage_buffer: 1X PBS, stored at 4¡ÆC prior to injection","cell_line: HeLa; animal_model: C57BL/6 mice (female, 18-22 g); administration_route: IV (tail vein); dose: 0.75 mg/kg, 1.5 mg/kg, 2.25 mg/kg; gene_expression_result: ?60 pg luciferase per million B cells at highest dose (2.25 mg/kg); biodistribution_result: >85% of total protein production in spleen; toxicity_profile: negligible toxicity at doses up to 4 mg/kg",Synthesis and Biological Evaluation of Ionizable Lipid Materials for the In Vivo Delivery of Messenger RNA to B Lymphocytes,"['Owen S. Fenton', 'Kevin J. Kauffman', 'James C. Kaczmarek', 'Rebecca L. McClellan', 'Siddharth Jhunjhunwala', 'Mark W. Tibbitt', 'Manhao D. Zeng', 'Eric A. Appel', 'Joseph R. Dorkin', 'Faryal F. Mir', 'Jung H. Yang', 'Matthias A. Oberli', 'Michael W. Heartlein', 'Frank DeRosa', 'Robert Langer', 'Daniel G. Anderson']",10.1002/adma.201606944,Advanced Materials,2017.0,CCCCC/C=C\C/C=C\CCCCCCCC(=O)OCCN(CCCCC1NC(=O)C(CCCCN(CCOC(=O)CCCCCCC/C=C\C/C=C\CCCCC)CCOC(=O)CCCCCCC/C=C\C/C=C\CCCCC)NC1=O)CCOC(=O)CCCCCCC/C=C\C/C=C\CCCCC,CCCCCCCCCCCCCCOC(=O)CCOCCOCCOCCOCCOCCOCCOCCOCCOCCOCCOCCOCCOCCOCCOCCOCCOCCOCCOCCOCCOCCOCCOCCOCCOCCOCCOCCOCCOCCOCCOCCOCCOCCOCCOCCOCCOCCOCCOCCOCCOCCOCCOCCOCCOCCOCCOCCOCCOCCOCCOCCOCCOCCOCCOCCOCCOCCOCCOCCOCCOCCOCCOCCOCCOCCOCCOCCOCCOCCOCCOCCOCCOCCOCCOCCOCCOCCOCCOCCOCCOCCOCCOCCOCCOCCOCCOCCOCCOCCO,CC(C)CCC[C@@H](C)[C@H]1CC[C@H]2[C@@H]3CC=C4C[C@@H](O)CC[C@]4(C)[C@H]3CC[C@]12C,CCCCCCCC/C=C\CCCCCCCC(=O)OC[C@H](COP(=O)(O)OCCN)OC(=O)CCCCCCC/C=C\CCCCCCCC,60.0,35.0,16.0,46.5,2.5,0.35,0.16,0.465,0.025,75.0,0.197
199,OF-Deg-Lin,C14-PEG2000,cholesterol,DOPE,35:16:46.5:2.5,75 ¡¾ 10,0.197,,?60,OTHER:OF-Deg-Lin:mRNA weight ratio of 10:1,mRNA,firefly_luciferase,C14-PEG-2000,OF-Deg-Lin,DOPE,cholesterol,"synthesis_method: Microfluidic; device_used: microfluidic chip device using syringe pumps; total_flow_rate_ml_min: ; flow_rate_ratio: 3:1 (ethanol:aqueous); aqueous_phase_composition: 10 mM citrate buffer (pH 3); organic_phase_composition: 100% ethanol with lipid mixture; mixing_time_sec: ; temperature_condition: ; post_processing: dialyzed against 1X PBS in a 20,000 MWCO cassette at 4¡ÆC for 2 hours; sterilization: ; storage_buffer: 1X PBS, stored at 4¡ÆC prior to injection","animal_model: C57BL/6 mice (female, 18-22 g); administration_route: IV (tail vein); dose: 0.75 mg/kg; gene_expression_result: N/A (non-translating mRNA); biodistribution_result: transient transport to liver (>100-fold more fluorescent signal in liver than spleen)",Synthesis and Biological Evaluation of Ionizable Lipid Materials for the In Vivo Delivery of Messenger RNA to B Lymphocytes,"['Owen S. Fenton', 'Kevin J. Kauffman', 'James C. Kaczmarek', 'Rebecca L. McClellan', 'Siddharth Jhunjhunwala', 'Mark W. Tibbitt', 'Manhao D. Zeng', 'Eric A. Appel', 'Joseph R. Dorkin', 'Faryal F. Mir', 'Jung H. Yang', 'Matthias A. Oberli', 'Michael W. Heartlein', 'Frank DeRosa', 'Robert Langer', 'Daniel G. Anderson']",10.1002/adma.201606944,Advanced Materials,2017.0,CCCCC/C=C\C/C=C\CCCCCCCC(=O)OCCN(CCCCC1NC(=O)C(CCCCN(CCOC(=O)CCCCCCC/C=C\C/C=C\CCCCC)CCOC(=O)CCCCCCC/C=C\C/C=C\CCCCC)NC1=O)CCOC(=O)CCCCCCC/C=C\C/C=C\CCCCC,CCCCCCCCCCCCCCOC(=O)CCOCCOCCOCCOCCOCCOCCOCCOCCOCCOCCOCCOCCOCCOCCOCCOCCOCCOCCOCCOCCOCCOCCOCCOCCOCCOCCOCCOCCOCCOCCOCCOCCOCCOCCOCCOCCOCCOCCOCCOCCOCCOCCOCCOCCOCCOCCOCCOCCOCCOCCOCCOCCOCCOCCOCCOCCOCCOCCOCCOCCOCCOCCOCCOCCOCCOCCOCCOCCOCCOCCOCCOCCOCCOCCOCCOCCOCCOCCOCCOCCOCCOCCOCCOCCOCCOCCOCCOCCOCCO,CC(C)CCC[C@@H](C)[C@H]1CC[C@H]2[C@@H]3CC=C4C[C@@H](O)CC[C@]4(C)[C@H]3CC[C@]12C,CCCCCCCC/C=C\CCCCCCCC(=O)OC[C@H](COP(=O)(O)OCCN)OC(=O)CCCCCCC/C=C\CCCCCCCC,60.0,35.0,16.0,46.5,2.5,0.35,0.16,0.465,0.025,75.0,0.197
202,Custom lipid,C14-PEG2000,cholesterol,DOPE,35:2.5:46.5:16,213.2,0.4,1.6,52.8,OTHER:b-DNA:FLuc mRNA weight ratio 10:1,mRNA,"firefly_luciferase, barcode(dna barcode 1)",C14PEG2K,1-A2-6b,DOPE,cholesterol,"synthesis_method: Microfluidic mixing or pipette mixing; device_used: Microfluidic device with staggered herringbone features; total_flow_rate_ml_min: 2.4; flow_rate_ratio: 1:3 (organic:aqueous); aqueous_phase_composition: 10 mM citrate buffer; organic_phase_composition: Ethanol with lipids; mixing_time_sec: ; temperature_condition: Room temperature; post_processing: Dialysis in 1x PBS for 2h, filtration through 0.45 ¥ìm filter; sterilization: 0.45 ¥ìm filtration; storage_buffer: 1x PBS","cell_line: HeLa; animal_model: C57BL/6J female mice; administration_route: intravenous (IV); dose: 1.0 mg/kg total nucleic acid; biodistribution_result: Measured by deep sequencing in heart, liver, spleen, lungs, kidneys; toxicity_profile: Cell viability >85%","High-throughput barcoding of nanoparticles identifies cationic, degradable lipid-like materials for mRNA delivery to the lungs in female preclinical models","['Lulu Xue', 'Alex G. Hamilton', 'Gan Zhao', 'Zebin Xiao', 'Rakan El-Mayta', 'Xuexiang Han', 'Ningqiang Gong', 'Xinhong Xiong', 'Junchao Xu', 'Christian G. Figueroa-Espada', 'Sarah J. Shepherd', 'Alvin J. Mukalel', 'Mohamad-Gabriel Alameh', 'Jiaxi Cui', 'Karin Wang', 'Andrew E. Vaughan', 'Drew Weissman', 'Michael J. Mitchell']",https://doi.org/10.1038/s41467-024-45422-9,Nature Communications,2024.0,CCCC(CC)CC(=O)Oc1cc(CNN)cc(OC(=O)CC(CC)CCC)c1O,CCCCCCCCCCCCCCOC(=O)CCOCCOCCOCCOCCOCCOCCOCCOCCOCCOCCOCCOCCOCCOCCOCCOCCOCCOCCOCCOCCOCCOCCOCCOCCOCCOCCOCCOCCOCCOCCOCCOCCOCCOCCOCCOCCOCCOCCOCCOCCOCCOCCOCCOCCOCCOCCOCCOCCOCCOCCOCCOCCOCCOCCOCCOCCOCCOCCOCCOCCOCCOCCOCCOCCOCCOCCOCCOCCOCCOCCOCCOCCOCCOCCOCCOCCOCCOCCOCCOCCOCCOCCOCCOCCOCCOCCOCCOCCOCCO,CC(C)CCC[C@@H](C)[C@H]1CC[C@H]2[C@@H]3CC=C4C[C@@H](O)CC[C@]4(C)[C@H]3CC[C@]12C,CCCCCCCC/C=C\CCCCCCCC(=O)OC[C@H](COP(=O)(O)OCCN)OC(=O)CCCCCCC/C=C\CCCCCCCC,52.8,35.0,2.5,46.5,16.0,0.35,0.025,0.465,0.16,213.2,0.4
203,Custom lipid,C14-PEG2000,cholesterol,DOPE,35:2.5:46.5:16,221.9,0.35,4.2,69.7,OTHER:b-DNA:FLuc mRNA weight ratio 10:1,mRNA,"firefly_luciferase, barcode(dna barcode 2)",C14PEG2K,2-A2-6b,DOPE,cholesterol,"synthesis_method: Microfluidic mixing or pipette mixing; device_used: Microfluidic device with staggered herringbone features; total_flow_rate_ml_min: 2.4; flow_rate_ratio: 1:3 (organic:aqueous); aqueous_phase_composition: 10 mM citrate buffer; organic_phase_composition: Ethanol with lipids; mixing_time_sec: ; temperature_condition: Room temperature; post_processing: Dialysis in 1x PBS for 2h, filtration through 0.45 ¥ìm filter; sterilization: 0.45 ¥ìm filtration; storage_buffer: 1x PBS","cell_line: HeLa; animal_model: C57BL/6J female mice; administration_route: intravenous (IV); dose: 1.0 mg/kg total nucleic acid; biodistribution_result: Measured by deep sequencing in heart, liver, spleen, lungs, kidneys; toxicity_profile: Cell viability >85%","High-throughput barcoding of nanoparticles identifies cationic, degradable lipid-like materials for mRNA delivery to the lungs in female preclinical models","['Lulu Xue', 'Alex G. Hamilton', 'Gan Zhao', 'Zebin Xiao', 'Rakan El-Mayta', 'Xuexiang Han', 'Ningqiang Gong', 'Xinhong Xiong', 'Junchao Xu', 'Christian G. Figueroa-Espada', 'Sarah J. Shepherd', 'Alvin J. Mukalel', 'Mohamad-Gabriel Alameh', 'Jiaxi Cui', 'Karin Wang', 'Andrew E. Vaughan', 'Drew Weissman', 'Michael J. Mitchell']",https://doi.org/10.1038/s41467-024-45422-9,Nature Communications,2024.0,CCCC(CC)CC(=O)Oc1cc(CNCCCCN)cc(OC(=O)CC(CC)CCC)c1O,CCCCCCCCCCCCCCOC(=O)CCOCCOCCOCCOCCOCCOCCOCCOCCOCCOCCOCCOCCOCCOCCOCCOCCOCCOCCOCCOCCOCCOCCOCCOCCOCCOCCOCCOCCOCCOCCOCCOCCOCCOCCOCCOCCOCCOCCOCCOCCOCCOCCOCCOCCOCCOCCOCCOCCOCCOCCOCCOCCOCCOCCOCCOCCOCCOCCOCCOCCOCCOCCOCCOCCOCCOCCOCCOCCOCCOCCOCCOCCOCCOCCOCCOCCOCCOCCOCCOCCOCCOCCOCCOCCOCCOCCOCCOCCOCCO,CC(C)CCC[C@@H](C)[C@H]1CC[C@H]2[C@@H]3CC=C4C[C@@H](O)CC[C@]4(C)[C@H]3CC[C@]12C,CCCCCCCC/C=C\CCCCCCCC(=O)OC[C@H](COP(=O)(O)OCCN)OC(=O)CCCCCCC/C=C\CCCCCCCC,69.7,35.0,2.5,46.5,16.0,0.35,0.025,0.465,0.16,221.9,0.35
204,Custom lipid,C14-PEG2000,cholesterol,DOPE,35:2.5:46.5:16,185.3,0.29,6.2,57.4,OTHER:b-DNA:FLuc mRNA weight ratio 10:1,mRNA,"firefly_luciferase, barcode(dna barcode 3)",C14PEG2K,3-A2-6b,DOPE,cholesterol,"synthesis_method: Microfluidic mixing or pipette mixing; device_used: Microfluidic device with staggered herringbone features; total_flow_rate_ml_min: 2.4; flow_rate_ratio: 1:3 (organic:aqueous); aqueous_phase_composition: 10 mM citrate buffer; organic_phase_composition: Ethanol with lipids; mixing_time_sec: ; temperature_condition: Room temperature; post_processing: Dialysis in 1x PBS for 2h, filtration through 0.45 ¥ìm filter; sterilization: 0.45 ¥ìm filtration; storage_buffer: 1x PBS","cell_line: HeLa; animal_model: C57BL/6J female mice; administration_route: intravenous (IV); dose: 1.0 mg/kg total nucleic acid (barcoding), 0.1 mg/kg FLuc mRNA (validation); gene_expression_result: Top lung-targeting candidate; biodistribution_result: Lung-specific enrichment; toxicity_profile: Cell viability >85%","High-throughput barcoding of nanoparticles identifies cationic, degradable lipid-like materials for mRNA delivery to the lungs in female preclinical models","['Lulu Xue', 'Alex G. Hamilton', 'Gan Zhao', 'Zebin Xiao', 'Rakan El-Mayta', 'Xuexiang Han', 'Ningqiang Gong', 'Xinhong Xiong', 'Junchao Xu', 'Christian G. Figueroa-Espada', 'Sarah J. Shepherd', 'Alvin J. Mukalel', 'Mohamad-Gabriel Alameh', 'Jiaxi Cui', 'Karin Wang', 'Andrew E. Vaughan', 'Drew Weissman', 'Michael J. Mitchell']",https://doi.org/10.1038/s41467-024-45422-9,Nature Communications,2024.0,CCCC(CC)CC(=O)Oc1cc(CN2CCC(N)CC2)cc(OC(=O)CC(CC)CCC)c1O,CCCCCCCCCCCCCCOC(=O)CCOCCOCCOCCOCCOCCOCCOCCOCCOCCOCCOCCOCCOCCOCCOCCOCCOCCOCCOCCOCCOCCOCCOCCOCCOCCOCCOCCOCCOCCOCCOCCOCCOCCOCCOCCOCCOCCOCCOCCOCCOCCOCCOCCOCCOCCOCCOCCOCCOCCOCCOCCOCCOCCOCCOCCOCCOCCOCCOCCOCCOCCOCCOCCOCCOCCOCCOCCOCCOCCOCCOCCOCCOCCOCCOCCOCCOCCOCCOCCOCCOCCOCCOCCOCCOCCOCCOCCOCCOCCO,CC(C)CCC[C@@H](C)[C@H]1CC[C@H]2[C@@H]3CC=C4C[C@@H](O)CC[C@]4(C)[C@H]3CC[C@]12C,CCCCCCCC/C=C\CCCCCCCC(=O)OC[C@H](COP(=O)(O)OCCN)OC(=O)CCCCCCC/C=C\CCCCCCCC,57.4,35.0,2.5,46.5,16.0,0.35,0.025,0.465,0.16,185.3,0.29
205,Custom lipid,C14-PEG2000,cholesterol,DOPE,35:2.5:46.5:16,205.6,0.29,7.1,63,OTHER:b-DNA:FLuc mRNA weight ratio 10:1,mRNA,"firefly_luciferase, barcode(dna barcode 4)",C14PEG2K,4-A2-6b,DOPE,cholesterol,"synthesis_method: Microfluidic mixing or pipette mixing; device_used: Microfluidic device with staggered herringbone features; total_flow_rate_ml_min: 2.4; flow_rate_ratio: 1:3 (organic:aqueous); aqueous_phase_composition: 10 mM citrate buffer; organic_phase_composition: Ethanol with lipids; mixing_time_sec: ; temperature_condition: Room temperature; post_processing: Dialysis in 1x PBS for 2h, filtration through 0.45 ¥ìm filter; sterilization: 0.45 ¥ìm filtration; storage_buffer: 1x PBS","cell_line: HeLa; animal_model: C57BL/6J female mice; administration_route: intravenous (IV); dose: 1.0 mg/kg total nucleic acid (barcoding), 0.1 mg/kg FLuc mRNA (validation); gene_expression_result: Top lung-targeting candidate; biodistribution_result: Lung-specific enrichment; toxicity_profile: Cell viability >85%","High-throughput barcoding of nanoparticles identifies cationic, degradable lipid-like materials for mRNA delivery to the lungs in female preclinical models","['Lulu Xue', 'Alex G. Hamilton', 'Gan Zhao', 'Zebin Xiao', 'Rakan El-Mayta', 'Xuexiang Han', 'Ningqiang Gong', 'Xinhong Xiong', 'Junchao Xu', 'Christian G. Figueroa-Espada', 'Sarah J. Shepherd', 'Alvin J. Mukalel', 'Mohamad-Gabriel Alameh', 'Jiaxi Cui', 'Karin Wang', 'Andrew E. Vaughan', 'Drew Weissman', 'Michael J. Mitchell']",https://doi.org/10.1038/s41467-024-45422-9,Nature Communications,2024.0,CCCC(CC)CC(=O)Oc1cc(CN2CCN(CCN)CC2)cc(OC(=O)CC(CC)CCC)c1O,CCCCCCCCCCCCCCOC(=O)CCOCCOCCOCCOCCOCCOCCOCCOCCOCCOCCOCCOCCOCCOCCOCCOCCOCCOCCOCCOCCOCCOCCOCCOCCOCCOCCOCCOCCOCCOCCOCCOCCOCCOCCOCCOCCOCCOCCOCCOCCOCCOCCOCCOCCOCCOCCOCCOCCOCCOCCOCCOCCOCCOCCOCCOCCOCCOCCOCCOCCOCCOCCOCCOCCOCCOCCOCCOCCOCCOCCOCCOCCOCCOCCOCCOCCOCCOCCOCCOCCOCCOCCOCCOCCOCCOCCOCCOCCOCCO,CC(C)CCC[C@@H](C)[C@H]1CC[C@H]2[C@@H]3CC=C4C[C@@H](O)CC[C@]4(C)[C@H]3CC[C@]12C,CCCCCCCC/C=C\CCCCCCCC(=O)OC[C@H](COP(=O)(O)OCCN)OC(=O)CCCCCCC/C=C\CCCCCCCC,63.0,35.0,2.5,46.5,16.0,0.35,0.025,0.465,0.16,205.6,0.29
206,Custom lipid,C14-PEG2000,cholesterol,DOPE,35:2.5:46.5:16,219.7,0.34,-5.4,51.5,OTHER:b-DNA:FLuc mRNA weight ratio 10:1,mRNA,"firefly_luciferase, barcode(dna barcode 5)",C14PEG2K,11-A2-6b,DOPE,cholesterol,"synthesis_method: Microfluidic mixing or pipette mixing; device_used: Microfluidic device with staggered herringbone features; total_flow_rate_ml_min: 2.4; flow_rate_ratio: 1:3 (organic:aqueous); aqueous_phase_composition: 10 mM citrate buffer; organic_phase_composition: Ethanol with lipids; mixing_time_sec: ; temperature_condition: Room temperature; post_processing: Dialysis in 1x PBS for 2h, filtration through 0.45 ¥ìm filter; sterilization: 0.45 ¥ìm filtration; storage_buffer: 1x PBS","cell_line: HeLa; animal_model: C57BL/6J female mice; administration_route: intravenous (IV); dose: 1.0 mg/kg total nucleic acid; biodistribution_result: Measured by deep sequencing in heart, liver, spleen, lungs, kidneys; toxicity_profile: Cell viability >85%","High-throughput barcoding of nanoparticles identifies cationic, degradable lipid-like materials for mRNA delivery to the lungs in female preclinical models","['Lulu Xue', 'Alex G. Hamilton', 'Gan Zhao', 'Zebin Xiao', 'Rakan El-Mayta', 'Xuexiang Han', 'Ningqiang Gong', 'Xinhong Xiong', 'Junchao Xu', 'Christian G. Figueroa-Espada', 'Sarah J. Shepherd', 'Alvin J. Mukalel', 'Mohamad-Gabriel Alameh', 'Jiaxi Cui', 'Karin Wang', 'Andrew E. Vaughan', 'Drew Weissman', 'Michael J. Mitchell']",https://doi.org/10.1038/s41467-024-45422-9,Nature Communications,2024.0,CCCC(CC)CC(=O)Oc1cc(CN(CCN)CCCN)cc(OC(=O)CC(CC)CCC)c1O,CCCCCCCCCCCCCCOC(=O)CCOCCOCCOCCOCCOCCOCCOCCOCCOCCOCCOCCOCCOCCOCCOCCOCCOCCOCCOCCOCCOCCOCCOCCOCCOCCOCCOCCOCCOCCOCCOCCOCCOCCOCCOCCOCCOCCOCCOCCOCCOCCOCCOCCOCCOCCOCCOCCOCCOCCOCCOCCOCCOCCOCCOCCOCCOCCOCCOCCOCCOCCOCCOCCOCCOCCOCCOCCOCCOCCOCCOCCOCCOCCOCCOCCOCCOCCOCCOCCOCCOCCOCCOCCOCCOCCOCCOCCOCCOCCO,CC(C)CCC[C@@H](C)[C@H]1CC[C@H]2[C@@H]3CC=C4C[C@@H](O)CC[C@]4(C)[C@H]3CC[C@]12C,CCCCCCCC/C=C\CCCCCCCC(=O)OC[C@H](COP(=O)(O)OCCN)OC(=O)CCCCCCC/C=C\CCCCCCCC,51.5,35.0,2.5,46.5,16.0,0.35,0.025,0.465,0.16,219.7,0.34
207,Custom lipid,C14-PEG2000,cholesterol,DOPE,35:2.5:46.5:16,214.6,0.31,6.6,76.9,OTHER:b-DNA:FLuc mRNA weight ratio 10:1,mRNA,"firefly_luciferase, barcode(dna barcode 6)",C14PEG2K,12-A2-6b,DOPE,cholesterol,"synthesis_method: Microfluidic mixing or pipette mixing; device_used: Microfluidic device with staggered herringbone features; total_flow_rate_ml_min: 2.4; flow_rate_ratio: 1:3 (organic:aqueous); aqueous_phase_composition: 10 mM citrate buffer; organic_phase_composition: Ethanol with lipids; mixing_time_sec: ; temperature_condition: Room temperature; post_processing: Dialysis in 1x PBS for 2h, filtration through 0.45 ¥ìm filter; sterilization: 0.45 ¥ìm filtration; storage_buffer: 1x PBS","cell_line: HeLa; animal_model: C57BL/6J female mice; administration_route: intravenous (IV); dose: 1.0 mg/kg total nucleic acid; biodistribution_result: Measured by deep sequencing in heart, liver, spleen, lungs, kidneys; toxicity_profile: Cell viability >85%","High-throughput barcoding of nanoparticles identifies cationic, degradable lipid-like materials for mRNA delivery to the lungs in female preclinical models","['Lulu Xue', 'Alex G. Hamilton', 'Gan Zhao', 'Zebin Xiao', 'Rakan El-Mayta', 'Xuexiang Han', 'Ningqiang Gong', 'Xinhong Xiong', 'Junchao Xu', 'Christian G. Figueroa-Espada', 'Sarah J. Shepherd', 'Alvin J. Mukalel', 'Mohamad-Gabriel Alameh', 'Jiaxi Cui', 'Karin Wang', 'Andrew E. Vaughan', 'Drew Weissman', 'Michael J. Mitchell']",https://doi.org/10.1038/s41467-024-45422-9,Nature Communications,2024.0,CCCC(CC)CC(=O)Oc1cc(CN(CCN)CCCN)cc(OC(=O)CC(CC)CCC)c1O,CCCCCCCCCCCCCCOC(=O)CCOCCOCCOCCOCCOCCOCCOCCOCCOCCOCCOCCOCCOCCOCCOCCOCCOCCOCCOCCOCCOCCOCCOCCOCCOCCOCCOCCOCCOCCOCCOCCOCCOCCOCCOCCOCCOCCOCCOCCOCCOCCOCCOCCOCCOCCOCCOCCOCCOCCOCCOCCOCCOCCOCCOCCOCCOCCOCCOCCOCCOCCOCCOCCOCCOCCOCCOCCOCCOCCOCCOCCOCCOCCOCCOCCOCCOCCOCCOCCOCCOCCOCCOCCOCCOCCOCCOCCOCCOCCO,CC(C)CCC[C@@H](C)[C@H]1CC[C@H]2[C@@H]3CC=C4C[C@@H](O)CC[C@]4(C)[C@H]3CC[C@]12C,CCCCCCCC/C=C\CCCCCCCC(=O)OC[C@H](COP(=O)(O)OCCN)OC(=O)CCCCCCC/C=C\CCCCCCCC,76.9,35.0,2.5,46.5,16.0,0.35,0.025,0.465,0.16,214.6,0.31
208,Custom lipid,C14-PEG2000,cholesterol,DOPE,35:2.5:46.5:16,182.5,0.25,-6.2,73.4,OTHER:b-DNA:FLuc mRNA weight ratio 10:1,mRNA,"firefly_luciferase, barcode(dna barcode 7)",C14PEG2K,1-A2-7b,DOPE,cholesterol,"synthesis_method: Microfluidic mixing or pipette mixing; device_used: Microfluidic device with staggered herringbone features; total_flow_rate_ml_min: 2.4; flow_rate_ratio: 1:3 (organic:aqueous); aqueous_phase_composition: 10 mM citrate buffer; organic_phase_composition: Ethanol with lipids; mixing_time_sec: ; temperature_condition: Room temperature; post_processing: Dialysis in 1x PBS for 2h, filtration through 0.45 ¥ìm filter; sterilization: 0.45 ¥ìm filtration; storage_buffer: 1x PBS","cell_line: HeLa; animal_model: C57BL/6J female mice; administration_route: intravenous (IV); dose: 1.0 mg/kg total nucleic acid; biodistribution_result: Measured by deep sequencing in heart, liver, spleen, lungs, kidneys; toxicity_profile: Cell viability >85%","High-throughput barcoding of nanoparticles identifies cationic, degradable lipid-like materials for mRNA delivery to the lungs in female preclinical models","['Lulu Xue', 'Alex G. Hamilton', 'Gan Zhao', 'Zebin Xiao', 'Rakan El-Mayta', 'Xuexiang Han', 'Ningqiang Gong', 'Xinhong Xiong', 'Junchao Xu', 'Christian G. Figueroa-Espada', 'Sarah J. Shepherd', 'Alvin J. Mukalel', 'Mohamad-Gabriel Alameh', 'Jiaxi Cui', 'Karin Wang', 'Andrew E. Vaughan', 'Drew Weissman', 'Michael J. Mitchell']",https://doi.org/10.1038/s41467-024-45422-9,Nature Communications,2024.0,CCCCC(CC)CC(=O)Oc1cc(CNN)cc(OC(=O)CC(CC)CCCC)c1O,CCCCCCCCCCCCCCOC(=O)CCOCCOCCOCCOCCOCCOCCOCCOCCOCCOCCOCCOCCOCCOCCOCCOCCOCCOCCOCCOCCOCCOCCOCCOCCOCCOCCOCCOCCOCCOCCOCCOCCOCCOCCOCCOCCOCCOCCOCCOCCOCCOCCOCCOCCOCCOCCOCCOCCOCCOCCOCCOCCOCCOCCOCCOCCOCCOCCOCCOCCOCCOCCOCCOCCOCCOCCOCCOCCOCCOCCOCCOCCOCCOCCOCCOCCOCCOCCOCCOCCOCCOCCOCCOCCOCCOCCOCCOCCOCCO,CC(C)CCC[C@@H](C)[C@H]1CC[C@H]2[C@@H]3CC=C4C[C@@H](O)CC[C@]4(C)[C@H]3CC[C@]12C,CCCCCCCC/C=C\CCCCCCCC(=O)OC[C@H](COP(=O)(O)OCCN)OC(=O)CCCCCCC/C=C\CCCCCCCC,73.4,35.0,2.5,46.5,16.0,0.35,0.025,0.465,0.16,182.5,0.25
209,Custom lipid,C14-PEG2000,cholesterol,DOPE,35:2.5:46.5:16,217,0.41,0.1,77.6,OTHER:b-DNA:FLuc mRNA weight ratio 10:1,mRNA,"firefly_luciferase, barcode(dna barcode 8)",C14PEG2K,2-A2-7b,DOPE,cholesterol,"synthesis_method: Microfluidic mixing or pipette mixing; device_used: Microfluidic device with staggered herringbone features; total_flow_rate_ml_min: 2.4; flow_rate_ratio: 1:3 (organic:aqueous); aqueous_phase_composition: 10 mM citrate buffer; organic_phase_composition: Ethanol with lipids; mixing_time_sec: ; temperature_condition: Room temperature; post_processing: Dialysis in 1x PBS for 2h, filtration through 0.45 ¥ìm filter; sterilization: 0.45 ¥ìm filtration; storage_buffer: 1x PBS","cell_line: HeLa; animal_model: C57BL/6J female mice; administration_route: intravenous (IV); dose: 1.0 mg/kg total nucleic acid; biodistribution_result: Measured by deep sequencing in heart, liver, spleen, lungs, kidneys; toxicity_profile: Cell viability >85%","High-throughput barcoding of nanoparticles identifies cationic, degradable lipid-like materials for mRNA delivery to the lungs in female preclinical models","['Lulu Xue', 'Alex G. Hamilton', 'Gan Zhao', 'Zebin Xiao', 'Rakan El-Mayta', 'Xuexiang Han', 'Ningqiang Gong', 'Xinhong Xiong', 'Junchao Xu', 'Christian G. Figueroa-Espada', 'Sarah J. Shepherd', 'Alvin J. Mukalel', 'Mohamad-Gabriel Alameh', 'Jiaxi Cui', 'Karin Wang', 'Andrew E. Vaughan', 'Drew Weissman', 'Michael J. Mitchell']",https://doi.org/10.1038/s41467-024-45422-9,Nature Communications,2024.0,CCCCC(CC)CC(=O)Oc1cc(CNCCCCN)cc(OC(=O)CC(CC)CCCC)c1O,CCCCCCCCCCCCCCOC(=O)CCOCCOCCOCCOCCOCCOCCOCCOCCOCCOCCOCCOCCOCCOCCOCCOCCOCCOCCOCCOCCOCCOCCOCCOCCOCCOCCOCCOCCOCCOCCOCCOCCOCCOCCOCCOCCOCCOCCOCCOCCOCCOCCOCCOCCOCCOCCOCCOCCOCCOCCOCCOCCOCCOCCOCCOCCOCCOCCOCCOCCOCCOCCOCCOCCOCCOCCOCCOCCOCCOCCOCCOCCOCCOCCOCCOCCOCCOCCOCCOCCOCCOCCOCCOCCOCCOCCOCCOCCOCCO,CC(C)CCC[C@@H](C)[C@H]1CC[C@H]2[C@@H]3CC=C4C[C@@H](O)CC[C@]4(C)[C@H]3CC[C@]12C,CCCCCCCC/C=C\CCCCCCCC(=O)OC[C@H](COP(=O)(O)OCCN)OC(=O)CCCCCCC/C=C\CCCCCCCC,77.6,35.0,2.5,46.5,16.0,0.35,0.025,0.465,0.16,217.0,0.41
210,Custom lipid,C14-PEG2000,cholesterol,DOPE,35:2.5:46.5:16,150.1,0.21,4.5,71.6,"OTHER:b-DNA:FLuc mRNA weight ratio 10:1, Cas9:sgRNA weight ratio 4:1",mRNA,"firefly_luciferase, cre_recombinase, cas9, vegfr2, barcode(dna barcode 9)",C14PEG2K,3-A2-7b,DOPE,cholesterol,"synthesis_method: Microfluidic mixing or pipette mixing; device_used: Microfluidic device with staggered herringbone features; total_flow_rate_ml_min: 2.4; flow_rate_ratio: 1:3 (organic:aqueous); aqueous_phase_composition: 10 mM citrate buffer; organic_phase_composition: Ethanol with lipids; mixing_time_sec: ; temperature_condition: Room temperature; post_processing: Dialysis in 1x PBS for 2h, filtration through 0.45 ¥ìm filter; sterilization: 0.45 ¥ìm filtration; storage_buffer: 1x PBS","cell_line: HeLa; animal_model: C57BL/6J female mice, Ai14 mice, LLC-GFP lung tumor model; administration_route: intravenous (IV); dose: 1.0 mg/kg (barcoding), 0.1 mg/kg FLuc mRNA (validation), 0.3 mg/kg Cre mRNA, 4.0 mg/kg Cas9 mRNA/VEGFR2 sgRNA; gene_expression_result: Top performing LNP for pulmonary delivery - ~90% of total luminescence in lungs, ~60% tdTomato+ endothelial cells; biodistribution_result: Preferential lung accumulation with depletion from liver and spleen; toxicity_profile: Cell viability >85%, minimal in vivo toxicity in tissue histology","High-throughput barcoding of nanoparticles identifies cationic, degradable lipid-like materials for mRNA delivery to the lungs in female preclinical models","['Lulu Xue', 'Alex G. Hamilton', 'Gan Zhao', 'Zebin Xiao', 'Rakan El-Mayta', 'Xuexiang Han', 'Ningqiang Gong', 'Xinhong Xiong', 'Junchao Xu', 'Christian G. Figueroa-Espada', 'Sarah J. Shepherd', 'Alvin J. Mukalel', 'Mohamad-Gabriel Alameh', 'Jiaxi Cui', 'Karin Wang', 'Andrew E. Vaughan', 'Drew Weissman', 'Michael J. Mitchell']",https://doi.org/10.1038/s41467-024-45422-9,Nature Communications,2024.0,CCCCC(CC)CC(=O)Oc1cc(CN2CCC(N)CC2)cc(OC(=O)CC(CC)CCCC)c1O,CCCCCCCCCCCCCCOC(=O)CCOCCOCCOCCOCCOCCOCCOCCOCCOCCOCCOCCOCCOCCOCCOCCOCCOCCOCCOCCOCCOCCOCCOCCOCCOCCOCCOCCOCCOCCOCCOCCOCCOCCOCCOCCOCCOCCOCCOCCOCCOCCOCCOCCOCCOCCOCCOCCOCCOCCOCCOCCOCCOCCOCCOCCOCCOCCOCCOCCOCCOCCOCCOCCOCCOCCOCCOCCOCCOCCOCCOCCOCCOCCOCCOCCOCCOCCOCCOCCOCCOCCOCCOCCOCCOCCOCCOCCOCCOCCO,CC(C)CCC[C@@H](C)[C@H]1CC[C@H]2[C@@H]3CC=C4C[C@@H](O)CC[C@]4(C)[C@H]3CC[C@]12C,CCCCCCCC/C=C\CCCCCCCC(=O)OC[C@H](COP(=O)(O)OCCN)OC(=O)CCCCCCC/C=C\CCCCCCCC,71.6,35.0,2.5,46.5,16.0,0.35,0.025,0.465,0.16,150.1,0.21
211,Custom lipid,C14-PEG2000,cholesterol,DOPE,35:2.5:46.5:16,214.9,0.4,1.1,78.3,OTHER:b-DNA:FLuc mRNA weight ratio 10:1,mRNA,"firefly_luciferase, barcode(dna barcode 10)",C14PEG2K,4-A2-7b,DOPE,cholesterol,"synthesis_method: Microfluidic mixing or pipette mixing; device_used: Microfluidic device with staggered herringbone features; total_flow_rate_ml_min: 2.4; flow_rate_ratio: 1:3 (organic:aqueous); aqueous_phase_composition: 10 mM citrate buffer; organic_phase_composition: Ethanol with lipids; mixing_time_sec: ; temperature_condition: Room temperature; post_processing: Dialysis in 1x PBS for 2h, filtration through 0.45 ¥ìm filter; sterilization: 0.45 ¥ìm filtration; storage_buffer: 1x PBS","cell_line: HeLa; animal_model: C57BL/6J female mice; administration_route: intravenous (IV); dose: 1.0 mg/kg total nucleic acid (barcoding), 0.1 mg/kg FLuc mRNA (validation); gene_expression_result: Top lung-targeting candidate; biodistribution_result: Lung-specific enrichment; toxicity_profile: Cell viability >85%","High-throughput barcoding of nanoparticles identifies cationic, degradable lipid-like materials for mRNA delivery to the lungs in female preclinical models","['Lulu Xue', 'Alex G. Hamilton', 'Gan Zhao', 'Zebin Xiao', 'Rakan El-Mayta', 'Xuexiang Han', 'Ningqiang Gong', 'Xinhong Xiong', 'Junchao Xu', 'Christian G. Figueroa-Espada', 'Sarah J. Shepherd', 'Alvin J. Mukalel', 'Mohamad-Gabriel Alameh', 'Jiaxi Cui', 'Karin Wang', 'Andrew E. Vaughan', 'Drew Weissman', 'Michael J. Mitchell']",https://doi.org/10.1038/s41467-024-45422-9,Nature Communications,2024.0,CCCCC(CC)CC(=O)Oc1cc(CN2CCN(CCN)CC2)cc(OC(=O)CC(CC)CCCC)c1O,CCCCCCCCCCCCCCOC(=O)CCOCCOCCOCCOCCOCCOCCOCCOCCOCCOCCOCCOCCOCCOCCOCCOCCOCCOCCOCCOCCOCCOCCOCCOCCOCCOCCOCCOCCOCCOCCOCCOCCOCCOCCOCCOCCOCCOCCOCCOCCOCCOCCOCCOCCOCCOCCOCCOCCOCCOCCOCCOCCOCCOCCOCCOCCOCCOCCOCCOCCOCCOCCOCCOCCOCCOCCOCCOCCOCCOCCOCCOCCOCCOCCOCCOCCOCCOCCOCCOCCOCCOCCOCCOCCOCCOCCOCCOCCOCCO,CC(C)CCC[C@@H](C)[C@H]1CC[C@H]2[C@@H]3CC=C4C[C@@H](O)CC[C@]4(C)[C@H]3CC[C@]12C,CCCCCCCC/C=C\CCCCCCCC(=O)OC[C@H](COP(=O)(O)OCCN)OC(=O)CCCCCCC/C=C\CCCCCCCC,78.3,35.0,2.5,46.5,16.0,0.35,0.025,0.465,0.16,214.9,0.4
212,Custom lipid,C14-PEG2000,cholesterol,DOPE,35:2.5:46.5:16,145.8,0.15,-1.6,73,OTHER:b-DNA:FLuc mRNA weight ratio 10:1,mRNA,"firefly_luciferase, barcode(dna barcode 11)",C14PEG2K,11-A2-7b,DOPE,cholesterol,"synthesis_method: Microfluidic mixing or pipette mixing; device_used: Microfluidic device with staggered herringbone features; total_flow_rate_ml_min: 2.4; flow_rate_ratio: 1:3 (organic:aqueous); aqueous_phase_composition: 10 mM citrate buffer; organic_phase_composition: Ethanol with lipids; mixing_time_sec: ; temperature_condition: Room temperature; post_processing: Dialysis in 1x PBS for 2h, filtration through 0.45 ¥ìm filter; sterilization: 0.45 ¥ìm filtration; storage_buffer: 1x PBS","cell_line: HeLa; animal_model: C57BL/6J female mice; administration_route: intravenous (IV); dose: 1.0 mg/kg total nucleic acid; biodistribution_result: Measured by deep sequencing in heart, liver, spleen, lungs, kidneys; toxicity_profile: Cell viability >85%","High-throughput barcoding of nanoparticles identifies cationic, degradable lipid-like materials for mRNA delivery to the lungs in female preclinical models","['Lulu Xue', 'Alex G. Hamilton', 'Gan Zhao', 'Zebin Xiao', 'Rakan El-Mayta', 'Xuexiang Han', 'Ningqiang Gong', 'Xinhong Xiong', 'Junchao Xu', 'Christian G. Figueroa-Espada', 'Sarah J. Shepherd', 'Alvin J. Mukalel', 'Mohamad-Gabriel Alameh', 'Jiaxi Cui', 'Karin Wang', 'Andrew E. Vaughan', 'Drew Weissman', 'Michael J. Mitchell']",https://doi.org/10.1038/s41467-024-45422-9,Nature Communications,2024.0,CCCCC(CC)CC(=O)Oc1cc(CN(CCN)CCCN)cc(OC(=O)CC(CC)CCCC)c1O,CCCCCCCCCCCCCCOC(=O)CCOCCOCCOCCOCCOCCOCCOCCOCCOCCOCCOCCOCCOCCOCCOCCOCCOCCOCCOCCOCCOCCOCCOCCOCCOCCOCCOCCOCCOCCOCCOCCOCCOCCOCCOCCOCCOCCOCCOCCOCCOCCOCCOCCOCCOCCOCCOCCOCCOCCOCCOCCOCCOCCOCCOCCOCCOCCOCCOCCOCCOCCOCCOCCOCCOCCOCCOCCOCCOCCOCCOCCOCCOCCOCCOCCOCCOCCOCCOCCOCCOCCOCCOCCOCCOCCOCCOCCOCCOCCO,CC(C)CCC[C@@H](C)[C@H]1CC[C@H]2[C@@H]3CC=C4C[C@@H](O)CC[C@]4(C)[C@H]3CC[C@]12C,CCCCCCCC/C=C\CCCCCCCC(=O)OC[C@H](COP(=O)(O)OCCN)OC(=O)CCCCCCC/C=C\CCCCCCCC,73.0,35.0,2.5,46.5,16.0,0.35,0.025,0.465,0.16,145.8,0.15
213,Custom lipid,C14-PEG2000,cholesterol,DOPE,35:2.5:46.5:16,143.6,0.22,-0.4,74.5,OTHER:b-DNA:FLuc mRNA weight ratio 10:1,mRNA,"firefly_luciferase, barcode(dna barcode 12)",C14PEG2K,12-A2-7b,DOPE,cholesterol,"synthesis_method: Microfluidic mixing or pipette mixing; device_used: Microfluidic device with staggered herringbone features; total_flow_rate_ml_min: 2.4; flow_rate_ratio: 1:3 (organic:aqueous); aqueous_phase_composition: 10 mM citrate buffer; organic_phase_composition: Ethanol with lipids; mixing_time_sec: ; temperature_condition: Room temperature; post_processing: Dialysis in 1x PBS for 2h, filtration through 0.45 ¥ìm filter; sterilization: 0.45 ¥ìm filtration; storage_buffer: 1x PBS","cell_line: HeLa; animal_model: C57BL/6J female mice; administration_route: intravenous (IV); dose: 1.0 mg/kg total nucleic acid; biodistribution_result: Measured by deep sequencing in heart, liver, spleen, lungs, kidneys; toxicity_profile: Cell viability >85%","High-throughput barcoding of nanoparticles identifies cationic, degradable lipid-like materials for mRNA delivery to the lungs in female preclinical models","['Lulu Xue', 'Alex G. Hamilton', 'Gan Zhao', 'Zebin Xiao', 'Rakan El-Mayta', 'Xuexiang Han', 'Ningqiang Gong', 'Xinhong Xiong', 'Junchao Xu', 'Christian G. Figueroa-Espada', 'Sarah J. Shepherd', 'Alvin J. Mukalel', 'Mohamad-Gabriel Alameh', 'Jiaxi Cui', 'Karin Wang', 'Andrew E. Vaughan', 'Drew Weissman', 'Michael J. Mitchell']",https://doi.org/10.1038/s41467-024-45422-9,Nature Communications,2024.0,CCCCC(CC)CC(=O)Oc1cc(CN(CCN)CCCN)cc(OC(=O)CC(CC)CCCC)c1O,CCCCCCCCCCCCCCOC(=O)CCOCCOCCOCCOCCOCCOCCOCCOCCOCCOCCOCCOCCOCCOCCOCCOCCOCCOCCOCCOCCOCCOCCOCCOCCOCCOCCOCCOCCOCCOCCOCCOCCOCCOCCOCCOCCOCCOCCOCCOCCOCCOCCOCCOCCOCCOCCOCCOCCOCCOCCOCCOCCOCCOCCOCCOCCOCCOCCOCCOCCOCCOCCOCCOCCOCCOCCOCCOCCOCCOCCOCCOCCOCCOCCOCCOCCOCCOCCOCCOCCOCCOCCOCCOCCOCCOCCOCCOCCOCCO,CC(C)CCC[C@@H](C)[C@H]1CC[C@H]2[C@@H]3CC=C4C[C@@H](O)CC[C@]4(C)[C@H]3CC[C@]12C,CCCCCCCC/C=C\CCCCCCCC(=O)OC[C@H](COP(=O)(O)OCCN)OC(=O)CCCCCCC/C=C\CCCCCCCC,74.5,35.0,2.5,46.5,16.0,0.35,0.025,0.465,0.16,143.6,0.22
214,Custom lipid,C14-PEG2000,cholesterol,DOPE,35:2.5:46.5:16,210.3,0.21,-1.3,54.4,OTHER:b-DNA:FLuc mRNA weight ratio 10:1,mRNA,"firefly_luciferase, barcode(dna barcode 13)",C14PEG2K,1-A2-7b2,DOPE,cholesterol,"synthesis_method: Microfluidic mixing or pipette mixing; device_used: Microfluidic device with staggered herringbone features; total_flow_rate_ml_min: 2.4; flow_rate_ratio: 1:3 (organic:aqueous); aqueous_phase_composition: 10 mM citrate buffer; organic_phase_composition: Ethanol with lipids; mixing_time_sec: ; temperature_condition: Room temperature; post_processing: Dialysis in 1x PBS for 2h, filtration through 0.45 ¥ìm filter; sterilization: 0.45 ¥ìm filtration; storage_buffer: 1x PBS","cell_line: HeLa; animal_model: C57BL/6J female mice; administration_route: intravenous (IV); dose: 1.0 mg/kg total nucleic acid; biodistribution_result: Measured by deep sequencing in heart, liver, spleen, lungs, kidneys; toxicity_profile: Cell viability >85%","High-throughput barcoding of nanoparticles identifies cationic, degradable lipid-like materials for mRNA delivery to the lungs in female preclinical models","['Lulu Xue', 'Alex G. Hamilton', 'Gan Zhao', 'Zebin Xiao', 'Rakan El-Mayta', 'Xuexiang Han', 'Ningqiang Gong', 'Xinhong Xiong', 'Junchao Xu', 'Christian G. Figueroa-Espada', 'Sarah J. Shepherd', 'Alvin J. Mukalel', 'Mohamad-Gabriel Alameh', 'Jiaxi Cui', 'Karin Wang', 'Andrew E. Vaughan', 'Drew Weissman', 'Michael J. Mitchell']",https://doi.org/10.1038/s41467-024-45422-9,Nature Communications,2024.0,CCCCC(CC)CC(=O)Oc1cc(CNN)cc(OC(=O)CC(CC)CCCC)c1O,CCCCCCCCCCCCCCOC(=O)CCOCCOCCOCCOCCOCCOCCOCCOCCOCCOCCOCCOCCOCCOCCOCCOCCOCCOCCOCCOCCOCCOCCOCCOCCOCCOCCOCCOCCOCCOCCOCCOCCOCCOCCOCCOCCOCCOCCOCCOCCOCCOCCOCCOCCOCCOCCOCCOCCOCCOCCOCCOCCOCCOCCOCCOCCOCCOCCOCCOCCOCCOCCOCCOCCOCCOCCOCCOCCOCCOCCOCCOCCOCCOCCOCCOCCOCCOCCOCCOCCOCCOCCOCCOCCOCCOCCOCCOCCOCCO,CC(C)CCC[C@@H](C)[C@H]1CC[C@H]2[C@@H]3CC=C4C[C@@H](O)CC[C@]4(C)[C@H]3CC[C@]12C,CCCCCCCC/C=C\CCCCCCCC(=O)OC[C@H](COP(=O)(O)OCCN)OC(=O)CCCCCCC/C=C\CCCCCCCC,54.4,35.0,2.5,46.5,16.0,0.35,0.025,0.465,0.16,210.3,0.21
215,Custom lipid,C14-PEG2000,cholesterol,DOPE,35:2.5:46.5:16,182.5,0.24,-3,59.8,OTHER:b-DNA:FLuc mRNA weight ratio 10:1,mRNA,"firefly_luciferase, barcode(dna barcode 14)",C14PEG2K,2-A2-7b2,DOPE,cholesterol,"synthesis_method: Microfluidic mixing or pipette mixing; device_used: Microfluidic device with staggered herringbone features; total_flow_rate_ml_min: 2.4; flow_rate_ratio: 1:3 (organic:aqueous); aqueous_phase_composition: 10 mM citrate buffer; organic_phase_composition: Ethanol with lipids; mixing_time_sec: ; temperature_condition: Room temperature; post_processing: Dialysis in 1x PBS for 2h, filtration through 0.45 ¥ìm filter; sterilization: 0.45 ¥ìm filtration; storage_buffer: 1x PBS",cell_line: HeLa; animal_model: C57BL/6J female mice; administration_route: intravenous (IV); dose: 1.0 mg/kg total nucleic acid; biodistribution_result: Spleen-enriched delivery; toxicity_profile: Cell viability >85%,"High-throughput barcoding of nanoparticles identifies cationic, degradable lipid-like materials for mRNA delivery to the lungs in female preclinical models","['Lulu Xue', 'Alex G. Hamilton', 'Gan Zhao', 'Zebin Xiao', 'Rakan El-Mayta', 'Xuexiang Han', 'Ningqiang Gong', 'Xinhong Xiong', 'Junchao Xu', 'Christian G. Figueroa-Espada', 'Sarah J. Shepherd', 'Alvin J. Mukalel', 'Mohamad-Gabriel Alameh', 'Jiaxi Cui', 'Karin Wang', 'Andrew E. Vaughan', 'Drew Weissman', 'Michael J. Mitchell']",https://doi.org/10.1038/s41467-024-45422-9,Nature Communications,2024.0,CCCCC(CC)CC(=O)Oc1cc(CNCCCCN)cc(OC(=O)CC(CC)CCCC)c1O,CCCCCCCCCCCCCCOC(=O)CCOCCOCCOCCOCCOCCOCCOCCOCCOCCOCCOCCOCCOCCOCCOCCOCCOCCOCCOCCOCCOCCOCCOCCOCCOCCOCCOCCOCCOCCOCCOCCOCCOCCOCCOCCOCCOCCOCCOCCOCCOCCOCCOCCOCCOCCOCCOCCOCCOCCOCCOCCOCCOCCOCCOCCOCCOCCOCCOCCOCCOCCOCCOCCOCCOCCOCCOCCOCCOCCOCCOCCOCCOCCOCCOCCOCCOCCOCCOCCOCCOCCOCCOCCOCCOCCOCCOCCOCCOCCO,CC(C)CCC[C@@H](C)[C@H]1CC[C@H]2[C@@H]3CC=C4C[C@@H](O)CC[C@]4(C)[C@H]3CC[C@]12C,CCCCCCCC/C=C\CCCCCCCC(=O)OC[C@H](COP(=O)(O)OCCN)OC(=O)CCCCCCC/C=C\CCCCCCCC,59.8,35.0,2.5,46.5,16.0,0.35,0.025,0.465,0.16,182.5,0.24
216,Custom lipid,C14-PEG2000,cholesterol,DOPE,35:2.5:46.5:16,206.3,0.31,1.9,51.3,OTHER:b-DNA:FLuc mRNA weight ratio 10:1,mRNA,"firefly_luciferase, barcode(dna barcode 15)",C14PEG2K,3-A2-7b2,DOPE,cholesterol,"synthesis_method: Microfluidic mixing or pipette mixing; device_used: Microfluidic device with staggered herringbone features; total_flow_rate_ml_min: 2.4; flow_rate_ratio: 1:3 (organic:aqueous); aqueous_phase_composition: 10 mM citrate buffer; organic_phase_composition: Ethanol with lipids; mixing_time_sec: ; temperature_condition: Room temperature; post_processing: Dialysis in 1x PBS for 2h, filtration through 0.45 ¥ìm filter; sterilization: 0.45 ¥ìm filtration; storage_buffer: 1x PBS","cell_line: HeLa; animal_model: C57BL/6J female mice; administration_route: intravenous (IV); dose: 1.0 mg/kg total nucleic acid; biodistribution_result: Measured by deep sequencing in heart, liver, spleen, lungs, kidneys; toxicity_profile: Cell viability >85%","High-throughput barcoding of nanoparticles identifies cationic, degradable lipid-like materials for mRNA delivery to the lungs in female preclinical models","['Lulu Xue', 'Alex G. Hamilton', 'Gan Zhao', 'Zebin Xiao', 'Rakan El-Mayta', 'Xuexiang Han', 'Ningqiang Gong', 'Xinhong Xiong', 'Junchao Xu', 'Christian G. Figueroa-Espada', 'Sarah J. Shepherd', 'Alvin J. Mukalel', 'Mohamad-Gabriel Alameh', 'Jiaxi Cui', 'Karin Wang', 'Andrew E. Vaughan', 'Drew Weissman', 'Michael J. Mitchell']",https://doi.org/10.1038/s41467-024-45422-9,Nature Communications,2024.0,CCCCC(CC)CC(=O)Oc1cc(CN2CCC(N)CC2)cc(OC(=O)CC(CC)CCCC)c1O,CCCCCCCCCCCCCCOC(=O)CCOCCOCCOCCOCCOCCOCCOCCOCCOCCOCCOCCOCCOCCOCCOCCOCCOCCOCCOCCOCCOCCOCCOCCOCCOCCOCCOCCOCCOCCOCCOCCOCCOCCOCCOCCOCCOCCOCCOCCOCCOCCOCCOCCOCCOCCOCCOCCOCCOCCOCCOCCOCCOCCOCCOCCOCCOCCOCCOCCOCCOCCOCCOCCOCCOCCOCCOCCOCCOCCOCCOCCOCCOCCOCCOCCOCCOCCOCCOCCOCCOCCOCCOCCOCCOCCOCCOCCOCCOCCO,CC(C)CCC[C@@H](C)[C@H]1CC[C@H]2[C@@H]3CC=C4C[C@@H](O)CC[C@]4(C)[C@H]3CC[C@]12C,CCCCCCCC/C=C\CCCCCCCC(=O)OC[C@H](COP(=O)(O)OCCN)OC(=O)CCCCCCC/C=C\CCCCCCCC,51.3,35.0,2.5,46.5,16.0,0.35,0.025,0.465,0.16,206.3,0.31
217,Custom lipid,C14-PEG2000,cholesterol,DOPE,35:2.5:46.5:16,221.1,0.25,-8.4,75.1,OTHER:b-DNA:FLuc mRNA weight ratio 10:1,mRNA,"firefly_luciferase, barcode(dna barcode 16)",C14PEG2K,4-A2-7b2,DOPE,cholesterol,"synthesis_method: Microfluidic mixing or pipette mixing; device_used: Microfluidic device with staggered herringbone features; total_flow_rate_ml_min: 2.4; flow_rate_ratio: 1:3 (organic:aqueous); aqueous_phase_composition: 10 mM citrate buffer; organic_phase_composition: Ethanol with lipids; mixing_time_sec: ; temperature_condition: Room temperature; post_processing: Dialysis in 1x PBS for 2h, filtration through 0.45 ¥ìm filter; sterilization: 0.45 ¥ìm filtration; storage_buffer: 1x PBS","cell_line: HeLa; animal_model: C57BL/6J female mice; administration_route: intravenous (IV); dose: 1.0 mg/kg total nucleic acid; biodistribution_result: Measured by deep sequencing in heart, liver, spleen, lungs, kidneys; toxicity_profile: Cell viability >85%","High-throughput barcoding of nanoparticles identifies cationic, degradable lipid-like materials for mRNA delivery to the lungs in female preclinical models","['Lulu Xue', 'Alex G. Hamilton', 'Gan Zhao', 'Zebin Xiao', 'Rakan El-Mayta', 'Xuexiang Han', 'Ningqiang Gong', 'Xinhong Xiong', 'Junchao Xu', 'Christian G. Figueroa-Espada', 'Sarah J. Shepherd', 'Alvin J. Mukalel', 'Mohamad-Gabriel Alameh', 'Jiaxi Cui', 'Karin Wang', 'Andrew E. Vaughan', 'Drew Weissman', 'Michael J. Mitchell']",https://doi.org/10.1038/s41467-024-45422-9,Nature Communications,2024.0,CCCCC(CC)CC(=O)Oc1cc(CN2CCN(CCN)CC2)cc(OC(=O)CC(CC)CCCC)c1O,CCCCCCCCCCCCCCOC(=O)CCOCCOCCOCCOCCOCCOCCOCCOCCOCCOCCOCCOCCOCCOCCOCCOCCOCCOCCOCCOCCOCCOCCOCCOCCOCCOCCOCCOCCOCCOCCOCCOCCOCCOCCOCCOCCOCCOCCOCCOCCOCCOCCOCCOCCOCCOCCOCCOCCOCCOCCOCCOCCOCCOCCOCCOCCOCCOCCOCCOCCOCCOCCOCCOCCOCCOCCOCCOCCOCCOCCOCCOCCOCCOCCOCCOCCOCCOCCOCCOCCOCCOCCOCCOCCOCCOCCOCCOCCOCCO,CC(C)CCC[C@@H](C)[C@H]1CC[C@H]2[C@@H]3CC=C4C[C@@H](O)CC[C@]4(C)[C@H]3CC[C@]12C,CCCCCCCC/C=C\CCCCCCCC(=O)OC[C@H](COP(=O)(O)OCCN)OC(=O)CCCCCCC/C=C\CCCCCCCC,75.1,35.0,2.5,46.5,16.0,0.35,0.025,0.465,0.16,221.1,0.25
218,Custom lipid,C14-PEG2000,cholesterol,DOPE,35:2.5:46.5:16,212.3,0.27,-0.7,54.8,OTHER:b-DNA:FLuc mRNA weight ratio 10:1,mRNA,"firefly_luciferase, barcode(dna barcode 17)",C14PEG2K,11-A2-7b2,DOPE,cholesterol,"synthesis_method: Microfluidic mixing or pipette mixing; device_used: Microfluidic device with staggered herringbone features; total_flow_rate_ml_min: 2.4; flow_rate_ratio: 1:3 (organic:aqueous); aqueous_phase_composition: 10 mM citrate buffer; organic_phase_composition: Ethanol with lipids; mixing_time_sec: ; temperature_condition: Room temperature; post_processing: Dialysis in 1x PBS for 2h, filtration through 0.45 ¥ìm filter; sterilization: 0.45 ¥ìm filtration; storage_buffer: 1x PBS","cell_line: HeLa; animal_model: C57BL/6J female mice; administration_route: intravenous (IV); dose: 1.0 mg/kg total nucleic acid; biodistribution_result: Measured by deep sequencing in heart, liver, spleen, lungs, kidneys; toxicity_profile: Cell viability >85%","High-throughput barcoding of nanoparticles identifies cationic, degradable lipid-like materials for mRNA delivery to the lungs in female preclinical models","['Lulu Xue', 'Alex G. Hamilton', 'Gan Zhao', 'Zebin Xiao', 'Rakan El-Mayta', 'Xuexiang Han', 'Ningqiang Gong', 'Xinhong Xiong', 'Junchao Xu', 'Christian G. Figueroa-Espada', 'Sarah J. Shepherd', 'Alvin J. Mukalel', 'Mohamad-Gabriel Alameh', 'Jiaxi Cui', 'Karin Wang', 'Andrew E. Vaughan', 'Drew Weissman', 'Michael J. Mitchell']",https://doi.org/10.1038/s41467-024-45422-9,Nature Communications,2024.0,CCCCC(CC)CC(=O)Oc1cc(CN(CCN)CCCN)cc(OC(=O)CC(CC)CCCC)c1O,CCCCCCCCCCCCCCOC(=O)CCOCCOCCOCCOCCOCCOCCOCCOCCOCCOCCOCCOCCOCCOCCOCCOCCOCCOCCOCCOCCOCCOCCOCCOCCOCCOCCOCCOCCOCCOCCOCCOCCOCCOCCOCCOCCOCCOCCOCCOCCOCCOCCOCCOCCOCCOCCOCCOCCOCCOCCOCCOCCOCCOCCOCCOCCOCCOCCOCCOCCOCCOCCOCCOCCOCCOCCOCCOCCOCCOCCOCCOCCOCCOCCOCCOCCOCCOCCOCCOCCOCCOCCOCCOCCOCCOCCOCCOCCOCCO,CC(C)CCC[C@@H](C)[C@H]1CC[C@H]2[C@@H]3CC=C4C[C@@H](O)CC[C@]4(C)[C@H]3CC[C@]12C,CCCCCCCC/C=C\CCCCCCCC(=O)OC[C@H](COP(=O)(O)OCCN)OC(=O)CCCCCCC/C=C\CCCCCCCC,54.8,35.0,2.5,46.5,16.0,0.35,0.025,0.465,0.16,212.3,0.27
219,Custom lipid,C14-PEG2000,cholesterol,DOPE,35:2.5:46.5:16,173.2,0.21,4.3,85.6,OTHER:b-DNA:FLuc mRNA weight ratio 10:1,mRNA,"firefly_luciferase, barcode(dna barcode 18)",C14PEG2K,12-A2-7b2,DOPE,cholesterol,"synthesis_method: Microfluidic mixing or pipette mixing; device_used: Microfluidic device with staggered herringbone features; total_flow_rate_ml_min: 2.4; flow_rate_ratio: 1:3 (organic:aqueous); aqueous_phase_composition: 10 mM citrate buffer; organic_phase_composition: Ethanol with lipids; mixing_time_sec: ; temperature_condition: Room temperature; post_processing: Dialysis in 1x PBS for 2h, filtration through 0.45 ¥ìm filter; sterilization: 0.45 ¥ìm filtration; storage_buffer: 1x PBS","cell_line: HeLa; animal_model: C57BL/6J female mice; administration_route: intravenous (IV); dose: 1.0 mg/kg total nucleic acid; biodistribution_result: Measured by deep sequencing in heart, liver, spleen, lungs, kidneys; toxicity_profile: Cell viability >85%","High-throughput barcoding of nanoparticles identifies cationic, degradable lipid-like materials for mRNA delivery to the lungs in female preclinical models","['Lulu Xue', 'Alex G. Hamilton', 'Gan Zhao', 'Zebin Xiao', 'Rakan El-Mayta', 'Xuexiang Han', 'Ningqiang Gong', 'Xinhong Xiong', 'Junchao Xu', 'Christian G. Figueroa-Espada', 'Sarah J. Shepherd', 'Alvin J. Mukalel', 'Mohamad-Gabriel Alameh', 'Jiaxi Cui', 'Karin Wang', 'Andrew E. Vaughan', 'Drew Weissman', 'Michael J. Mitchell']",https://doi.org/10.1038/s41467-024-45422-9,Nature Communications,2024.0,CCCCC(CC)CC(=O)Oc1cc(CN(CCN)CCCN)cc(OC(=O)CC(CC)CCCC)c1O,CCCCCCCCCCCCCCOC(=O)CCOCCOCCOCCOCCOCCOCCOCCOCCOCCOCCOCCOCCOCCOCCOCCOCCOCCOCCOCCOCCOCCOCCOCCOCCOCCOCCOCCOCCOCCOCCOCCOCCOCCOCCOCCOCCOCCOCCOCCOCCOCCOCCOCCOCCOCCOCCOCCOCCOCCOCCOCCOCCOCCOCCOCCOCCOCCOCCOCCOCCOCCOCCOCCOCCOCCOCCOCCOCCOCCOCCOCCOCCOCCOCCOCCOCCOCCOCCOCCOCCOCCOCCOCCOCCOCCOCCOCCOCCOCCO,CC(C)CCC[C@@H](C)[C@H]1CC[C@H]2[C@@H]3CC=C4C[C@@H](O)CC[C@]4(C)[C@H]3CC[C@]12C,CCCCCCCC/C=C\CCCCCCCC(=O)OC[C@H](COP(=O)(O)OCCN)OC(=O)CCCCCCC/C=C\CCCCCCCC,85.6,35.0,2.5,46.5,16.0,0.35,0.025,0.465,0.16,173.2,0.21
220,Custom lipid,C14-PEG2000,cholesterol,DOPE,35:2.5:46.5:16,136.4,0.23,2.8,84.3,OTHER:b-DNA:FLuc mRNA weight ratio 10:1,mRNA,"firefly_luciferase, barcode(dna barcode 19)",C14PEG2K,1-A2-8b,DOPE,cholesterol,"synthesis_method: Microfluidic mixing or pipette mixing; device_used: Microfluidic device with staggered herringbone features; total_flow_rate_ml_min: 2.4; flow_rate_ratio: 1:3 (organic:aqueous); aqueous_phase_composition: 10 mM citrate buffer; organic_phase_composition: Ethanol with lipids; mixing_time_sec: ; temperature_condition: Room temperature; post_processing: Dialysis in 1x PBS for 2h, filtration through 0.45 ¥ìm filter; sterilization: 0.45 ¥ìm filtration; storage_buffer: 1x PBS","cell_line: HeLa; animal_model: C57BL/6J female mice; administration_route: intravenous (IV); dose: 1.0 mg/kg total nucleic acid; biodistribution_result: Measured by deep sequencing in heart, liver, spleen, lungs, kidneys; toxicity_profile: Cell viability >85%","High-throughput barcoding of nanoparticles identifies cationic, degradable lipid-like materials for mRNA delivery to the lungs in female preclinical models","['Lulu Xue', 'Alex G. Hamilton', 'Gan Zhao', 'Zebin Xiao', 'Rakan El-Mayta', 'Xuexiang Han', 'Ningqiang Gong', 'Xinhong Xiong', 'Junchao Xu', 'Christian G. Figueroa-Espada', 'Sarah J. Shepherd', 'Alvin J. Mukalel', 'Mohamad-Gabriel Alameh', 'Jiaxi Cui', 'Karin Wang', 'Andrew E. Vaughan', 'Drew Weissman', 'Michael J. Mitchell']",https://doi.org/10.1038/s41467-024-45422-9,Nature Communications,2024.0,CCCCCC(CC)CC(=O)Oc1cc(CNN)cc(OC(=O)CC(CC)CCCCC)c1O,CCCCCCCCCCCCCCOC(=O)CCOCCOCCOCCOCCOCCOCCOCCOCCOCCOCCOCCOCCOCCOCCOCCOCCOCCOCCOCCOCCOCCOCCOCCOCCOCCOCCOCCOCCOCCOCCOCCOCCOCCOCCOCCOCCOCCOCCOCCOCCOCCOCCOCCOCCOCCOCCOCCOCCOCCOCCOCCOCCOCCOCCOCCOCCOCCOCCOCCOCCOCCOCCOCCOCCOCCOCCOCCOCCOCCOCCOCCOCCOCCOCCOCCOCCOCCOCCOCCOCCOCCOCCOCCOCCOCCOCCOCCOCCOCCO,CC(C)CCC[C@@H](C)[C@H]1CC[C@H]2[C@@H]3CC=C4C[C@@H](O)CC[C@]4(C)[C@H]3CC[C@]12C,CCCCCCCC/C=C\CCCCCCCC(=O)OC[C@H](COP(=O)(O)OCCN)OC(=O)CCCCCCC/C=C\CCCCCCCC,84.3,35.0,2.5,46.5,16.0,0.35,0.025,0.465,0.16,136.4,0.23
221,Custom lipid,C14-PEG2000,cholesterol,DOPE,35:2.5:46.5:16,138.3,0.21,-0.8,75.1,OTHER:b-DNA:FLuc mRNA weight ratio 10:1,mRNA,"firefly_luciferase, barcode(dna barcode 20)",C14PEG2K,2-A2-8b,DOPE,cholesterol,"synthesis_method: Microfluidic mixing or pipette mixing; device_used: Microfluidic device with staggered herringbone features; total_flow_rate_ml_min: 2.4; flow_rate_ratio: 1:3 (organic:aqueous); aqueous_phase_composition: 10 mM citrate buffer; organic_phase_composition: Ethanol with lipids; mixing_time_sec: ; temperature_condition: Room temperature; post_processing: Dialysis in 1x PBS for 2h, filtration through 0.45 ¥ìm filter; sterilization: 0.45 ¥ìm filtration; storage_buffer: 1x PBS","cell_line: HeLa; animal_model: C57BL/6J female mice; administration_route: intravenous (IV); dose: 1.0 mg/kg total nucleic acid, 0.25 mg/kg FLuc mRNA (validation); gene_expression_result: Liver-targeting LNP; biodistribution_result: Liver-enriched delivery; toxicity_profile: Cell viability >85%","High-throughput barcoding of nanoparticles identifies cationic, degradable lipid-like materials for mRNA delivery to the lungs in female preclinical models","['Lulu Xue', 'Alex G. Hamilton', 'Gan Zhao', 'Zebin Xiao', 'Rakan El-Mayta', 'Xuexiang Han', 'Ningqiang Gong', 'Xinhong Xiong', 'Junchao Xu', 'Christian G. Figueroa-Espada', 'Sarah J. Shepherd', 'Alvin J. Mukalel', 'Mohamad-Gabriel Alameh', 'Jiaxi Cui', 'Karin Wang', 'Andrew E. Vaughan', 'Drew Weissman', 'Michael J. Mitchell']",https://doi.org/10.1038/s41467-024-45422-9,Nature Communications,2024.0,CCCCCC(CC)CC(=O)Oc1cc(CNCCCCN)cc(OC(=O)CC(CC)CCCCC)c1O,CCCCCCCCCCCCCCOC(=O)CCOCCOCCOCCOCCOCCOCCOCCOCCOCCOCCOCCOCCOCCOCCOCCOCCOCCOCCOCCOCCOCCOCCOCCOCCOCCOCCOCCOCCOCCOCCOCCOCCOCCOCCOCCOCCOCCOCCOCCOCCOCCOCCOCCOCCOCCOCCOCCOCCOCCOCCOCCOCCOCCOCCOCCOCCOCCOCCOCCOCCOCCOCCOCCOCCOCCOCCOCCOCCOCCOCCOCCOCCOCCOCCOCCOCCOCCOCCOCCOCCOCCOCCOCCOCCOCCOCCOCCOCCOCCO,CC(C)CCC[C@@H](C)[C@H]1CC[C@H]2[C@@H]3CC=C4C[C@@H](O)CC[C@]4(C)[C@H]3CC[C@]12C,CCCCCCCC/C=C\CCCCCCCC(=O)OC[C@H](COP(=O)(O)OCCN)OC(=O)CCCCCCC/C=C\CCCCCCCC,75.1,35.0,2.5,46.5,16.0,0.35,0.025,0.465,0.16,138.3,0.21
222,Custom lipid,C14-PEG2000,cholesterol,DOPE,35:2.5:46.5:16,116.2,0.27,-3.6,85.7,OTHER:b-DNA:FLuc mRNA weight ratio 10:1,mRNA,"firefly_luciferase, barcode(dna barcode 21)",C14PEG2K,3-A2-8b,DOPE,cholesterol,"synthesis_method: Microfluidic mixing or pipette mixing; device_used: Microfluidic device with staggered herringbone features; total_flow_rate_ml_min: 2.4; flow_rate_ratio: 1:3 (organic:aqueous); aqueous_phase_composition: 10 mM citrate buffer; organic_phase_composition: Ethanol with lipids; mixing_time_sec: ; temperature_condition: Room temperature; post_processing: Dialysis in 1x PBS for 2h, filtration through 0.45 ¥ìm filter; sterilization: 0.45 ¥ìm filtration; storage_buffer: 1x PBS","cell_line: HeLa; animal_model: C57BL/6J female mice; administration_route: intravenous (IV); dose: 1.0 mg/kg total nucleic acid; biodistribution_result: Measured by deep sequencing in heart, liver, spleen, lungs, kidneys; toxicity_profile: Cell viability >85%","High-throughput barcoding of nanoparticles identifies cationic, degradable lipid-like materials for mRNA delivery to the lungs in female preclinical models","['Lulu Xue', 'Alex G. Hamilton', 'Gan Zhao', 'Zebin Xiao', 'Rakan El-Mayta', 'Xuexiang Han', 'Ningqiang Gong', 'Xinhong Xiong', 'Junchao Xu', 'Christian G. Figueroa-Espada', 'Sarah J. Shepherd', 'Alvin J. Mukalel', 'Mohamad-Gabriel Alameh', 'Jiaxi Cui', 'Karin Wang', 'Andrew E. Vaughan', 'Drew Weissman', 'Michael J. Mitchell']",https://doi.org/10.1038/s41467-024-45422-9,Nature Communications,2024.0,CCCCCC(CC)CC(=O)Oc1cc(CN2CCC(N)CC2)cc(OC(=O)CC(CC)CCCCC)c1O,CCCCCCCCCCCCCCOC(=O)CCOCCOCCOCCOCCOCCOCCOCCOCCOCCOCCOCCOCCOCCOCCOCCOCCOCCOCCOCCOCCOCCOCCOCCOCCOCCOCCOCCOCCOCCOCCOCCOCCOCCOCCOCCOCCOCCOCCOCCOCCOCCOCCOCCOCCOCCOCCOCCOCCOCCOCCOCCOCCOCCOCCOCCOCCOCCOCCOCCOCCOCCOCCOCCOCCOCCOCCOCCOCCOCCOCCOCCOCCOCCOCCOCCOCCOCCOCCOCCOCCOCCOCCOCCOCCOCCOCCOCCOCCOCCO,CC(C)CCC[C@@H](C)[C@H]1CC[C@H]2[C@@H]3CC=C4C[C@@H](O)CC[C@]4(C)[C@H]3CC[C@]12C,CCCCCCCC/C=C\CCCCCCCC(=O)OC[C@H](COP(=O)(O)OCCN)OC(=O)CCCCCCC/C=C\CCCCCCCC,85.7,35.0,2.5,46.5,16.0,0.35,0.025,0.465,0.16,116.2,0.27
223,Custom lipid,C14-PEG2000,cholesterol,DOPE,35:2.5:46.5:16,110.5,0.22,2.6,77.3,OTHER:b-DNA:FLuc mRNA weight ratio 10:1,mRNA,"firefly_luciferase, barcode(dna barcode 22)",C14PEG2K,4-A2-8b,DOPE,cholesterol,"synthesis_method: Microfluidic mixing or pipette mixing; device_used: Microfluidic device with staggered herringbone features; total_flow_rate_ml_min: 2.4; flow_rate_ratio: 1:3 (organic:aqueous); aqueous_phase_composition: 10 mM citrate buffer; organic_phase_composition: Ethanol with lipids; mixing_time_sec: ; temperature_condition: Room temperature; post_processing: Dialysis in 1x PBS for 2h, filtration through 0.45 ¥ìm filter; sterilization: 0.45 ¥ìm filtration; storage_buffer: 1x PBS","cell_line: HeLa; animal_model: C57BL/6J female mice; administration_route: intravenous (IV); dose: 1.0 mg/kg total nucleic acid; biodistribution_result: Measured by deep sequencing in heart, liver, spleen, lungs, kidneys; toxicity_profile: Cell viability >85%","High-throughput barcoding of nanoparticles identifies cationic, degradable lipid-like materials for mRNA delivery to the lungs in female preclinical models","['Lulu Xue', 'Alex G. Hamilton', 'Gan Zhao', 'Zebin Xiao', 'Rakan El-Mayta', 'Xuexiang Han', 'Ningqiang Gong', 'Xinhong Xiong', 'Junchao Xu', 'Christian G. Figueroa-Espada', 'Sarah J. Shepherd', 'Alvin J. Mukalel', 'Mohamad-Gabriel Alameh', 'Jiaxi Cui', 'Karin Wang', 'Andrew E. Vaughan', 'Drew Weissman', 'Michael J. Mitchell']",https://doi.org/10.1038/s41467-024-45422-9,Nature Communications,2024.0,CCCCCC(CC)CC(=O)Oc1cc(CN2CCN(CCN)CC2)cc(OC(=O)CC(CC)CCCCC)c1O,CCCCCCCCCCCCCCOC(=O)CCOCCOCCOCCOCCOCCOCCOCCOCCOCCOCCOCCOCCOCCOCCOCCOCCOCCOCCOCCOCCOCCOCCOCCOCCOCCOCCOCCOCCOCCOCCOCCOCCOCCOCCOCCOCCOCCOCCOCCOCCOCCOCCOCCOCCOCCOCCOCCOCCOCCOCCOCCOCCOCCOCCOCCOCCOCCOCCOCCOCCOCCOCCOCCOCCOCCOCCOCCOCCOCCOCCOCCOCCOCCOCCOCCOCCOCCOCCOCCOCCOCCOCCOCCOCCOCCOCCOCCOCCOCCO,CC(C)CCC[C@@H](C)[C@H]1CC[C@H]2[C@@H]3CC=C4C[C@@H](O)CC[C@]4(C)[C@H]3CC[C@]12C,CCCCCCCC/C=C\CCCCCCCC(=O)OC[C@H](COP(=O)(O)OCCN)OC(=O)CCCCCCC/C=C\CCCCCCCC,77.3,35.0,2.5,46.5,16.0,0.35,0.025,0.465,0.16,110.5,0.22
224,Custom lipid,C14-PEG2000,cholesterol,DOPE,35:2.5:46.5:16,149.1,0.25,-0.1,71.9,OTHER:b-DNA:FLuc mRNA weight ratio 10:1,mRNA,"firefly_luciferase, barcode(dna barcode 23)",C14PEG2K,11-A2-8b,DOPE,cholesterol,"synthesis_method: Microfluidic mixing or pipette mixing; device_used: Microfluidic device with staggered herringbone features; total_flow_rate_ml_min: 2.4; flow_rate_ratio: 1:3 (organic:aqueous); aqueous_phase_composition: 10 mM citrate buffer; organic_phase_composition: Ethanol with lipids; mixing_time_sec: ; temperature_condition: Room temperature; post_processing: Dialysis in 1x PBS for 2h, filtration through 0.45 ¥ìm filter; sterilization: 0.45 ¥ìm filtration; storage_buffer: 1x PBS","cell_line: HeLa; animal_model: C57BL/6J female mice; administration_route: intravenous (IV); dose: 1.0 mg/kg total nucleic acid; biodistribution_result: Measured by deep sequencing in heart, liver, spleen, lungs, kidneys; toxicity_profile: Cell viability >85%","High-throughput barcoding of nanoparticles identifies cationic, degradable lipid-like materials for mRNA delivery to the lungs in female preclinical models","['Lulu Xue', 'Alex G. Hamilton', 'Gan Zhao', 'Zebin Xiao', 'Rakan El-Mayta', 'Xuexiang Han', 'Ningqiang Gong', 'Xinhong Xiong', 'Junchao Xu', 'Christian G. Figueroa-Espada', 'Sarah J. Shepherd', 'Alvin J. Mukalel', 'Mohamad-Gabriel Alameh', 'Jiaxi Cui', 'Karin Wang', 'Andrew E. Vaughan', 'Drew Weissman', 'Michael J. Mitchell']",https://doi.org/10.1038/s41467-024-45422-9,Nature Communications,2024.0,CCCCCC(CC)CC(=O)Oc1cc(CN(CCN)CCCN)cc(OC(=O)CC(CC)CCCCC)c1O,CCCCCCCCCCCCCCOC(=O)CCOCCOCCOCCOCCOCCOCCOCCOCCOCCOCCOCCOCCOCCOCCOCCOCCOCCOCCOCCOCCOCCOCCOCCOCCOCCOCCOCCOCCOCCOCCOCCOCCOCCOCCOCCOCCOCCOCCOCCOCCOCCOCCOCCOCCOCCOCCOCCOCCOCCOCCOCCOCCOCCOCCOCCOCCOCCOCCOCCOCCOCCOCCOCCOCCOCCOCCOCCOCCOCCOCCOCCOCCOCCOCCOCCOCCOCCOCCOCCOCCOCCOCCOCCOCCOCCOCCOCCOCCOCCO,CC(C)CCC[C@@H](C)[C@H]1CC[C@H]2[C@@H]3CC=C4C[C@@H](O)CC[C@]4(C)[C@H]3CC[C@]12C,CCCCCCCC/C=C\CCCCCCCC(=O)OC[C@H](COP(=O)(O)OCCN)OC(=O)CCCCCCC/C=C\CCCCCCCC,71.9,35.0,2.5,46.5,16.0,0.35,0.025,0.465,0.16,149.1,0.25
225,Custom lipid,C14-PEG2000,cholesterol,DOPE,35:2.5:46.5:16,151.5,0.23,3.1,87.1,OTHER:b-DNA:FLuc mRNA weight ratio 10:1,mRNA,"firefly_luciferase, barcode(dna barcode 24)",C14PEG2K,12-A2-8b,DOPE,cholesterol,"synthesis_method: Microfluidic mixing or pipette mixing; device_used: Microfluidic device with staggered herringbone features; total_flow_rate_ml_min: 2.4; flow_rate_ratio: 1:3 (organic:aqueous); aqueous_phase_composition: 10 mM citrate buffer; organic_phase_composition: Ethanol with lipids; mixing_time_sec: ; temperature_condition: Room temperature; post_processing: Dialysis in 1x PBS for 2h, filtration through 0.45 ¥ìm filter; sterilization: 0.45 ¥ìm filtration; storage_buffer: 1x PBS",cell_line: HeLa; animal_model: C57BL/6J female mice; administration_route: intravenous (IV); dose: 1.0 mg/kg total nucleic acid; gene_expression_result: Greatest enrichment in lungs but also enriched in liver and spleen; biodistribution_result: High lung enrichment but not lung-specific; toxicity_profile: Cell viability >85%,"High-throughput barcoding of nanoparticles identifies cationic, degradable lipid-like materials for mRNA delivery to the lungs in female preclinical models","['Lulu Xue', 'Alex G. Hamilton', 'Gan Zhao', 'Zebin Xiao', 'Rakan El-Mayta', 'Xuexiang Han', 'Ningqiang Gong', 'Xinhong Xiong', 'Junchao Xu', 'Christian G. Figueroa-Espada', 'Sarah J. Shepherd', 'Alvin J. Mukalel', 'Mohamad-Gabriel Alameh', 'Jiaxi Cui', 'Karin Wang', 'Andrew E. Vaughan', 'Drew Weissman', 'Michael J. Mitchell']",https://doi.org/10.1038/s41467-024-45422-9,Nature Communications,2024.0,CCCCCC(CC)CC(=O)Oc1cc(CN(CCN)CCCN)cc(OC(=O)CC(CC)CCCCC)c1O,CCCCCCCCCCCCCCOC(=O)CCOCCOCCOCCOCCOCCOCCOCCOCCOCCOCCOCCOCCOCCOCCOCCOCCOCCOCCOCCOCCOCCOCCOCCOCCOCCOCCOCCOCCOCCOCCOCCOCCOCCOCCOCCOCCOCCOCCOCCOCCOCCOCCOCCOCCOCCOCCOCCOCCOCCOCCOCCOCCOCCOCCOCCOCCOCCOCCOCCOCCOCCOCCOCCOCCOCCOCCOCCOCCOCCOCCOCCOCCOCCOCCOCCOCCOCCOCCOCCOCCOCCOCCOCCOCCOCCOCCOCCOCCOCCO,CC(C)CCC[C@@H](C)[C@H]1CC[C@H]2[C@@H]3CC=C4C[C@@H](O)CC[C@]4(C)[C@H]3CC[C@]12C,CCCCCCCC/C=C\CCCCCCCC(=O)OC[C@H](COP(=O)(O)OCCN)OC(=O)CCCCCCC/C=C\CCCCCCCC,87.1,35.0,2.5,46.5,16.0,0.35,0.025,0.465,0.16,151.5,0.23
227,Custom lipid,C14-PEG2000,cholesterol,DOPE,35:2.5:46.5:16,164.2,0.18,-1.6,48.1,OTHER:b-DNA:FLuc mRNA weight ratio 10:1,mRNA,"firefly_luciferase, barcode(dna barcode 25)",C14PEG2K,1-A2-9b,DOPE,cholesterol,"synthesis_method: Microfluidic mixing or pipette mixing; device_used: Microfluidic device with staggered herringbone features; total_flow_rate_ml_min: 2.4; flow_rate_ratio: 1:3 (organic:aqueous); aqueous_phase_composition: 10 mM citrate buffer; organic_phase_composition: Ethanol with lipids; mixing_time_sec: ; temperature_condition: Room temperature; post_processing: Dialysis in 1x PBS for 2h, filtration through 0.45 ¥ìm filter; sterilization: 0.45 ¥ìm filtration; storage_buffer: 1x PBS","cell_line: HeLa; animal_model: C57BL/6J female mice; administration_route: intravenous (IV); dose: 1.0 mg/kg total nucleic acid; biodistribution_result: Measured by deep sequencing in heart, liver, spleen, lungs, kidneys; toxicity_profile: Cell viability >85%","High-throughput barcoding of nanoparticles identifies cationic, degradable lipid-like materials for mRNA delivery to the lungs in female preclinical models","['Lulu Xue', 'Alex G. Hamilton', 'Gan Zhao', 'Zebin Xiao', 'Rakan El-Mayta', 'Xuexiang Han', 'Ningqiang Gong', 'Xinhong Xiong', 'Junchao Xu', 'Christian G. Figueroa-Espada', 'Sarah J. Shepherd', 'Alvin J. Mukalel', 'Mohamad-Gabriel Alameh', 'Jiaxi Cui', 'Karin Wang', 'Andrew E. Vaughan', 'Drew Weissman', 'Michael J. Mitchell']",https://doi.org/10.1038/s41467-024-45422-9,Nature Communications,2024.0,CCCCCCC(CC)CC(=O)Oc1cc(CNN)cc(OC(=O)CC(CC)CCCCCC)c1O,CCCCCCCCCCCCCCOC(=O)CCOCCOCCOCCOCCOCCOCCOCCOCCOCCOCCOCCOCCOCCOCCOCCOCCOCCOCCOCCOCCOCCOCCOCCOCCOCCOCCOCCOCCOCCOCCOCCOCCOCCOCCOCCOCCOCCOCCOCCOCCOCCOCCOCCOCCOCCOCCOCCOCCOCCOCCOCCOCCOCCOCCOCCOCCOCCOCCOCCOCCOCCOCCOCCOCCOCCOCCOCCOCCOCCOCCOCCOCCOCCOCCOCCOCCOCCOCCOCCOCCOCCOCCOCCOCCOCCOCCOCCOCCOCCO,CC(C)CCC[C@@H](C)[C@H]1CC[C@H]2[C@@H]3CC=C4C[C@@H](O)CC[C@]4(C)[C@H]3CC[C@]12C,CCCCCCCC/C=C\CCCCCCCC(=O)OC[C@H](COP(=O)(O)OCCN)OC(=O)CCCCCCC/C=C\CCCCCCCC,48.1,35.0,2.5,46.5,16.0,0.35,0.025,0.465,0.16,164.2,0.18
228,Custom lipid,C14-PEG2000,cholesterol,DOPE,35:2.5:46.5:16,186.2,0.26,5.8,66.2,OTHER:b-DNA:FLuc mRNA weight ratio 10:1,mRNA,"firefly_luciferase, barcode(dna barcode 26)",C14PEG2K,2-A2-9b,DOPE,cholesterol,"synthesis_method: Microfluidic mixing or pipette mixing; device_used: Microfluidic device with staggered herringbone features; total_flow_rate_ml_min: 2.4; flow_rate_ratio: 1:3 (organic:aqueous); aqueous_phase_composition: 10 mM citrate buffer; organic_phase_composition: Ethanol with lipids; mixing_time_sec: ; temperature_condition: Room temperature; post_processing: Dialysis in 1x PBS for 2h, filtration through 0.45 ¥ìm filter; sterilization: 0.45 ¥ìm filtration; storage_buffer: 1x PBS","cell_line: HeLa; animal_model: C57BL/6J female mice; administration_route: intravenous (IV); dose: 1.0 mg/kg total nucleic acid; biodistribution_result: Measured by deep sequencing in heart, liver, spleen, lungs, kidneys; toxicity_profile: Cell viability >85%","High-throughput barcoding of nanoparticles identifies cationic, degradable lipid-like materials for mRNA delivery to the lungs in female preclinical models","['Lulu Xue', 'Alex G. Hamilton', 'Gan Zhao', 'Zebin Xiao', 'Rakan El-Mayta', 'Xuexiang Han', 'Ningqiang Gong', 'Xinhong Xiong', 'Junchao Xu', 'Christian G. Figueroa-Espada', 'Sarah J. Shepherd', 'Alvin J. Mukalel', 'Mohamad-Gabriel Alameh', 'Jiaxi Cui', 'Karin Wang', 'Andrew E. Vaughan', 'Drew Weissman', 'Michael J. Mitchell']",https://doi.org/10.1038/s41467-024-45422-9,Nature Communications,2024.0,CCCCCCC(CC)CC(=O)Oc1cc(CNCCCCN)cc(OC(=O)CC(CC)CCCCCC)c1O,CCCCCCCCCCCCCCOC(=O)CCOCCOCCOCCOCCOCCOCCOCCOCCOCCOCCOCCOCCOCCOCCOCCOCCOCCOCCOCCOCCOCCOCCOCCOCCOCCOCCOCCOCCOCCOCCOCCOCCOCCOCCOCCOCCOCCOCCOCCOCCOCCOCCOCCOCCOCCOCCOCCOCCOCCOCCOCCOCCOCCOCCOCCOCCOCCOCCOCCOCCOCCOCCOCCOCCOCCOCCOCCOCCOCCOCCOCCOCCOCCOCCOCCOCCOCCOCCOCCOCCOCCOCCOCCOCCOCCOCCOCCOCCOCCO,CC(C)CCC[C@@H](C)[C@H]1CC[C@H]2[C@@H]3CC=C4C[C@@H](O)CC[C@]4(C)[C@H]3CC[C@]12C,CCCCCCCC/C=C\CCCCCCCC(=O)OC[C@H](COP(=O)(O)OCCN)OC(=O)CCCCCCC/C=C\CCCCCCCC,66.2,35.0,2.5,46.5,16.0,0.35,0.025,0.465,0.16,186.2,0.26
229,Custom lipid,C14-PEG2000,cholesterol,DOPE,35:2.5:46.5:16,169.9,0.2,-8.8,54.9,OTHER:b-DNA:FLuc mRNA weight ratio 10:1,mRNA,"firefly_luciferase, barcode(dna barcode 27)",C14PEG2K,3-A2-9b,DOPE,cholesterol,"synthesis_method: Microfluidic mixing or pipette mixing; device_used: Microfluidic device with staggered herringbone features; total_flow_rate_ml_min: 2.4; flow_rate_ratio: 1:3 (organic:aqueous); aqueous_phase_composition: 10 mM citrate buffer; organic_phase_composition: Ethanol with lipids; mixing_time_sec: ; temperature_condition: Room temperature; post_processing: Dialysis in 1x PBS for 2h, filtration through 0.45 ¥ìm filter; sterilization: 0.45 ¥ìm filtration; storage_buffer: 1x PBS","cell_line: HeLa; animal_model: C57BL/6J female mice; administration_route: intravenous (IV); dose: 1.0 mg/kg total nucleic acid; biodistribution_result: Measured by deep sequencing in heart, liver, spleen, lungs, kidneys; toxicity_profile: Cell viability >85%","High-throughput barcoding of nanoparticles identifies cationic, degradable lipid-like materials for mRNA delivery to the lungs in female preclinical models","['Lulu Xue', 'Alex G. Hamilton', 'Gan Zhao', 'Zebin Xiao', 'Rakan El-Mayta', 'Xuexiang Han', 'Ningqiang Gong', 'Xinhong Xiong', 'Junchao Xu', 'Christian G. Figueroa-Espada', 'Sarah J. Shepherd', 'Alvin J. Mukalel', 'Mohamad-Gabriel Alameh', 'Jiaxi Cui', 'Karin Wang', 'Andrew E. Vaughan', 'Drew Weissman', 'Michael J. Mitchell']",https://doi.org/10.1038/s41467-024-45422-9,Nature Communications,2024.0,CCCCCCC(CC)CC(=O)Oc1cc(CN2CCC(N)CC2)cc(OC(=O)CC(CC)CCCCCC)c1O,CCCCCCCCCCCCCCOC(=O)CCOCCOCCOCCOCCOCCOCCOCCOCCOCCOCCOCCOCCOCCOCCOCCOCCOCCOCCOCCOCCOCCOCCOCCOCCOCCOCCOCCOCCOCCOCCOCCOCCOCCOCCOCCOCCOCCOCCOCCOCCOCCOCCOCCOCCOCCOCCOCCOCCOCCOCCOCCOCCOCCOCCOCCOCCOCCOCCOCCOCCOCCOCCOCCOCCOCCOCCOCCOCCOCCOCCOCCOCCOCCOCCOCCOCCOCCOCCOCCOCCOCCOCCOCCOCCOCCOCCOCCOCCOCCO,CC(C)CCC[C@@H](C)[C@H]1CC[C@H]2[C@@H]3CC=C4C[C@@H](O)CC[C@]4(C)[C@H]3CC[C@]12C,CCCCCCCC/C=C\CCCCCCCC(=O)OC[C@H](COP(=O)(O)OCCN)OC(=O)CCCCCCC/C=C\CCCCCCCC,54.9,35.0,2.5,46.5,16.0,0.35,0.025,0.465,0.16,169.9,0.2
230,Custom lipid,C14-PEG2000,cholesterol,DOPE,35:2.5:46.5:16,172.1,0.23,5.2,50.9,OTHER:b-DNA:FLuc mRNA weight ratio 10:1,mRNA,"firefly_luciferase, barcode(dna barcode 28)",C14PEG2K,4-A2-9b,DOPE,cholesterol,"synthesis_method: Microfluidic mixing or pipette mixing; device_used: Microfluidic device with staggered herringbone features; total_flow_rate_ml_min: 2.4; flow_rate_ratio: 1:3 (organic:aqueous); aqueous_phase_composition: 10 mM citrate buffer; organic_phase_composition: Ethanol with lipids; mixing_time_sec: ; temperature_condition: Room temperature; post_processing: Dialysis in 1x PBS for 2h, filtration through 0.45 ¥ìm filter; sterilization: 0.45 ¥ìm filtration; storage_buffer: 1x PBS","cell_line: HeLa; animal_model: C57BL/6J female mice; administration_route: intravenous (IV); dose: 1.0 mg/kg total nucleic acid; biodistribution_result: Measured by deep sequencing in heart, liver, spleen, lungs, kidneys; toxicity_profile: Cell viability >85%","High-throughput barcoding of nanoparticles identifies cationic, degradable lipid-like materials for mRNA delivery to the lungs in female preclinical models","['Lulu Xue', 'Alex G. Hamilton', 'Gan Zhao', 'Zebin Xiao', 'Rakan El-Mayta', 'Xuexiang Han', 'Ningqiang Gong', 'Xinhong Xiong', 'Junchao Xu', 'Christian G. Figueroa-Espada', 'Sarah J. Shepherd', 'Alvin J. Mukalel', 'Mohamad-Gabriel Alameh', 'Jiaxi Cui', 'Karin Wang', 'Andrew E. Vaughan', 'Drew Weissman', 'Michael J. Mitchell']",https://doi.org/10.1038/s41467-024-45422-9,Nature Communications,2024.0,CCCCCCC(CC)CC(=O)Oc1cc(CN2CCN(CCN)CC2)cc(OC(=O)CC(CC)CCCCCC)c1O,CCCCCCCCCCCCCCOC(=O)CCOCCOCCOCCOCCOCCOCCOCCOCCOCCOCCOCCOCCOCCOCCOCCOCCOCCOCCOCCOCCOCCOCCOCCOCCOCCOCCOCCOCCOCCOCCOCCOCCOCCOCCOCCOCCOCCOCCOCCOCCOCCOCCOCCOCCOCCOCCOCCOCCOCCOCCOCCOCCOCCOCCOCCOCCOCCOCCOCCOCCOCCOCCOCCOCCOCCOCCOCCOCCOCCOCCOCCOCCOCCOCCOCCOCCOCCOCCOCCOCCOCCOCCOCCOCCOCCOCCOCCOCCOCCO,CC(C)CCC[C@@H](C)[C@H]1CC[C@H]2[C@@H]3CC=C4C[C@@H](O)CC[C@]4(C)[C@H]3CC[C@]12C,CCCCCCCC/C=C\CCCCCCCC(=O)OC[C@H](COP(=O)(O)OCCN)OC(=O)CCCCCCC/C=C\CCCCCCCC,50.9,35.0,2.5,46.5,16.0,0.35,0.025,0.465,0.16,172.1,0.23
231,Custom lipid,C14-PEG2000,cholesterol,DOPE,35:2.5:46.5:16,153.1,0.18,2.9,48.7,OTHER:b-DNA:FLuc mRNA weight ratio 10:1,mRNA,"firefly_luciferase, barcode(dna barcode 29)",C14PEG2K,11-A2-9b,DOPE,cholesterol,"synthesis_method: Microfluidic mixing or pipette mixing; device_used: Microfluidic device with staggered herringbone features; total_flow_rate_ml_min: 2.4; flow_rate_ratio: 1:3 (organic:aqueous); aqueous_phase_composition: 10 mM citrate buffer; organic_phase_composition: Ethanol with lipids; mixing_time_sec: ; temperature_condition: Room temperature; post_processing: Dialysis in 1x PBS for 2h, filtration through 0.45 ¥ìm filter; sterilization: 0.45 ¥ìm filtration; storage_buffer: 1x PBS","cell_line: HeLa; animal_model: C57BL/6J female mice; administration_route: intravenous (IV); dose: 1.0 mg/kg total nucleic acid; biodistribution_result: Measured by deep sequencing in heart, liver, spleen, lungs, kidneys; toxicity_profile: Cell viability >85%","High-throughput barcoding of nanoparticles identifies cationic, degradable lipid-like materials for mRNA delivery to the lungs in female preclinical models","['Lulu Xue', 'Alex G. Hamilton', 'Gan Zhao', 'Zebin Xiao', 'Rakan El-Mayta', 'Xuexiang Han', 'Ningqiang Gong', 'Xinhong Xiong', 'Junchao Xu', 'Christian G. Figueroa-Espada', 'Sarah J. Shepherd', 'Alvin J. Mukalel', 'Mohamad-Gabriel Alameh', 'Jiaxi Cui', 'Karin Wang', 'Andrew E. Vaughan', 'Drew Weissman', 'Michael J. Mitchell']",https://doi.org/10.1038/s41467-024-45422-9,Nature Communications,2024.0,CCCCCCC(CC)CC(=O)Oc1cc(CN(CCN)CCCN)cc(OC(=O)CC(CC)CCCCCC)c1O,CCCCCCCCCCCCCCOC(=O)CCOCCOCCOCCOCCOCCOCCOCCOCCOCCOCCOCCOCCOCCOCCOCCOCCOCCOCCOCCOCCOCCOCCOCCOCCOCCOCCOCCOCCOCCOCCOCCOCCOCCOCCOCCOCCOCCOCCOCCOCCOCCOCCOCCOCCOCCOCCOCCOCCOCCOCCOCCOCCOCCOCCOCCOCCOCCOCCOCCOCCOCCOCCOCCOCCOCCOCCOCCOCCOCCOCCOCCOCCOCCOCCOCCOCCOCCOCCOCCOCCOCCOCCOCCOCCOCCOCCOCCOCCOCCO,CC(C)CCC[C@@H](C)[C@H]1CC[C@H]2[C@@H]3CC=C4C[C@@H](O)CC[C@]4(C)[C@H]3CC[C@]12C,CCCCCCCC/C=C\CCCCCCCC(=O)OC[C@H](COP(=O)(O)OCCN)OC(=O)CCCCCCC/C=C\CCCCCCCC,48.7,35.0,2.5,46.5,16.0,0.35,0.025,0.465,0.16,153.1,0.18
232,Custom lipid,C14-PEG2000,cholesterol,DOPE,35:2.5:46.5:16,135.1,0.14,9.2,69.4,OTHER:b-DNA:FLuc mRNA weight ratio 10:1,mRNA,"firefly_luciferase, barcode(dna barcode 30)",C14PEG2K,12-A2-9b,DOPE,cholesterol,"synthesis_method: Microfluidic mixing or pipette mixing; device_used: Microfluidic device with staggered herringbone features; total_flow_rate_ml_min: 2.4; flow_rate_ratio: 1:3 (organic:aqueous); aqueous_phase_composition: 10 mM citrate buffer; organic_phase_composition: Ethanol with lipids; mixing_time_sec: ; temperature_condition: Room temperature; post_processing: Dialysis in 1x PBS for 2h, filtration through 0.45 ¥ìm filter; sterilization: 0.45 ¥ìm filtration; storage_buffer: 1x PBS","cell_line: HeLa; animal_model: C57BL/6J female mice; administration_route: intravenous (IV); dose: 1.0 mg/kg total nucleic acid; biodistribution_result: Measured by deep sequencing in heart, liver, spleen, lungs, kidneys; toxicity_profile: Cell viability >85%","High-throughput barcoding of nanoparticles identifies cationic, degradable lipid-like materials for mRNA delivery to the lungs in female preclinical models","['Lulu Xue', 'Alex G. Hamilton', 'Gan Zhao', 'Zebin Xiao', 'Rakan El-Mayta', 'Xuexiang Han', 'Ningqiang Gong', 'Xinhong Xiong', 'Junchao Xu', 'Christian G. Figueroa-Espada', 'Sarah J. Shepherd', 'Alvin J. Mukalel', 'Mohamad-Gabriel Alameh', 'Jiaxi Cui', 'Karin Wang', 'Andrew E. Vaughan', 'Drew Weissman', 'Michael J. Mitchell']",https://doi.org/10.1038/s41467-024-45422-9,Nature Communications,2024.0,CCCCCCC(CC)CC(=O)Oc1cc(CN(CCN)CCCN)cc(OC(=O)CC(CC)CCCCCC)c1O,CCCCCCCCCCCCCCOC(=O)CCOCCOCCOCCOCCOCCOCCOCCOCCOCCOCCOCCOCCOCCOCCOCCOCCOCCOCCOCCOCCOCCOCCOCCOCCOCCOCCOCCOCCOCCOCCOCCOCCOCCOCCOCCOCCOCCOCCOCCOCCOCCOCCOCCOCCOCCOCCOCCOCCOCCOCCOCCOCCOCCOCCOCCOCCOCCOCCOCCOCCOCCOCCOCCOCCOCCOCCOCCOCCOCCOCCOCCOCCOCCOCCOCCOCCOCCOCCOCCOCCOCCOCCOCCOCCOCCOCCOCCOCCOCCO,CC(C)CCC[C@@H](C)[C@H]1CC[C@H]2[C@@H]3CC=C4C[C@@H](O)CC[C@]4(C)[C@H]3CC[C@]12C,CCCCCCCC/C=C\CCCCCCCC(=O)OC[C@H](COP(=O)(O)OCCN)OC(=O)CCCCCCC/C=C\CCCCCCCC,69.4,35.0,2.5,46.5,16.0,0.35,0.025,0.465,0.16,135.1,0.14
233,Custom lipid,C14-PEG2000,cholesterol,DOPE,35:2.5:46.5:16,167.1,0.23,12.7,54.9,OTHER:b-DNA:FLuc mRNA weight ratio 10:1,mRNA,"firefly_luciferase, barcode(dna barcode 31)",C14PEG2K,1-A2-9b2,DOPE,cholesterol,"synthesis_method: Microfluidic mixing or pipette mixing; device_used: Microfluidic device with staggered herringbone features; total_flow_rate_ml_min: 2.4; flow_rate_ratio: 1:3 (organic:aqueous); aqueous_phase_composition: 10 mM citrate buffer; organic_phase_composition: Ethanol with lipids; mixing_time_sec: ; temperature_condition: Room temperature; post_processing: Dialysis in 1x PBS for 2h, filtration through 0.45 ¥ìm filter; sterilization: 0.45 ¥ìm filtration; storage_buffer: 1x PBS","cell_line: HeLa; animal_model: C57BL/6J female mice; administration_route: intravenous (IV); dose: 1.0 mg/kg total nucleic acid; biodistribution_result: Measured by deep sequencing in heart, liver, spleen, lungs, kidneys; toxicity_profile: Cell viability >85%","High-throughput barcoding of nanoparticles identifies cationic, degradable lipid-like materials for mRNA delivery to the lungs in female preclinical models","['Lulu Xue', 'Alex G. Hamilton', 'Gan Zhao', 'Zebin Xiao', 'Rakan El-Mayta', 'Xuexiang Han', 'Ningqiang Gong', 'Xinhong Xiong', 'Junchao Xu', 'Christian G. Figueroa-Espada', 'Sarah J. Shepherd', 'Alvin J. Mukalel', 'Mohamad-Gabriel Alameh', 'Jiaxi Cui', 'Karin Wang', 'Andrew E. Vaughan', 'Drew Weissman', 'Michael J. Mitchell']",https://doi.org/10.1038/s41467-024-45422-9,Nature Communications,2024.0,CCCCCCC(CC)CCC(=O)Oc1cc(CNN)cc(OC(=O)CCC(CC)CCCCCC)c1O,CCCCCCCCCCCCCCOC(=O)CCOCCOCCOCCOCCOCCOCCOCCOCCOCCOCCOCCOCCOCCOCCOCCOCCOCCOCCOCCOCCOCCOCCOCCOCCOCCOCCOCCOCCOCCOCCOCCOCCOCCOCCOCCOCCOCCOCCOCCOCCOCCOCCOCCOCCOCCOCCOCCOCCOCCOCCOCCOCCOCCOCCOCCOCCOCCOCCOCCOCCOCCOCCOCCOCCOCCOCCOCCOCCOCCOCCOCCOCCOCCOCCOCCOCCOCCOCCOCCOCCOCCOCCOCCOCCOCCOCCOCCOCCOCCO,CC(C)CCC[C@@H](C)[C@H]1CC[C@H]2[C@@H]3CC=C4C[C@@H](O)CC[C@]4(C)[C@H]3CC[C@]12C,CCCCCCCC/C=C\CCCCCCCC(=O)OC[C@H](COP(=O)(O)OCCN)OC(=O)CCCCCCC/C=C\CCCCCCCC,54.9,35.0,2.5,46.5,16.0,0.35,0.025,0.465,0.16,167.1,0.23
234,Custom lipid,C14-PEG2000,cholesterol,DOPE,35:2.5:46.5:16,164.2,0.19,-6.4,73.2,OTHER:b-DNA:FLuc mRNA weight ratio 10:1,mRNA,"firefly_luciferase, barcode(dna barcode 32)",C14PEG2K,2-A2-9b2,DOPE,cholesterol,"synthesis_method: Microfluidic mixing or pipette mixing; device_used: Microfluidic device with staggered herringbone features; total_flow_rate_ml_min: 2.4; flow_rate_ratio: 1:3 (organic:aqueous); aqueous_phase_composition: 10 mM citrate buffer; organic_phase_composition: Ethanol with lipids; mixing_time_sec: ; temperature_condition: Room temperature; post_processing: Dialysis in 1x PBS for 2h, filtration through 0.45 ¥ìm filter; sterilization: 0.45 ¥ìm filtration; storage_buffer: 1x PBS","cell_line: HeLa; animal_model: C57BL/6J female mice; administration_route: intravenous (IV); dose: 1.0 mg/kg total nucleic acid; biodistribution_result: Measured by deep sequencing in heart, liver, spleen, lungs, kidneys; toxicity_profile: Cell viability >85%","High-throughput barcoding of nanoparticles identifies cationic, degradable lipid-like materials for mRNA delivery to the lungs in female preclinical models","['Lulu Xue', 'Alex G. Hamilton', 'Gan Zhao', 'Zebin Xiao', 'Rakan El-Mayta', 'Xuexiang Han', 'Ningqiang Gong', 'Xinhong Xiong', 'Junchao Xu', 'Christian G. Figueroa-Espada', 'Sarah J. Shepherd', 'Alvin J. Mukalel', 'Mohamad-Gabriel Alameh', 'Jiaxi Cui', 'Karin Wang', 'Andrew E. Vaughan', 'Drew Weissman', 'Michael J. Mitchell']",https://doi.org/10.1038/s41467-024-45422-9,Nature Communications,2024.0,CCCCCCC(CC)CCC(=O)Oc1cc(CNCCCCN)cc(OC(=O)CCC(CC)CCCCCC)c1O,CCCCCCCCCCCCCCOC(=O)CCOCCOCCOCCOCCOCCOCCOCCOCCOCCOCCOCCOCCOCCOCCOCCOCCOCCOCCOCCOCCOCCOCCOCCOCCOCCOCCOCCOCCOCCOCCOCCOCCOCCOCCOCCOCCOCCOCCOCCOCCOCCOCCOCCOCCOCCOCCOCCOCCOCCOCCOCCOCCOCCOCCOCCOCCOCCOCCOCCOCCOCCOCCOCCOCCOCCOCCOCCOCCOCCOCCOCCOCCOCCOCCOCCOCCOCCOCCOCCOCCOCCOCCOCCOCCOCCOCCOCCOCCOCCO,CC(C)CCC[C@@H](C)[C@H]1CC[C@H]2[C@@H]3CC=C4C[C@@H](O)CC[C@]4(C)[C@H]3CC[C@]12C,CCCCCCCC/C=C\CCCCCCCC(=O)OC[C@H](COP(=O)(O)OCCN)OC(=O)CCCCCCC/C=C\CCCCCCCC,73.2,35.0,2.5,46.5,16.0,0.35,0.025,0.465,0.16,164.2,0.19
235,Custom lipid,C14-PEG2000,cholesterol,DOPE,35:2.5:46.5:16,157.1,0.17,-10.7,53.1,OTHER:b-DNA:FLuc mRNA weight ratio 10:1,mRNA,"firefly_luciferase, barcode(dna barcode 33)",C14PEG2K,3-A2-9b2,DOPE,cholesterol,"synthesis_method: Microfluidic mixing or pipette mixing; device_used: Microfluidic device with staggered herringbone features; total_flow_rate_ml_min: 2.4; flow_rate_ratio: 1:3 (organic:aqueous); aqueous_phase_composition: 10 mM citrate buffer; organic_phase_composition: Ethanol with lipids; mixing_time_sec: ; temperature_condition: Room temperature; post_processing: Dialysis in 1x PBS for 2h, filtration through 0.45 ¥ìm filter; sterilization: 0.45 ¥ìm filtration; storage_buffer: 1x PBS","cell_line: HeLa; animal_model: C57BL/6J female mice; administration_route: intravenous (IV); dose: 1.0 mg/kg total nucleic acid; biodistribution_result: Measured by deep sequencing in heart, liver, spleen, lungs, kidneys; toxicity_profile: Cell viability >85%","High-throughput barcoding of nanoparticles identifies cationic, degradable lipid-like materials for mRNA delivery to the lungs in female preclinical models","['Lulu Xue', 'Alex G. Hamilton', 'Gan Zhao', 'Zebin Xiao', 'Rakan El-Mayta', 'Xuexiang Han', 'Ningqiang Gong', 'Xinhong Xiong', 'Junchao Xu', 'Christian G. Figueroa-Espada', 'Sarah J. Shepherd', 'Alvin J. Mukalel', 'Mohamad-Gabriel Alameh', 'Jiaxi Cui', 'Karin Wang', 'Andrew E. Vaughan', 'Drew Weissman', 'Michael J. Mitchell']",https://doi.org/10.1038/s41467-024-45422-9,Nature Communications,2024.0,CCCCCCC(CC)CCC(=O)Oc1cc(CN2CCC(N)CC2)cc(OC(=O)CCC(CC)CCCCCC)c1O,CCCCCCCCCCCCCCOC(=O)CCOCCOCCOCCOCCOCCOCCOCCOCCOCCOCCOCCOCCOCCOCCOCCOCCOCCOCCOCCOCCOCCOCCOCCOCCOCCOCCOCCOCCOCCOCCOCCOCCOCCOCCOCCOCCOCCOCCOCCOCCOCCOCCOCCOCCOCCOCCOCCOCCOCCOCCOCCOCCOCCOCCOCCOCCOCCOCCOCCOCCOCCOCCOCCOCCOCCOCCOCCOCCOCCOCCOCCOCCOCCOCCOCCOCCOCCOCCOCCOCCOCCOCCOCCOCCOCCOCCOCCOCCOCCO,CC(C)CCC[C@@H](C)[C@H]1CC[C@H]2[C@@H]3CC=C4C[C@@H](O)CC[C@]4(C)[C@H]3CC[C@]12C,CCCCCCCC/C=C\CCCCCCCC(=O)OC[C@H](COP(=O)(O)OCCN)OC(=O)CCCCCCC/C=C\CCCCCCCC,53.1,35.0,2.5,46.5,16.0,0.35,0.025,0.465,0.16,157.1,0.17
236,Custom lipid,C14-PEG2000,cholesterol,DOPE,35:2.5:46.5:16,171.9,0.1,14.7,64.1,OTHER:b-DNA:FLuc mRNA weight ratio 10:1,mRNA,"firefly_luciferase, barcode(dna barcode 34)",C14PEG2K,4-A2-9b2,DOPE,cholesterol,"synthesis_method: Microfluidic mixing or pipette mixing; device_used: Microfluidic device with staggered herringbone features; total_flow_rate_ml_min: 2.4; flow_rate_ratio: 1:3 (organic:aqueous); aqueous_phase_composition: 10 mM citrate buffer; organic_phase_composition: Ethanol with lipids; mixing_time_sec: ; temperature_condition: Room temperature; post_processing: Dialysis in 1x PBS for 2h, filtration through 0.45 ¥ìm filter; sterilization: 0.45 ¥ìm filtration; storage_buffer: 1x PBS","cell_line: HeLa; animal_model: C57BL/6J female mice; administration_route: intravenous (IV); dose: 1.0 mg/kg total nucleic acid; biodistribution_result: Measured by deep sequencing in heart, liver, spleen, lungs, kidneys; toxicity_profile: Cell viability >85%","High-throughput barcoding of nanoparticles identifies cationic, degradable lipid-like materials for mRNA delivery to the lungs in female preclinical models","['Lulu Xue', 'Alex G. Hamilton', 'Gan Zhao', 'Zebin Xiao', 'Rakan El-Mayta', 'Xuexiang Han', 'Ningqiang Gong', 'Xinhong Xiong', 'Junchao Xu', 'Christian G. Figueroa-Espada', 'Sarah J. Shepherd', 'Alvin J. Mukalel', 'Mohamad-Gabriel Alameh', 'Jiaxi Cui', 'Karin Wang', 'Andrew E. Vaughan', 'Drew Weissman', 'Michael J. Mitchell']",https://doi.org/10.1038/s41467-024-45422-9,Nature Communications,2024.0,CCCCCCC(CC)CCC(=O)Oc1cc(CN2CCN(CCN)CC2)cc(OC(=O)CCC(CC)CCCCCC)c1O,CCCCCCCCCCCCCCOC(=O)CCOCCOCCOCCOCCOCCOCCOCCOCCOCCOCCOCCOCCOCCOCCOCCOCCOCCOCCOCCOCCOCCOCCOCCOCCOCCOCCOCCOCCOCCOCCOCCOCCOCCOCCOCCOCCOCCOCCOCCOCCOCCOCCOCCOCCOCCOCCOCCOCCOCCOCCOCCOCCOCCOCCOCCOCCOCCOCCOCCOCCOCCOCCOCCOCCOCCOCCOCCOCCOCCOCCOCCOCCOCCOCCOCCOCCOCCOCCOCCOCCOCCOCCOCCOCCOCCOCCOCCOCCOCCO,CC(C)CCC[C@@H](C)[C@H]1CC[C@H]2[C@@H]3CC=C4C[C@@H](O)CC[C@]4(C)[C@H]3CC[C@]12C,CCCCCCCC/C=C\CCCCCCCC(=O)OC[C@H](COP(=O)(O)OCCN)OC(=O)CCCCCCC/C=C\CCCCCCCC,64.1,35.0,2.5,46.5,16.0,0.35,0.025,0.465,0.16,171.9,0.1
237,Custom lipid,C14-PEG2000,cholesterol,DOPE,35:2.5:46.5:16,166.8,0.18,10.4,57.3,OTHER:b-DNA:FLuc mRNA weight ratio 10:1,mRNA,"firefly_luciferase, barcode(dna barcode 35)",C14PEG2K,11-A2-9b2,DOPE,cholesterol,"synthesis_method: Microfluidic mixing or pipette mixing; device_used: Microfluidic device with staggered herringbone features; total_flow_rate_ml_min: 2.4; flow_rate_ratio: 1:3 (organic:aqueous); aqueous_phase_composition: 10 mM citrate buffer; organic_phase_composition: Ethanol with lipids; mixing_time_sec: ; temperature_condition: Room temperature; post_processing: Dialysis in 1x PBS for 2h, filtration through 0.45 ¥ìm filter; sterilization: 0.45 ¥ìm filtration; storage_buffer: 1x PBS","cell_line: HeLa; animal_model: C57BL/6J female mice; administration_route: intravenous (IV); dose: 1.0 mg/kg total nucleic acid; biodistribution_result: Measured by deep sequencing in heart, liver, spleen, lungs, kidneys; toxicity_profile: Cell viability >85%","High-throughput barcoding of nanoparticles identifies cationic, degradable lipid-like materials for mRNA delivery to the lungs in female preclinical models","['Lulu Xue', 'Alex G. Hamilton', 'Gan Zhao', 'Zebin Xiao', 'Rakan El-Mayta', 'Xuexiang Han', 'Ningqiang Gong', 'Xinhong Xiong', 'Junchao Xu', 'Christian G. Figueroa-Espada', 'Sarah J. Shepherd', 'Alvin J. Mukalel', 'Mohamad-Gabriel Alameh', 'Jiaxi Cui', 'Karin Wang', 'Andrew E. Vaughan', 'Drew Weissman', 'Michael J. Mitchell']",https://doi.org/10.1038/s41467-024-45422-9,Nature Communications,2024.0,CCCCCCC(CC)CCC(=O)Oc1cc(CN(CCN)CCCN)cc(OC(=O)CCC(CC)CCCCCC)c1O,CCCCCCCCCCCCCCOC(=O)CCOCCOCCOCCOCCOCCOCCOCCOCCOCCOCCOCCOCCOCCOCCOCCOCCOCCOCCOCCOCCOCCOCCOCCOCCOCCOCCOCCOCCOCCOCCOCCOCCOCCOCCOCCOCCOCCOCCOCCOCCOCCOCCOCCOCCOCCOCCOCCOCCOCCOCCOCCOCCOCCOCCOCCOCCOCCOCCOCCOCCOCCOCCOCCOCCOCCOCCOCCOCCOCCOCCOCCOCCOCCOCCOCCOCCOCCOCCOCCOCCOCCOCCOCCOCCOCCOCCOCCOCCOCCO,CC(C)CCC[C@@H](C)[C@H]1CC[C@H]2[C@@H]3CC=C4C[C@@H](O)CC[C@]4(C)[C@H]3CC[C@]12C,CCCCCCCC/C=C\CCCCCCCC(=O)OC[C@H](COP(=O)(O)OCCN)OC(=O)CCCCCCC/C=C\CCCCCCCC,57.3,35.0,2.5,46.5,16.0,0.35,0.025,0.465,0.16,166.8,0.18
238,Custom lipid,C14-PEG2000,cholesterol,DOPE,35:2.5:46.5:16,160.8,0.16,-4.3,58.4,OTHER:b-DNA:FLuc mRNA weight ratio 10:1,mRNA,"firefly_luciferase, barcode(dna barcode 36)",C14PEG2K,12-A2-9b2,DOPE,cholesterol,"synthesis_method: Microfluidic mixing or pipette mixing; device_used: Microfluidic device with staggered herringbone features; total_flow_rate_ml_min: 2.4; flow_rate_ratio: 1:3 (organic:aqueous); aqueous_phase_composition: 10 mM citrate buffer; organic_phase_composition: Ethanol with lipids; mixing_time_sec: ; temperature_condition: Room temperature; post_processing: Dialysis in 1x PBS for 2h, filtration through 0.45 ¥ìm filter; sterilization: 0.45 ¥ìm filtration; storage_buffer: 1x PBS","cell_line: HeLa; animal_model: C57BL/6J female mice; administration_route: intravenous (IV); dose: 1.0 mg/kg total nucleic acid; biodistribution_result: Measured by deep sequencing in heart, liver, spleen, lungs, kidneys; toxicity_profile: Cell viability >85%","High-throughput barcoding of nanoparticles identifies cationic, degradable lipid-like materials for mRNA delivery to the lungs in female preclinical models","['Lulu Xue', 'Alex G. Hamilton', 'Gan Zhao', 'Zebin Xiao', 'Rakan El-Mayta', 'Xuexiang Han', 'Ningqiang Gong', 'Xinhong Xiong', 'Junchao Xu', 'Christian G. Figueroa-Espada', 'Sarah J. Shepherd', 'Alvin J. Mukalel', 'Mohamad-Gabriel Alameh', 'Jiaxi Cui', 'Karin Wang', 'Andrew E. Vaughan', 'Drew Weissman', 'Michael J. Mitchell']",https://doi.org/10.1038/s41467-024-45422-9,Nature Communications,2024.0,CCCCCCC(CC)CCC(=O)Oc1cc(CN(CCN)CCCN)cc(OC(=O)CCC(CC)CCCCCC)c1O,CCCCCCCCCCCCCCOC(=O)CCOCCOCCOCCOCCOCCOCCOCCOCCOCCOCCOCCOCCOCCOCCOCCOCCOCCOCCOCCOCCOCCOCCOCCOCCOCCOCCOCCOCCOCCOCCOCCOCCOCCOCCOCCOCCOCCOCCOCCOCCOCCOCCOCCOCCOCCOCCOCCOCCOCCOCCOCCOCCOCCOCCOCCOCCOCCOCCOCCOCCOCCOCCOCCOCCOCCOCCOCCOCCOCCOCCOCCOCCOCCOCCOCCOCCOCCOCCOCCOCCOCCOCCOCCOCCOCCOCCOCCOCCOCCO,CC(C)CCC[C@@H](C)[C@H]1CC[C@H]2[C@@H]3CC=C4C[C@@H](O)CC[C@]4(C)[C@H]3CC[C@]12C,CCCCCCCC/C=C\CCCCCCCC(=O)OC[C@H](COP(=O)(O)OCCN)OC(=O)CCCCCCC/C=C\CCCCCCCC,58.4,35.0,2.5,46.5,16.0,0.35,0.025,0.465,0.16,160.8,0.16
239,Custom lipid,C14-PEG2000,cholesterol,DOPE,35:2.5:46.5:16,150.3,0.19,-9.6,39.2,OTHER:b-DNA:FLuc mRNA weight ratio 10:1,mRNA,"firefly_luciferase, barcode(dna barcode 37)",C14PEG2K,1-A3-6b,DOPE,cholesterol,"synthesis_method: Microfluidic mixing or pipette mixing; device_used: Microfluidic device with staggered herringbone features; total_flow_rate_ml_min: 2.4; flow_rate_ratio: 1:3 (organic:aqueous); aqueous_phase_composition: 10 mM citrate buffer; organic_phase_composition: Ethanol with lipids; mixing_time_sec: ; temperature_condition: Room temperature; post_processing: Dialysis in 1x PBS for 2h, filtration through 0.45 ¥ìm filter; sterilization: 0.45 ¥ìm filtration; storage_buffer: 1x PBS","cell_line: HeLa; animal_model: C57BL/6J female mice; administration_route: intravenous (IV); dose: 1.0 mg/kg total nucleic acid; biodistribution_result: Measured by deep sequencing in heart, liver, spleen, lungs, kidneys; toxicity_profile: Cell viability >85%","High-throughput barcoding of nanoparticles identifies cationic, degradable lipid-like materials for mRNA delivery to the lungs in female preclinical models","['Lulu Xue', 'Alex G. Hamilton', 'Gan Zhao', 'Zebin Xiao', 'Rakan El-Mayta', 'Xuexiang Han', 'Ningqiang Gong', 'Xinhong Xiong', 'Junchao Xu', 'Christian G. Figueroa-Espada', 'Sarah J. Shepherd', 'Alvin J. Mukalel', 'Mohamad-Gabriel Alameh', 'Jiaxi Cui', 'Karin Wang', 'Andrew E. Vaughan', 'Drew Weissman', 'Michael J. Mitchell']",https://doi.org/10.1038/s41467-024-45422-9,Nature Communications,2024.0,CCCC(CC)CC(=O)Oc1cc(CNN)cc(OC(=O)CC(CC)CCC)c1OC(=O)CC(CC)CCC,CCCCCCCCCCCCCCOC(=O)CCOCCOCCOCCOCCOCCOCCOCCOCCOCCOCCOCCOCCOCCOCCOCCOCCOCCOCCOCCOCCOCCOCCOCCOCCOCCOCCOCCOCCOCCOCCOCCOCCOCCOCCOCCOCCOCCOCCOCCOCCOCCOCCOCCOCCOCCOCCOCCOCCOCCOCCOCCOCCOCCOCCOCCOCCOCCOCCOCCOCCOCCOCCOCCOCCOCCOCCOCCOCCOCCOCCOCCOCCOCCOCCOCCOCCOCCOCCOCCOCCOCCOCCOCCOCCOCCOCCOCCOCCOCCO,CC(C)CCC[C@@H](C)[C@H]1CC[C@H]2[C@@H]3CC=C4C[C@@H](O)CC[C@]4(C)[C@H]3CC[C@]12C,CCCCCCCC/C=C\CCCCCCCC(=O)OC[C@H](COP(=O)(O)OCCN)OC(=O)CCCCCCC/C=C\CCCCCCCC,39.2,35.0,2.5,46.5,16.0,0.35,0.025,0.465,0.16,150.3,0.19
240,Custom lipid,C14-PEG2000,cholesterol,DOPE,35:2.5:46.5:16,154.9,0.13,1.2,42.5,OTHER:b-DNA:FLuc mRNA weight ratio 10:1,mRNA,"firefly_luciferase, barcode(dna barcode 38)",C14PEG2K,2-A3-6b,DOPE,cholesterol,"synthesis_method: Microfluidic mixing or pipette mixing; device_used: Microfluidic device with staggered herringbone features; total_flow_rate_ml_min: 2.4; flow_rate_ratio: 1:3 (organic:aqueous); aqueous_phase_composition: 10 mM citrate buffer; organic_phase_composition: Ethanol with lipids; mixing_time_sec: ; temperature_condition: Room temperature; post_processing: Dialysis in 1x PBS for 2h, filtration through 0.45 ¥ìm filter; sterilization: 0.45 ¥ìm filtration; storage_buffer: 1x PBS","cell_line: HeLa; animal_model: C57BL/6J female mice; administration_route: intravenous (IV); dose: 1.0 mg/kg total nucleic acid; biodistribution_result: Measured by deep sequencing in heart, liver, spleen, lungs, kidneys; toxicity_profile: Cell viability >85%","High-throughput barcoding of nanoparticles identifies cationic, degradable lipid-like materials for mRNA delivery to the lungs in female preclinical models","['Lulu Xue', 'Alex G. Hamilton', 'Gan Zhao', 'Zebin Xiao', 'Rakan El-Mayta', 'Xuexiang Han', 'Ningqiang Gong', 'Xinhong Xiong', 'Junchao Xu', 'Christian G. Figueroa-Espada', 'Sarah J. Shepherd', 'Alvin J. Mukalel', 'Mohamad-Gabriel Alameh', 'Jiaxi Cui', 'Karin Wang', 'Andrew E. Vaughan', 'Drew Weissman', 'Michael J. Mitchell']",https://doi.org/10.1038/s41467-024-45422-9,Nature Communications,2024.0,CCCC(CC)CC(=O)Oc1cc(CNCCCCN)cc(OC(=O)CC(CC)CCC)c1OC(=O)CC(CC)CCC,CCCCCCCCCCCCCCOC(=O)CCOCCOCCOCCOCCOCCOCCOCCOCCOCCOCCOCCOCCOCCOCCOCCOCCOCCOCCOCCOCCOCCOCCOCCOCCOCCOCCOCCOCCOCCOCCOCCOCCOCCOCCOCCOCCOCCOCCOCCOCCOCCOCCOCCOCCOCCOCCOCCOCCOCCOCCOCCOCCOCCOCCOCCOCCOCCOCCOCCOCCOCCOCCOCCOCCOCCOCCOCCOCCOCCOCCOCCOCCOCCOCCOCCOCCOCCOCCOCCOCCOCCOCCOCCOCCOCCOCCOCCOCCOCCO,CC(C)CCC[C@@H](C)[C@H]1CC[C@H]2[C@@H]3CC=C4C[C@@H](O)CC[C@]4(C)[C@H]3CC[C@]12C,CCCCCCCC/C=C\CCCCCCCC(=O)OC[C@H](COP(=O)(O)OCCN)OC(=O)CCCCCCC/C=C\CCCCCCCC,42.5,35.0,2.5,46.5,16.0,0.35,0.025,0.465,0.16,154.9,0.13
241,Custom lipid,C14-PEG2000,cholesterol,DOPE,35:2.5:46.5:16,159.3,0.14,12.6,48.8,OTHER:b-DNA:FLuc mRNA weight ratio 10:1,mRNA,"firefly_luciferase, barcode(dna barcode 39)",C14PEG2K,3-A3-6b,DOPE,cholesterol,"synthesis_method: Microfluidic mixing or pipette mixing; device_used: Microfluidic device with staggered herringbone features; total_flow_rate_ml_min: 2.4; flow_rate_ratio: 1:3 (organic:aqueous); aqueous_phase_composition: 10 mM citrate buffer; organic_phase_composition: Ethanol with lipids; mixing_time_sec: ; temperature_condition: Room temperature; post_processing: Dialysis in 1x PBS for 2h, filtration through 0.45 ¥ìm filter; sterilization: 0.45 ¥ìm filtration; storage_buffer: 1x PBS","cell_line: HeLa; animal_model: C57BL/6J female mice; administration_route: intravenous (IV); dose: 1.0 mg/kg total nucleic acid; biodistribution_result: Measured by deep sequencing in heart, liver, spleen, lungs, kidneys; toxicity_profile: Cell viability >85%","High-throughput barcoding of nanoparticles identifies cationic, degradable lipid-like materials for mRNA delivery to the lungs in female preclinical models","['Lulu Xue', 'Alex G. Hamilton', 'Gan Zhao', 'Zebin Xiao', 'Rakan El-Mayta', 'Xuexiang Han', 'Ningqiang Gong', 'Xinhong Xiong', 'Junchao Xu', 'Christian G. Figueroa-Espada', 'Sarah J. Shepherd', 'Alvin J. Mukalel', 'Mohamad-Gabriel Alameh', 'Jiaxi Cui', 'Karin Wang', 'Andrew E. Vaughan', 'Drew Weissman', 'Michael J. Mitchell']",https://doi.org/10.1038/s41467-024-45422-9,Nature Communications,2024.0,CCCC(CC)CC(=O)Oc1cc(CN2CCC(N)CC2)cc(OC(=O)CC(CC)CCC)c1OC(=O)CC(CC)CCC,CCCCCCCCCCCCCCOC(=O)CCOCCOCCOCCOCCOCCOCCOCCOCCOCCOCCOCCOCCOCCOCCOCCOCCOCCOCCOCCOCCOCCOCCOCCOCCOCCOCCOCCOCCOCCOCCOCCOCCOCCOCCOCCOCCOCCOCCOCCOCCOCCOCCOCCOCCOCCOCCOCCOCCOCCOCCOCCOCCOCCOCCOCCOCCOCCOCCOCCOCCOCCOCCOCCOCCOCCOCCOCCOCCOCCOCCOCCOCCOCCOCCOCCOCCOCCOCCOCCOCCOCCOCCOCCOCCOCCOCCOCCOCCOCCO,CC(C)CCC[C@@H](C)[C@H]1CC[C@H]2[C@@H]3CC=C4C[C@@H](O)CC[C@]4(C)[C@H]3CC[C@]12C,CCCCCCCC/C=C\CCCCCCCC(=O)OC[C@H](COP(=O)(O)OCCN)OC(=O)CCCCCCC/C=C\CCCCCCCC,48.8,35.0,2.5,46.5,16.0,0.35,0.025,0.465,0.16,159.3,0.14
242,Custom lipid,C14-PEG2000,cholesterol,DOPE,35:2.5:46.5:16,151.4,0.22,6.9,49.6,OTHER:b-DNA:FLuc mRNA weight ratio 10:1,mRNA,"firefly_luciferase, barcode(dna barcode 40)",C14PEG2K,4-A3-6b,DOPE,cholesterol,"synthesis_method: Microfluidic mixing or pipette mixing; device_used: Microfluidic device with staggered herringbone features; total_flow_rate_ml_min: 2.4; flow_rate_ratio: 1:3 (organic:aqueous); aqueous_phase_composition: 10 mM citrate buffer; organic_phase_composition: Ethanol with lipids; mixing_time_sec: ; temperature_condition: Room temperature; post_processing: Dialysis in 1x PBS for 2h, filtration through 0.45 ¥ìm filter; sterilization: 0.45 ¥ìm filtration; storage_buffer: 1x PBS","cell_line: HeLa; animal_model: C57BL/6J female mice; administration_route: intravenous (IV); dose: 1.0 mg/kg total nucleic acid; biodistribution_result: Measured by deep sequencing in heart, liver, spleen, lungs, kidneys; toxicity_profile: Cell viability >85%","High-throughput barcoding of nanoparticles identifies cationic, degradable lipid-like materials for mRNA delivery to the lungs in female preclinical models","['Lulu Xue', 'Alex G. Hamilton', 'Gan Zhao', 'Zebin Xiao', 'Rakan El-Mayta', 'Xuexiang Han', 'Ningqiang Gong', 'Xinhong Xiong', 'Junchao Xu', 'Christian G. Figueroa-Espada', 'Sarah J. Shepherd', 'Alvin J. Mukalel', 'Mohamad-Gabriel Alameh', 'Jiaxi Cui', 'Karin Wang', 'Andrew E. Vaughan', 'Drew Weissman', 'Michael J. Mitchell']",https://doi.org/10.1038/s41467-024-45422-9,Nature Communications,2024.0,CCCC(CC)CC(=O)Oc1cc(CN2CCN(CCN)CC2)cc(OC(=O)CC(CC)CCC)c1OC(=O)CC(CC)CCC,CCCCCCCCCCCCCCOC(=O)CCOCCOCCOCCOCCOCCOCCOCCOCCOCCOCCOCCOCCOCCOCCOCCOCCOCCOCCOCCOCCOCCOCCOCCOCCOCCOCCOCCOCCOCCOCCOCCOCCOCCOCCOCCOCCOCCOCCOCCOCCOCCOCCOCCOCCOCCOCCOCCOCCOCCOCCOCCOCCOCCOCCOCCOCCOCCOCCOCCOCCOCCOCCOCCOCCOCCOCCOCCOCCOCCOCCOCCOCCOCCOCCOCCOCCOCCOCCOCCOCCOCCOCCOCCOCCOCCOCCOCCOCCOCCO,CC(C)CCC[C@@H](C)[C@H]1CC[C@H]2[C@@H]3CC=C4C[C@@H](O)CC[C@]4(C)[C@H]3CC[C@]12C,CCCCCCCC/C=C\CCCCCCCC(=O)OC[C@H](COP(=O)(O)OCCN)OC(=O)CCCCCCC/C=C\CCCCCCCC,49.6,35.0,2.5,46.5,16.0,0.35,0.025,0.465,0.16,151.4,0.22
243,Custom lipid,C14-PEG2000,cholesterol,DOPE,35:2.5:46.5:16,135.4,0.12,9.2,46.8,OTHER:b-DNA:FLuc mRNA weight ratio 10:1,mRNA,"firefly_luciferase, barcode(dna barcode 41)",C14PEG2K,11-A3-6b,DOPE,cholesterol,"synthesis_method: Microfluidic mixing or pipette mixing; device_used: Microfluidic device with staggered herringbone features; total_flow_rate_ml_min: 2.4; flow_rate_ratio: 1:3 (organic:aqueous); aqueous_phase_composition: 10 mM citrate buffer; organic_phase_composition: Ethanol with lipids; mixing_time_sec: ; temperature_condition: Room temperature; post_processing: Dialysis in 1x PBS for 2h, filtration through 0.45 ¥ìm filter; sterilization: 0.45 ¥ìm filtration; storage_buffer: 1x PBS","cell_line: HeLa; animal_model: C57BL/6J female mice; administration_route: intravenous (IV); dose: 1.0 mg/kg total nucleic acid; biodistribution_result: Measured by deep sequencing in heart, liver, spleen, lungs, kidneys; toxicity_profile: Cell viability >85%","High-throughput barcoding of nanoparticles identifies cationic, degradable lipid-like materials for mRNA delivery to the lungs in female preclinical models","['Lulu Xue', 'Alex G. Hamilton', 'Gan Zhao', 'Zebin Xiao', 'Rakan El-Mayta', 'Xuexiang Han', 'Ningqiang Gong', 'Xinhong Xiong', 'Junchao Xu', 'Christian G. Figueroa-Espada', 'Sarah J. Shepherd', 'Alvin J. Mukalel', 'Mohamad-Gabriel Alameh', 'Jiaxi Cui', 'Karin Wang', 'Andrew E. Vaughan', 'Drew Weissman', 'Michael J. Mitchell']",https://doi.org/10.1038/s41467-024-45422-9,Nature Communications,2024.0,CCCC(CC)CC(=O)Oc1cc(CN(CCN)CCCN)cc(OC(=O)CC(CC)CCC)c1OC(=O)CC(CC)CCC,CCCCCCCCCCCCCCOC(=O)CCOCCOCCOCCOCCOCCOCCOCCOCCOCCOCCOCCOCCOCCOCCOCCOCCOCCOCCOCCOCCOCCOCCOCCOCCOCCOCCOCCOCCOCCOCCOCCOCCOCCOCCOCCOCCOCCOCCOCCOCCOCCOCCOCCOCCOCCOCCOCCOCCOCCOCCOCCOCCOCCOCCOCCOCCOCCOCCOCCOCCOCCOCCOCCOCCOCCOCCOCCOCCOCCOCCOCCOCCOCCOCCOCCOCCOCCOCCOCCOCCOCCOCCOCCOCCOCCOCCOCCOCCOCCO,CC(C)CCC[C@@H](C)[C@H]1CC[C@H]2[C@@H]3CC=C4C[C@@H](O)CC[C@]4(C)[C@H]3CC[C@]12C,CCCCCCCC/C=C\CCCCCCCC(=O)OC[C@H](COP(=O)(O)OCCN)OC(=O)CCCCCCC/C=C\CCCCCCCC,46.8,35.0,2.5,46.5,16.0,0.35,0.025,0.465,0.16,135.4,0.12
244,Custom lipid,C14-PEG2000,cholesterol,DOPE,35:2.5:46.5:16,156.2,0.16,-3.6,37,OTHER:b-DNA:FLuc mRNA weight ratio 10:1,mRNA,"firefly_luciferase, barcode(dna barcode 42)",C14PEG2K,12-A3-6b,DOPE,cholesterol,"synthesis_method: Microfluidic mixing or pipette mixing; device_used: Microfluidic device with staggered herringbone features; total_flow_rate_ml_min: 2.4; flow_rate_ratio: 1:3 (organic:aqueous); aqueous_phase_composition: 10 mM citrate buffer; organic_phase_composition: Ethanol with lipids; mixing_time_sec: ; temperature_condition: Room temperature; post_processing: Dialysis in 1x PBS for 2h, filtration through 0.45 ¥ìm filter; sterilization: 0.45 ¥ìm filtration; storage_buffer: 1x PBS","cell_line: HeLa; animal_model: C57BL/6J female mice; administration_route: intravenous (IV); dose: 1.0 mg/kg total nucleic acid; biodistribution_result: Measured by deep sequencing in heart, liver, spleen, lungs, kidneys; toxicity_profile: Cell viability >85%","High-throughput barcoding of nanoparticles identifies cationic, degradable lipid-like materials for mRNA delivery to the lungs in female preclinical models","['Lulu Xue', 'Alex G. Hamilton', 'Gan Zhao', 'Zebin Xiao', 'Rakan El-Mayta', 'Xuexiang Han', 'Ningqiang Gong', 'Xinhong Xiong', 'Junchao Xu', 'Christian G. Figueroa-Espada', 'Sarah J. Shepherd', 'Alvin J. Mukalel', 'Mohamad-Gabriel Alameh', 'Jiaxi Cui', 'Karin Wang', 'Andrew E. Vaughan', 'Drew Weissman', 'Michael J. Mitchell']",https://doi.org/10.1038/s41467-024-45422-9,Nature Communications,2024.0,CCCC(CC)CC(=O)Oc1cc(CN(CCN)CCCN)cc(OC(=O)CC(CC)CCC)c1OC(=O)CC(CC)CCC,CCCCCCCCCCCCCCOC(=O)CCOCCOCCOCCOCCOCCOCCOCCOCCOCCOCCOCCOCCOCCOCCOCCOCCOCCOCCOCCOCCOCCOCCOCCOCCOCCOCCOCCOCCOCCOCCOCCOCCOCCOCCOCCOCCOCCOCCOCCOCCOCCOCCOCCOCCOCCOCCOCCOCCOCCOCCOCCOCCOCCOCCOCCOCCOCCOCCOCCOCCOCCOCCOCCOCCOCCOCCOCCOCCOCCOCCOCCOCCOCCOCCOCCOCCOCCOCCOCCOCCOCCOCCOCCOCCOCCOCCOCCOCCOCCO,CC(C)CCC[C@@H](C)[C@H]1CC[C@H]2[C@@H]3CC=C4C[C@@H](O)CC[C@]4(C)[C@H]3CC[C@]12C,CCCCCCCC/C=C\CCCCCCCC(=O)OC[C@H](COP(=O)(O)OCCN)OC(=O)CCCCCCC/C=C\CCCCCCCC,37.0,35.0,2.5,46.5,16.0,0.35,0.025,0.465,0.16,156.2,0.16
245,Custom lipid,C14-PEG2000,cholesterol,DOPE,35:2.5:46.5:16,158.1,0.15,6.7,53.4,OTHER:b-DNA:FLuc mRNA weight ratio 10:1,mRNA,"firefly_luciferase, barcode(dna barcode 43)",C14PEG2K,1-A3-7b,DOPE,cholesterol,"synthesis_method: Microfluidic mixing or pipette mixing; device_used: Microfluidic device with staggered herringbone features; total_flow_rate_ml_min: 2.4; flow_rate_ratio: 1:3 (organic:aqueous); aqueous_phase_composition: 10 mM citrate buffer; organic_phase_composition: Ethanol with lipids; mixing_time_sec: ; temperature_condition: Room temperature; post_processing: Dialysis in 1x PBS for 2h, filtration through 0.45 ¥ìm filter; sterilization: 0.45 ¥ìm filtration; storage_buffer: 1x PBS","cell_line: HeLa; animal_model: C57BL/6J female mice; administration_route: intravenous (IV); dose: 1.0 mg/kg total nucleic acid; biodistribution_result: Measured by deep sequencing in heart, liver, spleen, lungs, kidneys; toxicity_profile: Cell viability >85%","High-throughput barcoding of nanoparticles identifies cationic, degradable lipid-like materials for mRNA delivery to the lungs in female preclinical models","['Lulu Xue', 'Alex G. Hamilton', 'Gan Zhao', 'Zebin Xiao', 'Rakan El-Mayta', 'Xuexiang Han', 'Ningqiang Gong', 'Xinhong Xiong', 'Junchao Xu', 'Christian G. Figueroa-Espada', 'Sarah J. Shepherd', 'Alvin J. Mukalel', 'Mohamad-Gabriel Alameh', 'Jiaxi Cui', 'Karin Wang', 'Andrew E. Vaughan', 'Drew Weissman', 'Michael J. Mitchell']",https://doi.org/10.1038/s41467-024-45422-9,Nature Communications,2024.0,CCCCC(CC)CC(=O)Oc1cc(CNN)cc(OC(=O)CC(CC)CCCC)c1OC(=O)CC(CC)CCCC,CCCCCCCCCCCCCCOC(=O)CCOCCOCCOCCOCCOCCOCCOCCOCCOCCOCCOCCOCCOCCOCCOCCOCCOCCOCCOCCOCCOCCOCCOCCOCCOCCOCCOCCOCCOCCOCCOCCOCCOCCOCCOCCOCCOCCOCCOCCOCCOCCOCCOCCOCCOCCOCCOCCOCCOCCOCCOCCOCCOCCOCCOCCOCCOCCOCCOCCOCCOCCOCCOCCOCCOCCOCCOCCOCCOCCOCCOCCOCCOCCOCCOCCOCCOCCOCCOCCOCCOCCOCCOCCOCCOCCOCCOCCOCCOCCO,CC(C)CCC[C@@H](C)[C@H]1CC[C@H]2[C@@H]3CC=C4C[C@@H](O)CC[C@]4(C)[C@H]3CC[C@]12C,CCCCCCCC/C=C\CCCCCCCC(=O)OC[C@H](COP(=O)(O)OCCN)OC(=O)CCCCCCC/C=C\CCCCCCCC,53.4,35.0,2.5,46.5,16.0,0.35,0.025,0.465,0.16,158.1,0.15
246,Custom lipid,C14-PEG2000,cholesterol,DOPE,35:2.5:46.5:16,176,0.16,7.4,77.9,OTHER:b-DNA:FLuc mRNA weight ratio 10:1,mRNA,"firefly_luciferase, barcode(dna barcode 44)",C14PEG2K,2-A3-7b,DOPE,cholesterol,"synthesis_method: Microfluidic mixing or pipette mixing; device_used: Microfluidic device with staggered herringbone features; total_flow_rate_ml_min: 2.4; flow_rate_ratio: 1:3 (organic:aqueous); aqueous_phase_composition: 10 mM citrate buffer; organic_phase_composition: Ethanol with lipids; mixing_time_sec: ; temperature_condition: Room temperature; post_processing: Dialysis in 1x PBS for 2h, filtration through 0.45 ¥ìm filter; sterilization: 0.45 ¥ìm filtration; storage_buffer: 1x PBS","cell_line: HeLa; animal_model: C57BL/6J female mice; administration_route: intravenous (IV); dose: 1.0 mg/kg total nucleic acid; biodistribution_result: Measured by deep sequencing in heart, liver, spleen, lungs, kidneys; toxicity_profile: Cell viability >85%","High-throughput barcoding of nanoparticles identifies cationic, degradable lipid-like materials for mRNA delivery to the lungs in female preclinical models","['Lulu Xue', 'Alex G. Hamilton', 'Gan Zhao', 'Zebin Xiao', 'Rakan El-Mayta', 'Xuexiang Han', 'Ningqiang Gong', 'Xinhong Xiong', 'Junchao Xu', 'Christian G. Figueroa-Espada', 'Sarah J. Shepherd', 'Alvin J. Mukalel', 'Mohamad-Gabriel Alameh', 'Jiaxi Cui', 'Karin Wang', 'Andrew E. Vaughan', 'Drew Weissman', 'Michael J. Mitchell']",https://doi.org/10.1038/s41467-024-45422-9,Nature Communications,2024.0,CCCCC(CC)CC(=O)Oc1cc(CNCCCCN)cc(OC(=O)CC(CC)CCCC)c1OC(=O)CC(CC)CCCC,CCCCCCCCCCCCCCOC(=O)CCOCCOCCOCCOCCOCCOCCOCCOCCOCCOCCOCCOCCOCCOCCOCCOCCOCCOCCOCCOCCOCCOCCOCCOCCOCCOCCOCCOCCOCCOCCOCCOCCOCCOCCOCCOCCOCCOCCOCCOCCOCCOCCOCCOCCOCCOCCOCCOCCOCCOCCOCCOCCOCCOCCOCCOCCOCCOCCOCCOCCOCCOCCOCCOCCOCCOCCOCCOCCOCCOCCOCCOCCOCCOCCOCCOCCOCCOCCOCCOCCOCCOCCOCCOCCOCCOCCOCCOCCOCCO,CC(C)CCC[C@@H](C)[C@H]1CC[C@H]2[C@@H]3CC=C4C[C@@H](O)CC[C@]4(C)[C@H]3CC[C@]12C,CCCCCCCC/C=C\CCCCCCCC(=O)OC[C@H](COP(=O)(O)OCCN)OC(=O)CCCCCCC/C=C\CCCCCCCC,77.9,35.0,2.5,46.5,16.0,0.35,0.025,0.465,0.16,176.0,0.16
247,Custom lipid,C14-PEG2000,cholesterol,DOPE,35:2.5:46.5:16,167.4,0.16,8.9,60.2,OTHER:b-DNA:FLuc mRNA weight ratio 10:1,mRNA,"firefly_luciferase, barcode(dna barcode 45)",C14PEG2K,3-A3-7b,DOPE,cholesterol,"synthesis_method: Microfluidic mixing or pipette mixing; device_used: Microfluidic device with staggered herringbone features; total_flow_rate_ml_min: 2.4; flow_rate_ratio: 1:3 (organic:aqueous); aqueous_phase_composition: 10 mM citrate buffer; organic_phase_composition: Ethanol with lipids; mixing_time_sec: ; temperature_condition: Room temperature; post_processing: Dialysis in 1x PBS for 2h, filtration through 0.45 ¥ìm filter; sterilization: 0.45 ¥ìm filtration; storage_buffer: 1x PBS","cell_line: HeLa; animal_model: C57BL/6J female mice; administration_route: intravenous (IV); dose: 1.0 mg/kg total nucleic acid; biodistribution_result: Measured by deep sequencing in heart, liver, spleen, lungs, kidneys; toxicity_profile: Cell viability >85%","High-throughput barcoding of nanoparticles identifies cationic, degradable lipid-like materials for mRNA delivery to the lungs in female preclinical models","['Lulu Xue', 'Alex G. Hamilton', 'Gan Zhao', 'Zebin Xiao', 'Rakan El-Mayta', 'Xuexiang Han', 'Ningqiang Gong', 'Xinhong Xiong', 'Junchao Xu', 'Christian G. Figueroa-Espada', 'Sarah J. Shepherd', 'Alvin J. Mukalel', 'Mohamad-Gabriel Alameh', 'Jiaxi Cui', 'Karin Wang', 'Andrew E. Vaughan', 'Drew Weissman', 'Michael J. Mitchell']",https://doi.org/10.1038/s41467-024-45422-9,Nature Communications,2024.0,CCCCC(CC)CC(=O)Oc1cc(CN2CCC(N)CC2)cc(OC(=O)CC(CC)CCCC)c1OC(=O)CC(CC)CCCC,CCCCCCCCCCCCCCOC(=O)CCOCCOCCOCCOCCOCCOCCOCCOCCOCCOCCOCCOCCOCCOCCOCCOCCOCCOCCOCCOCCOCCOCCOCCOCCOCCOCCOCCOCCOCCOCCOCCOCCOCCOCCOCCOCCOCCOCCOCCOCCOCCOCCOCCOCCOCCOCCOCCOCCOCCOCCOCCOCCOCCOCCOCCOCCOCCOCCOCCOCCOCCOCCOCCOCCOCCOCCOCCOCCOCCOCCOCCOCCOCCOCCOCCOCCOCCOCCOCCOCCOCCOCCOCCOCCOCCOCCOCCOCCOCCO,CC(C)CCC[C@@H](C)[C@H]1CC[C@H]2[C@@H]3CC=C4C[C@@H](O)CC[C@]4(C)[C@H]3CC[C@]12C,CCCCCCCC/C=C\CCCCCCCC(=O)OC[C@H](COP(=O)(O)OCCN)OC(=O)CCCCCCC/C=C\CCCCCCCC,60.2,35.0,2.5,46.5,16.0,0.35,0.025,0.465,0.16,167.4,0.16
248,Custom lipid,C14-PEG2000,cholesterol,DOPE,35:2.5:46.5:16,159.8,0.1,2.4,66.7,OTHER:b-DNA:FLuc mRNA weight ratio 10:1,mRNA,"firefly_luciferase, barcode(dna barcode 46)",C14PEG2K,4-A3-7b,DOPE,cholesterol,"synthesis_method: Microfluidic mixing or pipette mixing; device_used: Microfluidic device with staggered herringbone features; total_flow_rate_ml_min: 2.4; flow_rate_ratio: 1:3 (organic:aqueous); aqueous_phase_composition: 10 mM citrate buffer; organic_phase_composition: Ethanol with lipids; mixing_time_sec: ; temperature_condition: Room temperature; post_processing: Dialysis in 1x PBS for 2h, filtration through 0.45 ¥ìm filter; sterilization: 0.45 ¥ìm filtration; storage_buffer: 1x PBS","cell_line: HeLa; animal_model: C57BL/6J female mice; administration_route: intravenous (IV); dose: 1.0 mg/kg total nucleic acid; biodistribution_result: Measured by deep sequencing in heart, liver, spleen, lungs, kidneys; toxicity_profile: Cell viability >85%","High-throughput barcoding of nanoparticles identifies cationic, degradable lipid-like materials for mRNA delivery to the lungs in female preclinical models","['Lulu Xue', 'Alex G. Hamilton', 'Gan Zhao', 'Zebin Xiao', 'Rakan El-Mayta', 'Xuexiang Han', 'Ningqiang Gong', 'Xinhong Xiong', 'Junchao Xu', 'Christian G. Figueroa-Espada', 'Sarah J. Shepherd', 'Alvin J. Mukalel', 'Mohamad-Gabriel Alameh', 'Jiaxi Cui', 'Karin Wang', 'Andrew E. Vaughan', 'Drew Weissman', 'Michael J. Mitchell']",https://doi.org/10.1038/s41467-024-45422-9,Nature Communications,2024.0,CCCCC(CC)CC(=O)Oc1cc(CN2CCN(CCN)CC2)cc(OC(=O)CC(CC)CCCC)c1OC(=O)CC(CC)CCCC,CCCCCCCCCCCCCCOC(=O)CCOCCOCCOCCOCCOCCOCCOCCOCCOCCOCCOCCOCCOCCOCCOCCOCCOCCOCCOCCOCCOCCOCCOCCOCCOCCOCCOCCOCCOCCOCCOCCOCCOCCOCCOCCOCCOCCOCCOCCOCCOCCOCCOCCOCCOCCOCCOCCOCCOCCOCCOCCOCCOCCOCCOCCOCCOCCOCCOCCOCCOCCOCCOCCOCCOCCOCCOCCOCCOCCOCCOCCOCCOCCOCCOCCOCCOCCOCCOCCOCCOCCOCCOCCOCCOCCOCCOCCOCCOCCO,CC(C)CCC[C@@H](C)[C@H]1CC[C@H]2[C@@H]3CC=C4C[C@@H](O)CC[C@]4(C)[C@H]3CC[C@]12C,CCCCCCCC/C=C\CCCCCCCC(=O)OC[C@H](COP(=O)(O)OCCN)OC(=O)CCCCCCC/C=C\CCCCCCCC,66.7,35.0,2.5,46.5,16.0,0.35,0.025,0.465,0.16,159.8,0.1
249,Custom lipid,C14-PEG2000,cholesterol,DOPE,35:2.5:46.5:16,143.2,0.14,7,45.5,OTHER:b-DNA:FLuc mRNA weight ratio 10:1,mRNA,"firefly_luciferase, barcode(dna barcode 47)",C14PEG2K,11-A3-7b,DOPE,cholesterol,"synthesis_method: Microfluidic mixing or pipette mixing; device_used: Microfluidic device with staggered herringbone features; total_flow_rate_ml_min: 2.4; flow_rate_ratio: 1:3 (organic:aqueous); aqueous_phase_composition: 10 mM citrate buffer; organic_phase_composition: Ethanol with lipids; mixing_time_sec: ; temperature_condition: Room temperature; post_processing: Dialysis in 1x PBS for 2h, filtration through 0.45 ¥ìm filter; sterilization: 0.45 ¥ìm filtration; storage_buffer: 1x PBS","cell_line: HeLa; animal_model: C57BL/6J female mice; administration_route: intravenous (IV); dose: 1.0 mg/kg total nucleic acid; biodistribution_result: Measured by deep sequencing in heart, liver, spleen, lungs, kidneys; toxicity_profile: Cell viability >85%","High-throughput barcoding of nanoparticles identifies cationic, degradable lipid-like materials for mRNA delivery to the lungs in female preclinical models","['Lulu Xue', 'Alex G. Hamilton', 'Gan Zhao', 'Zebin Xiao', 'Rakan El-Mayta', 'Xuexiang Han', 'Ningqiang Gong', 'Xinhong Xiong', 'Junchao Xu', 'Christian G. Figueroa-Espada', 'Sarah J. Shepherd', 'Alvin J. Mukalel', 'Mohamad-Gabriel Alameh', 'Jiaxi Cui', 'Karin Wang', 'Andrew E. Vaughan', 'Drew Weissman', 'Michael J. Mitchell']",https://doi.org/10.1038/s41467-024-45422-9,Nature Communications,2024.0,CCCCC(CC)CC(=O)Oc1cc(CN(CCN)CCCN)cc(OC(=O)CC(CC)CCCC)c1OC(=O)CC(CC)CCCC,CCCCCCCCCCCCCCOC(=O)CCOCCOCCOCCOCCOCCOCCOCCOCCOCCOCCOCCOCCOCCOCCOCCOCCOCCOCCOCCOCCOCCOCCOCCOCCOCCOCCOCCOCCOCCOCCOCCOCCOCCOCCOCCOCCOCCOCCOCCOCCOCCOCCOCCOCCOCCOCCOCCOCCOCCOCCOCCOCCOCCOCCOCCOCCOCCOCCOCCOCCOCCOCCOCCOCCOCCOCCOCCOCCOCCOCCOCCOCCOCCOCCOCCOCCOCCOCCOCCOCCOCCOCCOCCOCCOCCOCCOCCOCCOCCO,CC(C)CCC[C@@H](C)[C@H]1CC[C@H]2[C@@H]3CC=C4C[C@@H](O)CC[C@]4(C)[C@H]3CC[C@]12C,CCCCCCCC/C=C\CCCCCCCC(=O)OC[C@H](COP(=O)(O)OCCN)OC(=O)CCCCCCC/C=C\CCCCCCCC,45.5,35.0,2.5,46.5,16.0,0.35,0.025,0.465,0.16,143.2,0.14
250,Custom lipid,C14-PEG2000,cholesterol,DOPE,35:2.5:46.5:16,174.6,0.14,8.8,63.3,OTHER:b-DNA:FLuc mRNA weight ratio 10:1,mRNA,"firefly_luciferase, barcode(dna barcode 48)",C14PEG2K,12-A3-7b,DOPE,cholesterol,"synthesis_method: Microfluidic mixing or pipette mixing; device_used: Microfluidic device with staggered herringbone features; total_flow_rate_ml_min: 2.4; flow_rate_ratio: 1:3 (organic:aqueous); aqueous_phase_composition: 10 mM citrate buffer; organic_phase_composition: Ethanol with lipids; mixing_time_sec: ; temperature_condition: Room temperature; post_processing: Dialysis in 1x PBS for 2h, filtration through 0.45 ¥ìm filter; sterilization: 0.45 ¥ìm filtration; storage_buffer: 1x PBS","cell_line: HeLa; animal_model: C57BL/6J female mice; administration_route: intravenous (IV); dose: 1.0 mg/kg total nucleic acid; biodistribution_result: Measured by deep sequencing in heart, liver, spleen, lungs, kidneys; toxicity_profile: Cell viability >85%","High-throughput barcoding of nanoparticles identifies cationic, degradable lipid-like materials for mRNA delivery to the lungs in female preclinical models","['Lulu Xue', 'Alex G. Hamilton', 'Gan Zhao', 'Zebin Xiao', 'Rakan El-Mayta', 'Xuexiang Han', 'Ningqiang Gong', 'Xinhong Xiong', 'Junchao Xu', 'Christian G. Figueroa-Espada', 'Sarah J. Shepherd', 'Alvin J. Mukalel', 'Mohamad-Gabriel Alameh', 'Jiaxi Cui', 'Karin Wang', 'Andrew E. Vaughan', 'Drew Weissman', 'Michael J. Mitchell']",https://doi.org/10.1038/s41467-024-45422-9,Nature Communications,2024.0,CCCCC(CC)CC(=O)Oc1cc(CN(CCN)CCCN)cc(OC(=O)CC(CC)CCCC)c1OC(=O)CC(CC)CCCC,CCCCCCCCCCCCCCOC(=O)CCOCCOCCOCCOCCOCCOCCOCCOCCOCCOCCOCCOCCOCCOCCOCCOCCOCCOCCOCCOCCOCCOCCOCCOCCOCCOCCOCCOCCOCCOCCOCCOCCOCCOCCOCCOCCOCCOCCOCCOCCOCCOCCOCCOCCOCCOCCOCCOCCOCCOCCOCCOCCOCCOCCOCCOCCOCCOCCOCCOCCOCCOCCOCCOCCOCCOCCOCCOCCOCCOCCOCCOCCOCCOCCOCCOCCOCCOCCOCCOCCOCCOCCOCCOCCOCCOCCOCCOCCOCCO,CC(C)CCC[C@@H](C)[C@H]1CC[C@H]2[C@@H]3CC=C4C[C@@H](O)CC[C@]4(C)[C@H]3CC[C@]12C,CCCCCCCC/C=C\CCCCCCCC(=O)OC[C@H](COP(=O)(O)OCCN)OC(=O)CCCCCCC/C=C\CCCCCCCC,63.3,35.0,2.5,46.5,16.0,0.35,0.025,0.465,0.16,174.6,0.14
251,Custom lipid,C14-PEG2000,cholesterol,DOPE,35:2.5:46.5:16,175.2 ¡¾ 3.0,0.26 ¡¾ 0.10,1.4 ¡¾ 2.5,78.5 ¡¾ 4.1,OTHER:b-DNA:FLuc mRNA weight ratio 10:1,mRNA,"firefly_luciferase, barcode(dna barcode 49)",C14PEG2K,1-A3-7b2,DOPE,cholesterol,"synthesis_method: Microfluidic mixing or pipette mixing; device_used: Microfluidic device with staggered herringbone features; total_flow_rate_ml_min: 2.4; flow_rate_ratio: 1:3 (organic:aqueous); aqueous_phase_composition: 10 mM citrate buffer; organic_phase_composition: Ethanol with lipids; mixing_time_sec: ; temperature_condition: Room temperature; post_processing: Dialysis in 1x PBS for 2h, filtration through 0.45 ¥ìm filter; sterilization: 0.45 ¥ìm filtration; storage_buffer: 1x PBS","cell_line: HeLa; animal_model: C57BL/6J female mice; administration_route: intravenous (IV); dose: 1.0 mg/kg total nucleic acid; biodistribution_result: Measured by deep sequencing in heart, liver, spleen, lungs, kidneys; toxicity_profile: Cell viability >85%","High-throughput barcoding of nanoparticles identifies cationic, degradable lipid-like materials for mRNA delivery to the lungs in female preclinical models","['Lulu Xue', 'Alex G. Hamilton', 'Gan Zhao', 'Zebin Xiao', 'Rakan El-Mayta', 'Xuexiang Han', 'Ningqiang Gong', 'Xinhong Xiong', 'Junchao Xu', 'Christian G. Figueroa-Espada', 'Sarah J. Shepherd', 'Alvin J. Mukalel', 'Mohamad-Gabriel Alameh', 'Jiaxi Cui', 'Karin Wang', 'Andrew E. Vaughan', 'Drew Weissman', 'Michael J. Mitchell']",https://doi.org/10.1038/s41467-024-45422-9,Nature Communications,2024.0,CCCCC(CC)CC(=O)Oc1cc(CNN)cc(OC(=O)CC(CC)CCCC)c1OC(=O)CC(CC)CCCC,CCCCCCCCCCCCCCOC(=O)CCOCCOCCOCCOCCOCCOCCOCCOCCOCCOCCOCCOCCOCCOCCOCCOCCOCCOCCOCCOCCOCCOCCOCCOCCOCCOCCOCCOCCOCCOCCOCCOCCOCCOCCOCCOCCOCCOCCOCCOCCOCCOCCOCCOCCOCCOCCOCCOCCOCCOCCOCCOCCOCCOCCOCCOCCOCCOCCOCCOCCOCCOCCOCCOCCOCCOCCOCCOCCOCCOCCOCCOCCOCCOCCOCCOCCOCCOCCOCCOCCOCCOCCOCCOCCOCCOCCOCCOCCOCCO,CC(C)CCC[C@@H](C)[C@H]1CC[C@H]2[C@@H]3CC=C4C[C@@H](O)CC[C@]4(C)[C@H]3CC[C@]12C,CCCCCCCC/C=C\CCCCCCCC(=O)OC[C@H](COP(=O)(O)OCCN)OC(=O)CCCCCCC/C=C\CCCCCCCC,78.5,35.0,2.5,46.5,16.0,0.35,0.025,0.465,0.16,175.2,0.26
252,Custom lipid,C14-PEG2000,cholesterol,DOPE,35:2.5:46.5:16,163.1 ¡¾ 6.5,0.19 ¡¾ 0.05,-7.2 ¡¾ 2.9,78.8 ¡¾ 2.7,OTHER:b-DNA:FLuc mRNA weight ratio 10:1,mRNA,"firefly_luciferase, barcode(dna barcode 50)",C14PEG2K,2-A3-7b2,DOPE,cholesterol,"synthesis_method: Microfluidic mixing or pipette mixing; device_used: Microfluidic device with staggered herringbone features; total_flow_rate_ml_min: 2.4; flow_rate_ratio: 1:3 (organic:aqueous); aqueous_phase_composition: 10 mM citrate buffer; organic_phase_composition: Ethanol with lipids; mixing_time_sec: ; temperature_condition: Room temperature; post_processing: Dialysis in 1x PBS for 2h, filtration through 0.45 ¥ìm filter; sterilization: 0.45 ¥ìm filtration; storage_buffer: 1x PBS","cell_line: HeLa; animal_model: C57BL/6J female mice; administration_route: intravenous (IV); dose: 1.0 mg/kg total nucleic acid; biodistribution_result: Measured by deep sequencing in heart, liver, spleen, lungs, kidneys; toxicity_profile: Cell viability >85%","High-throughput barcoding of nanoparticles identifies cationic, degradable lipid-like materials for mRNA delivery to the lungs in female preclinical models","['Lulu Xue', 'Alex G. Hamilton', 'Gan Zhao', 'Zebin Xiao', 'Rakan El-Mayta', 'Xuexiang Han', 'Ningqiang Gong', 'Xinhong Xiong', 'Junchao Xu', 'Christian G. Figueroa-Espada', 'Sarah J. Shepherd', 'Alvin J. Mukalel', 'Mohamad-Gabriel Alameh', 'Jiaxi Cui', 'Karin Wang', 'Andrew E. Vaughan', 'Drew Weissman', 'Michael J. Mitchell']",https://doi.org/10.1038/s41467-024-45422-9,Nature Communications,2024.0,CCCCC(CC)CC(=O)Oc1cc(CNCCCCN)cc(OC(=O)CC(CC)CCCC)c1OC(=O)CC(CC)CCCC,CCCCCCCCCCCCCCOC(=O)CCOCCOCCOCCOCCOCCOCCOCCOCCOCCOCCOCCOCCOCCOCCOCCOCCOCCOCCOCCOCCOCCOCCOCCOCCOCCOCCOCCOCCOCCOCCOCCOCCOCCOCCOCCOCCOCCOCCOCCOCCOCCOCCOCCOCCOCCOCCOCCOCCOCCOCCOCCOCCOCCOCCOCCOCCOCCOCCOCCOCCOCCOCCOCCOCCOCCOCCOCCOCCOCCOCCOCCOCCOCCOCCOCCOCCOCCOCCOCCOCCOCCOCCOCCOCCOCCOCCOCCOCCOCCO,CC(C)CCC[C@@H](C)[C@H]1CC[C@H]2[C@@H]3CC=C4C[C@@H](O)CC[C@]4(C)[C@H]3CC[C@]12C,CCCCCCCC/C=C\CCCCCCCC(=O)OC[C@H](COP(=O)(O)OCCN)OC(=O)CCCCCCC/C=C\CCCCCCCC,78.8,35.0,2.5,46.5,16.0,0.35,0.025,0.465,0.16,163.1,0.19
253,Custom lipid,C14-PEG2000,cholesterol,DOPE,35:2.5:46.5:16,162.2 ¡¾ 2.7,0.23 ¡¾ 0.06,6.2 ¡¾ 1.6,79.3 ¡¾ 1.7,OTHER:b-DNA:FLuc mRNA weight ratio 10:1,mRNA,"firefly_luciferase, barcode(dna barcode 51)",C14PEG2K,3-A3-7b2,DOPE,cholesterol,"synthesis_method: Microfluidic mixing or pipette mixing; device_used: Microfluidic device with staggered herringbone features; total_flow_rate_ml_min: 2.4; flow_rate_ratio: 1:3 (organic:aqueous); aqueous_phase_composition: 10 mM citrate buffer; organic_phase_composition: Ethanol with lipids; mixing_time_sec: ; temperature_condition: Room temperature; post_processing: Dialysis in 1x PBS for 2h, filtration through 0.45 ¥ìm filter; sterilization: 0.45 ¥ìm filtration; storage_buffer: 1x PBS","cell_line: HeLa; animal_model: C57BL/6J female mice; administration_route: intravenous (IV); dose: 1.0 mg/kg total nucleic acid; biodistribution_result: Measured by deep sequencing in heart, liver, spleen, lungs, kidneys; toxicity_profile: Cell viability >85%","High-throughput barcoding of nanoparticles identifies cationic, degradable lipid-like materials for mRNA delivery to the lungs in female preclinical models","['Lulu Xue', 'Alex G. Hamilton', 'Gan Zhao', 'Zebin Xiao', 'Rakan El-Mayta', 'Xuexiang Han', 'Ningqiang Gong', 'Xinhong Xiong', 'Junchao Xu', 'Christian G. Figueroa-Espada', 'Sarah J. Shepherd', 'Alvin J. Mukalel', 'Mohamad-Gabriel Alameh', 'Jiaxi Cui', 'Karin Wang', 'Andrew E. Vaughan', 'Drew Weissman', 'Michael J. Mitchell']",https://doi.org/10.1038/s41467-024-45422-9,Nature Communications,2024.0,CCCCC(CC)CC(=O)Oc1cc(CN2CCC(N)CC2)cc(OC(=O)CC(CC)CCCC)c1OC(=O)CC(CC)CCCC,CCCCCCCCCCCCCCOC(=O)CCOCCOCCOCCOCCOCCOCCOCCOCCOCCOCCOCCOCCOCCOCCOCCOCCOCCOCCOCCOCCOCCOCCOCCOCCOCCOCCOCCOCCOCCOCCOCCOCCOCCOCCOCCOCCOCCOCCOCCOCCOCCOCCOCCOCCOCCOCCOCCOCCOCCOCCOCCOCCOCCOCCOCCOCCOCCOCCOCCOCCOCCOCCOCCOCCOCCOCCOCCOCCOCCOCCOCCOCCOCCOCCOCCOCCOCCOCCOCCOCCOCCOCCOCCOCCOCCOCCOCCOCCOCCO,CC(C)CCC[C@@H](C)[C@H]1CC[C@H]2[C@@H]3CC=C4C[C@@H](O)CC[C@]4(C)[C@H]3CC[C@]12C,CCCCCCCC/C=C\CCCCCCCC(=O)OC[C@H](COP(=O)(O)OCCN)OC(=O)CCCCCCC/C=C\CCCCCCCC,79.3,35.0,2.5,46.5,16.0,0.35,0.025,0.465,0.16,162.2,0.23
254,Custom lipid,C14-PEG2000,cholesterol,DOPE,35:2.5:46.5:16,159.9 ¡¾ 3.6,0.10 ¡¾ 0.06,5.2 ¡¾ 2.4,77.9 ¡¾ 6.2,OTHER:b-DNA:FLuc mRNA weight ratio 10:1,mRNA,"firefly_luciferase, barcode(dna barcode 52)",C14PEG2K,4-A3-7b2,DOPE,cholesterol,"synthesis_method: Microfluidic mixing or pipette mixing; device_used: Microfluidic device with staggered herringbone features; total_flow_rate_ml_min: 2.4; flow_rate_ratio: 1:3 (organic:aqueous); aqueous_phase_composition: 10 mM citrate buffer; organic_phase_composition: Ethanol with lipids; mixing_time_sec: ; temperature_condition: Room temperature; post_processing: Dialysis in 1x PBS for 2h, filtration through 0.45 ¥ìm filter; sterilization: 0.45 ¥ìm filtration; storage_buffer: 1x PBS","cell_line: HeLa; animal_model: C57BL/6J female mice; administration_route: intravenous (IV); dose: 1.0 mg/kg total nucleic acid; biodistribution_result: Measured by deep sequencing in heart, liver, spleen, lungs, kidneys; toxicity_profile: Cell viability >85%","High-throughput barcoding of nanoparticles identifies cationic, degradable lipid-like materials for mRNA delivery to the lungs in female preclinical models","['Lulu Xue', 'Alex G. Hamilton', 'Gan Zhao', 'Zebin Xiao', 'Rakan El-Mayta', 'Xuexiang Han', 'Ningqiang Gong', 'Xinhong Xiong', 'Junchao Xu', 'Christian G. Figueroa-Espada', 'Sarah J. Shepherd', 'Alvin J. Mukalel', 'Mohamad-Gabriel Alameh', 'Jiaxi Cui', 'Karin Wang', 'Andrew E. Vaughan', 'Drew Weissman', 'Michael J. Mitchell']",https://doi.org/10.1038/s41467-024-45422-9,Nature Communications,2024.0,CCCCC(CC)CC(=O)Oc1cc(CN2CCN(CCN)CC2)cc(OC(=O)CC(CC)CCCC)c1OC(=O)CC(CC)CCCC,CCCCCCCCCCCCCCOC(=O)CCOCCOCCOCCOCCOCCOCCOCCOCCOCCOCCOCCOCCOCCOCCOCCOCCOCCOCCOCCOCCOCCOCCOCCOCCOCCOCCOCCOCCOCCOCCOCCOCCOCCOCCOCCOCCOCCOCCOCCOCCOCCOCCOCCOCCOCCOCCOCCOCCOCCOCCOCCOCCOCCOCCOCCOCCOCCOCCOCCOCCOCCOCCOCCOCCOCCOCCOCCOCCOCCOCCOCCOCCOCCOCCOCCOCCOCCOCCOCCOCCOCCOCCOCCOCCOCCOCCOCCOCCOCCO,CC(C)CCC[C@@H](C)[C@H]1CC[C@H]2[C@@H]3CC=C4C[C@@H](O)CC[C@]4(C)[C@H]3CC[C@]12C,CCCCCCCC/C=C\CCCCCCCC(=O)OC[C@H](COP(=O)(O)OCCN)OC(=O)CCCCCCC/C=C\CCCCCCCC,77.9,35.0,2.5,46.5,16.0,0.35,0.025,0.465,0.16,159.9,0.1
255,Custom lipid,C14-PEG2000,cholesterol,DOPE,35:2.5:46.5:16,162.3 ¡¾ 3.0,0.13 ¡¾ 0.02,6.4 ¡¾ 1.2,79.0 ¡¾ 3.7,OTHER:b-DNA:FLuc mRNA weight ratio 10:1,mRNA,"firefly_luciferase, barcode(dna barcode 53)",C14PEG2K,11-A3-7b2,DOPE,cholesterol,"synthesis_method: Microfluidic mixing or pipette mixing; device_used: Microfluidic device with staggered herringbone features; total_flow_rate_ml_min: 2.4; flow_rate_ratio: 1:3 (organic:aqueous); aqueous_phase_composition: 10 mM citrate buffer; organic_phase_composition: Ethanol with lipids; mixing_time_sec: ; temperature_condition: Room temperature; post_processing: Dialysis in 1x PBS for 2h, filtration through 0.45 ¥ìm filter; sterilization: 0.45 ¥ìm filtration; storage_buffer: 1x PBS","cell_line: HeLa; animal_model: C57BL/6J female mice; administration_route: intravenous (IV); dose: 1.0 mg/kg total nucleic acid; biodistribution_result: Measured by deep sequencing in heart, liver, spleen, lungs, kidneys; toxicity_profile: Cell viability >85%","High-throughput barcoding of nanoparticles identifies cationic, degradable lipid-like materials for mRNA delivery to the lungs in female preclinical models","['Lulu Xue', 'Alex G. Hamilton', 'Gan Zhao', 'Zebin Xiao', 'Rakan El-Mayta', 'Xuexiang Han', 'Ningqiang Gong', 'Xinhong Xiong', 'Junchao Xu', 'Christian G. Figueroa-Espada', 'Sarah J. Shepherd', 'Alvin J. Mukalel', 'Mohamad-Gabriel Alameh', 'Jiaxi Cui', 'Karin Wang', 'Andrew E. Vaughan', 'Drew Weissman', 'Michael J. Mitchell']",https://doi.org/10.1038/s41467-024-45422-9,Nature Communications,2024.0,CCCCC(CC)CC(=O)Oc1cc(CN(CCN)CCCN)cc(OC(=O)CC(CC)CCCC)c1OC(=O)CC(CC)CCCC,CCCCCCCCCCCCCCOC(=O)CCOCCOCCOCCOCCOCCOCCOCCOCCOCCOCCOCCOCCOCCOCCOCCOCCOCCOCCOCCOCCOCCOCCOCCOCCOCCOCCOCCOCCOCCOCCOCCOCCOCCOCCOCCOCCOCCOCCOCCOCCOCCOCCOCCOCCOCCOCCOCCOCCOCCOCCOCCOCCOCCOCCOCCOCCOCCOCCOCCOCCOCCOCCOCCOCCOCCOCCOCCOCCOCCOCCOCCOCCOCCOCCOCCOCCOCCOCCOCCOCCOCCOCCOCCOCCOCCOCCOCCOCCOCCO,CC(C)CCC[C@@H](C)[C@H]1CC[C@H]2[C@@H]3CC=C4C[C@@H](O)CC[C@]4(C)[C@H]3CC[C@]12C,CCCCCCCC/C=C\CCCCCCCC(=O)OC[C@H](COP(=O)(O)OCCN)OC(=O)CCCCCCC/C=C\CCCCCCCC,79.0,35.0,2.5,46.5,16.0,0.35,0.025,0.465,0.16,162.3,0.13
256,Custom lipid,C14-PEG2000,cholesterol,DOPE,35:2.5:46.5:16,151.7 ¡¾ 4.9,0.21 ¡¾ 0.03,-0.5 ¡¾ 1.3,79.4 ¡¾ 3.1,OTHER:b-DNA:FLuc mRNA weight ratio 10:1,mRNA,"firefly_luciferase, barcode(dna barcode 54)",C14PEG2K,12-A3-7b2,DOPE,cholesterol,"synthesis_method: Microfluidic mixing or pipette mixing; device_used: Microfluidic device with staggered herringbone features; total_flow_rate_ml_min: 2.4; flow_rate_ratio: 1:3 (organic:aqueous); aqueous_phase_composition: 10 mM citrate buffer; organic_phase_composition: Ethanol with lipids; mixing_time_sec: ; temperature_condition: Room temperature; post_processing: Dialysis in 1x PBS for 2h, filtration through 0.45 ¥ìm filter; sterilization: 0.45 ¥ìm filtration; storage_buffer: 1x PBS","cell_line: HeLa; animal_model: C57BL/6J female mice; administration_route: intravenous (IV); dose: 1.0 mg/kg total nucleic acid; biodistribution_result: Measured by deep sequencing in heart, liver, spleen, lungs, kidneys; toxicity_profile: Cell viability >85%","High-throughput barcoding of nanoparticles identifies cationic, degradable lipid-like materials for mRNA delivery to the lungs in female preclinical models","['Lulu Xue', 'Alex G. Hamilton', 'Gan Zhao', 'Zebin Xiao', 'Rakan El-Mayta', 'Xuexiang Han', 'Ningqiang Gong', 'Xinhong Xiong', 'Junchao Xu', 'Christian G. Figueroa-Espada', 'Sarah J. Shepherd', 'Alvin J. Mukalel', 'Mohamad-Gabriel Alameh', 'Jiaxi Cui', 'Karin Wang', 'Andrew E. Vaughan', 'Drew Weissman', 'Michael J. Mitchell']",https://doi.org/10.1038/s41467-024-45422-9,Nature Communications,2024.0,CCCCC(CC)CC(=O)Oc1cc(CN(CCN)CCCN)cc(OC(=O)CC(CC)CCCC)c1OC(=O)CC(CC)CCCC,CCCCCCCCCCCCCCOC(=O)CCOCCOCCOCCOCCOCCOCCOCCOCCOCCOCCOCCOCCOCCOCCOCCOCCOCCOCCOCCOCCOCCOCCOCCOCCOCCOCCOCCOCCOCCOCCOCCOCCOCCOCCOCCOCCOCCOCCOCCOCCOCCOCCOCCOCCOCCOCCOCCOCCOCCOCCOCCOCCOCCOCCOCCOCCOCCOCCOCCOCCOCCOCCOCCOCCOCCOCCOCCOCCOCCOCCOCCOCCOCCOCCOCCOCCOCCOCCOCCOCCOCCOCCOCCOCCOCCOCCOCCOCCOCCO,CC(C)CCC[C@@H](C)[C@H]1CC[C@H]2[C@@H]3CC=C4C[C@@H](O)CC[C@]4(C)[C@H]3CC[C@]12C,CCCCCCCC/C=C\CCCCCCCC(=O)OC[C@H](COP(=O)(O)OCCN)OC(=O)CCCCCCC/C=C\CCCCCCCC,79.4,35.0,2.5,46.5,16.0,0.35,0.025,0.465,0.16,151.7,0.21
257,Custom lipid,C14-PEG2000,cholesterol,DOPE,35:2.5:46.5:16,155.1 ¡¾ 5.2,0.16 ¡¾ 0.03,-8.2 ¡¾ 1.4,57.8 ¡¾ 2.7,OTHER:b-DNA:FLuc mRNA weight ratio 10:1,mRNA,"firefly_luciferase, barcode(dna barcode 55)",C14PEG2K,1-A3-8b,DOPE,cholesterol,"synthesis_method: Microfluidic mixing or pipette mixing; device_used: Microfluidic device with staggered herringbone features; total_flow_rate_ml_min: 2.4; flow_rate_ratio: 1:3 (organic:aqueous); aqueous_phase_composition: 10 mM citrate buffer; organic_phase_composition: Ethanol with lipids; mixing_time_sec: ; temperature_condition: Room temperature; post_processing: Dialysis in 1x PBS for 2h, filtration through 0.45 ¥ìm filter; sterilization: 0.45 ¥ìm filtration; storage_buffer: 1x PBS","cell_line: HeLa; animal_model: C57BL/6J female mice; administration_route: intravenous (IV); dose: 1.0 mg/kg total nucleic acid; biodistribution_result: Measured by deep sequencing in heart, liver, spleen, lungs, kidneys; toxicity_profile: Cell viability >85%","High-throughput barcoding of nanoparticles identifies cationic, degradable lipid-like materials for mRNA delivery to the lungs in female preclinical models","['Lulu Xue', 'Alex G. Hamilton', 'Gan Zhao', 'Zebin Xiao', 'Rakan El-Mayta', 'Xuexiang Han', 'Ningqiang Gong', 'Xinhong Xiong', 'Junchao Xu', 'Christian G. Figueroa-Espada', 'Sarah J. Shepherd', 'Alvin J. Mukalel', 'Mohamad-Gabriel Alameh', 'Jiaxi Cui', 'Karin Wang', 'Andrew E. Vaughan', 'Drew Weissman', 'Michael J. Mitchell']",https://doi.org/10.1038/s41467-024-45422-9,Nature Communications,2024.0,CCCCCC(CC)CC(=O)Oc1cc(CNN)cc(OC(=O)CC(CC)CCCCC)c1OC(=O)CC(CC)CCCCC,CCCCCCCCCCCCCCOC(=O)CCOCCOCCOCCOCCOCCOCCOCCOCCOCCOCCOCCOCCOCCOCCOCCOCCOCCOCCOCCOCCOCCOCCOCCOCCOCCOCCOCCOCCOCCOCCOCCOCCOCCOCCOCCOCCOCCOCCOCCOCCOCCOCCOCCOCCOCCOCCOCCOCCOCCOCCOCCOCCOCCOCCOCCOCCOCCOCCOCCOCCOCCOCCOCCOCCOCCOCCOCCOCCOCCOCCOCCOCCOCCOCCOCCOCCOCCOCCOCCOCCOCCOCCOCCOCCOCCOCCOCCOCCOCCO,CC(C)CCC[C@@H](C)[C@H]1CC[C@H]2[C@@H]3CC=C4C[C@@H](O)CC[C@]4(C)[C@H]3CC[C@]12C,CCCCCCCC/C=C\CCCCCCCC(=O)OC[C@H](COP(=O)(O)OCCN)OC(=O)CCCCCCC/C=C\CCCCCCCC,57.8,35.0,2.5,46.5,16.0,0.35,0.025,0.465,0.16,155.1,0.16
258,Custom lipid,C14-PEG2000,cholesterol,DOPE,35:2.5:46.5:16,151.7 ¡¾ 3.2,0.25 ¡¾ 0.08,1.4 ¡¾ 0.9,63.9 ¡¾ 3.4,OTHER:b-DNA:FLuc mRNA weight ratio 10:1,mRNA,"firefly_luciferase, barcode(dna barcode 56)",C14PEG2K,2-A3-8b,DOPE,cholesterol,"synthesis_method: Microfluidic mixing or pipette mixing; device_used: Microfluidic device with staggered herringbone features; total_flow_rate_ml_min: 2.4; flow_rate_ratio: 1:3 (organic:aqueous); aqueous_phase_composition: 10 mM citrate buffer; organic_phase_composition: Ethanol with lipids; mixing_time_sec: ; temperature_condition: Room temperature; post_processing: Dialysis in 1x PBS for 2h, filtration through 0.45 ¥ìm filter; sterilization: 0.45 ¥ìm filtration; storage_buffer: 1x PBS",cell_line: HeLa; animal_model: C57BL/6J female mice; administration_route: intravenous (IV); dose: 1.0 mg/kg total nucleic acid; gene_expression_result: Greatest enrichment in lungs but also enriched in liver and spleen; biodistribution_result: High lung enrichment but not lung-specific; toxicity_profile: Cell viability >85%,"High-throughput barcoding of nanoparticles identifies cationic, degradable lipid-like materials for mRNA delivery to the lungs in female preclinical models","['Lulu Xue', 'Alex G. Hamilton', 'Gan Zhao', 'Zebin Xiao', 'Rakan El-Mayta', 'Xuexiang Han', 'Ningqiang Gong', 'Xinhong Xiong', 'Junchao Xu', 'Christian G. Figueroa-Espada', 'Sarah J. Shepherd', 'Alvin J. Mukalel', 'Mohamad-Gabriel Alameh', 'Jiaxi Cui', 'Karin Wang', 'Andrew E. Vaughan', 'Drew Weissman', 'Michael J. Mitchell']",https://doi.org/10.1038/s41467-024-45422-9,Nature Communications,2024.0,CCCCCC(CC)CC(=O)Oc1cc(CNCCCCN)cc(OC(=O)CC(CC)CCCCC)c1OC(=O)CC(CC)CCCCC,CCCCCCCCCCCCCCOC(=O)CCOCCOCCOCCOCCOCCOCCOCCOCCOCCOCCOCCOCCOCCOCCOCCOCCOCCOCCOCCOCCOCCOCCOCCOCCOCCOCCOCCOCCOCCOCCOCCOCCOCCOCCOCCOCCOCCOCCOCCOCCOCCOCCOCCOCCOCCOCCOCCOCCOCCOCCOCCOCCOCCOCCOCCOCCOCCOCCOCCOCCOCCOCCOCCOCCOCCOCCOCCOCCOCCOCCOCCOCCOCCOCCOCCOCCOCCOCCOCCOCCOCCOCCOCCOCCOCCOCCOCCOCCOCCO,CC(C)CCC[C@@H](C)[C@H]1CC[C@H]2[C@@H]3CC=C4C[C@@H](O)CC[C@]4(C)[C@H]3CC[C@]12C,CCCCCCCC/C=C\CCCCCCCC(=O)OC[C@H](COP(=O)(O)OCCN)OC(=O)CCCCCCC/C=C\CCCCCCCC,63.9,35.0,2.5,46.5,16.0,0.35,0.025,0.465,0.16,151.7,0.25
259,Custom lipid,C14-PEG2000,cholesterol,DOPE,35:2.5:46.5:16,162.3 ¡¾ 2.6,0.25 ¡¾ 0.10,4.7 ¡¾ 1.7,41.8 ¡¾ 2.2,OTHER:b-DNA:FLuc mRNA weight ratio 10:1,mRNA,"firefly_luciferase, barcode(dna barcode 57)",C14PEG2K,3-A3-8b,DOPE,cholesterol,"synthesis_method: Microfluidic mixing or pipette mixing; device_used: Microfluidic device with staggered herringbone features; total_flow_rate_ml_min: 2.4; flow_rate_ratio: 1:3 (organic:aqueous); aqueous_phase_composition: 10 mM citrate buffer; organic_phase_composition: Ethanol with lipids; mixing_time_sec: ; temperature_condition: Room temperature; post_processing: Dialysis in 1x PBS for 2h, filtration through 0.45 ¥ìm filter; sterilization: 0.45 ¥ìm filtration; storage_buffer: 1x PBS","cell_line: HeLa; animal_model: C57BL/6J female mice; administration_route: intravenous (IV); dose: 1.0 mg/kg total nucleic acid; biodistribution_result: Measured by deep sequencing in heart, liver, spleen, lungs, kidneys; toxicity_profile: Cell viability >85%","High-throughput barcoding of nanoparticles identifies cationic, degradable lipid-like materials for mRNA delivery to the lungs in female preclinical models","['Lulu Xue', 'Alex G. Hamilton', 'Gan Zhao', 'Zebin Xiao', 'Rakan El-Mayta', 'Xuexiang Han', 'Ningqiang Gong', 'Xinhong Xiong', 'Junchao Xu', 'Christian G. Figueroa-Espada', 'Sarah J. Shepherd', 'Alvin J. Mukalel', 'Mohamad-Gabriel Alameh', 'Jiaxi Cui', 'Karin Wang', 'Andrew E. Vaughan', 'Drew Weissman', 'Michael J. Mitchell']",https://doi.org/10.1038/s41467-024-45422-9,Nature Communications,2024.0,CCCCCC(CC)CC(=O)Oc1cc(CN2CCC(N)CC2)cc(OC(=O)CC(CC)CCCCC)c1OC(=O)CC(CC)CCCCC,CCCCCCCCCCCCCCOC(=O)CCOCCOCCOCCOCCOCCOCCOCCOCCOCCOCCOCCOCCOCCOCCOCCOCCOCCOCCOCCOCCOCCOCCOCCOCCOCCOCCOCCOCCOCCOCCOCCOCCOCCOCCOCCOCCOCCOCCOCCOCCOCCOCCOCCOCCOCCOCCOCCOCCOCCOCCOCCOCCOCCOCCOCCOCCOCCOCCOCCOCCOCCOCCOCCOCCOCCOCCOCCOCCOCCOCCOCCOCCOCCOCCOCCOCCOCCOCCOCCOCCOCCOCCOCCOCCOCCOCCOCCOCCOCCO,CC(C)CCC[C@@H](C)[C@H]1CC[C@H]2[C@@H]3CC=C4C[C@@H](O)CC[C@]4(C)[C@H]3CC[C@]12C,CCCCCCCC/C=C\CCCCCCCC(=O)OC[C@H](COP(=O)(O)OCCN)OC(=O)CCCCCCC/C=C\CCCCCCCC,41.8,35.0,2.5,46.5,16.0,0.35,0.025,0.465,0.16,162.3,0.25
260,Custom lipid,C14-PEG2000,cholesterol,DOPE,35:2.5:46.5:16,140.8 ¡¾ 4.5,0.16 ¡¾ 0.07,8.6 ¡¾ 0.9,40.6 ¡¾ 3.4,OTHER:b-DNA:FLuc mRNA weight ratio 10:1,mRNA,"firefly_luciferase, barcode(dna barcode 58)",C14PEG2K,4-A3-8b,DOPE,cholesterol,"synthesis_method: Microfluidic mixing or pipette mixing; device_used: Microfluidic device with staggered herringbone features; total_flow_rate_ml_min: 2.4; flow_rate_ratio: 1:3 (organic:aqueous); aqueous_phase_composition: 10 mM citrate buffer; organic_phase_composition: Ethanol with lipids; mixing_time_sec: ; temperature_condition: Room temperature; post_processing: Dialysis in 1x PBS for 2h, filtration through 0.45 ¥ìm filter; sterilization: 0.45 ¥ìm filtration; storage_buffer: 1x PBS","cell_line: HeLa; animal_model: C57BL/6J female mice; administration_route: intravenous (IV); dose: 1.0 mg/kg total nucleic acid; biodistribution_result: Measured by deep sequencing in heart, liver, spleen, lungs, kidneys; toxicity_profile: Cell viability >85%","High-throughput barcoding of nanoparticles identifies cationic, degradable lipid-like materials for mRNA delivery to the lungs in female preclinical models","['Lulu Xue', 'Alex G. Hamilton', 'Gan Zhao', 'Zebin Xiao', 'Rakan El-Mayta', 'Xuexiang Han', 'Ningqiang Gong', 'Xinhong Xiong', 'Junchao Xu', 'Christian G. Figueroa-Espada', 'Sarah J. Shepherd', 'Alvin J. Mukalel', 'Mohamad-Gabriel Alameh', 'Jiaxi Cui', 'Karin Wang', 'Andrew E. Vaughan', 'Drew Weissman', 'Michael J. Mitchell']",https://doi.org/10.1038/s41467-024-45422-9,Nature Communications,2024.0,CCCCCC(CC)CC(=O)Oc1cc(CN2CCN(CCN)CC2)cc(OC(=O)CC(CC)CCCCC)c1OC(=O)CC(CC)CCCCC,CCCCCCCCCCCCCCOC(=O)CCOCCOCCOCCOCCOCCOCCOCCOCCOCCOCCOCCOCCOCCOCCOCCOCCOCCOCCOCCOCCOCCOCCOCCOCCOCCOCCOCCOCCOCCOCCOCCOCCOCCOCCOCCOCCOCCOCCOCCOCCOCCOCCOCCOCCOCCOCCOCCOCCOCCOCCOCCOCCOCCOCCOCCOCCOCCOCCOCCOCCOCCOCCOCCOCCOCCOCCOCCOCCOCCOCCOCCOCCOCCOCCOCCOCCOCCOCCOCCOCCOCCOCCOCCOCCOCCOCCOCCOCCOCCO,CC(C)CCC[C@@H](C)[C@H]1CC[C@H]2[C@@H]3CC=C4C[C@@H](O)CC[C@]4(C)[C@H]3CC[C@]12C,CCCCCCCC/C=C\CCCCCCCC(=O)OC[C@H](COP(=O)(O)OCCN)OC(=O)CCCCCCC/C=C\CCCCCCCC,40.6,35.0,2.5,46.5,16.0,0.35,0.025,0.465,0.16,140.8,0.16
261,Custom lipid,C14-PEG2000,cholesterol,DOPE,35:2.5:46.5:16,173.5 ¡¾ 5.8,0.20 ¡¾ 0.05,-5.6 ¡¾ 6.3,57.6 ¡¾ 3.0,OTHER:b-DNA:FLuc mRNA weight ratio 10:1,mRNA,"firefly_luciferase, barcode(dna barcode 59)",C14PEG2K,11-A3-8b,DOPE,cholesterol,"synthesis_method: Microfluidic mixing or pipette mixing; device_used: Microfluidic device with staggered herringbone features; total_flow_rate_ml_min: 2.4; flow_rate_ratio: 1:3 (organic:aqueous); aqueous_phase_composition: 10 mM citrate buffer; organic_phase_composition: Ethanol with lipids; mixing_time_sec: ; temperature_condition: Room temperature; post_processing: Dialysis in 1x PBS for 2h, filtration through 0.45 ¥ìm filter; sterilization: 0.45 ¥ìm filtration; storage_buffer: 1x PBS","cell_line: HeLa; animal_model: C57BL/6J female mice; administration_route: intravenous (IV); dose: 1.0 mg/kg total nucleic acid; biodistribution_result: Measured by deep sequencing in heart, liver, spleen, lungs, kidneys; toxicity_profile: Cell viability >85%","High-throughput barcoding of nanoparticles identifies cationic, degradable lipid-like materials for mRNA delivery to the lungs in female preclinical models","['Lulu Xue', 'Alex G. Hamilton', 'Gan Zhao', 'Zebin Xiao', 'Rakan El-Mayta', 'Xuexiang Han', 'Ningqiang Gong', 'Xinhong Xiong', 'Junchao Xu', 'Christian G. Figueroa-Espada', 'Sarah J. Shepherd', 'Alvin J. Mukalel', 'Mohamad-Gabriel Alameh', 'Jiaxi Cui', 'Karin Wang', 'Andrew E. Vaughan', 'Drew Weissman', 'Michael J. Mitchell']",https://doi.org/10.1038/s41467-024-45422-9,Nature Communications,2024.0,CCCCCC(CC)CC(=O)Oc1cc(CN(CCN)CCCN)cc(OC(=O)CC(CC)CCCCC)c1OC(=O)CC(CC)CCCCC,CCCCCCCCCCCCCCOC(=O)CCOCCOCCOCCOCCOCCOCCOCCOCCOCCOCCOCCOCCOCCOCCOCCOCCOCCOCCOCCOCCOCCOCCOCCOCCOCCOCCOCCOCCOCCOCCOCCOCCOCCOCCOCCOCCOCCOCCOCCOCCOCCOCCOCCOCCOCCOCCOCCOCCOCCOCCOCCOCCOCCOCCOCCOCCOCCOCCOCCOCCOCCOCCOCCOCCOCCOCCOCCOCCOCCOCCOCCOCCOCCOCCOCCOCCOCCOCCOCCOCCOCCOCCOCCOCCOCCOCCOCCOCCOCCO,CC(C)CCC[C@@H](C)[C@H]1CC[C@H]2[C@@H]3CC=C4C[C@@H](O)CC[C@]4(C)[C@H]3CC[C@]12C,CCCCCCCC/C=C\CCCCCCCC(=O)OC[C@H](COP(=O)(O)OCCN)OC(=O)CCCCCCC/C=C\CCCCCCCC,57.6,35.0,2.5,46.5,16.0,0.35,0.025,0.465,0.16,173.5,0.2
262,Custom lipid,C14-PEG2000,cholesterol,DOPE,35:2.5:46.5:16,146.7 ¡¾ 6.5,0.25 ¡¾ 0.06,5.1 ¡¾ 2.7,59.2 ¡¾ 2.9,OTHER:b-DNA:FLuc mRNA weight ratio 10:1,mRNA,"firefly_luciferase, barcode(dna barcode 60)",C14PEG2K,12-A3-8b,DOPE,cholesterol,"synthesis_method: Microfluidic mixing or pipette mixing; device_used: Microfluidic device with staggered herringbone features; total_flow_rate_ml_min: 2.4; flow_rate_ratio: 1:3 (organic:aqueous); aqueous_phase_composition: 10 mM citrate buffer; organic_phase_composition: Ethanol with lipids; mixing_time_sec: ; temperature_condition: Room temperature; post_processing: Dialysis in 1x PBS for 2h, filtration through 0.45 ¥ìm filter; sterilization: 0.45 ¥ìm filtration; storage_buffer: 1x PBS","cell_line: HeLa; animal_model: C57BL/6J female mice; administration_route: intravenous (IV); dose: 1.0 mg/kg total nucleic acid; biodistribution_result: Measured by deep sequencing in heart, liver, spleen, lungs, kidneys; toxicity_profile: Cell viability >85%","High-throughput barcoding of nanoparticles identifies cationic, degradable lipid-like materials for mRNA delivery to the lungs in female preclinical models","['Lulu Xue', 'Alex G. Hamilton', 'Gan Zhao', 'Zebin Xiao', 'Rakan El-Mayta', 'Xuexiang Han', 'Ningqiang Gong', 'Xinhong Xiong', 'Junchao Xu', 'Christian G. Figueroa-Espada', 'Sarah J. Shepherd', 'Alvin J. Mukalel', 'Mohamad-Gabriel Alameh', 'Jiaxi Cui', 'Karin Wang', 'Andrew E. Vaughan', 'Drew Weissman', 'Michael J. Mitchell']",https://doi.org/10.1038/s41467-024-45422-9,Nature Communications,2024.0,CCCCCC(CC)CC(=O)Oc1cc(CN(CCN)CCCN)cc(OC(=O)CC(CC)CCCCC)c1OC(=O)CC(CC)CCCCC,CCCCCCCCCCCCCCOC(=O)CCOCCOCCOCCOCCOCCOCCOCCOCCOCCOCCOCCOCCOCCOCCOCCOCCOCCOCCOCCOCCOCCOCCOCCOCCOCCOCCOCCOCCOCCOCCOCCOCCOCCOCCOCCOCCOCCOCCOCCOCCOCCOCCOCCOCCOCCOCCOCCOCCOCCOCCOCCOCCOCCOCCOCCOCCOCCOCCOCCOCCOCCOCCOCCOCCOCCOCCOCCOCCOCCOCCOCCOCCOCCOCCOCCOCCOCCOCCOCCOCCOCCOCCOCCOCCOCCOCCOCCOCCOCCO,CC(C)CCC[C@@H](C)[C@H]1CC[C@H]2[C@@H]3CC=C4C[C@@H](O)CC[C@]4(C)[C@H]3CC[C@]12C,CCCCCCCC/C=C\CCCCCCCC(=O)OC[C@H](COP(=O)(O)OCCN)OC(=O)CCCCCCC/C=C\CCCCCCCC,59.2,35.0,2.5,46.5,16.0,0.35,0.025,0.465,0.16,146.7,0.25
263,Custom lipid,C14-PEG2000,cholesterol,DOPE,35:2.5:46.5:16,161.7 ¡¾ 6.8,0.22 ¡¾ 0.06,7.9 ¡¾ 1.9,46.9 ¡¾ 2.5,OTHER:b-DNA:FLuc mRNA weight ratio 10:1,mRNA,"firefly_luciferase, barcode(dna barcode 61)",C14PEG2K,1-A3-9b2,DOPE,cholesterol,"synthesis_method: Microfluidic mixing or pipette mixing; device_used: Microfluidic device with staggered herringbone features; total_flow_rate_ml_min: 2.4; flow_rate_ratio: 1:3 (organic:aqueous); aqueous_phase_composition: 10 mM citrate buffer; organic_phase_composition: Ethanol with lipids; mixing_time_sec: ; temperature_condition: Room temperature; post_processing: Dialysis in 1x PBS for 2h, filtration through 0.45 ¥ìm filter; sterilization: 0.45 ¥ìm filtration; storage_buffer: 1x PBS","cell_line: HeLa; animal_model: C57BL/6J female mice; administration_route: intravenous (IV); dose: 1.0 mg/kg total nucleic acid; biodistribution_result: Measured by deep sequencing in heart, liver, spleen, lungs, kidneys; toxicity_profile: Cell viability >85%","High-throughput barcoding of nanoparticles identifies cationic, degradable lipid-like materials for mRNA delivery to the lungs in female preclinical models","['Lulu Xue', 'Alex G. Hamilton', 'Gan Zhao', 'Zebin Xiao', 'Rakan El-Mayta', 'Xuexiang Han', 'Ningqiang Gong', 'Xinhong Xiong', 'Junchao Xu', 'Christian G. Figueroa-Espada', 'Sarah J. Shepherd', 'Alvin J. Mukalel', 'Mohamad-Gabriel Alameh', 'Jiaxi Cui', 'Karin Wang', 'Andrew E. Vaughan', 'Drew Weissman', 'Michael J. Mitchell']",https://doi.org/10.1038/s41467-024-45422-9,Nature Communications,2024.0,CCCCCCC(CC)CCC(=O)Oc1cc(CNN)cc(OC(=O)CCC(CC)CCCCCC)c1OC(=O)CCC(CC)CCCCCC,CCCCCCCCCCCCCCOC(=O)CCOCCOCCOCCOCCOCCOCCOCCOCCOCCOCCOCCOCCOCCOCCOCCOCCOCCOCCOCCOCCOCCOCCOCCOCCOCCOCCOCCOCCOCCOCCOCCOCCOCCOCCOCCOCCOCCOCCOCCOCCOCCOCCOCCOCCOCCOCCOCCOCCOCCOCCOCCOCCOCCOCCOCCOCCOCCOCCOCCOCCOCCOCCOCCOCCOCCOCCOCCOCCOCCOCCOCCOCCOCCOCCOCCOCCOCCOCCOCCOCCOCCOCCOCCOCCOCCOCCOCCOCCOCCO,CC(C)CCC[C@@H](C)[C@H]1CC[C@H]2[C@@H]3CC=C4C[C@@H](O)CC[C@]4(C)[C@H]3CC[C@]12C,CCCCCCCC/C=C\CCCCCCCC(=O)OC[C@H](COP(=O)(O)OCCN)OC(=O)CCCCCCC/C=C\CCCCCCCC,46.9,35.0,2.5,46.5,16.0,0.35,0.025,0.465,0.16,161.7,0.22
264,Custom lipid,C14-PEG2000,cholesterol,DOPE,35:2.5:46.5:16,168.9 ¡¾ 3.1,0.18 ¡¾ 0.02,-2.4 ¡¾ 0.9,65.6 ¡¾ 3.0,OTHER:b-DNA:FLuc mRNA weight ratio 10:1,mRNA,"firefly_luciferase, barcode(dna barcode 62)",C14PEG2K,2-A3-9b2,DOPE,cholesterol,"synthesis_method: Microfluidic mixing or pipette mixing; device_used: Microfluidic device with staggered herringbone features; total_flow_rate_ml_min: 2.4; flow_rate_ratio: 1:3 (organic:aqueous); aqueous_phase_composition: 10 mM citrate buffer; organic_phase_composition: Ethanol with lipids; mixing_time_sec: ; temperature_condition: Room temperature; post_processing: Dialysis in 1x PBS for 2h, filtration through 0.45 ¥ìm filter; sterilization: 0.45 ¥ìm filtration; storage_buffer: 1x PBS","cell_line: HeLa; animal_model: C57BL/6J female mice; administration_route: intravenous (IV); dose: 1.0 mg/kg total nucleic acid; biodistribution_result: Measured by deep sequencing in heart, liver, spleen, lungs, kidneys; toxicity_profile: Cell viability >85%","High-throughput barcoding of nanoparticles identifies cationic, degradable lipid-like materials for mRNA delivery to the lungs in female preclinical models","['Lulu Xue', 'Alex G. Hamilton', 'Gan Zhao', 'Zebin Xiao', 'Rakan El-Mayta', 'Xuexiang Han', 'Ningqiang Gong', 'Xinhong Xiong', 'Junchao Xu', 'Christian G. Figueroa-Espada', 'Sarah J. Shepherd', 'Alvin J. Mukalel', 'Mohamad-Gabriel Alameh', 'Jiaxi Cui', 'Karin Wang', 'Andrew E. Vaughan', 'Drew Weissman', 'Michael J. Mitchell']",https://doi.org/10.1038/s41467-024-45422-9,Nature Communications,2024.0,CCCCCCC(CC)CCC(=O)Oc1cc(CNCCCCN)cc(OC(=O)CCC(CC)CCCCCC)c1OC(=O)CCC(CC)CCCCCC,CCCCCCCCCCCCCCOC(=O)CCOCCOCCOCCOCCOCCOCCOCCOCCOCCOCCOCCOCCOCCOCCOCCOCCOCCOCCOCCOCCOCCOCCOCCOCCOCCOCCOCCOCCOCCOCCOCCOCCOCCOCCOCCOCCOCCOCCOCCOCCOCCOCCOCCOCCOCCOCCOCCOCCOCCOCCOCCOCCOCCOCCOCCOCCOCCOCCOCCOCCOCCOCCOCCOCCOCCOCCOCCOCCOCCOCCOCCOCCOCCOCCOCCOCCOCCOCCOCCOCCOCCOCCOCCOCCOCCOCCOCCOCCOCCO,CC(C)CCC[C@@H](C)[C@H]1CC[C@H]2[C@@H]3CC=C4C[C@@H](O)CC[C@]4(C)[C@H]3CC[C@]12C,CCCCCCCC/C=C\CCCCCCCC(=O)OC[C@H](COP(=O)(O)OCCN)OC(=O)CCCCCCC/C=C\CCCCCCCC,65.6,35.0,2.5,46.5,16.0,0.35,0.025,0.465,0.16,168.9,0.18
265,Custom lipid,C14-PEG2000,cholesterol,DOPE,35:2.5:46.5:16,169.2 ¡¾ 5.5,0.22 ¡¾ 0.07,2.6 ¡¾ 1.8,54.3 ¡¾ 2.9,OTHER:b-DNA:FLuc mRNA weight ratio 10:1,mRNA,"firefly_luciferase, barcode(dna barcode 63)",C14PEG2K,3-A3-9b2,DOPE,cholesterol,"synthesis_method: Microfluidic mixing or pipette mixing; device_used: Microfluidic device with staggered herringbone features; total_flow_rate_ml_min: 2.4; flow_rate_ratio: 1:3 (organic:aqueous); aqueous_phase_composition: 10 mM citrate buffer; organic_phase_composition: Ethanol with lipids; mixing_time_sec: ; temperature_condition: Room temperature; post_processing: Dialysis in 1x PBS for 2h, filtration through 0.45 ¥ìm filter; sterilization: 0.45 ¥ìm filtration; storage_buffer: 1x PBS","cell_line: HeLa; animal_model: C57BL/6J female mice; administration_route: intravenous (IV); dose: 1.0 mg/kg total nucleic acid; biodistribution_result: Measured by deep sequencing in heart, liver, spleen, lungs, kidneys; toxicity_profile: Cell viability >85%","High-throughput barcoding of nanoparticles identifies cationic, degradable lipid-like materials for mRNA delivery to the lungs in female preclinical models","['Lulu Xue', 'Alex G. Hamilton', 'Gan Zhao', 'Zebin Xiao', 'Rakan El-Mayta', 'Xuexiang Han', 'Ningqiang Gong', 'Xinhong Xiong', 'Junchao Xu', 'Christian G. Figueroa-Espada', 'Sarah J. Shepherd', 'Alvin J. Mukalel', 'Mohamad-Gabriel Alameh', 'Jiaxi Cui', 'Karin Wang', 'Andrew E. Vaughan', 'Drew Weissman', 'Michael J. Mitchell']",https://doi.org/10.1038/s41467-024-45422-9,Nature Communications,2024.0,CCCCCCC(CC)CCC(=O)Oc1cc(CN2CCC(N)CC2)cc(OC(=O)CCC(CC)CCCCCC)c1OC(=O)CCC(CC)CCCCCC,CCCCCCCCCCCCCCOC(=O)CCOCCOCCOCCOCCOCCOCCOCCOCCOCCOCCOCCOCCOCCOCCOCCOCCOCCOCCOCCOCCOCCOCCOCCOCCOCCOCCOCCOCCOCCOCCOCCOCCOCCOCCOCCOCCOCCOCCOCCOCCOCCOCCOCCOCCOCCOCCOCCOCCOCCOCCOCCOCCOCCOCCOCCOCCOCCOCCOCCOCCOCCOCCOCCOCCOCCOCCOCCOCCOCCOCCOCCOCCOCCOCCOCCOCCOCCOCCOCCOCCOCCOCCOCCOCCOCCOCCOCCOCCOCCO,CC(C)CCC[C@@H](C)[C@H]1CC[C@H]2[C@@H]3CC=C4C[C@@H](O)CC[C@]4(C)[C@H]3CC[C@]12C,CCCCCCCC/C=C\CCCCCCCC(=O)OC[C@H](COP(=O)(O)OCCN)OC(=O)CCCCCCC/C=C\CCCCCCCC,54.3,35.0,2.5,46.5,16.0,0.35,0.025,0.465,0.16,169.2,0.22
266,Custom lipid,C14-PEG2000,cholesterol,DOPE,35:2.5:46.5:16,184.3 ¡¾ 6.4,0.12 ¡¾ 0.04,5.8 ¡¾ 3.4,48.0 ¡¾ 2.7,OTHER:b-DNA:FLuc mRNA weight ratio 10:1,mRNA,"firefly_luciferase, barcode(dna barcode 64)",C14PEG2K,4-A3-9b2,DOPE,cholesterol,"synthesis_method: Microfluidic mixing or pipette mixing; device_used: Microfluidic device with staggered herringbone features; total_flow_rate_ml_min: 2.4; flow_rate_ratio: 1:3 (organic:aqueous); aqueous_phase_composition: 10 mM citrate buffer; organic_phase_composition: Ethanol with lipids; mixing_time_sec: ; temperature_condition: Room temperature; post_processing: Dialysis in 1x PBS for 2h, filtration through 0.45 ¥ìm filter; sterilization: 0.45 ¥ìm filtration; storage_buffer: 1x PBS","cell_line: HeLa; animal_model: C57BL/6J female mice; administration_route: intravenous (IV); dose: 1.0 mg/kg total nucleic acid; biodistribution_result: Measured by deep sequencing in heart, liver, spleen, lungs, kidneys; toxicity_profile: Cell viability >85%","High-throughput barcoding of nanoparticles identifies cationic, degradable lipid-like materials for mRNA delivery to the lungs in female preclinical models","['Lulu Xue', 'Alex G. Hamilton', 'Gan Zhao', 'Zebin Xiao', 'Rakan El-Mayta', 'Xuexiang Han', 'Ningqiang Gong', 'Xinhong Xiong', 'Junchao Xu', 'Christian G. Figueroa-Espada', 'Sarah J. Shepherd', 'Alvin J. Mukalel', 'Mohamad-Gabriel Alameh', 'Jiaxi Cui', 'Karin Wang', 'Andrew E. Vaughan', 'Drew Weissman', 'Michael J. Mitchell']",https://doi.org/10.1038/s41467-024-45422-9,Nature Communications,2024.0,CCCCCCC(CC)CCC(=O)Oc1cc(CN2CCN(CCN)CC2)cc(OC(=O)CCC(CC)CCCCCC)c1OC(=O)CCC(CC)CCCCCC,CCCCCCCCCCCCCCOC(=O)CCOCCOCCOCCOCCOCCOCCOCCOCCOCCOCCOCCOCCOCCOCCOCCOCCOCCOCCOCCOCCOCCOCCOCCOCCOCCOCCOCCOCCOCCOCCOCCOCCOCCOCCOCCOCCOCCOCCOCCOCCOCCOCCOCCOCCOCCOCCOCCOCCOCCOCCOCCOCCOCCOCCOCCOCCOCCOCCOCCOCCOCCOCCOCCOCCOCCOCCOCCOCCOCCOCCOCCOCCOCCOCCOCCOCCOCCOCCOCCOCCOCCOCCOCCOCCOCCOCCOCCOCCOCCO,CC(C)CCC[C@@H](C)[C@H]1CC[C@H]2[C@@H]3CC=C4C[C@@H](O)CC[C@]4(C)[C@H]3CC[C@]12C,CCCCCCCC/C=C\CCCCCCCC(=O)OC[C@H](COP(=O)(O)OCCN)OC(=O)CCCCCCC/C=C\CCCCCCCC,48.0,35.0,2.5,46.5,16.0,0.35,0.025,0.465,0.16,184.3,0.12
267,Custom lipid,C14-PEG2000,cholesterol,DOPE,35:2.5:46.5:16,173.9 ¡¾ 5.3,0.12 ¡¾ 0.03,-0.9 ¡¾ 1.2,47.1 ¡¾ 5.7,OTHER:b-DNA:FLuc mRNA weight ratio 10:1,mRNA,"firefly_luciferase, barcode(dna barcode 65)",C14PEG2K,11-A3-9b2,DOPE,cholesterol,"synthesis_method: Microfluidic mixing or pipette mixing; device_used: Microfluidic device with staggered herringbone features; total_flow_rate_ml_min: 2.4; flow_rate_ratio: 1:3 (organic:aqueous); aqueous_phase_composition: 10 mM citrate buffer; organic_phase_composition: Ethanol with lipids; mixing_time_sec: ; temperature_condition: Room temperature; post_processing: Dialysis in 1x PBS for 2h, filtration through 0.45 ¥ìm filter; sterilization: 0.45 ¥ìm filtration; storage_buffer: 1x PBS","cell_line: HeLa; animal_model: C57BL/6J female mice; administration_route: intravenous (IV); dose: 1.0 mg/kg total nucleic acid; biodistribution_result: Measured by deep sequencing in heart, liver, spleen, lungs, kidneys; toxicity_profile: Cell viability >85%","High-throughput barcoding of nanoparticles identifies cationic, degradable lipid-like materials for mRNA delivery to the lungs in female preclinical models","['Lulu Xue', 'Alex G. Hamilton', 'Gan Zhao', 'Zebin Xiao', 'Rakan El-Mayta', 'Xuexiang Han', 'Ningqiang Gong', 'Xinhong Xiong', 'Junchao Xu', 'Christian G. Figueroa-Espada', 'Sarah J. Shepherd', 'Alvin J. Mukalel', 'Mohamad-Gabriel Alameh', 'Jiaxi Cui', 'Karin Wang', 'Andrew E. Vaughan', 'Drew Weissman', 'Michael J. Mitchell']",https://doi.org/10.1038/s41467-024-45422-9,Nature Communications,2024.0,CCCCCCC(CC)CCC(=O)Oc1cc(CN(CCN)CCCN)cc(OC(=O)CCC(CC)CCCCCC)c1OC(=O)CCC(CC)CCCCCC,CCCCCCCCCCCCCCOC(=O)CCOCCOCCOCCOCCOCCOCCOCCOCCOCCOCCOCCOCCOCCOCCOCCOCCOCCOCCOCCOCCOCCOCCOCCOCCOCCOCCOCCOCCOCCOCCOCCOCCOCCOCCOCCOCCOCCOCCOCCOCCOCCOCCOCCOCCOCCOCCOCCOCCOCCOCCOCCOCCOCCOCCOCCOCCOCCOCCOCCOCCOCCOCCOCCOCCOCCOCCOCCOCCOCCOCCOCCOCCOCCOCCOCCOCCOCCOCCOCCOCCOCCOCCOCCOCCOCCOCCOCCOCCOCCO,CC(C)CCC[C@@H](C)[C@H]1CC[C@H]2[C@@H]3CC=C4C[C@@H](O)CC[C@]4(C)[C@H]3CC[C@]12C,CCCCCCCC/C=C\CCCCCCCC(=O)OC[C@H](COP(=O)(O)OCCN)OC(=O)CCCCCCC/C=C\CCCCCCCC,47.1,35.0,2.5,46.5,16.0,0.35,0.025,0.465,0.16,173.9,0.12
268,Custom lipid,C14-PEG2000,cholesterol,DOPE,35:2.5:46.5:16,154.3 ¡¾ 4.8,0.13 ¡¾ 0.07,8.7 ¡¾ 1.4,37.2 ¡¾ 3.6,OTHER:b-DNA:FLuc mRNA weight ratio 10:1,mRNA,"firefly_luciferase, barcode(dna barcode 66)",C14PEG2K,12-A3-9b2,DOPE,cholesterol,"synthesis_method: Microfluidic mixing or pipette mixing; device_used: Microfluidic device with staggered herringbone features; total_flow_rate_ml_min: 2.4; flow_rate_ratio: 1:3 (organic:aqueous); aqueous_phase_composition: 10 mM citrate buffer; organic_phase_composition: Ethanol with lipids; mixing_time_sec: ; temperature_condition: Room temperature; post_processing: Dialysis in 1x PBS for 2h, filtration through 0.45 ¥ìm filter; sterilization: 0.45 ¥ìm filtration; storage_buffer: 1x PBS","cell_line: HeLa; animal_model: C57BL/6J female mice; administration_route: intravenous (IV); dose: 1.0 mg/kg total nucleic acid; biodistribution_result: Measured by deep sequencing in heart, liver, spleen, lungs, kidneys; toxicity_profile: Cell viability >85%","High-throughput barcoding of nanoparticles identifies cationic, degradable lipid-like materials for mRNA delivery to the lungs in female preclinical models","['Lulu Xue', 'Alex G. Hamilton', 'Gan Zhao', 'Zebin Xiao', 'Rakan El-Mayta', 'Xuexiang Han', 'Ningqiang Gong', 'Xinhong Xiong', 'Junchao Xu', 'Christian G. Figueroa-Espada', 'Sarah J. Shepherd', 'Alvin J. Mukalel', 'Mohamad-Gabriel Alameh', 'Jiaxi Cui', 'Karin Wang', 'Andrew E. Vaughan', 'Drew Weissman', 'Michael J. Mitchell']",https://doi.org/10.1038/s41467-024-45422-9,Nature Communications,2024.0,CCCCCCC(CC)CCC(=O)Oc1cc(CN(CCN)CCCN)cc(OC(=O)CCC(CC)CCCCCC)c1OC(=O)CCC(CC)CCCCCC,CCCCCCCCCCCCCCOC(=O)CCOCCOCCOCCOCCOCCOCCOCCOCCOCCOCCOCCOCCOCCOCCOCCOCCOCCOCCOCCOCCOCCOCCOCCOCCOCCOCCOCCOCCOCCOCCOCCOCCOCCOCCOCCOCCOCCOCCOCCOCCOCCOCCOCCOCCOCCOCCOCCOCCOCCOCCOCCOCCOCCOCCOCCOCCOCCOCCOCCOCCOCCOCCOCCOCCOCCOCCOCCOCCOCCOCCOCCOCCOCCOCCOCCOCCOCCOCCOCCOCCOCCOCCOCCOCCOCCOCCOCCOCCOCCO,CC(C)CCC[C@@H](C)[C@H]1CC[C@H]2[C@@H]3CC=C4C[C@@H](O)CC[C@]4(C)[C@H]3CC[C@]12C,CCCCCCCC/C=C\CCCCCCCC(=O)OC[C@H](COP(=O)(O)OCCN)OC(=O)CCCCCCC/C=C\CCCCCCCC,37.2,35.0,2.5,46.5,16.0,0.35,0.025,0.465,0.16,154.3,0.13
269,Custom lipid,C14-PEG2000,cholesterol,DOPE,35:2.5:46.5:16,192.2 ¡¾ 5.1,0.08 ¡¾ 0.05,-1.2 ¡¾ 0.8,77.8 ¡¾ 3.5,OTHER:b-DNA:FLuc mRNA weight ratio 10:1,mRNA,"firefly_luciferase, barcode(dna barcode 67)",C14PEG2K,1-A2-7,DOPE,cholesterol,"synthesis_method: Microfluidic mixing or pipette mixing; device_used: Microfluidic device with staggered herringbone features; total_flow_rate_ml_min: 2.4; flow_rate_ratio: 1:3 (organic:aqueous); aqueous_phase_composition: 10 mM citrate buffer; organic_phase_composition: Ethanol with lipids; mixing_time_sec: ; temperature_condition: Room temperature; post_processing: Dialysis in 1x PBS for 2h, filtration through 0.45 ¥ìm filter; sterilization: 0.45 ¥ìm filtration; storage_buffer: 1x PBS","cell_line: HeLa; animal_model: C57BL/6J female mice; administration_route: intravenous (IV); dose: 1.0 mg/kg total nucleic acid; biodistribution_result: Measured by deep sequencing in heart, liver, spleen, lungs, kidneys; toxicity_profile: Cell viability >85%","High-throughput barcoding of nanoparticles identifies cationic, degradable lipid-like materials for mRNA delivery to the lungs in female preclinical models","['Lulu Xue', 'Alex G. Hamilton', 'Gan Zhao', 'Zebin Xiao', 'Rakan El-Mayta', 'Xuexiang Han', 'Ningqiang Gong', 'Xinhong Xiong', 'Junchao Xu', 'Christian G. Figueroa-Espada', 'Sarah J. Shepherd', 'Alvin J. Mukalel', 'Mohamad-Gabriel Alameh', 'Jiaxi Cui', 'Karin Wang', 'Andrew E. Vaughan', 'Drew Weissman', 'Michael J. Mitchell']",https://doi.org/10.1038/s41467-024-45422-9,Nature Communications,2024.0,CCCCCCCCC(=O)Oc1cc(CNN)cc(OC(=O)CCCCCCCC)c1O,CCCCCCCCCCCCCCOC(=O)CCOCCOCCOCCOCCOCCOCCOCCOCCOCCOCCOCCOCCOCCOCCOCCOCCOCCOCCOCCOCCOCCOCCOCCOCCOCCOCCOCCOCCOCCOCCOCCOCCOCCOCCOCCOCCOCCOCCOCCOCCOCCOCCOCCOCCOCCOCCOCCOCCOCCOCCOCCOCCOCCOCCOCCOCCOCCOCCOCCOCCOCCOCCOCCOCCOCCOCCOCCOCCOCCOCCOCCOCCOCCOCCOCCOCCOCCOCCOCCOCCOCCOCCOCCOCCOCCOCCOCCOCCOCCO,CC(C)CCC[C@@H](C)[C@H]1CC[C@H]2[C@@H]3CC=C4C[C@@H](O)CC[C@]4(C)[C@H]3CC[C@]12C,CCCCCCCC/C=C\CCCCCCCC(=O)OC[C@H](COP(=O)(O)OCCN)OC(=O)CCCCCCC/C=C\CCCCCCCC,77.8,35.0,2.5,46.5,16.0,0.35,0.025,0.465,0.16,192.2,0.08
270,Custom lipid,C14-PEG2000,cholesterol,DOPE,35:2.5:46.5:16,178.9 ¡¾ 3.7,0.18 ¡¾ 0.04,1.4 ¡¾ 1.9,84.0 ¡¾ 6.1,OTHER:b-DNA:FLuc mRNA weight ratio 10:1,mRNA,"firefly_luciferase, barcode(dna barcode 68)",C14PEG2K,2-A2-7,DOPE,cholesterol,"synthesis_method: Microfluidic mixing or pipette mixing; device_used: Microfluidic device with staggered herringbone features; total_flow_rate_ml_min: 2.4; flow_rate_ratio: 1:3 (organic:aqueous); aqueous_phase_composition: 10 mM citrate buffer; organic_phase_composition: Ethanol with lipids; mixing_time_sec: ; temperature_condition: Room temperature; post_processing: Dialysis in 1x PBS for 2h, filtration through 0.45 ¥ìm filter; sterilization: 0.45 ¥ìm filtration; storage_buffer: 1x PBS","cell_line: HeLa; animal_model: C57BL/6J female mice; administration_route: intravenous (IV); dose: 1.0 mg/kg total nucleic acid; biodistribution_result: Measured by deep sequencing in heart, liver, spleen, lungs, kidneys; toxicity_profile: Cell viability >85%","High-throughput barcoding of nanoparticles identifies cationic, degradable lipid-like materials for mRNA delivery to the lungs in female preclinical models","['Lulu Xue', 'Alex G. Hamilton', 'Gan Zhao', 'Zebin Xiao', 'Rakan El-Mayta', 'Xuexiang Han', 'Ningqiang Gong', 'Xinhong Xiong', 'Junchao Xu', 'Christian G. Figueroa-Espada', 'Sarah J. Shepherd', 'Alvin J. Mukalel', 'Mohamad-Gabriel Alameh', 'Jiaxi Cui', 'Karin Wang', 'Andrew E. Vaughan', 'Drew Weissman', 'Michael J. Mitchell']",https://doi.org/10.1038/s41467-024-45422-9,Nature Communications,2024.0,CCCCCCCCC(=O)Oc1cc(CNCCCCN)cc(OC(=O)CCCCCCCC)c1O,CCCCCCCCCCCCCCOC(=O)CCOCCOCCOCCOCCOCCOCCOCCOCCOCCOCCOCCOCCOCCOCCOCCOCCOCCOCCOCCOCCOCCOCCOCCOCCOCCOCCOCCOCCOCCOCCOCCOCCOCCOCCOCCOCCOCCOCCOCCOCCOCCOCCOCCOCCOCCOCCOCCOCCOCCOCCOCCOCCOCCOCCOCCOCCOCCOCCOCCOCCOCCOCCOCCOCCOCCOCCOCCOCCOCCOCCOCCOCCOCCOCCOCCOCCOCCOCCOCCOCCOCCOCCOCCOCCOCCOCCOCCOCCOCCO,CC(C)CCC[C@@H](C)[C@H]1CC[C@H]2[C@@H]3CC=C4C[C@@H](O)CC[C@]4(C)[C@H]3CC[C@]12C,CCCCCCCC/C=C\CCCCCCCC(=O)OC[C@H](COP(=O)(O)OCCN)OC(=O)CCCCCCC/C=C\CCCCCCCC,84.0,35.0,2.5,46.5,16.0,0.35,0.025,0.465,0.16,178.9,0.18
271,Custom lipid,C14-PEG2000,cholesterol,DOPE,35:2.5:46.5:16,193.7 ¡¾ 5.0,0.07 ¡¾ 0.05,4.4 ¡¾ 4.0,74.6 ¡¾ 3.5,OTHER:b-DNA:FLuc mRNA weight ratio 10:1,mRNA,"firefly_luciferase, barcode(dna barcode 69)",C14PEG2K,3-A2-7,DOPE,cholesterol,"synthesis_method: Microfluidic mixing or pipette mixing; device_used: Microfluidic device with staggered herringbone features; total_flow_rate_ml_min: 2.4; flow_rate_ratio: 1:3 (organic:aqueous); aqueous_phase_composition: 10 mM citrate buffer; organic_phase_composition: Ethanol with lipids; mixing_time_sec: ; temperature_condition: Room temperature; post_processing: Dialysis in 1x PBS for 2h, filtration through 0.45 ¥ìm filter; sterilization: 0.45 ¥ìm filtration; storage_buffer: 1x PBS","cell_line: HeLa; animal_model: C57BL/6J female mice; administration_route: intravenous (IV); dose: 1.0 mg/kg total nucleic acid; biodistribution_result: Measured by deep sequencing in heart, liver, spleen, lungs, kidneys; toxicity_profile: Cell viability >85%","High-throughput barcoding of nanoparticles identifies cationic, degradable lipid-like materials for mRNA delivery to the lungs in female preclinical models","['Lulu Xue', 'Alex G. Hamilton', 'Gan Zhao', 'Zebin Xiao', 'Rakan El-Mayta', 'Xuexiang Han', 'Ningqiang Gong', 'Xinhong Xiong', 'Junchao Xu', 'Christian G. Figueroa-Espada', 'Sarah J. Shepherd', 'Alvin J. Mukalel', 'Mohamad-Gabriel Alameh', 'Jiaxi Cui', 'Karin Wang', 'Andrew E. Vaughan', 'Drew Weissman', 'Michael J. Mitchell']",https://doi.org/10.1038/s41467-024-45422-9,Nature Communications,2024.0,CCCCCCCCC(=O)Oc1cc(CN2CCC(N)CC2)cc(OC(=O)CCCCCCCC)c1O,CCCCCCCCCCCCCCOC(=O)CCOCCOCCOCCOCCOCCOCCOCCOCCOCCOCCOCCOCCOCCOCCOCCOCCOCCOCCOCCOCCOCCOCCOCCOCCOCCOCCOCCOCCOCCOCCOCCOCCOCCOCCOCCOCCOCCOCCOCCOCCOCCOCCOCCOCCOCCOCCOCCOCCOCCOCCOCCOCCOCCOCCOCCOCCOCCOCCOCCOCCOCCOCCOCCOCCOCCOCCOCCOCCOCCOCCOCCOCCOCCOCCOCCOCCOCCOCCOCCOCCOCCOCCOCCOCCOCCOCCOCCOCCOCCO,CC(C)CCC[C@@H](C)[C@H]1CC[C@H]2[C@@H]3CC=C4C[C@@H](O)CC[C@]4(C)[C@H]3CC[C@]12C,CCCCCCCC/C=C\CCCCCCCC(=O)OC[C@H](COP(=O)(O)OCCN)OC(=O)CCCCCCC/C=C\CCCCCCCC,74.6,35.0,2.5,46.5,16.0,0.35,0.025,0.465,0.16,193.7,0.07
272,Custom lipid,C14-PEG2000,cholesterol,DOPE,35:2.5:46.5:16,181.2 ¡¾ 3.9,0.10 ¡¾ 0.05,1.5 ¡¾ 7.5,82.2 ¡¾ 4.3,OTHER:b-DNA:FLuc mRNA weight ratio 10:1,mRNA,"firefly_luciferase, barcode(dna barcode 70)",C14PEG2K,4-A2-7,DOPE,cholesterol,"synthesis_method: Microfluidic mixing or pipette mixing; device_used: Microfluidic device with staggered herringbone features; total_flow_rate_ml_min: 2.4; flow_rate_ratio: 1:3 (organic:aqueous); aqueous_phase_composition: 10 mM citrate buffer; organic_phase_composition: Ethanol with lipids; mixing_time_sec: ; temperature_condition: Room temperature; post_processing: Dialysis in 1x PBS for 2h, filtration through 0.45 ¥ìm filter; sterilization: 0.45 ¥ìm filtration; storage_buffer: 1x PBS","cell_line: HeLa; animal_model: C57BL/6J female mice; administration_route: intravenous (IV); dose: 1.0 mg/kg total nucleic acid; biodistribution_result: Measured by deep sequencing in heart, liver, spleen, lungs, kidneys; toxicity_profile: Cell viability >85%","High-throughput barcoding of nanoparticles identifies cationic, degradable lipid-like materials for mRNA delivery to the lungs in female preclinical models","['Lulu Xue', 'Alex G. Hamilton', 'Gan Zhao', 'Zebin Xiao', 'Rakan El-Mayta', 'Xuexiang Han', 'Ningqiang Gong', 'Xinhong Xiong', 'Junchao Xu', 'Christian G. Figueroa-Espada', 'Sarah J. Shepherd', 'Alvin J. Mukalel', 'Mohamad-Gabriel Alameh', 'Jiaxi Cui', 'Karin Wang', 'Andrew E. Vaughan', 'Drew Weissman', 'Michael J. Mitchell']",https://doi.org/10.1038/s41467-024-45422-9,Nature Communications,2024.0,CCCCCCCCC(=O)Oc1cc(CN2CCN(CCN)CC2)cc(OC(=O)CCCCCCCC)c1O,CCCCCCCCCCCCCCOC(=O)CCOCCOCCOCCOCCOCCOCCOCCOCCOCCOCCOCCOCCOCCOCCOCCOCCOCCOCCOCCOCCOCCOCCOCCOCCOCCOCCOCCOCCOCCOCCOCCOCCOCCOCCOCCOCCOCCOCCOCCOCCOCCOCCOCCOCCOCCOCCOCCOCCOCCOCCOCCOCCOCCOCCOCCOCCOCCOCCOCCOCCOCCOCCOCCOCCOCCOCCOCCOCCOCCOCCOCCOCCOCCOCCOCCOCCOCCOCCOCCOCCOCCOCCOCCOCCOCCOCCOCCOCCOCCO,CC(C)CCC[C@@H](C)[C@H]1CC[C@H]2[C@@H]3CC=C4C[C@@H](O)CC[C@]4(C)[C@H]3CC[C@]12C,CCCCCCCC/C=C\CCCCCCCC(=O)OC[C@H](COP(=O)(O)OCCN)OC(=O)CCCCCCC/C=C\CCCCCCCC,82.2,35.0,2.5,46.5,16.0,0.35,0.025,0.465,0.16,181.2,0.1
273,Custom lipid,C14-PEG2000,cholesterol,DOPE,35:2.5:46.5:16,195.1 ¡¾ 6.3,0.12 ¡¾ 0.04,8.6 ¡¾ 15.5,81.0 ¡¾ 4.8,OTHER:b-DNA:FLuc mRNA weight ratio 10:1,mRNA,"firefly_luciferase, barcode(dna barcode 71)",C14PEG2K,11-A2-7,DOPE,cholesterol,"synthesis_method: Microfluidic mixing or pipette mixing; device_used: Microfluidic device with staggered herringbone features; total_flow_rate_ml_min: 2.4; flow_rate_ratio: 1:3 (organic:aqueous); aqueous_phase_composition: 10 mM citrate buffer; organic_phase_composition: Ethanol with lipids; mixing_time_sec: ; temperature_condition: Room temperature; post_processing: Dialysis in 1x PBS for 2h, filtration through 0.45 ¥ìm filter; sterilization: 0.45 ¥ìm filtration; storage_buffer: 1x PBS","cell_line: HeLa; animal_model: C57BL/6J female mice; administration_route: intravenous (IV); dose: 1.0 mg/kg total nucleic acid; biodistribution_result: Measured by deep sequencing in heart, liver, spleen, lungs, kidneys; toxicity_profile: Cell viability >85%","High-throughput barcoding of nanoparticles identifies cationic, degradable lipid-like materials for mRNA delivery to the lungs in female preclinical models","['Lulu Xue', 'Alex G. Hamilton', 'Gan Zhao', 'Zebin Xiao', 'Rakan El-Mayta', 'Xuexiang Han', 'Ningqiang Gong', 'Xinhong Xiong', 'Junchao Xu', 'Christian G. Figueroa-Espada', 'Sarah J. Shepherd', 'Alvin J. Mukalel', 'Mohamad-Gabriel Alameh', 'Jiaxi Cui', 'Karin Wang', 'Andrew E. Vaughan', 'Drew Weissman', 'Michael J. Mitchell']",https://doi.org/10.1038/s41467-024-45422-9,Nature Communications,2024.0,CCCCCCCCC(=O)Oc1cc(CN(CCN)CCCN)cc(OC(=O)CCCCCCCC)c1O,CCCCCCCCCCCCCCOC(=O)CCOCCOCCOCCOCCOCCOCCOCCOCCOCCOCCOCCOCCOCCOCCOCCOCCOCCOCCOCCOCCOCCOCCOCCOCCOCCOCCOCCOCCOCCOCCOCCOCCOCCOCCOCCOCCOCCOCCOCCOCCOCCOCCOCCOCCOCCOCCOCCOCCOCCOCCOCCOCCOCCOCCOCCOCCOCCOCCOCCOCCOCCOCCOCCOCCOCCOCCOCCOCCOCCOCCOCCOCCOCCOCCOCCOCCOCCOCCOCCOCCOCCOCCOCCOCCOCCOCCOCCOCCOCCO,CC(C)CCC[C@@H](C)[C@H]1CC[C@H]2[C@@H]3CC=C4C[C@@H](O)CC[C@]4(C)[C@H]3CC[C@]12C,CCCCCCCC/C=C\CCCCCCCC(=O)OC[C@H](COP(=O)(O)OCCN)OC(=O)CCCCCCC/C=C\CCCCCCCC,81.0,35.0,2.5,46.5,16.0,0.35,0.025,0.465,0.16,195.1,0.12
274,Custom lipid,C14-PEG2000,cholesterol,DOPE,35:2.5:46.5:16,181.8 ¡¾ 4.8,0.11 ¡¾ 0.09,13.2 ¡¾ 0.4,79.8 ¡¾ 5.1,OTHER:b-DNA:FLuc mRNA weight ratio 10:1,mRNA,"firefly_luciferase, barcode(dna barcode 72)",C14PEG2K,12-A2-7,DOPE,cholesterol,"synthesis_method: Microfluidic mixing or pipette mixing; device_used: Microfluidic device with staggered herringbone features; total_flow_rate_ml_min: 2.4; flow_rate_ratio: 1:3 (organic:aqueous); aqueous_phase_composition: 10 mM citrate buffer; organic_phase_composition: Ethanol with lipids; mixing_time_sec: ; temperature_condition: Room temperature; post_processing: Dialysis in 1x PBS for 2h, filtration through 0.45 ¥ìm filter; sterilization: 0.45 ¥ìm filtration; storage_buffer: 1x PBS","cell_line: HeLa; animal_model: C57BL/6J female mice; administration_route: intravenous (IV); dose: 1.0 mg/kg total nucleic acid; biodistribution_result: Measured by deep sequencing in heart, liver, spleen, lungs, kidneys; toxicity_profile: Cell viability >85%","High-throughput barcoding of nanoparticles identifies cationic, degradable lipid-like materials for mRNA delivery to the lungs in female preclinical models","['Lulu Xue', 'Alex G. Hamilton', 'Gan Zhao', 'Zebin Xiao', 'Rakan El-Mayta', 'Xuexiang Han', 'Ningqiang Gong', 'Xinhong Xiong', 'Junchao Xu', 'Christian G. Figueroa-Espada', 'Sarah J. Shepherd', 'Alvin J. Mukalel', 'Mohamad-Gabriel Alameh', 'Jiaxi Cui', 'Karin Wang', 'Andrew E. Vaughan', 'Drew Weissman', 'Michael J. Mitchell']",https://doi.org/10.1038/s41467-024-45422-9,Nature Communications,2024.0,CCCCCCCCC(=O)Oc1cc(CN(CCN)CCCN)cc(OC(=O)CCCCCCCC)c1O,CCCCCCCCCCCCCCOC(=O)CCOCCOCCOCCOCCOCCOCCOCCOCCOCCOCCOCCOCCOCCOCCOCCOCCOCCOCCOCCOCCOCCOCCOCCOCCOCCOCCOCCOCCOCCOCCOCCOCCOCCOCCOCCOCCOCCOCCOCCOCCOCCOCCOCCOCCOCCOCCOCCOCCOCCOCCOCCOCCOCCOCCOCCOCCOCCOCCOCCOCCOCCOCCOCCOCCOCCOCCOCCOCCOCCOCCOCCOCCOCCOCCOCCOCCOCCOCCOCCOCCOCCOCCOCCOCCOCCOCCOCCOCCOCCO,CC(C)CCC[C@@H](C)[C@H]1CC[C@H]2[C@@H]3CC=C4C[C@@H](O)CC[C@]4(C)[C@H]3CC[C@]12C,CCCCCCCC/C=C\CCCCCCCC(=O)OC[C@H](COP(=O)(O)OCCN)OC(=O)CCCCCCC/C=C\CCCCCCCC,79.8,35.0,2.5,46.5,16.0,0.35,0.025,0.465,0.16,181.8,0.11
275,Custom lipid,C14-PEG2000,cholesterol,DOPE,35:2.5:46.5:16,203.4 ¡¾ 4.9,0.18 ¡¾ 0.09,3.8 ¡¾ 1.4,85.2 ¡¾ 4.9,OTHER:b-DNA:FLuc mRNA weight ratio 10:1,mRNA,"firefly_luciferase, barcode(dna barcode 73)",C14PEG2K,1-A2-6,DOPE,cholesterol,"synthesis_method: Microfluidic mixing or pipette mixing; device_used: Microfluidic device with staggered herringbone features; total_flow_rate_ml_min: 2.4; flow_rate_ratio: 1:3 (organic:aqueous); aqueous_phase_composition: 10 mM citrate buffer; organic_phase_composition: Ethanol with lipids; mixing_time_sec: ; temperature_condition: Room temperature; post_processing: Dialysis in 1x PBS for 2h, filtration through 0.45 ¥ìm filter; sterilization: 0.45 ¥ìm filtration; storage_buffer: 1x PBS","cell_line: HeLa; animal_model: C57BL/6J female mice; administration_route: intravenous (IV); dose: 1.0 mg/kg total nucleic acid; gene_expression_result: Spleen-enriched delivery; biodistribution_result: Measured by deep sequencing in heart, liver, spleen, lungs, kidneys; toxicity_profile: Cell viability >85%","High-throughput barcoding of nanoparticles identifies cationic, degradable lipid-like materials for mRNA delivery to the lungs in female preclinical models","['Lulu Xue', 'Alex G. Hamilton', 'Gan Zhao', 'Zebin Xiao', 'Rakan El-Mayta', 'Xuexiang Han', 'Ningqiang Gong', 'Xinhong Xiong', 'Junchao Xu', 'Christian G. Figueroa-Espada', 'Sarah J. Shepherd', 'Alvin J. Mukalel', 'Mohamad-Gabriel Alameh', 'Jiaxi Cui', 'Karin Wang', 'Andrew E. Vaughan', 'Drew Weissman', 'Michael J. Mitchell']",https://doi.org/10.1038/s41467-024-45422-9,Nature Communications,2024.0,CCCCCCC(=O)Oc1cc(CNN)cc(OC(=O)CCCCCC)c1O,CCCCCCCCCCCCCCOC(=O)CCOCCOCCOCCOCCOCCOCCOCCOCCOCCOCCOCCOCCOCCOCCOCCOCCOCCOCCOCCOCCOCCOCCOCCOCCOCCOCCOCCOCCOCCOCCOCCOCCOCCOCCOCCOCCOCCOCCOCCOCCOCCOCCOCCOCCOCCOCCOCCOCCOCCOCCOCCOCCOCCOCCOCCOCCOCCOCCOCCOCCOCCOCCOCCOCCOCCOCCOCCOCCOCCOCCOCCOCCOCCOCCOCCOCCOCCOCCOCCOCCOCCOCCOCCOCCOCCOCCOCCOCCOCCO,CC(C)CCC[C@@H](C)[C@H]1CC[C@H]2[C@@H]3CC=C4C[C@@H](O)CC[C@]4(C)[C@H]3CC[C@]12C,CCCCCCCC/C=C\CCCCCCCC(=O)OC[C@H](COP(=O)(O)OCCN)OC(=O)CCCCCCC/C=C\CCCCCCCC,85.2,35.0,2.5,46.5,16.0,0.35,0.025,0.465,0.16,203.4,0.18
276,Custom lipid,C14-PEG2000,cholesterol,DOPE,35:2.5:46.5:16,174.0 ¡¾ 5.5,0.23 ¡¾ 0.05,7.9 ¡¾ 1.3,81.2 ¡¾ 2.7,OTHER:b-DNA:FLuc mRNA weight ratio 10:1,mRNA,"firefly_luciferase, barcode(dna barcode 74)",C14PEG2K,5-A2-6b,DOPE,cholesterol,"synthesis_method: Microfluidic mixing or pipette mixing; device_used: Microfluidic device with staggered herringbone features; total_flow_rate_ml_min: 2.4; flow_rate_ratio: 1:3 (organic:aqueous); aqueous_phase_composition: 10 mM citrate buffer; organic_phase_composition: Ethanol with lipids; mixing_time_sec: ; temperature_condition: Room temperature; post_processing: Dialysis in 1x PBS for 2h, filtration through 0.45 ¥ìm filter; sterilization: 0.45 ¥ìm filtration; storage_buffer: 1x PBS","cell_line: HeLa; animal_model: C57BL/6J female mice; administration_route: intravenous (IV); dose: 1.0 mg/kg total nucleic acid; biodistribution_result: Measured by deep sequencing in heart, liver, spleen, lungs, kidneys; toxicity_profile: Cell viability >85%","High-throughput barcoding of nanoparticles identifies cationic, degradable lipid-like materials for mRNA delivery to the lungs in female preclinical models","['Lulu Xue', 'Alex G. Hamilton', 'Gan Zhao', 'Zebin Xiao', 'Rakan El-Mayta', 'Xuexiang Han', 'Ningqiang Gong', 'Xinhong Xiong', 'Junchao Xu', 'Christian G. Figueroa-Espada', 'Sarah J. Shepherd', 'Alvin J. Mukalel', 'Mohamad-Gabriel Alameh', 'Jiaxi Cui', 'Karin Wang', 'Andrew E. Vaughan', 'Drew Weissman', 'Michael J. Mitchell']",https://doi.org/10.1038/s41467-024-45422-9,Nature Communications,2024.0,CCCC(CC)CC(=O)Oc1cc(CNCCN(C)C)cc(OC(=O)CC(CC)CCC)c1O,CCCCCCCCCCCCCCOC(=O)CCOCCOCCOCCOCCOCCOCCOCCOCCOCCOCCOCCOCCOCCOCCOCCOCCOCCOCCOCCOCCOCCOCCOCCOCCOCCOCCOCCOCCOCCOCCOCCOCCOCCOCCOCCOCCOCCOCCOCCOCCOCCOCCOCCOCCOCCOCCOCCOCCOCCOCCOCCOCCOCCOCCOCCOCCOCCOCCOCCOCCOCCOCCOCCOCCOCCOCCOCCOCCOCCOCCOCCOCCOCCOCCOCCOCCOCCOCCOCCOCCOCCOCCOCCOCCOCCOCCOCCOCCOCCO,CC(C)CCC[C@@H](C)[C@H]1CC[C@H]2[C@@H]3CC=C4C[C@@H](O)CC[C@]4(C)[C@H]3CC[C@]12C,CCCCCCCC/C=C\CCCCCCCC(=O)OC[C@H](COP(=O)(O)OCCN)OC(=O)CCCCCCC/C=C\CCCCCCCC,81.2,35.0,2.5,46.5,16.0,0.35,0.025,0.465,0.16,174.0,0.23
277,Custom lipid,C14-PEG2000,cholesterol,DOPE,35:2.5:46.5:16,164.2 ¡¾ 5.7,0.13 ¡¾ 0.09,6.5 ¡¾ 0.9,85.1 ¡¾ 2.8,OTHER:b-DNA:FLuc mRNA weight ratio 10:1,mRNA,"firefly_luciferase, barcode(dna barcode 75)",C14PEG2K,9-A2-6b,DOPE,cholesterol,"synthesis_method: Microfluidic mixing or pipette mixing; device_used: Microfluidic device with staggered herringbone features; total_flow_rate_ml_min: 2.4; flow_rate_ratio: 1:3 (organic:aqueous); aqueous_phase_composition: 10 mM citrate buffer; organic_phase_composition: Ethanol with lipids; mixing_time_sec: ; temperature_condition: Room temperature; post_processing: Dialysis in 1x PBS for 2h, filtration through 0.45 ¥ìm filter; sterilization: 0.45 ¥ìm filtration; storage_buffer: 1x PBS","cell_line: HeLa; animal_model: C57BL/6J female mice; administration_route: intravenous (IV); dose: 1.0 mg/kg total nucleic acid; biodistribution_result: Measured by deep sequencing in heart, liver, spleen, lungs, kidneys; toxicity_profile: Cell viability >85%","High-throughput barcoding of nanoparticles identifies cationic, degradable lipid-like materials for mRNA delivery to the lungs in female preclinical models","['Lulu Xue', 'Alex G. Hamilton', 'Gan Zhao', 'Zebin Xiao', 'Rakan El-Mayta', 'Xuexiang Han', 'Ningqiang Gong', 'Xinhong Xiong', 'Junchao Xu', 'Christian G. Figueroa-Espada', 'Sarah J. Shepherd', 'Alvin J. Mukalel', 'Mohamad-Gabriel Alameh', 'Jiaxi Cui', 'Karin Wang', 'Andrew E. Vaughan', 'Drew Weissman', 'Michael J. Mitchell']",https://doi.org/10.1038/s41467-024-45422-9,Nature Communications,2024.0,CCCCCCCC(CCCN)NCc1cc(OC(=O)CC(CC)CCC)c(O)c(OC(=O)CC(CC)CCC)c1,CCCCCCCCCCCCCCOC(=O)CCOCCOCCOCCOCCOCCOCCOCCOCCOCCOCCOCCOCCOCCOCCOCCOCCOCCOCCOCCOCCOCCOCCOCCOCCOCCOCCOCCOCCOCCOCCOCCOCCOCCOCCOCCOCCOCCOCCOCCOCCOCCOCCOCCOCCOCCOCCOCCOCCOCCOCCOCCOCCOCCOCCOCCOCCOCCOCCOCCOCCOCCOCCOCCOCCOCCOCCOCCOCCOCCOCCOCCOCCOCCOCCOCCOCCOCCOCCOCCOCCOCCOCCOCCOCCOCCOCCOCCOCCOCCO,CC(C)CCC[C@@H](C)[C@H]1CC[C@H]2[C@@H]3CC=C4C[C@@H](O)CC[C@]4(C)[C@H]3CC[C@]12C,CCCCCCCC/C=C\CCCCCCCC(=O)OC[C@H](COP(=O)(O)OCCN)OC(=O)CCCCCCC/C=C\CCCCCCCC,85.1,35.0,2.5,46.5,16.0,0.35,0.025,0.465,0.16,164.2,0.13
278,Custom lipid,C14-PEG2000,cholesterol,DOPE,35:2.5:46.5:16,143.6 ¡¾ 8.7,0.09 ¡¾ 0.08,3.3 ¡¾ 3.8,85.3 ¡¾ 4.4,OTHER:b-DNA:FLuc mRNA weight ratio 10:1,mRNA,"firefly_luciferase, barcode(dna barcode 76)",C14PEG2K,6-A2-7,DOPE,cholesterol,"synthesis_method: Microfluidic mixing or pipette mixing; device_used: Microfluidic device with staggered herringbone features; total_flow_rate_ml_min: 2.4; flow_rate_ratio: 1:3 (organic:aqueous); aqueous_phase_composition: 10 mM citrate buffer; organic_phase_composition: Ethanol with lipids; mixing_time_sec: ; temperature_condition: Room temperature; post_processing: Dialysis in 1x PBS for 2h, filtration through 0.45 ¥ìm filter; sterilization: 0.45 ¥ìm filtration; storage_buffer: 1x PBS","cell_line: HeLa; animal_model: C57BL/6J female mice; administration_route: intravenous (IV); dose: 1.0 mg/kg total nucleic acid; biodistribution_result: Measured by deep sequencing in heart, liver, spleen, lungs, kidneys; toxicity_profile: Cell viability >85%","High-throughput barcoding of nanoparticles identifies cationic, degradable lipid-like materials for mRNA delivery to the lungs in female preclinical models","['Lulu Xue', 'Alex G. Hamilton', 'Gan Zhao', 'Zebin Xiao', 'Rakan El-Mayta', 'Xuexiang Han', 'Ningqiang Gong', 'Xinhong Xiong', 'Junchao Xu', 'Christian G. Figueroa-Espada', 'Sarah J. Shepherd', 'Alvin J. Mukalel', 'Mohamad-Gabriel Alameh', 'Jiaxi Cui', 'Karin Wang', 'Andrew E. Vaughan', 'Drew Weissman', 'Michael J. Mitchell']",https://doi.org/10.1038/s41467-024-45422-9,Nature Communications,2024.0,CCCCCCCCC(=O)Oc1cc(CNN(C)CCCC)cc(OC(=O)CCCCCCCC)c1O,CCCCCCCCCCCCCCOC(=O)CCOCCOCCOCCOCCOCCOCCOCCOCCOCCOCCOCCOCCOCCOCCOCCOCCOCCOCCOCCOCCOCCOCCOCCOCCOCCOCCOCCOCCOCCOCCOCCOCCOCCOCCOCCOCCOCCOCCOCCOCCOCCOCCOCCOCCOCCOCCOCCOCCOCCOCCOCCOCCOCCOCCOCCOCCOCCOCCOCCOCCOCCOCCOCCOCCOCCOCCOCCOCCOCCOCCOCCOCCOCCOCCOCCOCCOCCOCCOCCOCCOCCOCCOCCOCCOCCOCCOCCOCCOCCO,CC(C)CCC[C@@H](C)[C@H]1CC[C@H]2[C@@H]3CC=C4C[C@@H](O)CC[C@]4(C)[C@H]3CC[C@]12C,CCCCCCCC/C=C\CCCCCCCC(=O)OC[C@H](COP(=O)(O)OCCN)OC(=O)CCCCCCC/C=C\CCCCCCCC,85.3,35.0,2.5,46.5,16.0,0.35,0.025,0.465,0.16,143.6,0.09
279,Custom lipid,C14-PEG2000,cholesterol,DOPE,35:2.5:46.5:16,195.5 ¡¾ 9.9,0.29 ¡¾ 0.07,-9.7 ¡¾ 2.2,80.6 ¡¾ 2.9,OTHER:b-DNA:FLuc mRNA weight ratio 10:1,mRNA,"firefly_luciferase, barcode(dna barcode 77)",C14PEG2K,8-A2-7b,DOPE,cholesterol,"synthesis_method: Microfluidic mixing or pipette mixing; device_used: Microfluidic device with staggered herringbone features; total_flow_rate_ml_min: 2.4; flow_rate_ratio: 1:3 (organic:aqueous); aqueous_phase_composition: 10 mM citrate buffer; organic_phase_composition: Ethanol with lipids; mixing_time_sec: ; temperature_condition: Room temperature; post_processing: Dialysis in 1x PBS for 2h, filtration through 0.45 ¥ìm filter; sterilization: 0.45 ¥ìm filtration; storage_buffer: 1x PBS","cell_line: HeLa; animal_model: C57BL/6J female mice; administration_route: intravenous (IV); dose: 1.0 mg/kg total nucleic acid; biodistribution_result: Measured by deep sequencing in heart, liver, spleen, lungs, kidneys; toxicity_profile: Cell viability >85%","High-throughput barcoding of nanoparticles identifies cationic, degradable lipid-like materials for mRNA delivery to the lungs in female preclinical models","['Lulu Xue', 'Alex G. Hamilton', 'Gan Zhao', 'Zebin Xiao', 'Rakan El-Mayta', 'Xuexiang Han', 'Ningqiang Gong', 'Xinhong Xiong', 'Junchao Xu', 'Christian G. Figueroa-Espada', 'Sarah J. Shepherd', 'Alvin J. Mukalel', 'Mohamad-Gabriel Alameh', 'Jiaxi Cui', 'Karin Wang', 'Andrew E. Vaughan', 'Drew Weissman', 'Michael J. Mitchell']",https://doi.org/10.1038/s41467-024-45422-9,Nature Communications,2024.0,CCCCCCCC(CC)CCNCc1cc(OC(=O)CC(CC)CCCC)c(O)c(OC(=O)CC(CC)CCCC)c1,CCCCCCCCCCCCCCOC(=O)CCOCCOCCOCCOCCOCCOCCOCCOCCOCCOCCOCCOCCOCCOCCOCCOCCOCCOCCOCCOCCOCCOCCOCCOCCOCCOCCOCCOCCOCCOCCOCCOCCOCCOCCOCCOCCOCCOCCOCCOCCOCCOCCOCCOCCOCCOCCOCCOCCOCCOCCOCCOCCOCCOCCOCCOCCOCCOCCOCCOCCOCCOCCOCCOCCOCCOCCOCCOCCOCCOCCOCCOCCOCCOCCOCCOCCOCCOCCOCCOCCOCCOCCOCCOCCOCCOCCOCCOCCOCCO,CC(C)CCC[C@@H](C)[C@H]1CC[C@H]2[C@@H]3CC=C4C[C@@H](O)CC[C@]4(C)[C@H]3CC[C@]12C,CCCCCCCC/C=C\CCCCCCCC(=O)OC[C@H](COP(=O)(O)OCCN)OC(=O)CCCCCCC/C=C\CCCCCCCC,80.6,35.0,2.5,46.5,16.0,0.35,0.025,0.465,0.16,195.5,0.29
280,Custom lipid,C14-PEG2000,cholesterol,DOPE,35:2.5:46.5:16,179.2 ¡¾ 7.4,0.25 ¡¾ 0.09,5.8 ¡¾ 1.3,80.6 ¡¾ 3.1,OTHER:b-DNA:FLuc mRNA weight ratio 10:1,mRNA,"firefly_luciferase, barcode(dna barcode 78)",C14PEG2K,8-A2-7b2,DOPE,cholesterol,"synthesis_method: Microfluidic mixing or pipette mixing; device_used: Microfluidic device with staggered herringbone features; total_flow_rate_ml_min: 2.4; flow_rate_ratio: 1:3 (organic:aqueous); aqueous_phase_composition: 10 mM citrate buffer; organic_phase_composition: Ethanol with lipids; mixing_time_sec: ; temperature_condition: Room temperature; post_processing: Dialysis in 1x PBS for 2h, filtration through 0.45 ¥ìm filter; sterilization: 0.45 ¥ìm filtration; storage_buffer: 1x PBS","cell_line: HeLa; animal_model: C57BL/6J female mice; administration_route: intravenous (IV); dose: 1.0 mg/kg total nucleic acid; biodistribution_result: Measured by deep sequencing in heart, liver, spleen, lungs, kidneys; toxicity_profile: Cell viability >85%","High-throughput barcoding of nanoparticles identifies cationic, degradable lipid-like materials for mRNA delivery to the lungs in female preclinical models","['Lulu Xue', 'Alex G. Hamilton', 'Gan Zhao', 'Zebin Xiao', 'Rakan El-Mayta', 'Xuexiang Han', 'Ningqiang Gong', 'Xinhong Xiong', 'Junchao Xu', 'Christian G. Figueroa-Espada', 'Sarah J. Shepherd', 'Alvin J. Mukalel', 'Mohamad-Gabriel Alameh', 'Jiaxi Cui', 'Karin Wang', 'Andrew E. Vaughan', 'Drew Weissman', 'Michael J. Mitchell']",https://doi.org/10.1038/s41467-024-45422-9,Nature Communications,2024.0,CCCCCCCC(CC)CCNCc1cc(OC(=O)CC(CC)CCCC)c(O)c(OC(=O)CC(CC)CCCC)c1,CCCCCCCCCCCCCCOC(=O)CCOCCOCCOCCOCCOCCOCCOCCOCCOCCOCCOCCOCCOCCOCCOCCOCCOCCOCCOCCOCCOCCOCCOCCOCCOCCOCCOCCOCCOCCOCCOCCOCCOCCOCCOCCOCCOCCOCCOCCOCCOCCOCCOCCOCCOCCOCCOCCOCCOCCOCCOCCOCCOCCOCCOCCOCCOCCOCCOCCOCCOCCOCCOCCOCCOCCOCCOCCOCCOCCOCCOCCOCCOCCOCCOCCOCCOCCOCCOCCOCCOCCOCCOCCOCCOCCOCCOCCOCCOCCO,CC(C)CCC[C@@H](C)[C@H]1CC[C@H]2[C@@H]3CC=C4C[C@@H](O)CC[C@]4(C)[C@H]3CC[C@]12C,CCCCCCCC/C=C\CCCCCCCC(=O)OC[C@H](COP(=O)(O)OCCN)OC(=O)CCCCCCC/C=C\CCCCCCCC,80.6,35.0,2.5,46.5,16.0,0.35,0.025,0.465,0.16,179.2,0.25
281,Custom lipid,C14-PEG2000,cholesterol,DOPE,35:2.5:46.5:16,181.7 ¡¾ 4.9,0.24 ¡¾ 0.05,1.4 ¡¾ 0.6,83.1 ¡¾ 3.0,OTHER:b-DNA:FLuc mRNA weight ratio 10:1,mRNA,"firefly_luciferase, barcode(dna barcode 79)",C14PEG2K,5-A2-8b,DOPE,cholesterol,"synthesis_method: Microfluidic mixing or pipette mixing; device_used: Microfluidic device with staggered herringbone features; total_flow_rate_ml_min: 2.4; flow_rate_ratio: 1:3 (organic:aqueous); aqueous_phase_composition: 10 mM citrate buffer; organic_phase_composition: Ethanol with lipids; mixing_time_sec: ; temperature_condition: Room temperature; post_processing: Dialysis in 1x PBS for 2h, filtration through 0.45 ¥ìm filter; sterilization: 0.45 ¥ìm filtration; storage_buffer: 1x PBS","cell_line: HeLa; animal_model: C57BL/6J female mice; administration_route: intravenous (IV); dose: 1.0 mg/kg total nucleic acid; biodistribution_result: Measured by deep sequencing in heart, liver, spleen, lungs, kidneys; toxicity_profile: Cell viability >85%","High-throughput barcoding of nanoparticles identifies cationic, degradable lipid-like materials for mRNA delivery to the lungs in female preclinical models","['Lulu Xue', 'Alex G. Hamilton', 'Gan Zhao', 'Zebin Xiao', 'Rakan El-Mayta', 'Xuexiang Han', 'Ningqiang Gong', 'Xinhong Xiong', 'Junchao Xu', 'Christian G. Figueroa-Espada', 'Sarah J. Shepherd', 'Alvin J. Mukalel', 'Mohamad-Gabriel Alameh', 'Jiaxi Cui', 'Karin Wang', 'Andrew E. Vaughan', 'Drew Weissman', 'Michael J. Mitchell']",https://doi.org/10.1038/s41467-024-45422-9,Nature Communications,2024.0,CCCCCC(CC)CC(=O)Oc1cc(CNCCN(C)C)cc(OC(=O)CC(CC)CCCCC)c1O,CCCCCCCCCCCCCCOC(=O)CCOCCOCCOCCOCCOCCOCCOCCOCCOCCOCCOCCOCCOCCOCCOCCOCCOCCOCCOCCOCCOCCOCCOCCOCCOCCOCCOCCOCCOCCOCCOCCOCCOCCOCCOCCOCCOCCOCCOCCOCCOCCOCCOCCOCCOCCOCCOCCOCCOCCOCCOCCOCCOCCOCCOCCOCCOCCOCCOCCOCCOCCOCCOCCOCCOCCOCCOCCOCCOCCOCCOCCOCCOCCOCCOCCOCCOCCOCCOCCOCCOCCOCCOCCOCCOCCOCCOCCOCCOCCO,CC(C)CCC[C@@H](C)[C@H]1CC[C@H]2[C@@H]3CC=C4C[C@@H](O)CC[C@]4(C)[C@H]3CC[C@]12C,CCCCCCCC/C=C\CCCCCCCC(=O)OC[C@H](COP(=O)(O)OCCN)OC(=O)CCCCCCC/C=C\CCCCCCCC,83.1,35.0,2.5,46.5,16.0,0.35,0.025,0.465,0.16,181.7,0.24
282,Custom lipid,C14-PEG2000,cholesterol,DOPE,35:2.5:46.5:16,141.6 ¡¾ 11.1,0.21 ¡¾ 0.04,3.9 ¡¾ 2.1,82.4 ¡¾ 3.3,OTHER:b-DNA:FLuc mRNA weight ratio 10:1,mRNA,"firefly_luciferase, barcode(dna barcode 80)",C14PEG2K,6-A2-8b,DOPE,cholesterol,"synthesis_method: Microfluidic mixing or pipette mixing; device_used: Microfluidic device with staggered herringbone features; total_flow_rate_ml_min: 2.4; flow_rate_ratio: 1:3 (organic:aqueous); aqueous_phase_composition: 10 mM citrate buffer; organic_phase_composition: Ethanol with lipids; mixing_time_sec: ; temperature_condition: Room temperature; post_processing: Dialysis in 1x PBS for 2h, filtration through 0.45 ¥ìm filter; sterilization: 0.45 ¥ìm filtration; storage_buffer: 1x PBS","cell_line: HeLa; animal_model: C57BL/6J female mice; administration_route: intravenous (IV); dose: 1.0 mg/kg total nucleic acid; biodistribution_result: Measured by deep sequencing in heart, liver, spleen, lungs, kidneys; toxicity_profile: Cell viability >85%","High-throughput barcoding of nanoparticles identifies cationic, degradable lipid-like materials for mRNA delivery to the lungs in female preclinical models","['Lulu Xue', 'Alex G. Hamilton', 'Gan Zhao', 'Zebin Xiao', 'Rakan El-Mayta', 'Xuexiang Han', 'Ningqiang Gong', 'Xinhong Xiong', 'Junchao Xu', 'Christian G. Figueroa-Espada', 'Sarah J. Shepherd', 'Alvin J. Mukalel', 'Mohamad-Gabriel Alameh', 'Jiaxi Cui', 'Karin Wang', 'Andrew E. Vaughan', 'Drew Weissman', 'Michael J. Mitchell']",https://doi.org/10.1038/s41467-024-45422-9,Nature Communications,2024.0,CCCCCC(CC)CC(=O)Oc1cc(CNN(C)CCCC)cc(OC(=O)CC(CC)CCCCC)c1O,CCCCCCCCCCCCCCOC(=O)CCOCCOCCOCCOCCOCCOCCOCCOCCOCCOCCOCCOCCOCCOCCOCCOCCOCCOCCOCCOCCOCCOCCOCCOCCOCCOCCOCCOCCOCCOCCOCCOCCOCCOCCOCCOCCOCCOCCOCCOCCOCCOCCOCCOCCOCCOCCOCCOCCOCCOCCOCCOCCOCCOCCOCCOCCOCCOCCOCCOCCOCCOCCOCCOCCOCCOCCOCCOCCOCCOCCOCCOCCOCCOCCOCCOCCOCCOCCOCCOCCOCCOCCOCCOCCOCCOCCOCCOCCOCCO,CC(C)CCC[C@@H](C)[C@H]1CC[C@H]2[C@@H]3CC=C4C[C@@H](O)CC[C@]4(C)[C@H]3CC[C@]12C,CCCCCCCC/C=C\CCCCCCCC(=O)OC[C@H](COP(=O)(O)OCCN)OC(=O)CCCCCCC/C=C\CCCCCCCC,82.4,35.0,2.5,46.5,16.0,0.35,0.025,0.465,0.16,141.6,0.21
283,Custom lipid,C14-PEG2000,cholesterol,DOPE,35:2.5:46.5:16,171.4 ¡¾ 4.5,0.16 ¡¾ 0.04,6.7 ¡¾ 2.0,78.5 ¡¾ 4.5,OTHER:b-DNA:FLuc mRNA weight ratio 10:1,mRNA,"firefly_luciferase, barcode(dna barcode 81)",C14PEG2K,7-A2-8b,DOPE,cholesterol,"synthesis_method: Microfluidic mixing or pipette mixing; device_used: Microfluidic device with staggered herringbone features; total_flow_rate_ml_min: 2.4; flow_rate_ratio: 1:3 (organic:aqueous); aqueous_phase_composition: 10 mM citrate buffer; organic_phase_composition: Ethanol with lipids; mixing_time_sec: ; temperature_condition: Room temperature; post_processing: Dialysis in 1x PBS for 2h, filtration through 0.45 ¥ìm filter; sterilization: 0.45 ¥ìm filtration; storage_buffer: 1x PBS","cell_line: HeLa; animal_model: C57BL/6J female mice; administration_route: intravenous (IV); dose: 1.0 mg/kg total nucleic acid; biodistribution_result: Measured by deep sequencing in heart, liver, spleen, lungs, kidneys; toxicity_profile: Cell viability >85%","High-throughput barcoding of nanoparticles identifies cationic, degradable lipid-like materials for mRNA delivery to the lungs in female preclinical models","['Lulu Xue', 'Alex G. Hamilton', 'Gan Zhao', 'Zebin Xiao', 'Rakan El-Mayta', 'Xuexiang Han', 'Ningqiang Gong', 'Xinhong Xiong', 'Junchao Xu', 'Christian G. Figueroa-Espada', 'Sarah J. Shepherd', 'Alvin J. Mukalel', 'Mohamad-Gabriel Alameh', 'Jiaxi Cui', 'Karin Wang', 'Andrew E. Vaughan', 'Drew Weissman', 'Michael J. Mitchell']",https://doi.org/10.1038/s41467-024-45422-9,Nature Communications,2024.0,CCCCCC(CC)CC(=O)Oc1cc(CNN(CCC)CCCCC)cc(OC(=O)CC(CC)CCCCC)c1O,CCCCCCCCCCCCCCOC(=O)CCOCCOCCOCCOCCOCCOCCOCCOCCOCCOCCOCCOCCOCCOCCOCCOCCOCCOCCOCCOCCOCCOCCOCCOCCOCCOCCOCCOCCOCCOCCOCCOCCOCCOCCOCCOCCOCCOCCOCCOCCOCCOCCOCCOCCOCCOCCOCCOCCOCCOCCOCCOCCOCCOCCOCCOCCOCCOCCOCCOCCOCCOCCOCCOCCOCCOCCOCCOCCOCCOCCOCCOCCOCCOCCOCCOCCOCCOCCOCCOCCOCCOCCOCCOCCOCCOCCOCCOCCOCCO,CC(C)CCC[C@@H](C)[C@H]1CC[C@H]2[C@@H]3CC=C4C[C@@H](O)CC[C@]4(C)[C@H]3CC[C@]12C,CCCCCCCC/C=C\CCCCCCCC(=O)OC[C@H](COP(=O)(O)OCCN)OC(=O)CCCCCCC/C=C\CCCCCCCC,78.5,35.0,2.5,46.5,16.0,0.35,0.025,0.465,0.16,171.4,0.16
284,Custom lipid,C14-PEG2000,cholesterol,DOPE,35:2.5:46.5:16,155.0 ¡¾ 6.5,0.15 ¡¾ 0.05,1.5 ¡¾ 0.7,79.7 ¡¾ 3.5,OTHER:b-DNA:FLuc mRNA weight ratio 10:1,mRNA,"firefly_luciferase, barcode(dna barcode 82)",C14PEG2K,8-A2-8b,DOPE,cholesterol,"synthesis_method: Microfluidic mixing or pipette mixing; device_used: Microfluidic device with staggered herringbone features; total_flow_rate_ml_min: 2.4; flow_rate_ratio: 1:3 (organic:aqueous); aqueous_phase_composition: 10 mM citrate buffer; organic_phase_composition: Ethanol with lipids; mixing_time_sec: ; temperature_condition: Room temperature; post_processing: Dialysis in 1x PBS for 2h, filtration through 0.45 ¥ìm filter; sterilization: 0.45 ¥ìm filtration; storage_buffer: 1x PBS","cell_line: HeLa; animal_model: C57BL/6J female mice; administration_route: intravenous (IV); dose: 1.0 mg/kg total nucleic acid; biodistribution_result: Measured by deep sequencing in heart, liver, spleen, lungs, kidneys; toxicity_profile: Cell viability >85%","High-throughput barcoding of nanoparticles identifies cationic, degradable lipid-like materials for mRNA delivery to the lungs in female preclinical models","['Lulu Xue', 'Alex G. Hamilton', 'Gan Zhao', 'Zebin Xiao', 'Rakan El-Mayta', 'Xuexiang Han', 'Ningqiang Gong', 'Xinhong Xiong', 'Junchao Xu', 'Christian G. Figueroa-Espada', 'Sarah J. Shepherd', 'Alvin J. Mukalel', 'Mohamad-Gabriel Alameh', 'Jiaxi Cui', 'Karin Wang', 'Andrew E. Vaughan', 'Drew Weissman', 'Michael J. Mitchell']",https://doi.org/10.1038/s41467-024-45422-9,Nature Communications,2024.0,CCCCCCCC(CC)CCNCc1cc(OC(=O)CC(CC)CCCCC)c(O)c(OC(=O)CC(CC)CCCCC)c1,CCCCCCCCCCCCCCOC(=O)CCOCCOCCOCCOCCOCCOCCOCCOCCOCCOCCOCCOCCOCCOCCOCCOCCOCCOCCOCCOCCOCCOCCOCCOCCOCCOCCOCCOCCOCCOCCOCCOCCOCCOCCOCCOCCOCCOCCOCCOCCOCCOCCOCCOCCOCCOCCOCCOCCOCCOCCOCCOCCOCCOCCOCCOCCOCCOCCOCCOCCOCCOCCOCCOCCOCCOCCOCCOCCOCCOCCOCCOCCOCCOCCOCCOCCOCCOCCOCCOCCOCCOCCOCCOCCOCCOCCOCCOCCOCCO,CC(C)CCC[C@@H](C)[C@H]1CC[C@H]2[C@@H]3CC=C4C[C@@H](O)CC[C@]4(C)[C@H]3CC[C@]12C,CCCCCCCC/C=C\CCCCCCCC(=O)OC[C@H](COP(=O)(O)OCCN)OC(=O)CCCCCCC/C=C\CCCCCCCC,79.7,35.0,2.5,46.5,16.0,0.35,0.025,0.465,0.16,155.0,0.15
285,Custom lipid,C14-PEG2000,cholesterol,DOPE,35:2.5:46.5:16,156.3 ¡¾ 5.1,0.26 ¡¾ 0.11,6.3 ¡¾ 0.9,82.4 ¡¾ 3.3,OTHER:b-DNA:FLuc mRNA weight ratio 10:1,mRNA,"firefly_luciferase, barcode(dna barcode 83)",C14PEG2K,9-A2-8b,DOPE,cholesterol,"synthesis_method: Microfluidic mixing or pipette mixing; device_used: Microfluidic device with staggered herringbone features; total_flow_rate_ml_min: 2.4; flow_rate_ratio: 1:3 (organic:aqueous); aqueous_phase_composition: 10 mM citrate buffer; organic_phase_composition: Ethanol with lipids; mixing_time_sec: ; temperature_condition: Room temperature; post_processing: Dialysis in 1x PBS for 2h, filtration through 0.45 ¥ìm filter; sterilization: 0.45 ¥ìm filtration; storage_buffer: 1x PBS","cell_line: HeLa; animal_model: C57BL/6J female mice; administration_route: intravenous (IV); dose: 1.0 mg/kg total nucleic acid; biodistribution_result: Measured by deep sequencing in heart, liver, spleen, lungs, kidneys; toxicity_profile: Cell viability >85%","High-throughput barcoding of nanoparticles identifies cationic, degradable lipid-like materials for mRNA delivery to the lungs in female preclinical models","['Lulu Xue', 'Alex G. Hamilton', 'Gan Zhao', 'Zebin Xiao', 'Rakan El-Mayta', 'Xuexiang Han', 'Ningqiang Gong', 'Xinhong Xiong', 'Junchao Xu', 'Christian G. Figueroa-Espada', 'Sarah J. Shepherd', 'Alvin J. Mukalel', 'Mohamad-Gabriel Alameh', 'Jiaxi Cui', 'Karin Wang', 'Andrew E. Vaughan', 'Drew Weissman', 'Michael J. Mitchell']",https://doi.org/10.1038/s41467-024-45422-9,Nature Communications,2024.0,CCCCCCCC(CCCN)NCc1cc(OC(=O)CC(CC)CCCCC)c(O)c(OC(=O)CC(CC)CCCCC)c1,CCCCCCCCCCCCCCOC(=O)CCOCCOCCOCCOCCOCCOCCOCCOCCOCCOCCOCCOCCOCCOCCOCCOCCOCCOCCOCCOCCOCCOCCOCCOCCOCCOCCOCCOCCOCCOCCOCCOCCOCCOCCOCCOCCOCCOCCOCCOCCOCCOCCOCCOCCOCCOCCOCCOCCOCCOCCOCCOCCOCCOCCOCCOCCOCCOCCOCCOCCOCCOCCOCCOCCOCCOCCOCCOCCOCCOCCOCCOCCOCCOCCOCCOCCOCCOCCOCCOCCOCCOCCOCCOCCOCCOCCOCCOCCOCCO,CC(C)CCC[C@@H](C)[C@H]1CC[C@H]2[C@@H]3CC=C4C[C@@H](O)CC[C@]4(C)[C@H]3CC[C@]12C,CCCCCCCC/C=C\CCCCCCCC(=O)OC[C@H](COP(=O)(O)OCCN)OC(=O)CCCCCCC/C=C\CCCCCCCC,82.4,35.0,2.5,46.5,16.0,0.35,0.025,0.465,0.16,156.3,0.26
286,Custom lipid,C14-PEG2000,cholesterol,DOPE,35:2.5:46.5:16,190.5 ¡¾ 4.3,0.30 ¡¾ 0.12,4.3 ¡¾ 3.7,83.4 ¡¾ 3.1,OTHER:b-DNA:FLuc mRNA weight ratio 10:1,mRNA,"firefly_luciferase, barcode(dna barcode 84)",C14PEG2K,10-A2-8b,DOPE,cholesterol,"synthesis_method: Microfluidic mixing or pipette mixing; device_used: Microfluidic device with staggered herringbone features; total_flow_rate_ml_min: 2.4; flow_rate_ratio: 1:3 (organic:aqueous); aqueous_phase_composition: 10 mM citrate buffer; organic_phase_composition: Ethanol with lipids; mixing_time_sec: ; temperature_condition: Room temperature; post_processing: Dialysis in 1x PBS for 2h, filtration through 0.45 ¥ìm filter; sterilization: 0.45 ¥ìm filtration; storage_buffer: 1x PBS","cell_line: HeLa; animal_model: C57BL/6J female mice; administration_route: intravenous (IV); dose: 1.0 mg/kg total nucleic acid; biodistribution_result: Measured by deep sequencing in heart, liver, spleen, lungs, kidneys; toxicity_profile: Cell viability >85%","High-throughput barcoding of nanoparticles identifies cationic, degradable lipid-like materials for mRNA delivery to the lungs in female preclinical models","['Lulu Xue', 'Alex G. Hamilton', 'Gan Zhao', 'Zebin Xiao', 'Rakan El-Mayta', 'Xuexiang Han', 'Ningqiang Gong', 'Xinhong Xiong', 'Junchao Xu', 'Christian G. Figueroa-Espada', 'Sarah J. Shepherd', 'Alvin J. Mukalel', 'Mohamad-Gabriel Alameh', 'Jiaxi Cui', 'Karin Wang', 'Andrew E. Vaughan', 'Drew Weissman', 'Michael J. Mitchell']",https://doi.org/10.1038/s41467-024-45422-9,Nature Communications,2024.0,CCCCCC(CC)CC(=O)Oc1cc(CNCCCCCCCCCCN)cc(OC(=O)CC(CC)CCCCC)c1O,CCCCCCCCCCCCCCOC(=O)CCOCCOCCOCCOCCOCCOCCOCCOCCOCCOCCOCCOCCOCCOCCOCCOCCOCCOCCOCCOCCOCCOCCOCCOCCOCCOCCOCCOCCOCCOCCOCCOCCOCCOCCOCCOCCOCCOCCOCCOCCOCCOCCOCCOCCOCCOCCOCCOCCOCCOCCOCCOCCOCCOCCOCCOCCOCCOCCOCCOCCOCCOCCOCCOCCOCCOCCOCCOCCOCCOCCOCCOCCOCCOCCOCCOCCOCCOCCOCCOCCOCCOCCOCCOCCOCCOCCOCCOCCOCCO,CC(C)CCC[C@@H](C)[C@H]1CC[C@H]2[C@@H]3CC=C4C[C@@H](O)CC[C@]4(C)[C@H]3CC[C@]12C,CCCCCCCC/C=C\CCCCCCCC(=O)OC[C@H](COP(=O)(O)OCCN)OC(=O)CCCCCCC/C=C\CCCCCCCC,83.4,35.0,2.5,46.5,16.0,0.35,0.025,0.465,0.16,190.5,0.3
288,Custom lipid,C14-PEG2000,cholesterol,DOPE,35:2.5:46.5:16,190.4 ¡¾ 4.1,0.23 ¡¾ 0.08,-1.8 ¡¾ 0.8,84.2 ¡¾ 2.9,OTHER:b-DNA:FLuc mRNA weight ratio 10:1,mRNA,"firefly_luciferase, barcode(dna barcode 86)",C14PEG2K,6-A3-6b,DOPE,cholesterol,"synthesis_method: Microfluidic mixing or pipette mixing; device_used: Microfluidic device with staggered herringbone features; total_flow_rate_ml_min: 2.4; flow_rate_ratio: 1:3 (organic:aqueous); aqueous_phase_composition: 10 mM citrate buffer; organic_phase_composition: Ethanol with lipids; mixing_time_sec: ; temperature_condition: Room temperature; post_processing: Dialysis in 1x PBS for 2h, filtration through 0.45 ¥ìm filter; sterilization: 0.45 ¥ìm filtration; storage_buffer: 1x PBS","cell_line: HeLa; animal_model: C57BL/6J female mice; administration_route: intravenous (IV); dose: 1.0 mg/kg total nucleic acid; biodistribution_result: Measured by deep sequencing in heart, liver, spleen, lungs, kidneys; toxicity_profile: Cell viability >85%","High-throughput barcoding of nanoparticles identifies cationic, degradable lipid-like materials for mRNA delivery to the lungs in female preclinical models","['Lulu Xue', 'Alex G. Hamilton', 'Gan Zhao', 'Zebin Xiao', 'Rakan El-Mayta', 'Xuexiang Han', 'Ningqiang Gong', 'Xinhong Xiong', 'Junchao Xu', 'Christian G. Figueroa-Espada', 'Sarah J. Shepherd', 'Alvin J. Mukalel', 'Mohamad-Gabriel Alameh', 'Jiaxi Cui', 'Karin Wang', 'Andrew E. Vaughan', 'Drew Weissman', 'Michael J. Mitchell']",https://doi.org/10.1038/s41467-024-45422-9,Nature Communications,2024.0,CCCCN(C)NCc1cc(OC(=O)CC(CC)CCC)c(OC(=O)CC(CC)CCC)c(OC(=O)CC(CC)CCC)c1,CCCCCCCCCCCCCCOC(=O)CCOCCOCCOCCOCCOCCOCCOCCOCCOCCOCCOCCOCCOCCOCCOCCOCCOCCOCCOCCOCCOCCOCCOCCOCCOCCOCCOCCOCCOCCOCCOCCOCCOCCOCCOCCOCCOCCOCCOCCOCCOCCOCCOCCOCCOCCOCCOCCOCCOCCOCCOCCOCCOCCOCCOCCOCCOCCOCCOCCOCCOCCOCCOCCOCCOCCOCCOCCOCCOCCOCCOCCOCCOCCOCCOCCOCCOCCOCCOCCOCCOCCOCCOCCOCCOCCOCCOCCOCCOCCO,CC(C)CCC[C@@H](C)[C@H]1CC[C@H]2[C@@H]3CC=C4C[C@@H](O)CC[C@]4(C)[C@H]3CC[C@]12C,CCCCCCCC/C=C\CCCCCCCC(=O)OC[C@H](COP(=O)(O)OCCN)OC(=O)CCCCCCC/C=C\CCCCCCCC,84.2,35.0,2.5,46.5,16.0,0.35,0.025,0.465,0.16,190.4,0.23
289,Custom lipid,C14-PEG2000,cholesterol,DOPE,35:2.5:46.5:16,204.3 ¡¾ 5.3,0.16 ¡¾ 0.07,-6.4 ¡¾ 0.6,81.8 ¡¾ 4.7,OTHER:b-DNA:FLuc mRNA weight ratio 10:1,mRNA,"firefly_luciferase, barcode(dna barcode 87)",C14PEG2K,10-A3-6b,DOPE,cholesterol,"synthesis_method: Microfluidic mixing or pipette mixing; device_used: Microfluidic device with staggered herringbone features; total_flow_rate_ml_min: 2.4; flow_rate_ratio: 1:3 (organic:aqueous); aqueous_phase_composition: 10 mM citrate buffer; organic_phase_composition: Ethanol with lipids; mixing_time_sec: ; temperature_condition: Room temperature; post_processing: Dialysis in 1x PBS for 2h, filtration through 0.45 ¥ìm filter; sterilization: 0.45 ¥ìm filtration; storage_buffer: 1x PBS","cell_line: HeLa; animal_model: C57BL/6J female mice; administration_route: intravenous (IV); dose: 1.0 mg/kg total nucleic acid; biodistribution_result: Measured by deep sequencing in heart, liver, spleen, lungs, kidneys; toxicity_profile: Cell viability >85%","High-throughput barcoding of nanoparticles identifies cationic, degradable lipid-like materials for mRNA delivery to the lungs in female preclinical models","['Lulu Xue', 'Alex G. Hamilton', 'Gan Zhao', 'Zebin Xiao', 'Rakan El-Mayta', 'Xuexiang Han', 'Ningqiang Gong', 'Xinhong Xiong', 'Junchao Xu', 'Christian G. Figueroa-Espada', 'Sarah J. Shepherd', 'Alvin J. Mukalel', 'Mohamad-Gabriel Alameh', 'Jiaxi Cui', 'Karin Wang', 'Andrew E. Vaughan', 'Drew Weissman', 'Michael J. Mitchell']",https://doi.org/10.1038/s41467-024-45422-9,Nature Communications,2024.0,CCCC(CC)CC(=O)Oc1cc(CNCCCCCCCCCCN)cc(OC(=O)CC(CC)CCC)c1OC(=O)CC(CC)CCC,CCCCCCCCCCCCCCOC(=O)CCOCCOCCOCCOCCOCCOCCOCCOCCOCCOCCOCCOCCOCCOCCOCCOCCOCCOCCOCCOCCOCCOCCOCCOCCOCCOCCOCCOCCOCCOCCOCCOCCOCCOCCOCCOCCOCCOCCOCCOCCOCCOCCOCCOCCOCCOCCOCCOCCOCCOCCOCCOCCOCCOCCOCCOCCOCCOCCOCCOCCOCCOCCOCCOCCOCCOCCOCCOCCOCCOCCOCCOCCOCCOCCOCCOCCOCCOCCOCCOCCOCCOCCOCCOCCOCCOCCOCCOCCOCCO,CC(C)CCC[C@@H](C)[C@H]1CC[C@H]2[C@@H]3CC=C4C[C@@H](O)CC[C@]4(C)[C@H]3CC[C@]12C,CCCCCCCC/C=C\CCCCCCCC(=O)OC[C@H](COP(=O)(O)OCCN)OC(=O)CCCCCCC/C=C\CCCCCCCC,81.8,35.0,2.5,46.5,16.0,0.35,0.025,0.465,0.16,204.3,0.16
290,Custom lipid,C14-PEG2000,cholesterol,DOPE,35:2.5:46.5:16,169.6 ¡¾ 4.5,0.19 ¡¾ 0.12,12.8 ¡¾ 0.7,86.8 ¡¾ 1.9,OTHER:b-DNA:FLuc mRNA weight ratio 10:1,mRNA,"firefly_luciferase, barcode(dna barcode 88)",C14PEG2K,7-A3-7b,DOPE,cholesterol,"synthesis_method: Microfluidic mixing or pipette mixing; device_used: Microfluidic device with staggered herringbone features; total_flow_rate_ml_min: 2.4; flow_rate_ratio: 1:3 (organic:aqueous); aqueous_phase_composition: 10 mM citrate buffer; organic_phase_composition: Ethanol with lipids; mixing_time_sec: ; temperature_condition: Room temperature; post_processing: Dialysis in 1x PBS for 2h, filtration through 0.45 ¥ìm filter; sterilization: 0.45 ¥ìm filtration; storage_buffer: 1x PBS","cell_line: HeLa; animal_model: C57BL/6J female mice; administration_route: intravenous (IV); dose: 1.0 mg/kg total nucleic acid; biodistribution_result: Measured by deep sequencing in heart, liver, spleen, lungs, kidneys; toxicity_profile: Cell viability >85%","High-throughput barcoding of nanoparticles identifies cationic, degradable lipid-like materials for mRNA delivery to the lungs in female preclinical models","['Lulu Xue', 'Alex G. Hamilton', 'Gan Zhao', 'Zebin Xiao', 'Rakan El-Mayta', 'Xuexiang Han', 'Ningqiang Gong', 'Xinhong Xiong', 'Junchao Xu', 'Christian G. Figueroa-Espada', 'Sarah J. Shepherd', 'Alvin J. Mukalel', 'Mohamad-Gabriel Alameh', 'Jiaxi Cui', 'Karin Wang', 'Andrew E. Vaughan', 'Drew Weissman', 'Michael J. Mitchell']",https://doi.org/10.1038/s41467-024-45422-9,Nature Communications,2024.0,CCCCCN(CCC)NCc1cc(OC(=O)CC(CC)CCCC)c(OC(=O)CC(CC)CCCC)c(OC(=O)CC(CC)CCCC)c1,CCCCCCCCCCCCCCOC(=O)CCOCCOCCOCCOCCOCCOCCOCCOCCOCCOCCOCCOCCOCCOCCOCCOCCOCCOCCOCCOCCOCCOCCOCCOCCOCCOCCOCCOCCOCCOCCOCCOCCOCCOCCOCCOCCOCCOCCOCCOCCOCCOCCOCCOCCOCCOCCOCCOCCOCCOCCOCCOCCOCCOCCOCCOCCOCCOCCOCCOCCOCCOCCOCCOCCOCCOCCOCCOCCOCCOCCOCCOCCOCCOCCOCCOCCOCCOCCOCCOCCOCCOCCOCCOCCOCCOCCOCCOCCOCCO,CC(C)CCC[C@@H](C)[C@H]1CC[C@H]2[C@@H]3CC=C4C[C@@H](O)CC[C@]4(C)[C@H]3CC[C@]12C,CCCCCCCC/C=C\CCCCCCCC(=O)OC[C@H](COP(=O)(O)OCCN)OC(=O)CCCCCCC/C=C\CCCCCCCC,86.8,35.0,2.5,46.5,16.0,0.35,0.025,0.465,0.16,169.6,0.19
291,Custom lipid,C14-PEG2000,cholesterol,DOPE,35:2.5:46.5:16,201.5 ¡¾ 4.4,0.24 ¡¾ 0.06,2.3 ¡¾ 0.9,82.4 ¡¾ 3.3,OTHER:b-DNA:FLuc mRNA weight ratio 10:1,mRNA,"firefly_luciferase, barcode(dna barcode 89)",C14PEG2K,9-A3-7b,DOPE,cholesterol,"synthesis_method: Microfluidic mixing or pipette mixing; device_used: Microfluidic device with staggered herringbone features; total_flow_rate_ml_min: 2.4; flow_rate_ratio: 1:3 (organic:aqueous); aqueous_phase_composition: 10 mM citrate buffer; organic_phase_composition: Ethanol with lipids; mixing_time_sec: ; temperature_condition: Room temperature; post_processing: Dialysis in 1x PBS for 2h, filtration through 0.45 ¥ìm filter; sterilization: 0.45 ¥ìm filtration; storage_buffer: 1x PBS","cell_line: HeLa; animal_model: C57BL/6J female mice; administration_route: intravenous (IV); dose: 1.0 mg/kg total nucleic acid; biodistribution_result: Measured by deep sequencing in heart, liver, spleen, lungs, kidneys; toxicity_profile: Cell viability >85%","High-throughput barcoding of nanoparticles identifies cationic, degradable lipid-like materials for mRNA delivery to the lungs in female preclinical models","['Lulu Xue', 'Alex G. Hamilton', 'Gan Zhao', 'Zebin Xiao', 'Rakan El-Mayta', 'Xuexiang Han', 'Ningqiang Gong', 'Xinhong Xiong', 'Junchao Xu', 'Christian G. Figueroa-Espada', 'Sarah J. Shepherd', 'Alvin J. Mukalel', 'Mohamad-Gabriel Alameh', 'Jiaxi Cui', 'Karin Wang', 'Andrew E. Vaughan', 'Drew Weissman', 'Michael J. Mitchell']",https://doi.org/10.1038/s41467-024-45422-9,Nature Communications,2024.0,CCCCCCCC(CCCN)NCc1cc(OC(=O)CC(CC)CCCC)c(OC(=O)CC(CC)CCCC)c(OC(=O)CC(CC)CCCC)c1,CCCCCCCCCCCCCCOC(=O)CCOCCOCCOCCOCCOCCOCCOCCOCCOCCOCCOCCOCCOCCOCCOCCOCCOCCOCCOCCOCCOCCOCCOCCOCCOCCOCCOCCOCCOCCOCCOCCOCCOCCOCCOCCOCCOCCOCCOCCOCCOCCOCCOCCOCCOCCOCCOCCOCCOCCOCCOCCOCCOCCOCCOCCOCCOCCOCCOCCOCCOCCOCCOCCOCCOCCOCCOCCOCCOCCOCCOCCOCCOCCOCCOCCOCCOCCOCCOCCOCCOCCOCCOCCOCCOCCOCCOCCOCCOCCO,CC(C)CCC[C@@H](C)[C@H]1CC[C@H]2[C@@H]3CC=C4C[C@@H](O)CC[C@]4(C)[C@H]3CC[C@]12C,CCCCCCCC/C=C\CCCCCCCC(=O)OC[C@H](COP(=O)(O)OCCN)OC(=O)CCCCCCC/C=C\CCCCCCCC,82.4,35.0,2.5,46.5,16.0,0.35,0.025,0.465,0.16,201.5,0.24
292,Custom lipid,C14-PEG2000,cholesterol,DOPE,35:2.5:46.5:16,162.3 ¡¾ 4.1,0.22 ¡¾ 0.06,-1.7 ¡¾ 0.6,83.2 ¡¾ 4.1,OTHER:b-DNA:FLuc mRNA weight ratio 10:1,mRNA,"firefly_luciferase, barcode(dna barcode 90)",C14PEG2K,6-A3-7b2,DOPE,cholesterol,"synthesis_method: Microfluidic mixing or pipette mixing; device_used: Microfluidic device with staggered herringbone features; total_flow_rate_ml_min: 2.4; flow_rate_ratio: 1:3 (organic:aqueous); aqueous_phase_composition: 10 mM citrate buffer; organic_phase_composition: Ethanol with lipids; mixing_time_sec: ; temperature_condition: Room temperature; post_processing: Dialysis in 1x PBS for 2h, filtration through 0.45 ¥ìm filter; sterilization: 0.45 ¥ìm filtration; storage_buffer: 1x PBS","cell_line: HeLa; animal_model: C57BL/6J female mice; administration_route: intravenous (IV); dose: 1.0 mg/kg total nucleic acid; biodistribution_result: Measured by deep sequencing in heart, liver, spleen, lungs, kidneys; toxicity_profile: Cell viability >85%","High-throughput barcoding of nanoparticles identifies cationic, degradable lipid-like materials for mRNA delivery to the lungs in female preclinical models","['Lulu Xue', 'Alex G. Hamilton', 'Gan Zhao', 'Zebin Xiao', 'Rakan El-Mayta', 'Xuexiang Han', 'Ningqiang Gong', 'Xinhong Xiong', 'Junchao Xu', 'Christian G. Figueroa-Espada', 'Sarah J. Shepherd', 'Alvin J. Mukalel', 'Mohamad-Gabriel Alameh', 'Jiaxi Cui', 'Karin Wang', 'Andrew E. Vaughan', 'Drew Weissman', 'Michael J. Mitchell']",https://doi.org/10.1038/s41467-024-45422-9,Nature Communications,2024.0,CCCCC(CC)CC(=O)Oc1cc(CNN(C)CCCC)cc(OC(=O)CC(CC)CCCC)c1OC(=O)CC(CC)CCCC,CCCCCCCCCCCCCCOC(=O)CCOCCOCCOCCOCCOCCOCCOCCOCCOCCOCCOCCOCCOCCOCCOCCOCCOCCOCCOCCOCCOCCOCCOCCOCCOCCOCCOCCOCCOCCOCCOCCOCCOCCOCCOCCOCCOCCOCCOCCOCCOCCOCCOCCOCCOCCOCCOCCOCCOCCOCCOCCOCCOCCOCCOCCOCCOCCOCCOCCOCCOCCOCCOCCOCCOCCOCCOCCOCCOCCOCCOCCOCCOCCOCCOCCOCCOCCOCCOCCOCCOCCOCCOCCOCCOCCOCCOCCOCCOCCO,CC(C)CCC[C@@H](C)[C@H]1CC[C@H]2[C@@H]3CC=C4C[C@@H](O)CC[C@]4(C)[C@H]3CC[C@]12C,CCCCCCCC/C=C\CCCCCCCC(=O)OC[C@H](COP(=O)(O)OCCN)OC(=O)CCCCCCC/C=C\CCCCCCCC,83.2,35.0,2.5,46.5,16.0,0.35,0.025,0.465,0.16,162.3,0.22
293,Custom lipid,C14-PEG2000,cholesterol,DOPE,35:2.5:46.5:16,143.2 ¡¾ 6.9,0.27 ¡¾ 0.11,1.5 ¡¾ 2.6,75.9 ¡¾ 5.4,OTHER:b-DNA:FLuc mRNA weight ratio 10:1,mRNA,"firefly_luciferase, barcode(dna barcode 91)",C14PEG2K,8-A3-7b2,DOPE,cholesterol,"synthesis_method: Microfluidic mixing or pipette mixing; device_used: Microfluidic device with staggered herringbone features; total_flow_rate_ml_min: 2.4; flow_rate_ratio: 1:3 (organic:aqueous); aqueous_phase_composition: 10 mM citrate buffer; organic_phase_composition: Ethanol with lipids; mixing_time_sec: ; temperature_condition: Room temperature; post_processing: Dialysis in 1x PBS for 2h, filtration through 0.45 ¥ìm filter; sterilization: 0.45 ¥ìm filtration; storage_buffer: 1x PBS","cell_line: HeLa; animal_model: C57BL/6J female mice; administration_route: intravenous (IV); dose: 1.0 mg/kg total nucleic acid; biodistribution_result: Measured by deep sequencing in heart, liver, spleen, lungs, kidneys; toxicity_profile: Cell viability >85%","High-throughput barcoding of nanoparticles identifies cationic, degradable lipid-like materials for mRNA delivery to the lungs in female preclinical models","['Lulu Xue', 'Alex G. Hamilton', 'Gan Zhao', 'Zebin Xiao', 'Rakan El-Mayta', 'Xuexiang Han', 'Ningqiang Gong', 'Xinhong Xiong', 'Junchao Xu', 'Christian G. Figueroa-Espada', 'Sarah J. Shepherd', 'Alvin J. Mukalel', 'Mohamad-Gabriel Alameh', 'Jiaxi Cui', 'Karin Wang', 'Andrew E. Vaughan', 'Drew Weissman', 'Michael J. Mitchell']",https://doi.org/10.1038/s41467-024-45422-9,Nature Communications,2024.0,CCCCCCCC(CC)CCNCc1cc(OC(=O)CC(CC)CCCC)c(OC(=O)CC(CC)CCCC)c(OC(=O)CC(CC)CCCC)c1,CCCCCCCCCCCCCCOC(=O)CCOCCOCCOCCOCCOCCOCCOCCOCCOCCOCCOCCOCCOCCOCCOCCOCCOCCOCCOCCOCCOCCOCCOCCOCCOCCOCCOCCOCCOCCOCCOCCOCCOCCOCCOCCOCCOCCOCCOCCOCCOCCOCCOCCOCCOCCOCCOCCOCCOCCOCCOCCOCCOCCOCCOCCOCCOCCOCCOCCOCCOCCOCCOCCOCCOCCOCCOCCOCCOCCOCCOCCOCCOCCOCCOCCOCCOCCOCCOCCOCCOCCOCCOCCOCCOCCOCCOCCOCCOCCO,CC(C)CCC[C@@H](C)[C@H]1CC[C@H]2[C@@H]3CC=C4C[C@@H](O)CC[C@]4(C)[C@H]3CC[C@]12C,CCCCCCCC/C=C\CCCCCCCC(=O)OC[C@H](COP(=O)(O)OCCN)OC(=O)CCCCCCC/C=C\CCCCCCCC,75.9,35.0,2.5,46.5,16.0,0.35,0.025,0.465,0.16,143.2,0.27
294,Custom lipid,C14-PEG2000,cholesterol,DOPE,35:2.5:46.5:16,126.7 ¡¾ 5.9,0.21 ¡¾ 0.09,-1.2 ¡¾ 2.7,85.5 ¡¾ 4.5,OTHER:b-DNA:FLuc mRNA weight ratio 10:1,mRNA,"firefly_luciferase, barcode(dna barcode 92)",C14PEG2K,5-A3-8b,DOPE,cholesterol,"synthesis_method: Microfluidic mixing or pipette mixing; device_used: Microfluidic device with staggered herringbone features; total_flow_rate_ml_min: 2.4; flow_rate_ratio: 1:3 (organic:aqueous); aqueous_phase_composition: 10 mM citrate buffer; organic_phase_composition: Ethanol with lipids; mixing_time_sec: ; temperature_condition: Room temperature; post_processing: Dialysis in 1x PBS for 2h, filtration through 0.45 ¥ìm filter; sterilization: 0.45 ¥ìm filtration; storage_buffer: 1x PBS","cell_line: HeLa; animal_model: C57BL/6J female mice; administration_route: intravenous (IV); dose: 1.0 mg/kg total nucleic acid; biodistribution_result: Measured by deep sequencing in heart, liver, spleen, lungs, kidneys; toxicity_profile: Cell viability >85%","High-throughput barcoding of nanoparticles identifies cationic, degradable lipid-like materials for mRNA delivery to the lungs in female preclinical models","['Lulu Xue', 'Alex G. Hamilton', 'Gan Zhao', 'Zebin Xiao', 'Rakan El-Mayta', 'Xuexiang Han', 'Ningqiang Gong', 'Xinhong Xiong', 'Junchao Xu', 'Christian G. Figueroa-Espada', 'Sarah J. Shepherd', 'Alvin J. Mukalel', 'Mohamad-Gabriel Alameh', 'Jiaxi Cui', 'Karin Wang', 'Andrew E. Vaughan', 'Drew Weissman', 'Michael J. Mitchell']",https://doi.org/10.1038/s41467-024-45422-9,Nature Communications,2024.0,CCCCCC(CC)CC(=O)Oc1cc(CNCCN(C)C)cc(OC(=O)CC(CC)CCCCC)c1OC(=O)CC(CC)CCCCC,CCCCCCCCCCCCCCOC(=O)CCOCCOCCOCCOCCOCCOCCOCCOCCOCCOCCOCCOCCOCCOCCOCCOCCOCCOCCOCCOCCOCCOCCOCCOCCOCCOCCOCCOCCOCCOCCOCCOCCOCCOCCOCCOCCOCCOCCOCCOCCOCCOCCOCCOCCOCCOCCOCCOCCOCCOCCOCCOCCOCCOCCOCCOCCOCCOCCOCCOCCOCCOCCOCCOCCOCCOCCOCCOCCOCCOCCOCCOCCOCCOCCOCCOCCOCCOCCOCCOCCOCCOCCOCCOCCOCCOCCOCCOCCOCCO,CC(C)CCC[C@@H](C)[C@H]1CC[C@H]2[C@@H]3CC=C4C[C@@H](O)CC[C@]4(C)[C@H]3CC[C@]12C,CCCCCCCC/C=C\CCCCCCCC(=O)OC[C@H](COP(=O)(O)OCCN)OC(=O)CCCCCCC/C=C\CCCCCCCC,85.5,35.0,2.5,46.5,16.0,0.35,0.025,0.465,0.16,126.7,0.21
295,Custom lipid,C14-PEG2000,cholesterol,DOPE,35:2.5:46.5:16,113.9 ¡¾ 5.0,0.13 ¡¾ 0.05,-3.1 ¡¾ 2.1,73.8 ¡¾ 4.0,OTHER:b-DNA:FLuc mRNA weight ratio 10:1,mRNA,"firefly_luciferase, barcode(dna barcode 93)",C14PEG2K,7-A3-8b,DOPE,cholesterol,"synthesis_method: Microfluidic mixing or pipette mixing; device_used: Microfluidic device with staggered herringbone features; total_flow_rate_ml_min: 2.4; flow_rate_ratio: 1:3 (organic:aqueous); aqueous_phase_composition: 10 mM citrate buffer; organic_phase_composition: Ethanol with lipids; mixing_time_sec: ; temperature_condition: Room temperature; post_processing: Dialysis in 1x PBS for 2h, filtration through 0.45 ¥ìm filter; sterilization: 0.45 ¥ìm filtration; storage_buffer: 1x PBS","cell_line: HeLa; animal_model: C57BL/6J female mice; administration_route: intravenous (IV); dose: 1.0 mg/kg total nucleic acid; biodistribution_result: Measured by deep sequencing in heart, liver, spleen, lungs, kidneys; toxicity_profile: Cell viability >85%","High-throughput barcoding of nanoparticles identifies cationic, degradable lipid-like materials for mRNA delivery to the lungs in female preclinical models","['Lulu Xue', 'Alex G. Hamilton', 'Gan Zhao', 'Zebin Xiao', 'Rakan El-Mayta', 'Xuexiang Han', 'Ningqiang Gong', 'Xinhong Xiong', 'Junchao Xu', 'Christian G. Figueroa-Espada', 'Sarah J. Shepherd', 'Alvin J. Mukalel', 'Mohamad-Gabriel Alameh', 'Jiaxi Cui', 'Karin Wang', 'Andrew E. Vaughan', 'Drew Weissman', 'Michael J. Mitchell']",https://doi.org/10.1038/s41467-024-45422-9,Nature Communications,2024.0,CCCCCC(CC)CC(=O)Oc1cc(CNN(CCC)CCCCC)cc(OC(=O)CC(CC)CCCCC)c1OC(=O)CC(CC)CCCCC,CCCCCCCCCCCCCCOC(=O)CCOCCOCCOCCOCCOCCOCCOCCOCCOCCOCCOCCOCCOCCOCCOCCOCCOCCOCCOCCOCCOCCOCCOCCOCCOCCOCCOCCOCCOCCOCCOCCOCCOCCOCCOCCOCCOCCOCCOCCOCCOCCOCCOCCOCCOCCOCCOCCOCCOCCOCCOCCOCCOCCOCCOCCOCCOCCOCCOCCOCCOCCOCCOCCOCCOCCOCCOCCOCCOCCOCCOCCOCCOCCOCCOCCOCCOCCOCCOCCOCCOCCOCCOCCOCCOCCOCCOCCOCCOCCO,CC(C)CCC[C@@H](C)[C@H]1CC[C@H]2[C@@H]3CC=C4C[C@@H](O)CC[C@]4(C)[C@H]3CC[C@]12C,CCCCCCCC/C=C\CCCCCCCC(=O)OC[C@H](COP(=O)(O)OCCN)OC(=O)CCCCCCC/C=C\CCCCCCCC,73.8,35.0,2.5,46.5,16.0,0.35,0.025,0.465,0.16,113.9,0.13
296,Custom lipid,C14-PEG2000,cholesterol,DOPE,35:2.5:46.5:16,115.4 ¡¾ 7.1,0.16 ¡¾ 0.08,6.7 ¡¾ 4.5,75.1 ¡¾ 2.6,OTHER:b-DNA:FLuc mRNA weight ratio 10:1,mRNA,"firefly_luciferase, barcode(dna barcode 94)",C14PEG2K,5-A3-9b2,DOPE,cholesterol,"synthesis_method: Microfluidic mixing or pipette mixing; device_used: Microfluidic device with staggered herringbone features; total_flow_rate_ml_min: 2.4; flow_rate_ratio: 1:3 (organic:aqueous); aqueous_phase_composition: 10 mM citrate buffer; organic_phase_composition: Ethanol with lipids; mixing_time_sec: ; temperature_condition: Room temperature; post_processing: Dialysis in 1x PBS for 2h, filtration through 0.45 ¥ìm filter; sterilization: 0.45 ¥ìm filtration; storage_buffer: 1x PBS","cell_line: HeLa; animal_model: C57BL/6J female mice; administration_route: intravenous (IV); dose: 1.0 mg/kg total nucleic acid; biodistribution_result: Measured by deep sequencing in heart, liver, spleen, lungs, kidneys; toxicity_profile: Cell viability >85%","High-throughput barcoding of nanoparticles identifies cationic, degradable lipid-like materials for mRNA delivery to the lungs in female preclinical models","['Lulu Xue', 'Alex G. Hamilton', 'Gan Zhao', 'Zebin Xiao', 'Rakan El-Mayta', 'Xuexiang Han', 'Ningqiang Gong', 'Xinhong Xiong', 'Junchao Xu', 'Christian G. Figueroa-Espada', 'Sarah J. Shepherd', 'Alvin J. Mukalel', 'Mohamad-Gabriel Alameh', 'Jiaxi Cui', 'Karin Wang', 'Andrew E. Vaughan', 'Drew Weissman', 'Michael J. Mitchell']",https://doi.org/10.1038/s41467-024-45422-9,Nature Communications,2024.0,CCCCCCC(CC)CCC(=O)Oc1cc(CNCCN(C)C)cc(OC(=O)CCC(CC)CCCCCC)c1OC(=O)CCC(CC)CCCCCC,CCCCCCCCCCCCCCOC(=O)CCOCCOCCOCCOCCOCCOCCOCCOCCOCCOCCOCCOCCOCCOCCOCCOCCOCCOCCOCCOCCOCCOCCOCCOCCOCCOCCOCCOCCOCCOCCOCCOCCOCCOCCOCCOCCOCCOCCOCCOCCOCCOCCOCCOCCOCCOCCOCCOCCOCCOCCOCCOCCOCCOCCOCCOCCOCCOCCOCCOCCOCCOCCOCCOCCOCCOCCOCCOCCOCCOCCOCCOCCOCCOCCOCCOCCOCCOCCOCCOCCOCCOCCOCCOCCOCCOCCOCCOCCOCCO,CC(C)CCC[C@@H](C)[C@H]1CC[C@H]2[C@@H]3CC=C4C[C@@H](O)CC[C@]4(C)[C@H]3CC[C@]12C,CCCCCCCC/C=C\CCCCCCCC(=O)OC[C@H](COP(=O)(O)OCCN)OC(=O)CCCCCCC/C=C\CCCCCCCC,75.1,35.0,2.5,46.5,16.0,0.35,0.025,0.465,0.16,115.4,0.16
297,Custom lipid,C14-PEG2000,cholesterol,DOPE,35:2.5:46.5:16,109.2 ¡¾ 5.2,0.25 ¡¾ 0.05,-3.0 ¡¾ 4.1,80.4 ¡¾ 4.3,OTHER:b-DNA:FLuc mRNA weight ratio 10:1,mRNA,"firefly_luciferase, barcode(dna barcode 95)",C14PEG2K,7-A3-9b2,DOPE,cholesterol,"synthesis_method: Microfluidic mixing or pipette mixing; device_used: Microfluidic device with staggered herringbone features; total_flow_rate_ml_min: 2.4; flow_rate_ratio: 1:3 (organic:aqueous); aqueous_phase_composition: 10 mM citrate buffer; organic_phase_composition: Ethanol with lipids; mixing_time_sec: ; temperature_condition: Room temperature; post_processing: Dialysis in 1x PBS for 2h, filtration through 0.45 ¥ìm filter; sterilization: 0.45 ¥ìm filtration; storage_buffer: 1x PBS","cell_line: HeLa; animal_model: C57BL/6J female mice; administration_route: intravenous (IV); dose: 1.0 mg/kg total nucleic acid; gene_expression_result: Liver-enriched delivery; biodistribution_result: Measured by deep sequencing in heart, liver, spleen, lungs, kidneys; toxicity_profile: Cell viability >85%","High-throughput barcoding of nanoparticles identifies cationic, degradable lipid-like materials for mRNA delivery to the lungs in female preclinical models","['Lulu Xue', 'Alex G. Hamilton', 'Gan Zhao', 'Zebin Xiao', 'Rakan El-Mayta', 'Xuexiang Han', 'Ningqiang Gong', 'Xinhong Xiong', 'Junchao Xu', 'Christian G. Figueroa-Espada', 'Sarah J. Shepherd', 'Alvin J. Mukalel', 'Mohamad-Gabriel Alameh', 'Jiaxi Cui', 'Karin Wang', 'Andrew E. Vaughan', 'Drew Weissman', 'Michael J. Mitchell']",https://doi.org/10.1038/s41467-024-45422-9,Nature Communications,2024.0,CCCCCCC(CC)CCC(=O)Oc1cc(CNN(CCC)CCCCC)cc(OC(=O)CCC(CC)CCCCCC)c1OC(=O)CCC(CC)CCCCCC,CCCCCCCCCCCCCCOC(=O)CCOCCOCCOCCOCCOCCOCCOCCOCCOCCOCCOCCOCCOCCOCCOCCOCCOCCOCCOCCOCCOCCOCCOCCOCCOCCOCCOCCOCCOCCOCCOCCOCCOCCOCCOCCOCCOCCOCCOCCOCCOCCOCCOCCOCCOCCOCCOCCOCCOCCOCCOCCOCCOCCOCCOCCOCCOCCOCCOCCOCCOCCOCCOCCOCCOCCOCCOCCOCCOCCOCCOCCOCCOCCOCCOCCOCCOCCOCCOCCOCCOCCOCCOCCOCCOCCOCCOCCOCCOCCO,CC(C)CCC[C@@H](C)[C@H]1CC[C@H]2[C@@H]3CC=C4C[C@@H](O)CC[C@]4(C)[C@H]3CC[C@]12C,CCCCCCCC/C=C\CCCCCCCC(=O)OC[C@H](COP(=O)(O)OCCN)OC(=O)CCCCCCC/C=C\CCCCCCCC,80.4,35.0,2.5,46.5,16.0,0.35,0.025,0.465,0.16,109.2,0.25
298,Custom lipid,C14-PEG2000,cholesterol,DOPE,35:2.5:46.5:16,114.1 ¡¾ 6.7,0.16 ¡¾ 0.04,2.1 ¡¾ 1.6,84.9 ¡¾ 4.8,OTHER:b-DNA:FLuc mRNA weight ratio 10:1,mRNA,"firefly_luciferase, barcode(dna barcode 96)",C14PEG2K,10-A3-9b2,DOPE,cholesterol,"synthesis_method: Microfluidic mixing or pipette mixing; device_used: Microfluidic device with staggered herringbone features; total_flow_rate_ml_min: 2.4; flow_rate_ratio: 1:3 (organic:aqueous); aqueous_phase_composition: 10 mM citrate buffer; organic_phase_composition: Ethanol with lipids; mixing_time_sec: ; temperature_condition: Room temperature; post_processing: Dialysis in 1x PBS for 2h, filtration through 0.45 ¥ìm filter; sterilization: 0.45 ¥ìm filtration; storage_buffer: 1x PBS","cell_line: HeLa; animal_model: C57BL/6J female mice; administration_route: intravenous (IV); dose: 1.0 mg/kg total nucleic acid; biodistribution_result: Measured by deep sequencing in heart, liver, spleen, lungs, kidneys; toxicity_profile: Cell viability >85%","High-throughput barcoding of nanoparticles identifies cationic, degradable lipid-like materials for mRNA delivery to the lungs in female preclinical models","['Lulu Xue', 'Alex G. Hamilton', 'Gan Zhao', 'Zebin Xiao', 'Rakan El-Mayta', 'Xuexiang Han', 'Ningqiang Gong', 'Xinhong Xiong', 'Junchao Xu', 'Christian G. Figueroa-Espada', 'Sarah J. Shepherd', 'Alvin J. Mukalel', 'Mohamad-Gabriel Alameh', 'Jiaxi Cui', 'Karin Wang', 'Andrew E. Vaughan', 'Drew Weissman', 'Michael J. Mitchell']",https://doi.org/10.1038/s41467-024-45422-9,Nature Communications,2024.0,CCCCCCC(CC)CCC(=O)Oc1cc(CNCCCCCCCCCCN)cc(OC(=O)CCC(CC)CCCCCC)c1OC(=O)CCC(CC)CCCCCC,CCCCCCCCCCCCCCOC(=O)CCOCCOCCOCCOCCOCCOCCOCCOCCOCCOCCOCCOCCOCCOCCOCCOCCOCCOCCOCCOCCOCCOCCOCCOCCOCCOCCOCCOCCOCCOCCOCCOCCOCCOCCOCCOCCOCCOCCOCCOCCOCCOCCOCCOCCOCCOCCOCCOCCOCCOCCOCCOCCOCCOCCOCCOCCOCCOCCOCCOCCOCCOCCOCCOCCOCCOCCOCCOCCOCCOCCOCCOCCOCCOCCOCCOCCOCCOCCOCCOCCOCCOCCOCCOCCOCCOCCOCCOCCOCCO,CC(C)CCC[C@@H](C)[C@H]1CC[C@H]2[C@@H]3CC=C4C[C@@H](O)CC[C@]4(C)[C@H]3CC[C@]12C,CCCCCCCC/C=C\CCCCCCCC(=O)OC[C@H](COP(=O)(O)OCCN)OC(=O)CCCCCCC/C=C\CCCCCCCC,84.9,35.0,2.5,46.5,16.0,0.35,0.025,0.465,0.16,114.1,0.16
450,C12-200,C14-PEG2000,cholesterol,DOPE,40:2.5:53.5:4,82.4,0.198,-14.7,67.5,OTHER:2.5:1 ionizable lipid:mRNA weight ratio,mRNA,"luciferase, barcode(luciferase mrna with barcode and umi)",C14-PEG2000,C12-200,DOPE,cholesterol,"synthesis_method: Microfluidic; device_used: ; total_flow_rate_ml_min: ; flow_rate_ratio: 3:1 (ethanol:aqueous); aqueous_phase_composition: 10 mM citrate buffer (pH 3.0); organic_phase_composition: ethanol containing lipids; mixing_time_sec: ; temperature_condition: room temperature; post_processing: dialyzed against PBS for 2 hours, 0.22 ¥ìm filtration; sterilization: 0.22 ¥ìm sterile filter; storage_buffer: PBS","cell_line: bEnd.3; animal_model: C57BL/6 mice; administration_route: IV; dose: 0.25 ¥ìg b-mRNA per formulation; biodistribution_result: liver, spleen, lung, brain, kidney, heart, pancreas, muscle",Ionizable lipid nanoparticles encapsulating barcoded mRNA for accelerated in vivo delivery screening,"['Pedro P. Guimaraes', 'Rui Zhang', 'Roman Spektor', 'Mingchee Tan', 'Amanda Chung', 'Margaret M. Billingsley', 'Rakan El-Mayta', 'Rachel S. Riley', 'Lili Wang', 'James M. Wilson', 'Michael J. Mitchell']",10.1016/j.jconrel.2019.10.028,Journal of Controlled Release,2019.0,CCCCCCCCCCCCC(O)CN(CCN1CCN(CCN)C(CN(CC(O)CCCCCCCCCCCC)CN(CC(O)CCCCCCCCCCCC)CC(O)CCCCCCCCCCCC)C1)CC(O)CCCCCCCCCCCC,CCCCCCCCCCCCCCOC(=O)CCOCCOCCOCCOCCOCCOCCOCCOCCOCCOCCOCCOCCOCCOCCOCCOCCOCCOCCOCCOCCOCCOCCOCCOCCOCCOCCOCCOCCOCCOCCOCCOCCOCCOCCOCCOCCOCCOCCOCCOCCOCCOCCOCCOCCOCCOCCOCCOCCOCCOCCOCCOCCOCCOCCOCCOCCOCCOCCOCCOCCOCCOCCOCCOCCOCCOCCOCCOCCOCCOCCOCCOCCOCCOCCOCCOCCOCCOCCOCCOCCOCCOCCOCCOCCOCCOCCOCCOCCOCCO,CC(C)CCC[C@@H](C)[C@H]1CC[C@H]2[C@@H]3CC=C4C[C@@H](O)CC[C@]4(C)[C@H]3CC[C@]12C,CCCCCCCC/C=C\CCCCCCCC(=O)OC[C@H](COP(=O)(O)OCCN)OC(=O)CCCCCCC/C=C\CCCCCCCC,67.5,40.0,2.5,53.5,4.0,0.4,0.025,0.535,0.04,82.4,0.198
451,C12-200,C14-PEG2000,cholesterol,DOPE,60:0.5:29.5:10,90.77,0.226,-16.7,33.7,OTHER:2.5:1 ionizable lipid:mRNA weight ratio,mRNA,"luciferase, barcode(luciferase mrna with barcode and umi)",C14-PEG2000,C12-200,DOPE,cholesterol,"synthesis_method: Microfluidic; device_used: ; total_flow_rate_ml_min: ; flow_rate_ratio: 3:1 (ethanol:aqueous); aqueous_phase_composition: 10 mM citrate buffer (pH 3.0); organic_phase_composition: ethanol containing lipids; mixing_time_sec: ; temperature_condition: room temperature; post_processing: dialyzed against PBS for 2 hours, 0.22 ¥ìm filtration; sterilization: 0.22 ¥ìm sterile filter; storage_buffer: PBS","cell_line: bEnd.3; animal_model: C57BL/6 mice; administration_route: IV; dose: 0.25 ¥ìg b-mRNA per formulation; biodistribution_result: liver, spleen, lung, brain, kidney, heart, pancreas, muscle",Ionizable lipid nanoparticles encapsulating barcoded mRNA for accelerated in vivo delivery screening,"['Pedro P. Guimaraes', 'Rui Zhang', 'Roman Spektor', 'Mingchee Tan', 'Amanda Chung', 'Margaret M. Billingsley', 'Rakan El-Mayta', 'Rachel S. Riley', 'Lili Wang', 'James M. Wilson', 'Michael J. Mitchell']",10.1016/j.jconrel.2019.10.028,Journal of Controlled Release,2019.0,CCCCCCCCCCCCC(O)CN(CCN1CCN(CCN)C(CN(CC(O)CCCCCCCCCCCC)CN(CC(O)CCCCCCCCCCCC)CC(O)CCCCCCCCCCCC)C1)CC(O)CCCCCCCCCCCC,CCCCCCCCCCCCCCOC(=O)CCOCCOCCOCCOCCOCCOCCOCCOCCOCCOCCOCCOCCOCCOCCOCCOCCOCCOCCOCCOCCOCCOCCOCCOCCOCCOCCOCCOCCOCCOCCOCCOCCOCCOCCOCCOCCOCCOCCOCCOCCOCCOCCOCCOCCOCCOCCOCCOCCOCCOCCOCCOCCOCCOCCOCCOCCOCCOCCOCCOCCOCCOCCOCCOCCOCCOCCOCCOCCOCCOCCOCCOCCOCCOCCOCCOCCOCCOCCOCCOCCOCCOCCOCCOCCOCCOCCOCCOCCOCCO,CC(C)CCC[C@@H](C)[C@H]1CC[C@H]2[C@@H]3CC=C4C[C@@H](O)CC[C@]4(C)[C@H]3CC[C@]12C,CCCCCCCC/C=C\CCCCCCCC(=O)OC[C@H](COP(=O)(O)OCCN)OC(=O)CCCCCCC/C=C\CCCCCCCC,33.7,60.0,0.5,29.5,10.0,0.6,0.005,0.295,0.1,90.77,0.226
452,C12-200,C14-PEG2000,cholesterol,DOPE,40:3.5:28.5:28,78.53,0.224,-2.65,48.9,OTHER:7.5:1 ionizable lipid:mRNA weight ratio,mRNA,"luciferase, barcode(luciferase mrna with barcode and umi)",C14-PEG2000,C12-200,DOPE,cholesterol,"synthesis_method: Microfluidic; device_used: ; total_flow_rate_ml_min: ; flow_rate_ratio: 3:1 (ethanol:aqueous); aqueous_phase_composition: 10 mM citrate buffer (pH 3.0); organic_phase_composition: ethanol containing lipids; mixing_time_sec: ; temperature_condition: room temperature; post_processing: dialyzed against PBS for 2 hours, 0.22 ¥ìm filtration; sterilization: 0.22 ¥ìm sterile filter; storage_buffer: PBS","cell_line: bEnd.3; animal_model: C57BL/6 mice; administration_route: IV; dose: 0.25 ¥ìg b-mRNA per formulation; biodistribution_result: liver, spleen, lung, brain, kidney, heart, pancreas, muscle",Ionizable lipid nanoparticles encapsulating barcoded mRNA for accelerated in vivo delivery screening,"['Pedro P. Guimaraes', 'Rui Zhang', 'Roman Spektor', 'Mingchee Tan', 'Amanda Chung', 'Margaret M. Billingsley', 'Rakan El-Mayta', 'Rachel S. Riley', 'Lili Wang', 'James M. Wilson', 'Michael J. Mitchell']",10.1016/j.jconrel.2019.10.028,Journal of Controlled Release,2019.0,CCCCCCCCCCCCC(O)CN(CCN1CCN(CCN)C(CN(CC(O)CCCCCCCCCCCC)CN(CC(O)CCCCCCCCCCCC)CC(O)CCCCCCCCCCCC)C1)CC(O)CCCCCCCCCCCC,CCCCCCCCCCCCCCOC(=O)CCOCCOCCOCCOCCOCCOCCOCCOCCOCCOCCOCCOCCOCCOCCOCCOCCOCCOCCOCCOCCOCCOCCOCCOCCOCCOCCOCCOCCOCCOCCOCCOCCOCCOCCOCCOCCOCCOCCOCCOCCOCCOCCOCCOCCOCCOCCOCCOCCOCCOCCOCCOCCOCCOCCOCCOCCOCCOCCOCCOCCOCCOCCOCCOCCOCCOCCOCCOCCOCCOCCOCCOCCOCCOCCOCCOCCOCCOCCOCCOCCOCCOCCOCCOCCOCCOCCOCCOCCOCCO,CC(C)CCC[C@@H](C)[C@H]1CC[C@H]2[C@@H]3CC=C4C[C@@H](O)CC[C@]4(C)[C@H]3CC[C@]12C,CCCCCCCC/C=C\CCCCCCCC(=O)OC[C@H](COP(=O)(O)OCCN)OC(=O)CCCCCCC/C=C\CCCCCCCC,48.9,40.0,3.5,28.5,28.0,0.4,0.035,0.285,0.28,78.53,0.224
453,C12-200,C14-PEG2000,cholesterol,DOPE,40:2.5:29.5:28,81.49,0.202,-5.76,92.8,OTHER:10:1 ionizable lipid:mRNA weight ratio,mRNA,"luciferase, barcode(luciferase mrna with barcode and umi)",C14-PEG2000,C12-200,DOPE,cholesterol,"synthesis_method: Microfluidic; device_used: ; total_flow_rate_ml_min: ; flow_rate_ratio: 3:1 (ethanol:aqueous); aqueous_phase_composition: 10 mM citrate buffer (pH 3.0); organic_phase_composition: ethanol containing lipids; mixing_time_sec: ; temperature_condition: room temperature; post_processing: dialyzed against PBS for 2 hours, 0.22 ¥ìm filtration; sterilization: 0.22 ¥ìm sterile filter; storage_buffer: PBS","cell_line: bEnd.3; animal_model: C57BL/6 mice; administration_route: IV; dose: 0.25 ¥ìg b-mRNA per formulation; biodistribution_result: liver, spleen, lung, brain, kidney, heart, pancreas, muscle",Ionizable lipid nanoparticles encapsulating barcoded mRNA for accelerated in vivo delivery screening,"['Pedro P. Guimaraes', 'Rui Zhang', 'Roman Spektor', 'Mingchee Tan', 'Amanda Chung', 'Margaret M. Billingsley', 'Rakan El-Mayta', 'Rachel S. Riley', 'Lili Wang', 'James M. Wilson', 'Michael J. Mitchell']",10.1016/j.jconrel.2019.10.028,Journal of Controlled Release,2019.0,CCCCCCCCCCCCC(O)CN(CCN1CCN(CCN)C(CN(CC(O)CCCCCCCCCCCC)CN(CC(O)CCCCCCCCCCCC)CC(O)CCCCCCCCCCCC)C1)CC(O)CCCCCCCCCCCC,CCCCCCCCCCCCCCOC(=O)CCOCCOCCOCCOCCOCCOCCOCCOCCOCCOCCOCCOCCOCCOCCOCCOCCOCCOCCOCCOCCOCCOCCOCCOCCOCCOCCOCCOCCOCCOCCOCCOCCOCCOCCOCCOCCOCCOCCOCCOCCOCCOCCOCCOCCOCCOCCOCCOCCOCCOCCOCCOCCOCCOCCOCCOCCOCCOCCOCCOCCOCCOCCOCCOCCOCCOCCOCCOCCOCCOCCOCCOCCOCCOCCOCCOCCOCCOCCOCCOCCOCCOCCOCCOCCOCCOCCOCCOCCOCCO,CC(C)CCC[C@@H](C)[C@H]1CC[C@H]2[C@@H]3CC=C4C[C@@H](O)CC[C@]4(C)[C@H]3CC[C@]12C,CCCCCCCC/C=C\CCCCCCCC(=O)OC[C@H](COP(=O)(O)OCCN)OC(=O)CCCCCCC/C=C\CCCCCCCC,92.8,40.0,2.5,29.5,28.0,0.4,0.025,0.295,0.28,81.49,0.202
454,C12-200,C14-PEG2000,cholesterol,DOPE,40:3.0:35.0:22,74.42,0.226,-2.1,95.7,OTHER:12.5:1 ionizable lipid:mRNA weight ratio,mRNA,"luciferase, barcode(luciferase mrna with barcode and umi)",C14-PEG2000,C12-200,DOPE,cholesterol,"synthesis_method: Microfluidic; device_used: ; total_flow_rate_ml_min: ; flow_rate_ratio: 3:1 (ethanol:aqueous); aqueous_phase_composition: 10 mM citrate buffer (pH 3.0); organic_phase_composition: ethanol containing lipids; mixing_time_sec: ; temperature_condition: room temperature; post_processing: dialyzed against PBS for 2 hours, 0.22 ¥ìm filtration; sterilization: 0.22 ¥ìm sterile filter; storage_buffer: PBS","cell_line: bEnd.3; animal_model: C57BL/6 mice; administration_route: IV; dose: 0.25 ¥ìg b-mRNA per formulation; biodistribution_result: liver, spleen, lung, brain, kidney, heart, pancreas, muscle",Ionizable lipid nanoparticles encapsulating barcoded mRNA for accelerated in vivo delivery screening,"['Pedro P. Guimaraes', 'Rui Zhang', 'Roman Spektor', 'Mingchee Tan', 'Amanda Chung', 'Margaret M. Billingsley', 'Rakan El-Mayta', 'Rachel S. Riley', 'Lili Wang', 'James M. Wilson', 'Michael J. Mitchell']",10.1016/j.jconrel.2019.10.028,Journal of Controlled Release,2019.0,CCCCCCCCCCCCC(O)CN(CCN1CCN(CCN)C(CN(CC(O)CCCCCCCCCCCC)CN(CC(O)CCCCCCCCCCCC)CC(O)CCCCCCCCCCCC)C1)CC(O)CCCCCCCCCCCC,CCCCCCCCCCCCCCOC(=O)CCOCCOCCOCCOCCOCCOCCOCCOCCOCCOCCOCCOCCOCCOCCOCCOCCOCCOCCOCCOCCOCCOCCOCCOCCOCCOCCOCCOCCOCCOCCOCCOCCOCCOCCOCCOCCOCCOCCOCCOCCOCCOCCOCCOCCOCCOCCOCCOCCOCCOCCOCCOCCOCCOCCOCCOCCOCCOCCOCCOCCOCCOCCOCCOCCOCCOCCOCCOCCOCCOCCOCCOCCOCCOCCOCCOCCOCCOCCOCCOCCOCCOCCOCCOCCOCCOCCOCCOCCOCCO,CC(C)CCC[C@@H](C)[C@H]1CC[C@H]2[C@@H]3CC=C4C[C@@H](O)CC[C@]4(C)[C@H]3CC[C@]12C,CCCCCCCC/C=C\CCCCCCCC(=O)OC[C@H](COP(=O)(O)OCCN)OC(=O)CCCCCCC/C=C\CCCCCCCC,95.7,40.0,3.0,35.0,22.0,0.4,0.03,0.35,0.22,74.42,0.226
455,C12-200,C14-PEG2000,cholesterol,DOPE,35:3.0:40.0:22,82.03,0.221,-3.39,90.7,OTHER:7.5:1 ionizable lipid:mRNA weight ratio,mRNA,"luciferase, barcode(luciferase mrna with barcode and umi)",C14-PEG2000,C12-200,DOPE,cholesterol,"synthesis_method: Microfluidic; device_used: ; total_flow_rate_ml_min: ; flow_rate_ratio: 3:1 (ethanol:aqueous); aqueous_phase_composition: 10 mM citrate buffer (pH 3.0); organic_phase_composition: ethanol containing lipids; mixing_time_sec: ; temperature_condition: room temperature; post_processing: dialyzed against PBS for 2 hours, 0.22 ¥ìm filtration; sterilization: 0.22 ¥ìm sterile filter; storage_buffer: PBS","cell_line: bEnd.3; animal_model: C57BL/6 mice; administration_route: IV; dose: 0.25 ¥ìg b-mRNA per formulation; biodistribution_result: liver, spleen, lung, brain, kidney, heart, pancreas, muscle",Ionizable lipid nanoparticles encapsulating barcoded mRNA for accelerated in vivo delivery screening,"['Pedro P. Guimaraes', 'Rui Zhang', 'Roman Spektor', 'Mingchee Tan', 'Amanda Chung', 'Margaret M. Billingsley', 'Rakan El-Mayta', 'Rachel S. Riley', 'Lili Wang', 'James M. Wilson', 'Michael J. Mitchell']",10.1016/j.jconrel.2019.10.028,Journal of Controlled Release,2019.0,CCCCCCCCCCCCC(O)CN(CCN1CCN(CCN)C(CN(CC(O)CCCCCCCCCCCC)CN(CC(O)CCCCCCCCCCCC)CC(O)CCCCCCCCCCCC)C1)CC(O)CCCCCCCCCCCC,CCCCCCCCCCCCCCOC(=O)CCOCCOCCOCCOCCOCCOCCOCCOCCOCCOCCOCCOCCOCCOCCOCCOCCOCCOCCOCCOCCOCCOCCOCCOCCOCCOCCOCCOCCOCCOCCOCCOCCOCCOCCOCCOCCOCCOCCOCCOCCOCCOCCOCCOCCOCCOCCOCCOCCOCCOCCOCCOCCOCCOCCOCCOCCOCCOCCOCCOCCOCCOCCOCCOCCOCCOCCOCCOCCOCCOCCOCCOCCOCCOCCOCCOCCOCCOCCOCCOCCOCCOCCOCCOCCOCCOCCOCCOCCOCCO,CC(C)CCC[C@@H](C)[C@H]1CC[C@H]2[C@@H]3CC=C4C[C@@H](O)CC[C@]4(C)[C@H]3CC[C@]12C,CCCCCCCC/C=C\CCCCCCCC(=O)OC[C@H](COP(=O)(O)OCCN)OC(=O)CCCCCCC/C=C\CCCCCCCC,90.7,35.0,3.0,40.0,22.0,0.35,0.03,0.4,0.22,82.03,0.221
456,C12-200,C14-PEG2000,cholesterol,DOPE,35:3.5:39.5:22,79.23,0.212,-4.34,49.9,OTHER:10:1 ionizable lipid:mRNA weight ratio,mRNA,"luciferase, barcode(luciferase mrna with barcode and umi)",C14-PEG2000,C12-200,DOPE,cholesterol,"synthesis_method: Microfluidic; device_used: ; total_flow_rate_ml_min: ; flow_rate_ratio: 3:1 (ethanol:aqueous); aqueous_phase_composition: 10 mM citrate buffer (pH 3.0); organic_phase_composition: ethanol containing lipids; mixing_time_sec: ; temperature_condition: room temperature; post_processing: dialyzed against PBS for 2 hours, 0.22 ¥ìm filtration; sterilization: 0.22 ¥ìm sterile filter; storage_buffer: PBS","cell_line: bEnd.3; animal_model: C57BL/6 mice; administration_route: IV; dose: 0.25 ¥ìg b-mRNA per formulation; biodistribution_result: liver, spleen, lung, brain, kidney, heart, pancreas, muscle",Ionizable lipid nanoparticles encapsulating barcoded mRNA for accelerated in vivo delivery screening,"['Pedro P. Guimaraes', 'Rui Zhang', 'Roman Spektor', 'Mingchee Tan', 'Amanda Chung', 'Margaret M. Billingsley', 'Rakan El-Mayta', 'Rachel S. Riley', 'Lili Wang', 'James M. Wilson', 'Michael J. Mitchell']",10.1016/j.jconrel.2019.10.028,Journal of Controlled Release,2019.0,CCCCCCCCCCCCC(O)CN(CCN1CCN(CCN)C(CN(CC(O)CCCCCCCCCCCC)CN(CC(O)CCCCCCCCCCCC)CC(O)CCCCCCCCCCCC)C1)CC(O)CCCCCCCCCCCC,CCCCCCCCCCCCCCOC(=O)CCOCCOCCOCCOCCOCCOCCOCCOCCOCCOCCOCCOCCOCCOCCOCCOCCOCCOCCOCCOCCOCCOCCOCCOCCOCCOCCOCCOCCOCCOCCOCCOCCOCCOCCOCCOCCOCCOCCOCCOCCOCCOCCOCCOCCOCCOCCOCCOCCOCCOCCOCCOCCOCCOCCOCCOCCOCCOCCOCCOCCOCCOCCOCCOCCOCCOCCOCCOCCOCCOCCOCCOCCOCCOCCOCCOCCOCCOCCOCCOCCOCCOCCOCCOCCOCCOCCOCCOCCOCCO,CC(C)CCC[C@@H](C)[C@H]1CC[C@H]2[C@@H]3CC=C4C[C@@H](O)CC[C@]4(C)[C@H]3CC[C@]12C,CCCCCCCC/C=C\CCCCCCCC(=O)OC[C@H](COP(=O)(O)OCCN)OC(=O)CCCCCCC/C=C\CCCCCCCC,49.9,35.0,3.5,39.5,22.0,0.35,0.035,0.395,0.22,79.23,0.212
457,C12-200,C14-PEG2000,cholesterol,DOPE,30:3.0:51.0:16,83.25,0.205,-5.08,91.3,OTHER:10:1 ionizable lipid:mRNA weight ratio,mRNA,"luciferase, barcode(luciferase mrna with barcode and umi)",C14-PEG2000,C12-200,DOPE,cholesterol,"synthesis_method: Microfluidic; device_used: ; total_flow_rate_ml_min: ; flow_rate_ratio: 3:1 (ethanol:aqueous); aqueous_phase_composition: 10 mM citrate buffer (pH 3.0); organic_phase_composition: ethanol containing lipids; mixing_time_sec: ; temperature_condition: room temperature; post_processing: dialyzed against PBS for 2 hours, 0.22 ¥ìm filtration; sterilization: 0.22 ¥ìm sterile filter; storage_buffer: PBS","cell_line: bEnd.3; animal_model: C57BL/6 mice; administration_route: IV; dose: 0.25 ¥ìg b-mRNA per formulation; biodistribution_result: liver, spleen, lung, brain, kidney, heart, pancreas, muscle",Ionizable lipid nanoparticles encapsulating barcoded mRNA for accelerated in vivo delivery screening,"['Pedro P. Guimaraes', 'Rui Zhang', 'Roman Spektor', 'Mingchee Tan', 'Amanda Chung', 'Margaret M. Billingsley', 'Rakan El-Mayta', 'Rachel S. Riley', 'Lili Wang', 'James M. Wilson', 'Michael J. Mitchell']",10.1016/j.jconrel.2019.10.028,Journal of Controlled Release,2019.0,CCCCCCCCCCCCC(O)CN(CCN1CCN(CCN)C(CN(CC(O)CCCCCCCCCCCC)CN(CC(O)CCCCCCCCCCCC)CC(O)CCCCCCCCCCCC)C1)CC(O)CCCCCCCCCCCC,CCCCCCCCCCCCCCOC(=O)CCOCCOCCOCCOCCOCCOCCOCCOCCOCCOCCOCCOCCOCCOCCOCCOCCOCCOCCOCCOCCOCCOCCOCCOCCOCCOCCOCCOCCOCCOCCOCCOCCOCCOCCOCCOCCOCCOCCOCCOCCOCCOCCOCCOCCOCCOCCOCCOCCOCCOCCOCCOCCOCCOCCOCCOCCOCCOCCOCCOCCOCCOCCOCCOCCOCCOCCOCCOCCOCCOCCOCCOCCOCCOCCOCCOCCOCCOCCOCCOCCOCCOCCOCCOCCOCCOCCOCCOCCOCCO,CC(C)CCC[C@@H](C)[C@H]1CC[C@H]2[C@@H]3CC=C4C[C@@H](O)CC[C@]4(C)[C@H]3CC[C@]12C,CCCCCCCC/C=C\CCCCCCCC(=O)OC[C@H](COP(=O)(O)OCCN)OC(=O)CCCCCCC/C=C\CCCCCCCC,91.3,30.0,3.0,51.0,16.0,0.3,0.03,0.51,0.16,83.25,0.205
458,C12-200,C14-PEG2000,cholesterol,DOPE,30:2.5:51.5:16,81.4,0.174,-9.04,92.7,OTHER:5:1 ionizable lipid:mRNA weight ratio,mRNA,"luciferase, barcode(luciferase mrna with barcode and umi)",C14-PEG2000,C12-200,DOPE,cholesterol,"synthesis_method: Microfluidic; device_used: ; total_flow_rate_ml_min: ; flow_rate_ratio: 3:1 (ethanol:aqueous); aqueous_phase_composition: 10 mM citrate buffer (pH 3.0); organic_phase_composition: ethanol containing lipids; mixing_time_sec: ; temperature_condition: room temperature; post_processing: dialyzed against PBS for 2 hours, 0.22 ¥ìm filtration; sterilization: 0.22 ¥ìm sterile filter; storage_buffer: PBS","cell_line: bEnd.3; animal_model: C57BL/6 mice; administration_route: IV; dose: 0.25 ¥ìg b-mRNA per formulation; biodistribution_result: liver, spleen, lung, brain, kidney, heart, pancreas, muscle",Ionizable lipid nanoparticles encapsulating barcoded mRNA for accelerated in vivo delivery screening,"['Pedro P. Guimaraes', 'Rui Zhang', 'Roman Spektor', 'Mingchee Tan', 'Amanda Chung', 'Margaret M. Billingsley', 'Rakan El-Mayta', 'Rachel S. Riley', 'Lili Wang', 'James M. Wilson', 'Michael J. Mitchell']",10.1016/j.jconrel.2019.10.028,Journal of Controlled Release,2019.0,CCCCCCCCCCCCC(O)CN(CCN1CCN(CCN)C(CN(CC(O)CCCCCCCCCCCC)CN(CC(O)CCCCCCCCCCCC)CC(O)CCCCCCCCCCCC)C1)CC(O)CCCCCCCCCCCC,CCCCCCCCCCCCCCOC(=O)CCOCCOCCOCCOCCOCCOCCOCCOCCOCCOCCOCCOCCOCCOCCOCCOCCOCCOCCOCCOCCOCCOCCOCCOCCOCCOCCOCCOCCOCCOCCOCCOCCOCCOCCOCCOCCOCCOCCOCCOCCOCCOCCOCCOCCOCCOCCOCCOCCOCCOCCOCCOCCOCCOCCOCCOCCOCCOCCOCCOCCOCCOCCOCCOCCOCCOCCOCCOCCOCCOCCOCCOCCOCCOCCOCCOCCOCCOCCOCCOCCOCCOCCOCCOCCOCCOCCOCCOCCOCCO,CC(C)CCC[C@@H](C)[C@H]1CC[C@H]2[C@@H]3CC=C4C[C@@H](O)CC[C@]4(C)[C@H]3CC[C@]12C,CCCCCCCC/C=C\CCCCCCCC(=O)OC[C@H](COP(=O)(O)OCCN)OC(=O)CCCCCCC/C=C\CCCCCCCC,92.7,30.0,2.5,51.5,16.0,0.3,0.025,0.515,0.16,81.4,0.174
459,C12-200,C14-PEG2000,cholesterol,DOPE,40:1.5:42.5:16,75.58,0.208,-8.16,89.1,OTHER:7.5:1 ionizable lipid:mRNA weight ratio,mRNA,"luciferase, barcode(luciferase mrna with barcode and umi)",C14-PEG2000,C12-200,DOPE,cholesterol,"synthesis_method: Microfluidic; device_used: ; total_flow_rate_ml_min: ; flow_rate_ratio: 3:1 (ethanol:aqueous); aqueous_phase_composition: 10 mM citrate buffer (pH 3.0); organic_phase_composition: ethanol containing lipids; mixing_time_sec: ; temperature_condition: room temperature; post_processing: dialyzed against PBS for 2 hours, 0.22 ¥ìm filtration; sterilization: 0.22 ¥ìm sterile filter; storage_buffer: PBS","cell_line: bEnd.3; animal_model: C57BL/6 mice; administration_route: IV; dose: 0.25 ¥ìg b-mRNA per formulation; biodistribution_result: liver, spleen, lung, brain, kidney, heart, pancreas, muscle",Ionizable lipid nanoparticles encapsulating barcoded mRNA for accelerated in vivo delivery screening,"['Pedro P. Guimaraes', 'Rui Zhang', 'Roman Spektor', 'Mingchee Tan', 'Amanda Chung', 'Margaret M. Billingsley', 'Rakan El-Mayta', 'Rachel S. Riley', 'Lili Wang', 'James M. Wilson', 'Michael J. Mitchell']",10.1016/j.jconrel.2019.10.028,Journal of Controlled Release,2019.0,CCCCCCCCCCCCC(O)CN(CCN1CCN(CCN)C(CN(CC(O)CCCCCCCCCCCC)CN(CC(O)CCCCCCCCCCCC)CC(O)CCCCCCCCCCCC)C1)CC(O)CCCCCCCCCCCC,CCCCCCCCCCCCCCOC(=O)CCOCCOCCOCCOCCOCCOCCOCCOCCOCCOCCOCCOCCOCCOCCOCCOCCOCCOCCOCCOCCOCCOCCOCCOCCOCCOCCOCCOCCOCCOCCOCCOCCOCCOCCOCCOCCOCCOCCOCCOCCOCCOCCOCCOCCOCCOCCOCCOCCOCCOCCOCCOCCOCCOCCOCCOCCOCCOCCOCCOCCOCCOCCOCCOCCOCCOCCOCCOCCOCCOCCOCCOCCOCCOCCOCCOCCOCCOCCOCCOCCOCCOCCOCCOCCOCCOCCOCCOCCOCCO,CC(C)CCC[C@@H](C)[C@H]1CC[C@H]2[C@@H]3CC=C4C[C@@H](O)CC[C@]4(C)[C@H]3CC[C@]12C,CCCCCCCC/C=C\CCCCCCCC(=O)OC[C@H](COP(=O)(O)OCCN)OC(=O)CCCCCCC/C=C\CCCCCCCC,89.1,40.0,1.5,42.5,16.0,0.4,0.015,0.425,0.16,75.58,0.208
460,C12-200,C14-PEG2000,cholesterol,DOPE,35:2.5:46.5:16,83.55,0.203,-11.7,89.8,OTHER:5:1 ionizable lipid:mRNA weight ratio,mRNA,"luciferase, barcode(luciferase mrna with barcode and umi)",C14-PEG2000,C12-200,DOPE,cholesterol,"synthesis_method: Microfluidic; device_used: ; total_flow_rate_ml_min: ; flow_rate_ratio: 3:1 (ethanol:aqueous); aqueous_phase_composition: 10 mM citrate buffer (pH 3.0); organic_phase_composition: ethanol containing lipids; mixing_time_sec: ; temperature_condition: room temperature; post_processing: dialyzed against PBS for 2 hours, 0.22 ¥ìm filtration; sterilization: 0.22 ¥ìm sterile filter; storage_buffer: PBS","cell_line: bEnd.3; animal_model: C57BL/6 mice; administration_route: IV; dose: 0.25 ¥ìg b-mRNA per formulation; biodistribution_result: liver, spleen, lung, brain, kidney, heart, pancreas, muscle",Ionizable lipid nanoparticles encapsulating barcoded mRNA for accelerated in vivo delivery screening,"['Pedro P. Guimaraes', 'Rui Zhang', 'Roman Spektor', 'Mingchee Tan', 'Amanda Chung', 'Margaret M. Billingsley', 'Rakan El-Mayta', 'Rachel S. Riley', 'Lili Wang', 'James M. Wilson', 'Michael J. Mitchell']",10.1016/j.jconrel.2019.10.028,Journal of Controlled Release,2019.0,CCCCCCCCCCCCC(O)CN(CCN1CCN(CCN)C(CN(CC(O)CCCCCCCCCCCC)CN(CC(O)CCCCCCCCCCCC)CC(O)CCCCCCCCCCCC)C1)CC(O)CCCCCCCCCCCC,CCCCCCCCCCCCCCOC(=O)CCOCCOCCOCCOCCOCCOCCOCCOCCOCCOCCOCCOCCOCCOCCOCCOCCOCCOCCOCCOCCOCCOCCOCCOCCOCCOCCOCCOCCOCCOCCOCCOCCOCCOCCOCCOCCOCCOCCOCCOCCOCCOCCOCCOCCOCCOCCOCCOCCOCCOCCOCCOCCOCCOCCOCCOCCOCCOCCOCCOCCOCCOCCOCCOCCOCCOCCOCCOCCOCCOCCOCCOCCOCCOCCOCCOCCOCCOCCOCCOCCOCCOCCOCCOCCOCCOCCOCCOCCOCCO,CC(C)CCC[C@@H](C)[C@H]1CC[C@H]2[C@@H]3CC=C4C[C@@H](O)CC[C@]4(C)[C@H]3CC[C@]12C,CCCCCCCC/C=C\CCCCCCCC(=O)OC[C@H](COP(=O)(O)OCCN)OC(=O)CCCCCCC/C=C\CCCCCCCC,89.8,35.0,2.5,46.5,16.0,0.35,0.025,0.465,0.16,83.55,0.203
461,C12-200,C14-PEG2000,cholesterol,DOPE,35:2.5:46.5:16,88.09,0.224,-7.53,88.4,OTHER:7.5:1 ionizable lipid:mRNA weight ratio,mRNA,"luciferase, barcode(luciferase mrna with barcode and umi)",C14-PEG2000,C12-200,DOPE,cholesterol,"synthesis_method: Microfluidic; device_used: ; total_flow_rate_ml_min: ; flow_rate_ratio: 3:1 (ethanol:aqueous); aqueous_phase_composition: 10 mM citrate buffer (pH 3.0); organic_phase_composition: ethanol containing lipids; mixing_time_sec: ; temperature_condition: room temperature; post_processing: dialyzed against PBS for 2 hours, 0.22 ¥ìm filtration; sterilization: 0.22 ¥ìm sterile filter; storage_buffer: PBS","cell_line: bEnd.3; animal_model: C57BL/6 mice; administration_route: IV; dose: 0.25 ¥ìg b-mRNA per formulation; biodistribution_result: liver, spleen, lung, brain, kidney, heart, pancreas, muscle",Ionizable lipid nanoparticles encapsulating barcoded mRNA for accelerated in vivo delivery screening,"['Pedro P. Guimaraes', 'Rui Zhang', 'Roman Spektor', 'Mingchee Tan', 'Amanda Chung', 'Margaret M. Billingsley', 'Rakan El-Mayta', 'Rachel S. Riley', 'Lili Wang', 'James M. Wilson', 'Michael J. Mitchell']",10.1016/j.jconrel.2019.10.028,Journal of Controlled Release,2019.0,CCCCCCCCCCCCC(O)CN(CCN1CCN(CCN)C(CN(CC(O)CCCCCCCCCCCC)CN(CC(O)CCCCCCCCCCCC)CC(O)CCCCCCCCCCCC)C1)CC(O)CCCCCCCCCCCC,CCCCCCCCCCCCCCOC(=O)CCOCCOCCOCCOCCOCCOCCOCCOCCOCCOCCOCCOCCOCCOCCOCCOCCOCCOCCOCCOCCOCCOCCOCCOCCOCCOCCOCCOCCOCCOCCOCCOCCOCCOCCOCCOCCOCCOCCOCCOCCOCCOCCOCCOCCOCCOCCOCCOCCOCCOCCOCCOCCOCCOCCOCCOCCOCCOCCOCCOCCOCCOCCOCCOCCOCCOCCOCCOCCOCCOCCOCCOCCOCCOCCOCCOCCOCCOCCOCCOCCOCCOCCOCCOCCOCCOCCOCCOCCOCCO,CC(C)CCC[C@@H](C)[C@H]1CC[C@H]2[C@@H]3CC=C4C[C@@H](O)CC[C@]4(C)[C@H]3CC[C@]12C,CCCCCCCC/C=C\CCCCCCCC(=O)OC[C@H](COP(=O)(O)OCCN)OC(=O)CCCCCCC/C=C\CCCCCCCC,88.4,35.0,2.5,46.5,16.0,0.35,0.025,0.465,0.16,88.09,0.224
462,C12-200,C14-PEG2000,cholesterol,DOPE,35:2.5:46.5:16,83.36,0.204,-3.77,87.4,OTHER:10:1 ionizable lipid:mRNA weight ratio,mRNA,"luciferase, barcode(luciferase mrna with barcode and umi)",C14-PEG2000,C12-200,DOPE,cholesterol,"synthesis_method: Microfluidic; device_used: ; total_flow_rate_ml_min: ; flow_rate_ratio: 3:1 (ethanol:aqueous); aqueous_phase_composition: 10 mM citrate buffer (pH 3.0); organic_phase_composition: ethanol containing lipids; mixing_time_sec: ; temperature_condition: room temperature; post_processing: dialyzed against PBS for 2 hours, 0.22 ¥ìm filtration; sterilization: 0.22 ¥ìm sterile filter; storage_buffer: PBS",cell_line: bEnd.3; animal_model: C57BL/6 mice; administration_route: IV; dose: 0.25 ¥ìg b-mRNA per formulation; gene_expression_result: Higher luciferase expression compared to F01; biodistribution_result: Higher delivery to liver and spleen compared to F01,Ionizable lipid nanoparticles encapsulating barcoded mRNA for accelerated in vivo delivery screening,"['Pedro P. Guimaraes', 'Rui Zhang', 'Roman Spektor', 'Mingchee Tan', 'Amanda Chung', 'Margaret M. Billingsley', 'Rakan El-Mayta', 'Rachel S. Riley', 'Lili Wang', 'James M. Wilson', 'Michael J. Mitchell']",10.1016/j.jconrel.2019.10.028,Journal of Controlled Release,2019.0,CCCCCCCCCCCCC(O)CN(CCN1CCN(CCN)C(CN(CC(O)CCCCCCCCCCCC)CN(CC(O)CCCCCCCCCCCC)CC(O)CCCCCCCCCCCC)C1)CC(O)CCCCCCCCCCCC,CCCCCCCCCCCCCCOC(=O)CCOCCOCCOCCOCCOCCOCCOCCOCCOCCOCCOCCOCCOCCOCCOCCOCCOCCOCCOCCOCCOCCOCCOCCOCCOCCOCCOCCOCCOCCOCCOCCOCCOCCOCCOCCOCCOCCOCCOCCOCCOCCOCCOCCOCCOCCOCCOCCOCCOCCOCCOCCOCCOCCOCCOCCOCCOCCOCCOCCOCCOCCOCCOCCOCCOCCOCCOCCOCCOCCOCCOCCOCCOCCOCCOCCOCCOCCOCCOCCOCCOCCOCCOCCOCCOCCOCCOCCOCCOCCO,CC(C)CCC[C@@H](C)[C@H]1CC[C@H]2[C@@H]3CC=C4C[C@@H](O)CC[C@]4(C)[C@H]3CC[C@]12C,CCCCCCCC/C=C\CCCCCCCC(=O)OC[C@H](COP(=O)(O)OCCN)OC(=O)CCCCCCC/C=C\CCCCCCCC,87.4,35.0,2.5,46.5,16.0,0.35,0.025,0.465,0.16,83.36,0.204
463,C12-200,C14-PEG2000,cholesterol,DOPE,35:2.5:46.5:16,77.32,0.214,-4.23,76.6,OTHER:12.5:1 ionizable lipid:mRNA weight ratio,mRNA,"luciferase, barcode(luciferase mrna with barcode and umi)",C14-PEG2000,C12-200,DOPE,cholesterol,"synthesis_method: Microfluidic; device_used: ; total_flow_rate_ml_min: ; flow_rate_ratio: 3:1 (ethanol:aqueous); aqueous_phase_composition: 10 mM citrate buffer (pH 3.0); organic_phase_composition: ethanol containing lipids; mixing_time_sec: ; temperature_condition: room temperature; post_processing: dialyzed against PBS for 2 hours, 0.22 ¥ìm filtration; sterilization: 0.22 ¥ìm sterile filter; storage_buffer: PBS","cell_line: bEnd.3; animal_model: C57BL/6 mice; administration_route: IV; dose: 0.25 ¥ìg b-mRNA per formulation; gene_expression_result: High delivery to most tissues; biodistribution_result: Higher b-mRNA delivery to liver, spleen, brain, heart, kidney, and pancreas",Ionizable lipid nanoparticles encapsulating barcoded mRNA for accelerated in vivo delivery screening,"['Pedro P. Guimaraes', 'Rui Zhang', 'Roman Spektor', 'Mingchee Tan', 'Amanda Chung', 'Margaret M. Billingsley', 'Rakan El-Mayta', 'Rachel S. Riley', 'Lili Wang', 'James M. Wilson', 'Michael J. Mitchell']",10.1016/j.jconrel.2019.10.028,Journal of Controlled Release,2019.0,CCCCCCCCCCCCC(O)CN(CCN1CCN(CCN)C(CN(CC(O)CCCCCCCCCCCC)CN(CC(O)CCCCCCCCCCCC)CC(O)CCCCCCCCCCCC)C1)CC(O)CCCCCCCCCCCC,CCCCCCCCCCCCCCOC(=O)CCOCCOCCOCCOCCOCCOCCOCCOCCOCCOCCOCCOCCOCCOCCOCCOCCOCCOCCOCCOCCOCCOCCOCCOCCOCCOCCOCCOCCOCCOCCOCCOCCOCCOCCOCCOCCOCCOCCOCCOCCOCCOCCOCCOCCOCCOCCOCCOCCOCCOCCOCCOCCOCCOCCOCCOCCOCCOCCOCCOCCOCCOCCOCCOCCOCCOCCOCCOCCOCCOCCOCCOCCOCCOCCOCCOCCOCCOCCOCCOCCOCCOCCOCCOCCOCCOCCOCCOCCOCCO,CC(C)CCC[C@@H](C)[C@H]1CC[C@H]2[C@@H]3CC=C4C[C@@H](O)CC[C@]4(C)[C@H]3CC[C@]12C,CCCCCCCC/C=C\CCCCCCCC(=O)OC[C@H](COP(=O)(O)OCCN)OC(=O)CCCCCCC/C=C\CCCCCCCC,76.6,35.0,2.5,46.5,16.0,0.35,0.025,0.465,0.16,77.32,0.214
464,C12-200,C14-PEG2000,cholesterol,DOPE,35:2.5:46.5:16,84.71,0.233,-4.22,88.7,OTHER:15:1 ionizable lipid:mRNA weight ratio,mRNA,"luciferase, barcode(luciferase mrna with barcode and umi)",C14-PEG2000,C12-200,DOPE,cholesterol,"synthesis_method: Microfluidic; device_used: ; total_flow_rate_ml_min: ; flow_rate_ratio: 3:1 (ethanol:aqueous); aqueous_phase_composition: 10 mM citrate buffer (pH 3.0); organic_phase_composition: ethanol containing lipids; mixing_time_sec: ; temperature_condition: room temperature; post_processing: dialyzed against PBS for 2 hours, 0.22 ¥ìm filtration; sterilization: 0.22 ¥ìm sterile filter; storage_buffer: PBS","cell_line: bEnd.3; animal_model: C57BL/6 mice; administration_route: IV; dose: 0.25 ¥ìg b-mRNA per formulation; gene_expression_result: High delivery to most tissues; biodistribution_result: Higher b-mRNA delivery to liver, spleen, brain, heart, kidney, and pancreas",Ionizable lipid nanoparticles encapsulating barcoded mRNA for accelerated in vivo delivery screening,"['Pedro P. Guimaraes', 'Rui Zhang', 'Roman Spektor', 'Mingchee Tan', 'Amanda Chung', 'Margaret M. Billingsley', 'Rakan El-Mayta', 'Rachel S. Riley', 'Lili Wang', 'James M. Wilson', 'Michael J. Mitchell']",10.1016/j.jconrel.2019.10.028,Journal of Controlled Release,2019.0,CCCCCCCCCCCCC(O)CN(CCN1CCN(CCN)C(CN(CC(O)CCCCCCCCCCCC)CN(CC(O)CCCCCCCCCCCC)CC(O)CCCCCCCCCCCC)C1)CC(O)CCCCCCCCCCCC,CCCCCCCCCCCCCCOC(=O)CCOCCOCCOCCOCCOCCOCCOCCOCCOCCOCCOCCOCCOCCOCCOCCOCCOCCOCCOCCOCCOCCOCCOCCOCCOCCOCCOCCOCCOCCOCCOCCOCCOCCOCCOCCOCCOCCOCCOCCOCCOCCOCCOCCOCCOCCOCCOCCOCCOCCOCCOCCOCCOCCOCCOCCOCCOCCOCCOCCOCCOCCOCCOCCOCCOCCOCCOCCOCCOCCOCCOCCOCCOCCOCCOCCOCCOCCOCCOCCOCCOCCOCCOCCOCCOCCOCCOCCOCCOCCO,CC(C)CCC[C@@H](C)[C@H]1CC[C@H]2[C@@H]3CC=C4C[C@@H](O)CC[C@]4(C)[C@H]3CC[C@]12C,CCCCCCCC/C=C\CCCCCCCC(=O)OC[C@H](COP(=O)(O)OCCN)OC(=O)CCCCCCC/C=C\CCCCCCCC,88.7,35.0,2.5,46.5,16.0,0.35,0.025,0.465,0.16,84.71,0.233
465,C12-200,C14-PEG2000,cholesterol,DOPE,35:2.5:46.5:16,80.85,0.223,-4.01,86.1,OTHER:25:1 ionizable lipid:mRNA weight ratio,mRNA,"luciferase, barcode(luciferase mrna with barcode and umi)",C14-PEG2000,C12-200,DOPE,cholesterol,"synthesis_method: Microfluidic; device_used: ; total_flow_rate_ml_min: ; flow_rate_ratio: 3:1 (ethanol:aqueous); aqueous_phase_composition: 10 mM citrate buffer (pH 3.0); organic_phase_composition: ethanol containing lipids; mixing_time_sec: ; temperature_condition: room temperature; post_processing: dialyzed against PBS for 2 hours, 0.22 ¥ìm filtration; sterilization: 0.22 ¥ìm sterile filter; storage_buffer: PBS","cell_line: bEnd.3; animal_model: C57BL/6 mice; administration_route: IV; dose: 0.25 ¥ìg b-mRNA per formulation; gene_expression_result: High delivery to most tissues, highest luciferase expression; biodistribution_result: Higher b-mRNA delivery to liver, spleen, brain, heart, kidney, and pancreas",Ionizable lipid nanoparticles encapsulating barcoded mRNA for accelerated in vivo delivery screening,"['Pedro P. Guimaraes', 'Rui Zhang', 'Roman Spektor', 'Mingchee Tan', 'Amanda Chung', 'Margaret M. Billingsley', 'Rakan El-Mayta', 'Rachel S. Riley', 'Lili Wang', 'James M. Wilson', 'Michael J. Mitchell']",10.1016/j.jconrel.2019.10.028,Journal of Controlled Release,2019.0,CCCCCCCCCCCCC(O)CN(CCN1CCN(CCN)C(CN(CC(O)CCCCCCCCCCCC)CN(CC(O)CCCCCCCCCCCC)CC(O)CCCCCCCCCCCC)C1)CC(O)CCCCCCCCCCCC,CCCCCCCCCCCCCCOC(=O)CCOCCOCCOCCOCCOCCOCCOCCOCCOCCOCCOCCOCCOCCOCCOCCOCCOCCOCCOCCOCCOCCOCCOCCOCCOCCOCCOCCOCCOCCOCCOCCOCCOCCOCCOCCOCCOCCOCCOCCOCCOCCOCCOCCOCCOCCOCCOCCOCCOCCOCCOCCOCCOCCOCCOCCOCCOCCOCCOCCOCCOCCOCCOCCOCCOCCOCCOCCOCCOCCOCCOCCOCCOCCOCCOCCOCCOCCOCCOCCOCCOCCOCCOCCOCCOCCOCCOCCOCCOCCO,CC(C)CCC[C@@H](C)[C@H]1CC[C@H]2[C@@H]3CC=C4C[C@@H](O)CC[C@]4(C)[C@H]3CC[C@]12C,CCCCCCCC/C=C\CCCCCCCC(=O)OC[C@H](COP(=O)(O)OCCN)OC(=O)CCCCCCC/C=C\CCCCCCCC,86.1,35.0,2.5,46.5,16.0,0.35,0.025,0.465,0.16,80.85,0.223
501,DLin-MC3-DMA,DMG-PEG2000,cholesterol,DOPC,50:10:38:2,199 ¡¾ 18.1,0.32 ¡¾ 0.07,-3.21 ¡¾ 0.86,82.64 ¡¾ 0.11,NP:1(molar),siRNA,similip(5'-GGUAACAUAGAGACCCUAUTT-3'),DMG-PEG2000,DLin-MC3-DMA (MC3),DOPC,cholesterol,"synthesis_method: Microfluidic; device_used: NanoAssemblr Ignite; total_flow_rate_ml_min: 11; flow_rate_ratio: 1:3 (ethanol:aqueous); aqueous_phase_composition: 50 mM acetate buffer (pH 4); organic_phase_composition: ethanol phase with lipid mixture; mixing_time_sec: ; temperature_condition: ; post_processing: 1:4 dilution with PBS, washed 3 times with PBS using 100 kDa Amicon ultra-4 centrifugal filter units at 3,000 ¡¿ g for 10 min; sterilization: ; storage_buffer: PBS (pH 7.4)",cell_line: A549; dose: 50 nM; gene_expression_result: 70.19% knockdown efficiency,Development of in silico methodology for siRNA lipid nanoparticle formulations,"['Haoshi Gao', 'Stanislav Kan', 'Zhuyifan Ye', 'Yuchen Feng', 'Lei Jin', 'Xudong Zhang', 'Jiayin Deng', 'Ging Chan', 'Yuanjia Hu', 'Yongjun Wang', 'Dongsheng Cao', 'Yuanhui Ji', 'Mingtao Liang', 'Haifeng Li', 'Defang Ouyang']",https://doi.org/10.1016/j.cej.2022.136310,Chemical Engineering Journal,2022.0,CCCCC/C=C\C/C=C\CCCCCCCCC(CCCCCCCC/C=C\C/C=C\CCCCC)OC(=O)CCCN(C)C,CCCCCCCCCCCCCC(=O)OCC(COP(=O)([O-])OCCOCCOCCOCCOCCOCCOCCOCCOCCOCCOCCOCCOCCOCCOCCOCCOCCOCCOCCOCCOCCOCCOCCOCCOCCOCCOCCOCCOCCOCCOCCOCCOCCOCCOCCOCCOCCOCCOCCOCCOCCOCCOCCOCCOCCOCCOCCOCCOCCOCCOCCOCCOCCOCCOCCOCCOCCOCCOCCOCCOCCOCCOCCOCCOCCOCCOCCOCCOCCOCCOCCOCCOCCOCCOCCOCCOCCOCCOCCOCCOCCOCCOCCOCCOCCOCCOCCOCCOCCOCCO)OC(=O)CCCCCCCCCCCCC,CC(C)CCC[C@@H](C)[C@H]1CC[C@H]2[C@@H]3CC=C4C[C@@H](O)CC[C@]4(C)[C@H]3CC[C@]12C,CCCCCCCC/C=C\CCCCCCCC(=O)OC[C@H](COP(=O)([O-])OCC[N+](C)(C)C)OC(=O)CCCCCCC/C=C\CCCCCCCC,82.64,50.0,10.0,38.0,2.0,0.5,0.1,0.38,0.02,199.0,0.32
502,DLin-MC3-DMA,DMG-PEG2000,cholesterol,DOPC,50:10:38:2,95.8 ¡¾ 5.3,0.27 ¡¾ 0.032,-1.32 ¡¾ 0.2,94.37 ¡¾ 0.051,NP:3(molar),siRNA,similip(5'-GGUAACAUAGAGACCCUAUTT-3'),DMG-PEG2000,DLin-MC3-DMA (MC3),DOPC,cholesterol,"synthesis_method: Microfluidic; device_used: NanoAssemblr Ignite; total_flow_rate_ml_min: 11; flow_rate_ratio: 1:3 (ethanol:aqueous); aqueous_phase_composition: 50 mM acetate buffer (pH 4); organic_phase_composition: ethanol phase with lipid mixture; mixing_time_sec: ; temperature_condition: ; post_processing: 1:4 dilution with PBS, washed 3 times with PBS using 100 kDa Amicon ultra-4 centrifugal filter units at 3,000 ¡¿ g for 10 min; sterilization: ; storage_buffer: PBS (pH 7.4)",cell_line: A549; dose: 50 nM; gene_expression_result: 76.80% knockdown efficiency,Development of in silico methodology for siRNA lipid nanoparticle formulations,"['Haoshi Gao', 'Stanislav Kan', 'Zhuyifan Ye', 'Yuchen Feng', 'Lei Jin', 'Xudong Zhang', 'Jiayin Deng', 'Ging Chan', 'Yuanjia Hu', 'Yongjun Wang', 'Dongsheng Cao', 'Yuanhui Ji', 'Mingtao Liang', 'Haifeng Li', 'Defang Ouyang']",https://doi.org/10.1016/j.cej.2022.136310,Chemical Engineering Journal,2022.0,CCCCC/C=C\C/C=C\CCCCCCCCC(CCCCCCCC/C=C\C/C=C\CCCCC)OC(=O)CCCN(C)C,CCCCCCCCCCCCCC(=O)OCC(COP(=O)([O-])OCCOCCOCCOCCOCCOCCOCCOCCOCCOCCOCCOCCOCCOCCOCCOCCOCCOCCOCCOCCOCCOCCOCCOCCOCCOCCOCCOCCOCCOCCOCCOCCOCCOCCOCCOCCOCCOCCOCCOCCOCCOCCOCCOCCOCCOCCOCCOCCOCCOCCOCCOCCOCCOCCOCCOCCOCCOCCOCCOCCOCCOCCOCCOCCOCCOCCOCCOCCOCCOCCOCCOCCOCCOCCOCCOCCOCCOCCOCCOCCOCCOCCOCCOCCOCCOCCOCCOCCOCCOCCO)OC(=O)CCCCCCCCCCCCC,CC(C)CCC[C@@H](C)[C@H]1CC[C@H]2[C@@H]3CC=C4C[C@@H](O)CC[C@]4(C)[C@H]3CC[C@]12C,CCCCCCCC/C=C\CCCCCCCC(=O)OC[C@H](COP(=O)([O-])OCC[N+](C)(C)C)OC(=O)CCCCCCC/C=C\CCCCCCCC,94.37,50.0,10.0,38.0,2.0,0.5,0.1,0.38,0.02,95.8,0.27
503,DLin-MC3-DMA,DMG-PEG2000,cholesterol,DOPC,50:10:38:2,85.2 ¡¾ 1.61,0.25 ¡¾ 0.037,-1.34 ¡¾ 1.35,99.43 ¡¾ 0.099,NP:6(molar),siRNA,similip(5'-GGUAACAUAGAGACCCUAUTT-3'),DMG-PEG2000,DLin-MC3-DMA (MC3),DOPC,cholesterol,"synthesis_method: Microfluidic; device_used: NanoAssemblr Ignite; total_flow_rate_ml_min: 11; flow_rate_ratio: 1:3 (ethanol:aqueous); aqueous_phase_composition: 50 mM acetate buffer (pH 4); organic_phase_composition: ethanol phase with lipid mixture; mixing_time_sec: ; temperature_condition: ; post_processing: 1:4 dilution with PBS, washed 3 times with PBS using 100 kDa Amicon ultra-4 centrifugal filter units at 3,000 ¡¿ g for 10 min; sterilization: ; storage_buffer: PBS (pH 7.4)",cell_line: A549; dose: 50 nM; gene_expression_result: 77.42% knockdown efficiency,Development of in silico methodology for siRNA lipid nanoparticle formulations,"['Haoshi Gao', 'Stanislav Kan', 'Zhuyifan Ye', 'Yuchen Feng', 'Lei Jin', 'Xudong Zhang', 'Jiayin Deng', 'Ging Chan', 'Yuanjia Hu', 'Yongjun Wang', 'Dongsheng Cao', 'Yuanhui Ji', 'Mingtao Liang', 'Haifeng Li', 'Defang Ouyang']",https://doi.org/10.1016/j.cej.2022.136310,Chemical Engineering Journal,2022.0,CCCCC/C=C\C/C=C\CCCCCCCCC(CCCCCCCC/C=C\C/C=C\CCCCC)OC(=O)CCCN(C)C,CCCCCCCCCCCCCC(=O)OCC(COP(=O)([O-])OCCOCCOCCOCCOCCOCCOCCOCCOCCOCCOCCOCCOCCOCCOCCOCCOCCOCCOCCOCCOCCOCCOCCOCCOCCOCCOCCOCCOCCOCCOCCOCCOCCOCCOCCOCCOCCOCCOCCOCCOCCOCCOCCOCCOCCOCCOCCOCCOCCOCCOCCOCCOCCOCCOCCOCCOCCOCCOCCOCCOCCOCCOCCOCCOCCOCCOCCOCCOCCOCCOCCOCCOCCOCCOCCOCCOCCOCCOCCOCCOCCOCCOCCOCCOCCOCCOCCOCCOCCOCCO)OC(=O)CCCCCCCCCCCCC,CC(C)CCC[C@@H](C)[C@H]1CC[C@H]2[C@@H]3CC=C4C[C@@H](O)CC[C@]4(C)[C@H]3CC[C@]12C,CCCCCCCC/C=C\CCCCCCCC(=O)OC[C@H](COP(=O)([O-])OCC[N+](C)(C)C)OC(=O)CCCCCCC/C=C\CCCCCCCC,99.43,50.0,10.0,38.0,2.0,0.5,0.1,0.38,0.02,85.2,0.25
504,DLin-KC2-DMA,DMG-PEG2000,cholesterol,DOPC,50:10:38:2,175 ¡¾ 51.7,0.38 ¡¾ 0.11,-1.5 ¡¾ 1.5,65.75 ¡¾ 0.49,NP:1(molar),siRNA,similip(5'-GGUAACAUAGAGACCCUAUTT-3'),DMG-PEG2000,DLin-KC2-DMA (KC2),DOPC,cholesterol,"synthesis_method: Microfluidic; device_used: NanoAssemblr Ignite; total_flow_rate_ml_min: 11; flow_rate_ratio: 1:3 (ethanol:aqueous); aqueous_phase_composition: 50 mM acetate buffer (pH 4); organic_phase_composition: ethanol phase with lipid mixture; mixing_time_sec: ; temperature_condition: ; post_processing: 1:4 dilution with PBS, washed 3 times with PBS using 100 kDa Amicon ultra-4 centrifugal filter units at 3,000 ¡¿ g for 10 min; sterilization: ; storage_buffer: PBS (pH 7.4)",cell_line: A549; dose: 50 nM; gene_expression_result: 69.46% knockdown efficiency,Development of in silico methodology for siRNA lipid nanoparticle formulations,"['Haoshi Gao', 'Stanislav Kan', 'Zhuyifan Ye', 'Yuchen Feng', 'Lei Jin', 'Xudong Zhang', 'Jiayin Deng', 'Ging Chan', 'Yuanjia Hu', 'Yongjun Wang', 'Dongsheng Cao', 'Yuanhui Ji', 'Mingtao Liang', 'Haifeng Li', 'Defang Ouyang']",https://doi.org/10.1016/j.cej.2022.136310,Chemical Engineering Journal,2022.0,CCCCC/C=C\C/C=C\CCCCCCCCC1(CCCCCCCC/C=C\C/C=C\CCCCC)OCC(CCN(C)C)O1,CCCCCCCCCCCCCC(=O)OCC(COP(=O)([O-])OCCOCCOCCOCCOCCOCCOCCOCCOCCOCCOCCOCCOCCOCCOCCOCCOCCOCCOCCOCCOCCOCCOCCOCCOCCOCCOCCOCCOCCOCCOCCOCCOCCOCCOCCOCCOCCOCCOCCOCCOCCOCCOCCOCCOCCOCCOCCOCCOCCOCCOCCOCCOCCOCCOCCOCCOCCOCCOCCOCCOCCOCCOCCOCCOCCOCCOCCOCCOCCOCCOCCOCCOCCOCCOCCOCCOCCOCCOCCOCCOCCOCCOCCOCCOCCOCCOCCOCCOCCOCCO)OC(=O)CCCCCCCCCCCCC,CC(C)CCC[C@@H](C)[C@H]1CC[C@H]2[C@@H]3CC=C4C[C@@H](O)CC[C@]4(C)[C@H]3CC[C@]12C,CCCCCCCC/C=C\CCCCCCCC(=O)OC[C@H](COP(=O)([O-])OCC[N+](C)(C)C)OC(=O)CCCCCCC/C=C\CCCCCCCC,65.75,50.0,10.0,38.0,2.0,0.5,0.1,0.38,0.02,175.0,0.38
505,DLin-KC2-DMA,DMG-PEG2000,cholesterol,DOPC,50:10:38:2,90.6 ¡¾ 1.87,0.25 ¡¾ 0.024,-1.95 ¡¾ 0.92,91.95 ¡¾ 0.33,NP:3(molar),siRNA,similip(5'-GGUAACAUAGAGACCCUAUTT-3'),DMG-PEG2000,DLin-KC2-DMA (KC2),DOPC,cholesterol,"synthesis_method: Microfluidic; device_used: NanoAssemblr Ignite; total_flow_rate_ml_min: 11; flow_rate_ratio: 1:3 (ethanol:aqueous); aqueous_phase_composition: 50 mM acetate buffer (pH 4); organic_phase_composition: ethanol phase with lipid mixture; mixing_time_sec: ; temperature_condition: ; post_processing: 1:4 dilution with PBS, washed 3 times with PBS using 100 kDa Amicon ultra-4 centrifugal filter units at 3,000 ¡¿ g for 10 min; sterilization: ; storage_buffer: PBS (pH 7.4)",cell_line: A549; dose: 50 nM; gene_expression_result: 81.58% knockdown efficiency,Development of in silico methodology for siRNA lipid nanoparticle formulations,"['Haoshi Gao', 'Stanislav Kan', 'Zhuyifan Ye', 'Yuchen Feng', 'Lei Jin', 'Xudong Zhang', 'Jiayin Deng', 'Ging Chan', 'Yuanjia Hu', 'Yongjun Wang', 'Dongsheng Cao', 'Yuanhui Ji', 'Mingtao Liang', 'Haifeng Li', 'Defang Ouyang']",https://doi.org/10.1016/j.cej.2022.136310,Chemical Engineering Journal,2022.0,CCCCC/C=C\C/C=C\CCCCCCCCC1(CCCCCCCC/C=C\C/C=C\CCCCC)OCC(CCN(C)C)O1,CCCCCCCCCCCCCC(=O)OCC(COP(=O)([O-])OCCOCCOCCOCCOCCOCCOCCOCCOCCOCCOCCOCCOCCOCCOCCOCCOCCOCCOCCOCCOCCOCCOCCOCCOCCOCCOCCOCCOCCOCCOCCOCCOCCOCCOCCOCCOCCOCCOCCOCCOCCOCCOCCOCCOCCOCCOCCOCCOCCOCCOCCOCCOCCOCCOCCOCCOCCOCCOCCOCCOCCOCCOCCOCCOCCOCCOCCOCCOCCOCCOCCOCCOCCOCCOCCOCCOCCOCCOCCOCCOCCOCCOCCOCCOCCOCCOCCOCCOCCOCCO)OC(=O)CCCCCCCCCCCCC,CC(C)CCC[C@@H](C)[C@H]1CC[C@H]2[C@@H]3CC=C4C[C@@H](O)CC[C@]4(C)[C@H]3CC[C@]12C,CCCCCCCC/C=C\CCCCCCCC(=O)OC[C@H](COP(=O)([O-])OCC[N+](C)(C)C)OC(=O)CCCCCCC/C=C\CCCCCCCC,91.95,50.0,10.0,38.0,2.0,0.5,0.1,0.38,0.02,90.6,0.25
506,DLin-KC2-DMA,DMG-PEG2000,cholesterol,DOPC,50:10:38:2,90.1 ¡¾ 1.36,0.26 ¡¾ 0.011,-0.91 ¡¾ 0.72,98.94 ¡¾ 0.23,NP:6(molar),siRNA,similip(5'-GGUAACAUAGAGACCCUAUTT-3'),DMG-PEG2000,DLin-KC2-DMA (KC2),DOPC,cholesterol,"synthesis_method: Microfluidic; device_used: NanoAssemblr Ignite; total_flow_rate_ml_min: 11; flow_rate_ratio: 1:3 (ethanol:aqueous); aqueous_phase_composition: 50 mM acetate buffer (pH 4); organic_phase_composition: ethanol phase with lipid mixture; mixing_time_sec: ; temperature_condition: ; post_processing: 1:4 dilution with PBS, washed 3 times with PBS using 100 kDa Amicon ultra-4 centrifugal filter units at 3,000 ¡¿ g for 10 min; sterilization: ; storage_buffer: PBS (pH 7.4)",cell_line: A549; dose: 50 nM; gene_expression_result: 81.06% knockdown efficiency,Development of in silico methodology for siRNA lipid nanoparticle formulations,"['Haoshi Gao', 'Stanislav Kan', 'Zhuyifan Ye', 'Yuchen Feng', 'Lei Jin', 'Xudong Zhang', 'Jiayin Deng', 'Ging Chan', 'Yuanjia Hu', 'Yongjun Wang', 'Dongsheng Cao', 'Yuanhui Ji', 'Mingtao Liang', 'Haifeng Li', 'Defang Ouyang']",https://doi.org/10.1016/j.cej.2022.136310,Chemical Engineering Journal,2022.0,CCCCC/C=C\C/C=C\CCCCCCCCC1(CCCCCCCC/C=C\C/C=C\CCCCC)OCC(CCN(C)C)O1,CCCCCCCCCCCCCC(=O)OCC(COP(=O)([O-])OCCOCCOCCOCCOCCOCCOCCOCCOCCOCCOCCOCCOCCOCCOCCOCCOCCOCCOCCOCCOCCOCCOCCOCCOCCOCCOCCOCCOCCOCCOCCOCCOCCOCCOCCOCCOCCOCCOCCOCCOCCOCCOCCOCCOCCOCCOCCOCCOCCOCCOCCOCCOCCOCCOCCOCCOCCOCCOCCOCCOCCOCCOCCOCCOCCOCCOCCOCCOCCOCCOCCOCCOCCOCCOCCOCCOCCOCCOCCOCCOCCOCCOCCOCCOCCOCCOCCOCCOCCOCCO)OC(=O)CCCCCCCCCCCCC,CC(C)CCC[C@@H](C)[C@H]1CC[C@H]2[C@@H]3CC=C4C[C@@H](O)CC[C@]4(C)[C@H]3CC[C@]12C,CCCCCCCC/C=C\CCCCCCCC(=O)OC[C@H](COP(=O)([O-])OCC[N+](C)(C)C)OC(=O)CCCCCCC/C=C\CCCCCCCC,98.94,50.0,10.0,38.0,2.0,0.5,0.1,0.38,0.02,90.1,0.26
509,SM-102,DMG-PEG2000,cholesterol,DSPC,50:10:38.5:1.5,71.48 ¡¾ 4.33,0.106 ¡¾ 0.016,,92.3 ¡¾ 0.71,OTHER:10:1 (ionizable lipid:RNA weight ratio),mRNA,"firefly_luciferase, epo, cre_recombinase",DMG-PEG 2000,SM-102,DSPC,cholesterol,"synthesis_method: Microfluidic; device_used: Ignite, PNI, Canada; total_flow_rate_ml_min: 12; flow_rate_ratio: 1:3 (lipid phase:RNA phase); aqueous_phase_composition: PBS and 10.0 mM citrate buffer (volume ratio 2:1); organic_phase_composition: Ethanol; mixing_time_sec: ; temperature_condition: ; post_processing: 40-fold dilution in 1¡¿ PBS, ultrafiltration (Amicon Ultra-15 Centrifugal Filter Unit, UFC9010); sterilization: ; storage_buffer: 1¡¿ PBS","animal_model: BALB/c mice, C57BL/6 mice, LSL-tdTomato mice; administration_route: IV (intravenous); dose: 0.5 mg/kg, 0.1 mg/kg, 0.01 mg/kg; gene_expression_result: 84.5% protein expression maintained at second administration (hEPO); biodistribution_result: Primarily liver; cytokine_response: Anti-PEG IgM: 639.6 ¡¾ 131.2 U/ml, Complement C5a: 236.1 ¡¾ 52.4 pg/ml",Development of Lipid Nanoparticle Formulation for the Repeated Administration of mRNA Therapeutics,"['Yeji Lee', 'Michaela Jeong', 'Gyeongseok Lee', 'Jeongeun Park', 'Hyein Jung', 'Seongeun Im', 'Hyukjin Lee']",https://doi.org/10.34133/bmr.0017,Biomaterials Research,2024.0,CCCCCCCCCCCOC(=O)CCCCCN(CCO)CCCCCCCC(=O)OC(CCCCCCCC)CCCCCCCC,CCCCCCCCCCCCCC(=O)OCC(COP(=O)([O-])OCCOCCOCCOCCOCCOCCOCCOCCOCCOCCOCCOCCOCCOCCOCCOCCOCCOCCOCCOCCOCCOCCOCCOCCOCCOCCOCCOCCOCCOCCOCCOCCOCCOCCOCCOCCOCCOCCOCCOCCOCCOCCOCCOCCOCCOCCOCCOCCOCCOCCOCCOCCOCCOCCOCCOCCOCCOCCOCCOCCOCCOCCOCCOCCOCCOCCOCCOCCOCCOCCOCCOCCOCCOCCOCCOCCOCCOCCOCCOCCOCCOCCOCCOCCOCCOCCOCCOCCOCCOCCO)OC(=O)CCCCCCCCCCCCC,CC(C)CCC[C@@H](C)[C@H]1CC[C@H]2[C@@H]3CC=C4C[C@@H](O)CC[C@]4(C)[C@H]3CC[C@]12C,CCCCCCCCCCCCCCCCCC(=O)OC[C@H](COP(=O)([O-])OCC[N+](C)(C)C)OC(=O)CCCCCCCCCCCCCCCCC,92.3,50.0,10.0,38.5,1.5,0.5,0.1,0.385,0.015,71.48,0.106
510,SM-102,C16-Ceramide-PEG2000,cholesterol,DSPC,50:10:38.5:1.5,82.84 ¡¾ 4.86,0.079 ¡¾ 0.052,,92.9 ¡¾ 0.42,OTHER:10:1 (ionizable lipid:RNA weight ratio),mRNA,"firefly_luciferase, epo, cre_recombinase",C16-PEG 2000 ceramide,SM-102,DSPC,cholesterol,"synthesis_method: Microfluidic; device_used: Ignite, PNI, Canada; total_flow_rate_ml_min: 12; flow_rate_ratio: 1:3 (lipid phase:RNA phase); aqueous_phase_composition: PBS and 10.0 mM citrate buffer (volume ratio 2:1); organic_phase_composition: Ethanol; mixing_time_sec: ; temperature_condition: ; post_processing: 40-fold dilution in 1¡¿ PBS, ultrafiltration (Amicon Ultra-15 Centrifugal Filter Unit, UFC9010); sterilization: ; storage_buffer: 1¡¿ PBS","animal_model: BALB/c mice, C57BL/6 mice, LSL-tdTomato mice; administration_route: IV (intravenous); dose: 0.5 mg/kg, 0.1 mg/kg, 0.01 mg/kg; gene_expression_result: 43.4% protein expression maintained at second administration (hEPO); biodistribution_result: Primarily liver; cytokine_response: Anti-PEG IgM: 1817.7 ¡¾ 398.7 U/ml, Complement C5a: 348.7 ¡¾ 89.2 pg/ml, MCP-1: 340.8 ¡¾ 15.6 pg/ml",Development of Lipid Nanoparticle Formulation for the Repeated Administration of mRNA Therapeutics,"['Yeji Lee', 'Michaela Jeong', 'Gyeongseok Lee', 'Jeongeun Park', 'Hyein Jung', 'Seongeun Im', 'Hyukjin Lee']",https://doi.org/10.34133/bmr.0017,Biomaterials Research,2024.0,CCCCCCCCCCCOC(=O)CCCCCN(CCO)CCCCCCCC(=O)OC(CCCCCCCC)CCCCCCCC,CCCCCCCCCCCCC=CC(O)C(COP(=O)([O-])OCCOCCOCCOCCOCCOCCOCCOCCOCCOCCOCCOCCOCCOCCOCCOCCOCCOCCOCCOCCOCCOCCOCCOCCOCCOCCOCCOCCOCCOCCOCCOCCOCCOCCOCCOCCOCCOCCOCCOCCOCCOCCOCCOCCOCCOCCOCCOCCOCCOCCOCCOCCOCCOCCOCCOCCOCCOCCOCCOCCOCCOCCOCCOCCOCCOCCOCCOCCOCCOCCOCCOCCOCCOCCOCCOCCOCCOCCOCCOCCOCCOCCOCCOCCOCCOCCOCCOCCOCCOCCO)NC(=O)CCCCCCCCCCCCCCC,CC(C)CCC[C@@H](C)[C@H]1CC[C@H]2[C@@H]3CC=C4C[C@@H](O)CC[C@]4(C)[C@H]3CC[C@]12C,CCCCCCCCCCCCCCCCCC(=O)OC[C@H](COP(=O)([O-])OCC[N+](C)(C)C)OC(=O)CCCCCCCCCCCCCCCCC,92.9,50.0,10.0,38.5,1.5,0.5,0.1,0.385,0.015,82.84,0.079
511,244-cis,C16-Ceramide-PEG2000,cholesterol,DOPE,26.5:20:52:1.5,69.41 ¡¾ 2.71,0.077 ¡¾ 0.008,,91.7 ¡¾ 2.12,OTHER:10:1 (ionizable lipid:RNA weight ratio),mRNA,"firefly_luciferase, epo, cre_recombinase",C16-PEG 2000 ceramide,244-cis,DOPE,cholesterol,"synthesis_method: Microfluidic; device_used: Ignite, PNI, Canada; total_flow_rate_ml_min: 12; flow_rate_ratio: 1:3 (lipid phase:RNA phase); aqueous_phase_composition: PBS and 10.0 mM citrate buffer (volume ratio 2:1); organic_phase_composition: Ethanol; mixing_time_sec: ; temperature_condition: ; post_processing: 40-fold dilution in 1¡¿ PBS, ultrafiltration (Amicon Ultra-15 Centrifugal Filter Unit, UFC9010); sterilization: ; storage_buffer: 1¡¿ PBS","animal_model: BALB/c mice, C57BL/6 mice, LSL-tdTomato mice; administration_route: IV (intravenous); dose: 0.5 mg/kg, 0.1 mg/kg, 0.01 mg/kg; gene_expression_result: 22.2% protein expression maintained at second administration (hEPO), 41.2% (fLuc); biodistribution_result: Primarily liver; cytokine_response: Anti-PEG IgM: 1817.7 ¡¾ 398.7 U/ml, Complement C5a: 348.7 ¡¾ 89.2 pg/ml, MCP-1: 187.0 ¡¾ 45.4 pg/ml",Development of Lipid Nanoparticle Formulation for the Repeated Administration of mRNA Therapeutics,"['Yeji Lee', 'Michaela Jeong', 'Gyeongseok Lee', 'Jeongeun Park', 'Hyein Jung', 'Seongeun Im', 'Hyukjin Lee']",https://doi.org/10.34133/bmr.0017,Biomaterials Research,2024.0,CCCCCC/C=C\COC(=O)CCCCCCCCN(CCCCCCCCC(=O)OC/C=C\CCCCCC)CCN1CCN(CCCCCCCCC(=O)OC/C=C\CCCCCC)CC1,CCCCCCCCCCCCC=CC(O)C(COP(=O)([O-])OCCOCCOCCOCCOCCOCCOCCOCCOCCOCCOCCOCCOCCOCCOCCOCCOCCOCCOCCOCCOCCOCCOCCOCCOCCOCCOCCOCCOCCOCCOCCOCCOCCOCCOCCOCCOCCOCCOCCOCCOCCOCCOCCOCCOCCOCCOCCOCCOCCOCCOCCOCCOCCOCCOCCOCCOCCOCCOCCOCCOCCOCCOCCOCCOCCOCCOCCOCCOCCOCCOCCOCCOCCOCCOCCOCCOCCOCCOCCOCCOCCOCCOCCOCCOCCOCCOCCOCCOCCOCCO)NC(=O)CCCCCCCCCCCCCCC,CC(C)CCC[C@@H](C)[C@H]1CC[C@H]2[C@@H]3CC=C4C[C@@H](O)CC[C@]4(C)[C@H]3CC[C@]12C,CCCCCCCC/C=C\CCCCCCCC(=O)OC[C@H](COP(=O)(O)OCCN)OC(=O)CCCCCCC/C=C\CCCCCCCC,91.7,26.5,20.0,52.0,1.5,0.265,0.2,0.52,0.015,69.41,0.077
512,244-cis,DMG-PEG2000,cholesterol,DOPE,26.5:20:52:1.5,68.29 ¡¾ 7.33,0.110 ¡¾ 0.018,,91.1 ¡¾ 1.70,OTHER:10:1 (ionizable lipid:RNA weight ratio),mRNA,"firefly_luciferase, epo, cre_recombinase",DMG-PEG 2000,244-cis,DOPE,cholesterol,"synthesis_method: Microfluidic; device_used: Ignite, PNI, Canada; total_flow_rate_ml_min: 12; flow_rate_ratio: 1:3 (lipid phase:RNA phase); aqueous_phase_composition: PBS and 10.0 mM citrate buffer (volume ratio 2:1); organic_phase_composition: Ethanol; mixing_time_sec: ; temperature_condition: ; post_processing: 40-fold dilution in 1¡¿ PBS, ultrafiltration (Amicon Ultra-15 Centrifugal Filter Unit, UFC9010); sterilization: ; storage_buffer: 1¡¿ PBS","animal_model: BALB/c mice, C57BL/6 mice, LSL-tdTomato mice; administration_route: IV (intravenous); dose: 0.5 mg/kg, 0.1 mg/kg, 0.01 mg/kg; gene_expression_result: 70.2% protein expression maintained at second administration (hEPO), 88.0% (fLuc); biodistribution_result: Primarily liver; cytokine_response: Anti-PEG IgM: 639.6 ¡¾ 131.2 U/ml, Complement C5a: 236.1 ¡¾ 52.4 pg/ml",Development of Lipid Nanoparticle Formulation for the Repeated Administration of mRNA Therapeutics,"['Yeji Lee', 'Michaela Jeong', 'Gyeongseok Lee', 'Jeongeun Park', 'Hyein Jung', 'Seongeun Im', 'Hyukjin Lee']",https://doi.org/10.34133/bmr.0017,Biomaterials Research,2024.0,CCCCCC/C=C\COC(=O)CCCCCCCCN(CCCCCCCCC(=O)OC/C=C\CCCCCC)CCN1CCN(CCCCCCCCC(=O)OC/C=C\CCCCCC)CC1,CCCCCCCCCCCCCC(=O)OCC(COP(=O)([O-])OCCOCCOCCOCCOCCOCCOCCOCCOCCOCCOCCOCCOCCOCCOCCOCCOCCOCCOCCOCCOCCOCCOCCOCCOCCOCCOCCOCCOCCOCCOCCOCCOCCOCCOCCOCCOCCOCCOCCOCCOCCOCCOCCOCCOCCOCCOCCOCCOCCOCCOCCOCCOCCOCCOCCOCCOCCOCCOCCOCCOCCOCCOCCOCCOCCOCCOCCOCCOCCOCCOCCOCCOCCOCCOCCOCCOCCOCCOCCOCCOCCOCCOCCOCCOCCOCCOCCOCCOCCOCCO)OC(=O)CCCCCCCCCCCCC,CC(C)CCC[C@@H](C)[C@H]1CC[C@H]2[C@@H]3CC=C4C[C@@H](O)CC[C@]4(C)[C@H]3CC[C@]12C,CCCCCCCC/C=C\CCCCCCCC(=O)OC[C@H](COP(=O)(O)OCCN)OC(=O)CCCCCCC/C=C\CCCCCCCC,91.1,26.5,20.0,52.0,1.5,0.265,0.2,0.52,0.015,68.29,0.11
513,244-cis,DMG-PEG2000,cholesterol,DOPE,26.5:20:52.4:1.1,78.37 ¡¾ 6.19,0.074 ¡¾ 0.006,,89.5 ¡¾ 1.70,OTHER:10:1 (ionizable lipid:RNA weight ratio),mRNA,"firefly_luciferase, epo, cre_recombinase",DMG-PEG 2000,244-cis,DOPE,cholesterol,"synthesis_method: Microfluidic; device_used: Ignite, PNI, Canada; total_flow_rate_ml_min: 12; flow_rate_ratio: 1:3 (lipid phase:RNA phase); aqueous_phase_composition: PBS and 10.0 mM citrate buffer (volume ratio 2:1); organic_phase_composition: Ethanol; mixing_time_sec: ; temperature_condition: ; post_processing: 40-fold dilution in 1¡¿ PBS, ultrafiltration (Amicon Ultra-15 Centrifugal Filter Unit, UFC9010); sterilization: ; storage_buffer: 1¡¿ PBS","animal_model: BALB/c mice, C57BL/6 mice, LSL-tdTomato mice; administration_route: IV (intravenous); dose: 0.5 mg/kg, 0.1 mg/kg, 0.01 mg/kg; gene_expression_result: 99.0% protein expression maintained at second administration (hEPO), 101.2% (fLuc); biodistribution_result: Primarily liver; cytokine_response: Anti-PEG IgM: 734.5 ¡¾ 165.3 U/ml, Complement C5a: 91.2 ¡¾ 23.4 pg/ml",Development of Lipid Nanoparticle Formulation for the Repeated Administration of mRNA Therapeutics,"['Yeji Lee', 'Michaela Jeong', 'Gyeongseok Lee', 'Jeongeun Park', 'Hyein Jung', 'Seongeun Im', 'Hyukjin Lee']",https://doi.org/10.34133/bmr.0017,Biomaterials Research,2024.0,CCCCCC/C=C\COC(=O)CCCCCCCCN(CCCCCCCCC(=O)OC/C=C\CCCCCC)CCN1CCN(CCCCCCCCC(=O)OC/C=C\CCCCCC)CC1,CCCCCCCCCCCCCC(=O)OCC(COP(=O)([O-])OCCOCCOCCOCCOCCOCCOCCOCCOCCOCCOCCOCCOCCOCCOCCOCCOCCOCCOCCOCCOCCOCCOCCOCCOCCOCCOCCOCCOCCOCCOCCOCCOCCOCCOCCOCCOCCOCCOCCOCCOCCOCCOCCOCCOCCOCCOCCOCCOCCOCCOCCOCCOCCOCCOCCOCCOCCOCCOCCOCCOCCOCCOCCOCCOCCOCCOCCOCCOCCOCCOCCOCCOCCOCCOCCOCCOCCOCCOCCOCCOCCOCCOCCOCCOCCOCCOCCOCCOCCOCCO)OC(=O)CCCCCCCCCCCCC,CC(C)CCC[C@@H](C)[C@H]1CC[C@H]2[C@@H]3CC=C4C[C@@H](O)CC[C@]4(C)[C@H]3CC[C@]12C,CCCCCCCC/C=C\CCCCCCCC(=O)OC[C@H](COP(=O)(O)OCCN)OC(=O)CCCCCCC/C=C\CCCCCCCC,89.5,26.5,20.0,52.4,1.1,0.265,0.2,0.524,0.011000000000000001,78.37,0.074
514,244-cis,DMG-PEG2000,cholesterol,DOPE,26.5:20:52.4:1.0,,,,72.5 ¡¾ 3.54,OTHER:10:1 (ionizable lipid:RNA weight ratio),mRNA,epo,DMG-PEG 2000,244-cis,DOPE,cholesterol,"synthesis_method: Microfluidic; device_used: Ignite, PNI, Canada; total_flow_rate_ml_min: 12; flow_rate_ratio: 1:3 (lipid phase:RNA phase); aqueous_phase_composition: PBS and 10.0 mM citrate buffer (volume ratio 2:1); organic_phase_composition: Ethanol; mixing_time_sec: ; temperature_condition: ; post_processing: 40-fold dilution in 1¡¿ PBS, ultrafiltration (Amicon Ultra-15 Centrifugal Filter Unit, UFC9010); sterilization: ; storage_buffer: 1¡¿ PBS","animal_model: BALB/c mice; administration_route: IV (intravenous); dose: 0.5 mg/kg, 0.1 mg/kg; gene_expression_result: Low encapsulation efficiency, not suitable for repeated administration",Development of Lipid Nanoparticle Formulation for the Repeated Administration of mRNA Therapeutics,"['Yeji Lee', 'Michaela Jeong', 'Gyeongseok Lee', 'Jeongeun Park', 'Hyein Jung', 'Seongeun Im', 'Hyukjin Lee']",https://doi.org/10.34133/bmr.0017,Biomaterials Research,2024.0,CCCCCC/C=C\COC(=O)CCCCCCCCN(CCCCCCCCC(=O)OC/C=C\CCCCCC)CCN1CCN(CCCCCCCCC(=O)OC/C=C\CCCCCC)CC1,CCCCCCCCCCCCCC(=O)OCC(COP(=O)([O-])OCCOCCOCCOCCOCCOCCOCCOCCOCCOCCOCCOCCOCCOCCOCCOCCOCCOCCOCCOCCOCCOCCOCCOCCOCCOCCOCCOCCOCCOCCOCCOCCOCCOCCOCCOCCOCCOCCOCCOCCOCCOCCOCCOCCOCCOCCOCCOCCOCCOCCOCCOCCOCCOCCOCCOCCOCCOCCOCCOCCOCCOCCOCCOCCOCCOCCOCCOCCOCCOCCOCCOCCOCCOCCOCCOCCOCCOCCOCCOCCOCCOCCOCCOCCOCCOCCOCCOCCOCCOCCO)OC(=O)CCCCCCCCCCCCC,CC(C)CCC[C@@H](C)[C@H]1CC[C@H]2[C@@H]3CC=C4C[C@@H](O)CC[C@]4(C)[C@H]3CC[C@]12C,CCCCCCCC/C=C\CCCCCCCC(=O)OC[C@H](COP(=O)(O)OCCN)OC(=O)CCCCCCC/C=C\CCCCCCCC,72.5,26.5,20.0,52.4,1.0,0.2652652652652652,0.20020020020020018,0.5245245245245245,0.01001001001001001,,
515,Heptadecan-9-yl 8-((2-hydroxyethyl)(8-(nonyloxy)-8-oxooctyl)amino)octanoate,PEG-lipid,cholesterol,DSPC,50:38.5:10:1.5,89.3,0.17,,94,NP:3.4(molar),mRNA,epo,PEG-lipid,Heptadecan-9-yl 8-((2-hydroxyethyl)(8-(nonyloxy)-8-oxooctyl)amino)octanoate,DSPC,cholesterol,"synthesis_method: Ethanol-drop nanoprecipitation; device_used: high-efficiency mixer; total_flow_rate_ml_min: ; flow_rate_ratio: ; aqueous_phase_composition: acetate buffer, pH 5.0; organic_phase_composition: ethanol; mixing_time_sec: ; temperature_condition: ; post_processing: buffer exchange into PBS, pH 7.2; sterilization: ; storage_buffer: PBS, pH 7.2, stored at 5¡ÆC",animal_model: CD-1 mice; administration_route: IV; dose: 0.5 mg/kg; gene_expression_result: Baseline control,Discovery of a Novel Amino Lipid That Improves Lipid Nanoparticle Performance through Specific Interactions with mRNA,"['Mark Cornebise', 'Elisabeth Narayanan', 'Yan Xia', 'Edward Acosta', 'Lei Ci', 'Hillary Koch', 'Jaclyn Milton', 'Staci Sabnis', 'Timothy Salerno', 'Kerry E. Benenato']",10.1002/adfm.202106727,Advanced Functional Materials,2022.0,CCCCCCCCCOC(=O)CCCCCCCN(CCO)CCCCCCCC(=O)OC(CCCCCCCC)CCCCCCCC,CCCCCCCCCCCCCCCCOC(=O)CCOCCOCCOCCOCCOCCOCCOCCOCCOCCOCCOCCOCCOCCOCCOCCOCCOCCOCCOCCOCCOCCOCCOCCOCCOCCOCCOCCOCCOCCOCCOCCOCCOCCOCCOCCOCCOCCOCCOCCOCCOCCOCCOCCOCCOCCOCCOCCOCCOCCOCCOCCOCCOCCOCCOCCOCCOCCOCCOCCOCCOCCOCCOCCOCCOCCOCCOCCOCCOCCOCCOCCOCCOCCOCCOCCOCCOCCOCCOCCOCCOCCOCCOCCOCCOCCOCCOCCOCCOCCO,CC(C)CCC[C@@H](C)[C@H]1CC[C@H]2[C@@H]3CC=C4C[C@@H](O)CC[C@]4(C)[C@H]3CC[C@]12C,CCCCCCCCCCCCCCCCCC(=O)OC[C@H](COP(=O)([O-])OCC[N+](C)(C)C)OC(=O)CCCCCCCCCCCCCCCCC,94.0,50.0,38.5,10.0,1.5,0.5,0.385,0.1,0.015,89.3,0.17
516,BP-Lipid-135,PEG-lipid,cholesterol,DSPC,50:38.5:10:1.5,89.1,0.16,,75.2,NP:3.4(molar),mRNA,epo,PEG-lipid,Heptadecan-9-yl 8-((3-hydroxypropyl)(8-(nonyloxy)-8-oxooctyl)amino)octanoate,DSPC,cholesterol,"synthesis_method: Ethanol-drop nanoprecipitation; device_used: high-efficiency mixer; total_flow_rate_ml_min: ; flow_rate_ratio: ; aqueous_phase_composition: acetate buffer, pH 5.0; organic_phase_composition: ethanol; mixing_time_sec: ; temperature_condition: ; post_processing: buffer exchange into PBS, pH 7.2; sterilization: ; storage_buffer: PBS, pH 7.2, stored at 5¡ÆC",animal_model: CD-1 mice; administration_route: IV; dose: 0.5 mg/kg; gene_expression_result: 2.1x fold change vs Lipid 1,Discovery of a Novel Amino Lipid That Improves Lipid Nanoparticle Performance through Specific Interactions with mRNA,"['Mark Cornebise', 'Elisabeth Narayanan', 'Yan Xia', 'Edward Acosta', 'Lei Ci', 'Hillary Koch', 'Jaclyn Milton', 'Staci Sabnis', 'Timothy Salerno', 'Kerry E. Benenato']",10.1002/adfm.202106727,Advanced Functional Materials,2022.0,CCCCCCCCCOC(=O)CCCCCCCN(CCCO)CCCCCCCC(=O)OC(CCCCCCCC)CCCCCCCC,CCCCCCCCCCCCCCCCOC(=O)CCOCCOCCOCCOCCOCCOCCOCCOCCOCCOCCOCCOCCOCCOCCOCCOCCOCCOCCOCCOCCOCCOCCOCCOCCOCCOCCOCCOCCOCCOCCOCCOCCOCCOCCOCCOCCOCCOCCOCCOCCOCCOCCOCCOCCOCCOCCOCCOCCOCCOCCOCCOCCOCCOCCOCCOCCOCCOCCOCCOCCOCCOCCOCCOCCOCCOCCOCCOCCOCCOCCOCCOCCOCCOCCOCCOCCOCCOCCOCCOCCOCCOCCOCCOCCOCCOCCOCCOCCOCCO,CC(C)CCC[C@@H](C)[C@H]1CC[C@H]2[C@@H]3CC=C4C[C@@H](O)CC[C@]4(C)[C@H]3CC[C@]12C,CCCCCCCCCCCCCCCCCC(=O)OC[C@H](COP(=O)([O-])OCC[N+](C)(C)C)OC(=O)CCCCCCCCCCCCCCCCC,75.2,50.0,38.5,10.0,1.5,0.5,0.385,0.1,0.015,89.1,0.16
517,Custom lipid,PEG-lipid,cholesterol,DSPC,50:38.5:10:1.5,93.2,0.18,,63.1,NP:3.4(molar),mRNA,epo,PEG-lipid,Heptadecan-9-yl 8-((4-hydroxybutyl)(8-(nonyloxy)-8-oxooctyl)amino)octanoate,DSPC,cholesterol,"synthesis_method: Ethanol-drop nanoprecipitation; device_used: high-efficiency mixer; total_flow_rate_ml_min: ; flow_rate_ratio: ; aqueous_phase_composition: acetate buffer, pH 5.0; organic_phase_composition: ethanol; mixing_time_sec: ; temperature_condition: ; post_processing: buffer exchange into PBS, pH 7.2; sterilization: ; storage_buffer: PBS, pH 7.2, stored at 5¡ÆC",animal_model: CD-1 mice; administration_route: IV; dose: 0.5 mg/kg; gene_expression_result: 1.9x fold change vs Lipid 1,Discovery of a Novel Amino Lipid That Improves Lipid Nanoparticle Performance through Specific Interactions with mRNA,"['Mark Cornebise', 'Elisabeth Narayanan', 'Yan Xia', 'Edward Acosta', 'Lei Ci', 'Hillary Koch', 'Jaclyn Milton', 'Staci Sabnis', 'Timothy Salerno', 'Kerry E. Benenato']",10.1002/adfm.202106727,Advanced Functional Materials,2022.0,CCCCCCCCCOC(=O)CCCCCCCN(CCCCO)CCCCCCCC(=O)OC(CCCCCCCC)CCCCCCCC,CCCCCCCCCCCCCCCCOC(=O)CCOCCOCCOCCOCCOCCOCCOCCOCCOCCOCCOCCOCCOCCOCCOCCOCCOCCOCCOCCOCCOCCOCCOCCOCCOCCOCCOCCOCCOCCOCCOCCOCCOCCOCCOCCOCCOCCOCCOCCOCCOCCOCCOCCOCCOCCOCCOCCOCCOCCOCCOCCOCCOCCOCCOCCOCCOCCOCCOCCOCCOCCOCCOCCOCCOCCOCCOCCOCCOCCOCCOCCOCCOCCOCCOCCOCCOCCOCCOCCOCCOCCOCCOCCOCCOCCOCCOCCOCCOCCO,CC(C)CCC[C@@H](C)[C@H]1CC[C@H]2[C@@H]3CC=C4C[C@@H](O)CC[C@]4(C)[C@H]3CC[C@]12C,CCCCCCCCCCCCCCCCCC(=O)OC[C@H](COP(=O)([O-])OCC[N+](C)(C)C)OC(=O)CCCCCCCCCCCCCCCCC,63.1,50.0,38.5,10.0,1.5,0.5,0.385,0.1,0.015,93.2,0.18
518,Custom lipid,PEG-lipid,cholesterol,DSPC,50:38.5:10:1.5,102.4,0.12,,81.9,NP:3.4(molar),mRNA,epo,PEG-lipid,Heptadecan-9-yl 8-((3-acetamidopropyl)(8-(nonyloxy)-8-oxooctyl)amino)octanoate,DSPC,cholesterol,"synthesis_method: Ethanol-drop nanoprecipitation; device_used: high-efficiency mixer; total_flow_rate_ml_min: ; flow_rate_ratio: ; aqueous_phase_composition: acetate buffer, pH 5.0; organic_phase_composition: ethanol; mixing_time_sec: ; temperature_condition: ; post_processing: buffer exchange into PBS, pH 7.2; sterilization: ; storage_buffer: PBS, pH 7.2, stored at 5¡ÆC",animal_model: CD-1 mice; administration_route: IV; dose: 0.5 mg/kg; gene_expression_result: 2.0x fold change vs Lipid 1,Discovery of a Novel Amino Lipid That Improves Lipid Nanoparticle Performance through Specific Interactions with mRNA,"['Mark Cornebise', 'Elisabeth Narayanan', 'Yan Xia', 'Edward Acosta', 'Lei Ci', 'Hillary Koch', 'Jaclyn Milton', 'Staci Sabnis', 'Timothy Salerno', 'Kerry E. Benenato']",10.1002/adfm.202106727,Advanced Functional Materials,2022.0,CCCCCCCCCOC(=O)CCCCCCCN(CCCCCCCC(=O)OC(CCCCCCCC)CCCCCCCC)CCCNC(C)=O,CCCCCCCCCCCCCCCCOC(=O)CCOCCOCCOCCOCCOCCOCCOCCOCCOCCOCCOCCOCCOCCOCCOCCOCCOCCOCCOCCOCCOCCOCCOCCOCCOCCOCCOCCOCCOCCOCCOCCOCCOCCOCCOCCOCCOCCOCCOCCOCCOCCOCCOCCOCCOCCOCCOCCOCCOCCOCCOCCOCCOCCOCCOCCOCCOCCOCCOCCOCCOCCOCCOCCOCCOCCOCCOCCOCCOCCOCCOCCOCCOCCOCCOCCOCCOCCOCCOCCOCCOCCOCCOCCOCCOCCOCCOCCOCCOCCO,CC(C)CCC[C@@H](C)[C@H]1CC[C@H]2[C@@H]3CC=C4C[C@@H](O)CC[C@]4(C)[C@H]3CC[C@]12C,CCCCCCCCCCCCCCCCCC(=O)OC[C@H](COP(=O)([O-])OCC[N+](C)(C)C)OC(=O)CCCCCCCCCCCCCCCCC,81.9,50.0,38.5,10.0,1.5,0.5,0.385,0.1,0.015,102.4,0.12
519,Custom lipid,PEG-lipid,cholesterol,DSPC,50:38.5:10:1.5,84.5,0.12,,94.6,NP:3.4(molar),mRNA,epo,PEG-lipid,Heptadecan-9-yl 8-((3-(methylsulfonamido)propyl)(8-(nonyloxy)-8-oxooctyl)amino)octanoate,DSPC,cholesterol,"synthesis_method: Ethanol-drop nanoprecipitation; device_used: high-efficiency mixer; total_flow_rate_ml_min: ; flow_rate_ratio: ; aqueous_phase_composition: acetate buffer, pH 5.0; organic_phase_composition: ethanol; mixing_time_sec: ; temperature_condition: ; post_processing: buffer exchange into PBS, pH 7.2; sterilization: ; storage_buffer: PBS, pH 7.2, stored at 5¡ÆC",animal_model: CD-1 mice; administration_route: IV; dose: 0.5 mg/kg; gene_expression_result: 2.0x fold change vs Lipid 1,Discovery of a Novel Amino Lipid That Improves Lipid Nanoparticle Performance through Specific Interactions with mRNA,"['Mark Cornebise', 'Elisabeth Narayanan', 'Yan Xia', 'Edward Acosta', 'Lei Ci', 'Hillary Koch', 'Jaclyn Milton', 'Staci Sabnis', 'Timothy Salerno', 'Kerry E. Benenato']",10.1002/adfm.202106727,Advanced Functional Materials,2022.0,CCCCCCCCCOC(=O)CCCCCCCN(CCCCCCCC(=O)OC(CCCCCCCC)CCCCCCCC)CCCNS(C)(=O)=O,CCCCCCCCCCCCCCCCOC(=O)CCOCCOCCOCCOCCOCCOCCOCCOCCOCCOCCOCCOCCOCCOCCOCCOCCOCCOCCOCCOCCOCCOCCOCCOCCOCCOCCOCCOCCOCCOCCOCCOCCOCCOCCOCCOCCOCCOCCOCCOCCOCCOCCOCCOCCOCCOCCOCCOCCOCCOCCOCCOCCOCCOCCOCCOCCOCCOCCOCCOCCOCCOCCOCCOCCOCCOCCOCCOCCOCCOCCOCCOCCOCCOCCOCCOCCOCCOCCOCCOCCOCCOCCOCCOCCOCCOCCOCCOCCOCCO,CC(C)CCC[C@@H](C)[C@H]1CC[C@H]2[C@@H]3CC=C4C[C@@H](O)CC[C@]4(C)[C@H]3CC[C@]12C,CCCCCCCCCCCCCCCCCC(=O)OC[C@H](COP(=O)([O-])OCC[N+](C)(C)C)OC(=O)CCCCCCCCCCCCCCCCC,94.6,50.0,38.5,10.0,1.5,0.5,0.385,0.1,0.015,84.5,0.12
520,Custom lipid,PEG-lipid,cholesterol,DSPC,50:38.5:10:1.5,93.4,0.07,,63.4,NP:3.4(molar),mRNA,epo,PEG-lipid,"Heptadecan-9-yl 8-((3-(3,3-dimethylureido)propyl)(8-(nonyloxy)-8-oxooctyl)amino)octanoate",DSPC,cholesterol,"synthesis_method: Ethanol-drop nanoprecipitation; device_used: high-efficiency mixer; total_flow_rate_ml_min: ; flow_rate_ratio: ; aqueous_phase_composition: acetate buffer, pH 5.0; organic_phase_composition: ethanol; mixing_time_sec: ; temperature_condition: ; post_processing: buffer exchange into PBS, pH 7.2; sterilization: ; storage_buffer: PBS, pH 7.2, stored at 5¡ÆC",animal_model: CD-1 mice; administration_route: IV; dose: 0.5 mg/kg; gene_expression_result: 2.1x fold change vs Lipid 1,Discovery of a Novel Amino Lipid That Improves Lipid Nanoparticle Performance through Specific Interactions with mRNA,"['Mark Cornebise', 'Elisabeth Narayanan', 'Yan Xia', 'Edward Acosta', 'Lei Ci', 'Hillary Koch', 'Jaclyn Milton', 'Staci Sabnis', 'Timothy Salerno', 'Kerry E. Benenato']",10.1002/adfm.202106727,Advanced Functional Materials,2022.0,CCCCCCCCCOC(=O)CCCCCCCN(CCCCCCCC(=O)OC(CCCCCCCC)CCCCCCCC)CCCNC(=O)N(C)C,CCCCCCCCCCCCCCCCOC(=O)CCOCCOCCOCCOCCOCCOCCOCCOCCOCCOCCOCCOCCOCCOCCOCCOCCOCCOCCOCCOCCOCCOCCOCCOCCOCCOCCOCCOCCOCCOCCOCCOCCOCCOCCOCCOCCOCCOCCOCCOCCOCCOCCOCCOCCOCCOCCOCCOCCOCCOCCOCCOCCOCCOCCOCCOCCOCCOCCOCCOCCOCCOCCOCCOCCOCCOCCOCCOCCOCCOCCOCCOCCOCCOCCOCCOCCOCCOCCOCCOCCOCCOCCOCCOCCOCCOCCOCCOCCOCCO,CC(C)CCC[C@@H](C)[C@H]1CC[C@H]2[C@@H]3CC=C4C[C@@H](O)CC[C@]4(C)[C@H]3CC[C@]12C,CCCCCCCCCCCCCCCCCC(=O)OC[C@H](COP(=O)([O-])OCC[N+](C)(C)C)OC(=O)CCCCCCCCCCCCCCCCC,63.4,50.0,38.5,10.0,1.5,0.5,0.385,0.1,0.015,93.4,0.07
521,Custom lipid,PEG-lipid,cholesterol,DSPC,50:38.5:10:1.5,91.3,0.08,,78.6,NP:3.4(molar),mRNA,epo,PEG-lipid,"Heptadecan-9-yl 8-((3-(3,3-dimethylthioureido)propyl)(8-(nonyloxy)-8-oxooctyl)amino)octanoate",DSPC,cholesterol,"synthesis_method: Ethanol-drop nanoprecipitation; device_used: high-efficiency mixer; total_flow_rate_ml_min: ; flow_rate_ratio: ; aqueous_phase_composition: acetate buffer, pH 5.0; organic_phase_composition: ethanol; mixing_time_sec: ; temperature_condition: ; post_processing: buffer exchange into PBS, pH 7.2; sterilization: ; storage_buffer: PBS, pH 7.2, stored at 5¡ÆC",animal_model: CD-1 mice; administration_route: IV; dose: 0.5 mg/kg; gene_expression_result: 2.8x fold change vs Lipid 1,Discovery of a Novel Amino Lipid That Improves Lipid Nanoparticle Performance through Specific Interactions with mRNA,"['Mark Cornebise', 'Elisabeth Narayanan', 'Yan Xia', 'Edward Acosta', 'Lei Ci', 'Hillary Koch', 'Jaclyn Milton', 'Staci Sabnis', 'Timothy Salerno', 'Kerry E. Benenato']",10.1002/adfm.202106727,Advanced Functional Materials,2022.0,CCCCCCCCCOC(=O)CCCCCCCN(CCCCCCCC(=O)OC(CCCCCCCC)CCCCCCCC)CCCNC(=S)N(C)C,CCCCCCCCCCCCCCCCOC(=O)CCOCCOCCOCCOCCOCCOCCOCCOCCOCCOCCOCCOCCOCCOCCOCCOCCOCCOCCOCCOCCOCCOCCOCCOCCOCCOCCOCCOCCOCCOCCOCCOCCOCCOCCOCCOCCOCCOCCOCCOCCOCCOCCOCCOCCOCCOCCOCCOCCOCCOCCOCCOCCOCCOCCOCCOCCOCCOCCOCCOCCOCCOCCOCCOCCOCCOCCOCCOCCOCCOCCOCCOCCOCCOCCOCCOCCOCCOCCOCCOCCOCCOCCOCCOCCOCCOCCOCCOCCOCCO,CC(C)CCC[C@@H](C)[C@H]1CC[C@H]2[C@@H]3CC=C4C[C@@H](O)CC[C@]4(C)[C@H]3CC[C@]12C,CCCCCCCCCCCCCCCCCC(=O)OC[C@H](COP(=O)([O-])OCC[N+](C)(C)C)OC(=O)CCCCCCCCCCCCCCCCC,78.6,50.0,38.5,10.0,1.5,0.5,0.385,0.1,0.015,91.3,0.08
522,Custom lipid,PEG-lipid,cholesterol,DSPC,50:38.5:10:1.5,88.1,0.07,,90.9,NP:3.4(molar),mRNA,epo,PEG-lipid,Heptadecan-9-yl 8-((3-(3-methylureido)propyl)(8-(nonyloxy)-8-oxooctyl)amino)octanoate,DSPC,cholesterol,"synthesis_method: Ethanol-drop nanoprecipitation; device_used: high-efficiency mixer; total_flow_rate_ml_min: ; flow_rate_ratio: ; aqueous_phase_composition: acetate buffer, pH 5.0; organic_phase_composition: ethanol; mixing_time_sec: ; temperature_condition: ; post_processing: buffer exchange into PBS, pH 7.2; sterilization: ; storage_buffer: PBS, pH 7.2, stored at 5¡ÆC",animal_model: CD-1 mice; administration_route: IV; dose: 0.5 mg/kg; gene_expression_result: 2.1x fold change vs Lipid 1,Discovery of a Novel Amino Lipid That Improves Lipid Nanoparticle Performance through Specific Interactions with mRNA,"['Mark Cornebise', 'Elisabeth Narayanan', 'Yan Xia', 'Edward Acosta', 'Lei Ci', 'Hillary Koch', 'Jaclyn Milton', 'Staci Sabnis', 'Timothy Salerno', 'Kerry E. Benenato']",10.1002/adfm.202106727,Advanced Functional Materials,2022.0,CCCCCCCCCOC(=O)CCCCCCCN(CCCCCCCC(=O)OC(CCCCCCCC)CCCCCCCC)CCCNC(=O)NC,CCCCCCCCCCCCCCCCOC(=O)CCOCCOCCOCCOCCOCCOCCOCCOCCOCCOCCOCCOCCOCCOCCOCCOCCOCCOCCOCCOCCOCCOCCOCCOCCOCCOCCOCCOCCOCCOCCOCCOCCOCCOCCOCCOCCOCCOCCOCCOCCOCCOCCOCCOCCOCCOCCOCCOCCOCCOCCOCCOCCOCCOCCOCCOCCOCCOCCOCCOCCOCCOCCOCCOCCOCCOCCOCCOCCOCCOCCOCCOCCOCCOCCOCCOCCOCCOCCOCCOCCOCCOCCOCCOCCOCCOCCOCCOCCOCCO,CC(C)CCC[C@@H](C)[C@H]1CC[C@H]2[C@@H]3CC=C4C[C@@H](O)CC[C@]4(C)[C@H]3CC[C@]12C,CCCCCCCCCCCCCCCCCC(=O)OC[C@H](COP(=O)([O-])OCC[N+](C)(C)C)OC(=O)CCCCCCCCCCCCCCCCC,90.9,50.0,38.5,10.0,1.5,0.5,0.385,0.1,0.015,88.1,0.07
523,Custom lipid,PEG-lipid,cholesterol,DSPC,50:38.5:10:1.5,84.3,0.23,,94.5,NP:3.4(molar),mRNA,epo,PEG-lipid,Heptadecan-9-yl 8-((3-(3-methylthioureido)propyl)(8-(nonyloxy)-8-oxooctyl)amino)octanoate,DSPC,cholesterol,"synthesis_method: Ethanol-drop nanoprecipitation; device_used: high-efficiency mixer; total_flow_rate_ml_min: ; flow_rate_ratio: ; aqueous_phase_composition: acetate buffer, pH 5.0; organic_phase_composition: ethanol; mixing_time_sec: ; temperature_condition: ; post_processing: buffer exchange into PBS, pH 7.2; sterilization: ; storage_buffer: PBS, pH 7.2, stored at 5¡ÆC",animal_model: CD-1 mice; administration_route: IV; dose: 0.5 mg/kg; gene_expression_result: 2.3x fold change vs Lipid 1,Discovery of a Novel Amino Lipid That Improves Lipid Nanoparticle Performance through Specific Interactions with mRNA,"['Mark Cornebise', 'Elisabeth Narayanan', 'Yan Xia', 'Edward Acosta', 'Lei Ci', 'Hillary Koch', 'Jaclyn Milton', 'Staci Sabnis', 'Timothy Salerno', 'Kerry E. Benenato']",10.1002/adfm.202106727,Advanced Functional Materials,2022.0,CCCCCCCCCOC(=O)CCCCCCCN(CCCCCCCC(=O)OC(CCCCCCCC)CCCCCCCC)CCCNC(=S)NC,CCCCCCCCCCCCCCCCOC(=O)CCOCCOCCOCCOCCOCCOCCOCCOCCOCCOCCOCCOCCOCCOCCOCCOCCOCCOCCOCCOCCOCCOCCOCCOCCOCCOCCOCCOCCOCCOCCOCCOCCOCCOCCOCCOCCOCCOCCOCCOCCOCCOCCOCCOCCOCCOCCOCCOCCOCCOCCOCCOCCOCCOCCOCCOCCOCCOCCOCCOCCOCCOCCOCCOCCOCCOCCOCCOCCOCCOCCOCCOCCOCCOCCOCCOCCOCCOCCOCCOCCOCCOCCOCCOCCOCCOCCOCCOCCOCCO,CC(C)CCC[C@@H](C)[C@H]1CC[C@H]2[C@@H]3CC=C4C[C@@H](O)CC[C@]4(C)[C@H]3CC[C@]12C,CCCCCCCCCCCCCCCCCC(=O)OC[C@H](COP(=O)([O-])OCC[N+](C)(C)C)OC(=O)CCCCCCCCCCCCCCCCC,94.5,50.0,38.5,10.0,1.5,0.5,0.385,0.1,0.015,84.3,0.23
524,Custom lipid,PEG-lipid,cholesterol,DSPC,50:38.5:10:1.5,52.8,0.15,,100.3,NP:3.4(molar),mRNA,epo,PEG-lipid,Heptadecan-9-yl 8-((3-((methylcarbamoyl)oxy)propyl)(8-(nonyloxy)-8-oxooctyl)amino)octanoate,DSPC,cholesterol,"synthesis_method: Ethanol-drop nanoprecipitation; device_used: high-efficiency mixer; total_flow_rate_ml_min: ; flow_rate_ratio: ; aqueous_phase_composition: acetate buffer, pH 5.0; organic_phase_composition: ethanol; mixing_time_sec: ; temperature_condition: ; post_processing: buffer exchange into PBS, pH 7.2; sterilization: ; storage_buffer: PBS, pH 7.2, stored at 5¡ÆC",animal_model: CD-1 mice; administration_route: IV; dose: 0.5 mg/kg; gene_expression_result: 2.1x fold change vs Lipid 1,Discovery of a Novel Amino Lipid That Improves Lipid Nanoparticle Performance through Specific Interactions with mRNA,"['Mark Cornebise', 'Elisabeth Narayanan', 'Yan Xia', 'Edward Acosta', 'Lei Ci', 'Hillary Koch', 'Jaclyn Milton', 'Staci Sabnis', 'Timothy Salerno', 'Kerry E. Benenato']",10.1002/adfm.202106727,Advanced Functional Materials,2022.0,CCCCCCCCCOC(=O)CCCCCCCN(CCCCCCCC(=O)OC(CCCCCCCC)CCCCCCCC)CCCOC(=O)NC,CCCCCCCCCCCCCCCCOC(=O)CCOCCOCCOCCOCCOCCOCCOCCOCCOCCOCCOCCOCCOCCOCCOCCOCCOCCOCCOCCOCCOCCOCCOCCOCCOCCOCCOCCOCCOCCOCCOCCOCCOCCOCCOCCOCCOCCOCCOCCOCCOCCOCCOCCOCCOCCOCCOCCOCCOCCOCCOCCOCCOCCOCCOCCOCCOCCOCCOCCOCCOCCOCCOCCOCCOCCOCCOCCOCCOCCOCCOCCOCCOCCOCCOCCOCCOCCOCCOCCOCCOCCOCCOCCOCCOCCOCCOCCOCCOCCO,CC(C)CCC[C@@H](C)[C@H]1CC[C@H]2[C@@H]3CC=C4C[C@@H](O)CC[C@]4(C)[C@H]3CC[C@]12C,CCCCCCCCCCCCCCCCCC(=O)OC[C@H](COP(=O)([O-])OCC[N+](C)(C)C)OC(=O)CCCCCCCCCCCCCCCCC,100.3,50.0,38.5,10.0,1.5,0.5,0.385,0.1,0.015,52.8,0.15
525,Custom lipid,PEG-lipid,cholesterol,DSPC,50:38.5:10:1.5,96.7,0.21,,51.6,NP:3.4(molar),mRNA,epo,PEG-lipid,Heptadecan-9-yl 8-((3-aminopropyl)(8-(nonyloxy)-8-oxooctyl)amino)octanoate,DSPC,cholesterol,"synthesis_method: Ethanol-drop nanoprecipitation; device_used: high-efficiency mixer; total_flow_rate_ml_min: ; flow_rate_ratio: ; aqueous_phase_composition: acetate buffer, pH 5.0; organic_phase_composition: ethanol; mixing_time_sec: ; temperature_condition: ; post_processing: buffer exchange into PBS, pH 7.2; sterilization: ; storage_buffer: PBS, pH 7.2, stored at 5¡ÆC",animal_model: CD-1 mice; administration_route: IV; dose: 0.5 mg/kg; gene_expression_result: No significant expression,Discovery of a Novel Amino Lipid That Improves Lipid Nanoparticle Performance through Specific Interactions with mRNA,"['Mark Cornebise', 'Elisabeth Narayanan', 'Yan Xia', 'Edward Acosta', 'Lei Ci', 'Hillary Koch', 'Jaclyn Milton', 'Staci Sabnis', 'Timothy Salerno', 'Kerry E. Benenato']",10.1002/adfm.202106727,Advanced Functional Materials,2022.0,CCCCCCCCCOC(=O)CCCCCCCN(CCCN)CCCCCCCC(=O)OC(CCCCCCCC)CCCCCCCC,CCCCCCCCCCCCCCCCOC(=O)CCOCCOCCOCCOCCOCCOCCOCCOCCOCCOCCOCCOCCOCCOCCOCCOCCOCCOCCOCCOCCOCCOCCOCCOCCOCCOCCOCCOCCOCCOCCOCCOCCOCCOCCOCCOCCOCCOCCOCCOCCOCCOCCOCCOCCOCCOCCOCCOCCOCCOCCOCCOCCOCCOCCOCCOCCOCCOCCOCCOCCOCCOCCOCCOCCOCCOCCOCCOCCOCCOCCOCCOCCOCCOCCOCCOCCOCCOCCOCCOCCOCCOCCOCCOCCOCCOCCOCCOCCOCCO,CC(C)CCC[C@@H](C)[C@H]1CC[C@H]2[C@@H]3CC=C4C[C@@H](O)CC[C@]4(C)[C@H]3CC[C@]12C,CCCCCCCCCCCCCCCCCC(=O)OC[C@H](COP(=O)([O-])OCC[N+](C)(C)C)OC(=O)CCCCCCCCCCCCCCCCC,51.6,50.0,38.5,10.0,1.5,0.5,0.385,0.1,0.015,96.7,0.21
526,Custom lipid,PEG-lipid,cholesterol,DSPC,50:38.5:10:1.5,69.7,0.18,,99.5,NP:3.4(molar),mRNA,epo,PEG-lipid,Heptadecan-9-yl (E)-8-((3-(2-cyanoguanidino)propyl)(8-(nonyloxy)-8-oxooctyl)amino)octanoate,DSPC,cholesterol,"synthesis_method: Ethanol-drop nanoprecipitation; device_used: high-efficiency mixer; total_flow_rate_ml_min: ; flow_rate_ratio: ; aqueous_phase_composition: acetate buffer, pH 5.0; organic_phase_composition: ethanol; mixing_time_sec: ; temperature_condition: ; post_processing: buffer exchange into PBS, pH 7.2; sterilization: ; storage_buffer: PBS, pH 7.2, stored at 5¡ÆC",animal_model: CD-1 mice; administration_route: IV; dose: 0.5 mg/kg; gene_expression_result: 2.1x fold change vs Lipid 1,Discovery of a Novel Amino Lipid That Improves Lipid Nanoparticle Performance through Specific Interactions with mRNA,"['Mark Cornebise', 'Elisabeth Narayanan', 'Yan Xia', 'Edward Acosta', 'Lei Ci', 'Hillary Koch', 'Jaclyn Milton', 'Staci Sabnis', 'Timothy Salerno', 'Kerry E. Benenato']",10.1002/adfm.202106727,Advanced Functional Materials,2022.0,CCCCCCCCCOC(=O)CCCCCCCN(CCCCCCCCC(=O)OC(CCCCCCCC)CCCCCCCC)CCCN/C(N)=N\C#N,CCCCCCCCCCCCCCCCOC(=O)CCOCCOCCOCCOCCOCCOCCOCCOCCOCCOCCOCCOCCOCCOCCOCCOCCOCCOCCOCCOCCOCCOCCOCCOCCOCCOCCOCCOCCOCCOCCOCCOCCOCCOCCOCCOCCOCCOCCOCCOCCOCCOCCOCCOCCOCCOCCOCCOCCOCCOCCOCCOCCOCCOCCOCCOCCOCCOCCOCCOCCOCCOCCOCCOCCOCCOCCOCCOCCOCCOCCOCCOCCOCCOCCOCCOCCOCCOCCOCCOCCOCCOCCOCCOCCOCCOCCOCCOCCOCCO,CC(C)CCC[C@@H](C)[C@H]1CC[C@H]2[C@@H]3CC=C4C[C@@H](O)CC[C@]4(C)[C@H]3CC[C@]12C,CCCCCCCCCCCCCCCCCC(=O)OC[C@H](COP(=O)([O-])OCC[N+](C)(C)C)OC(=O)CCCCCCCCCCCCCCCCC,99.5,50.0,38.5,10.0,1.5,0.5,0.385,0.1,0.015,69.7,0.18
527,Custom lipid,PEG-lipid,cholesterol,DSPC,50:38.5:10:1.5,94.2,0.16,,97.7,NP:3.4(molar),mRNA,epo,PEG-lipid,Heptadecan-9-yl (E)-8-((3-(2-cyano-3-methylguanidino)propyl)(8-(nonyloxy)-8-oxooctyl)amino)octanoate,DSPC,cholesterol,"synthesis_method: Ethanol-drop nanoprecipitation; device_used: high-efficiency mixer; total_flow_rate_ml_min: ; flow_rate_ratio: ; aqueous_phase_composition: acetate buffer, pH 5.0; organic_phase_composition: ethanol; mixing_time_sec: ; temperature_condition: ; post_processing: buffer exchange into PBS, pH 7.2; sterilization: ; storage_buffer: PBS, pH 7.2, stored at 5¡ÆC",animal_model: CD-1 mice; administration_route: IV; dose: 0.5 mg/kg; gene_expression_result: 2.2x fold change vs Lipid 1,Discovery of a Novel Amino Lipid That Improves Lipid Nanoparticle Performance through Specific Interactions with mRNA,"['Mark Cornebise', 'Elisabeth Narayanan', 'Yan Xia', 'Edward Acosta', 'Lei Ci', 'Hillary Koch', 'Jaclyn Milton', 'Staci Sabnis', 'Timothy Salerno', 'Kerry E. Benenato']",10.1002/adfm.202106727,Advanced Functional Materials,2022.0,CCCCCCCCCOC(=O)CCCCCCCN(CCCCCCCCC(=O)OC(CCCCCCCC)CCCCCCCC)CCCN/C(=N\C#N)NC,CCCCCCCCCCCCCCCCOC(=O)CCOCCOCCOCCOCCOCCOCCOCCOCCOCCOCCOCCOCCOCCOCCOCCOCCOCCOCCOCCOCCOCCOCCOCCOCCOCCOCCOCCOCCOCCOCCOCCOCCOCCOCCOCCOCCOCCOCCOCCOCCOCCOCCOCCOCCOCCOCCOCCOCCOCCOCCOCCOCCOCCOCCOCCOCCOCCOCCOCCOCCOCCOCCOCCOCCOCCOCCOCCOCCOCCOCCOCCOCCOCCOCCOCCOCCOCCOCCOCCOCCOCCOCCOCCOCCOCCOCCOCCOCCOCCO,CC(C)CCC[C@@H](C)[C@H]1CC[C@H]2[C@@H]3CC=C4C[C@@H](O)CC[C@]4(C)[C@H]3CC[C@]12C,CCCCCCCCCCCCCCCCCC(=O)OC[C@H](COP(=O)([O-])OCC[N+](C)(C)C)OC(=O)CCCCCCCCCCCCCCCCC,97.7,50.0,38.5,10.0,1.5,0.5,0.385,0.1,0.015,94.2,0.16
528,Custom lipid,PEG-lipid,cholesterol,DSPC,50:38.5:10:1.5,98.8,0.13,,78.3,NP:3.4(molar),mRNA,epo,PEG-lipid,"Heptadecan-9-yl (Z)-8-((3-(2-cyano-3,3-dimethylguanidino)propyl)(8-(nonyloxy)-8-oxooctyl)amino)octanoate",DSPC,cholesterol,"synthesis_method: Ethanol-drop nanoprecipitation; device_used: high-efficiency mixer; total_flow_rate_ml_min: ; flow_rate_ratio: ; aqueous_phase_composition: acetate buffer, pH 5.0; organic_phase_composition: ethanol; mixing_time_sec: ; temperature_condition: ; post_processing: buffer exchange into PBS, pH 7.2; sterilization: ; storage_buffer: PBS, pH 7.2, stored at 5¡ÆC",animal_model: CD-1 mice; administration_route: IV; dose: 0.5 mg/kg; gene_expression_result: 2.3x fold change vs Lipid 1,Discovery of a Novel Amino Lipid That Improves Lipid Nanoparticle Performance through Specific Interactions with mRNA,"['Mark Cornebise', 'Elisabeth Narayanan', 'Yan Xia', 'Edward Acosta', 'Lei Ci', 'Hillary Koch', 'Jaclyn Milton', 'Staci Sabnis', 'Timothy Salerno', 'Kerry E. Benenato']",10.1002/adfm.202106727,Advanced Functional Materials,2022.0,CCCCCCCCCOC(=O)CCCCCCCN(CCCCCCCC(=O)OC(CCCCCCCC)CCCCCCCC)CCCN/C(=N\C#N)N(C)C,CCCCCCCCCCCCCCCCOC(=O)CCOCCOCCOCCOCCOCCOCCOCCOCCOCCOCCOCCOCCOCCOCCOCCOCCOCCOCCOCCOCCOCCOCCOCCOCCOCCOCCOCCOCCOCCOCCOCCOCCOCCOCCOCCOCCOCCOCCOCCOCCOCCOCCOCCOCCOCCOCCOCCOCCOCCOCCOCCOCCOCCOCCOCCOCCOCCOCCOCCOCCOCCOCCOCCOCCOCCOCCOCCOCCOCCOCCOCCOCCOCCOCCOCCOCCOCCOCCOCCOCCOCCOCCOCCOCCOCCOCCOCCOCCOCCO,CC(C)CCC[C@@H](C)[C@H]1CC[C@H]2[C@@H]3CC=C4C[C@@H](O)CC[C@]4(C)[C@H]3CC[C@]12C,CCCCCCCCCCCCCCCCCC(=O)OC[C@H](COP(=O)([O-])OCC[N+](C)(C)C)OC(=O)CCCCCCCCCCCCCCCCC,78.3,50.0,38.5,10.0,1.5,0.5,0.385,0.1,0.015,98.8,0.13
529,Custom lipid,PEG-lipid,cholesterol,DSPC,50:38.5:10:1.5,53.4,0.16,,98.6,NP:3.4(molar),mRNA,epo,PEG-lipid,"Heptadecan-9-yl (E)-8-((3-(3,3-dimethyl-2-nitroguanidino)propyl)(8-(nonyloxy)-8-oxooctyl)amino)octanoate",DSPC,cholesterol,"synthesis_method: Ethanol-drop nanoprecipitation; device_used: high-efficiency mixer; total_flow_rate_ml_min: ; flow_rate_ratio: ; aqueous_phase_composition: acetate buffer, pH 5.0; organic_phase_composition: ethanol; mixing_time_sec: ; temperature_condition: ; post_processing: buffer exchange into PBS, pH 7.2; sterilization: ; storage_buffer: PBS, pH 7.2, stored at 5¡ÆC",animal_model: CD-1 mice; administration_route: IV; dose: 0.5 mg/kg; gene_expression_result: 2.2x fold change vs Lipid 1,Discovery of a Novel Amino Lipid That Improves Lipid Nanoparticle Performance through Specific Interactions with mRNA,"['Mark Cornebise', 'Elisabeth Narayanan', 'Yan Xia', 'Edward Acosta', 'Lei Ci', 'Hillary Koch', 'Jaclyn Milton', 'Staci Sabnis', 'Timothy Salerno', 'Kerry E. Benenato']",10.1002/adfm.202106727,Advanced Functional Materials,2022.0,CCCCCCCCCOC(=O)CCCCCCCN(CCCCCCCCC(=O)OC(CCCCCCCC)CCCCCCCC)CCCN/C(=N\[N+](=O)[O-])N(C)C,CCCCCCCCCCCCCCCCOC(=O)CCOCCOCCOCCOCCOCCOCCOCCOCCOCCOCCOCCOCCOCCOCCOCCOCCOCCOCCOCCOCCOCCOCCOCCOCCOCCOCCOCCOCCOCCOCCOCCOCCOCCOCCOCCOCCOCCOCCOCCOCCOCCOCCOCCOCCOCCOCCOCCOCCOCCOCCOCCOCCOCCOCCOCCOCCOCCOCCOCCOCCOCCOCCOCCOCCOCCOCCOCCOCCOCCOCCOCCOCCOCCOCCOCCOCCOCCOCCOCCOCCOCCOCCOCCOCCOCCOCCOCCOCCOCCO,CC(C)CCC[C@@H](C)[C@H]1CC[C@H]2[C@@H]3CC=C4C[C@@H](O)CC[C@]4(C)[C@H]3CC[C@]12C,CCCCCCCCCCCCCCCCCC(=O)OC[C@H](COP(=O)([O-])OCC[N+](C)(C)C)OC(=O)CCCCCCCCCCCCCCCCC,98.6,50.0,38.5,10.0,1.5,0.5,0.385,0.1,0.015,53.4,0.16
530,Custom lipid,PEG-lipid,cholesterol,DSPC,50:38.5:10:1.5,75.4,0.24,,99.5,NP:3.4(molar),mRNA,epo,PEG-lipid,"Heptadecan-9-yl 4-imino-9-(8-(nonyloxy)-8-oxooctyl)-2-oxa-3,5,9-triazaheptadecan-17-oate",DSPC,cholesterol,"synthesis_method: Ethanol-drop nanoprecipitation; device_used: high-efficiency mixer; total_flow_rate_ml_min: ; flow_rate_ratio: ; aqueous_phase_composition: acetate buffer, pH 5.0; organic_phase_composition: ethanol; mixing_time_sec: ; temperature_condition: ; post_processing: buffer exchange into PBS, pH 7.2; sterilization: ; storage_buffer: PBS, pH 7.2, stored at 5¡ÆC",animal_model: CD-1 mice; administration_route: IV; dose: 0.5 mg/kg; gene_expression_result: 2.1x fold change vs Lipid 1,Discovery of a Novel Amino Lipid That Improves Lipid Nanoparticle Performance through Specific Interactions with mRNA,"['Mark Cornebise', 'Elisabeth Narayanan', 'Yan Xia', 'Edward Acosta', 'Lei Ci', 'Hillary Koch', 'Jaclyn Milton', 'Staci Sabnis', 'Timothy Salerno', 'Kerry E. Benenato']",10.1002/adfm.202106727,Advanced Functional Materials,2022.0,CCCCCCCCCOC(=O)CCCCCCCN1CCN(CCCCCCCC(=O)OC(CCCCCCCC)CCCCCCCC)CCCOC1=N,CCCCCCCCCCCCCCCCOC(=O)CCOCCOCCOCCOCCOCCOCCOCCOCCOCCOCCOCCOCCOCCOCCOCCOCCOCCOCCOCCOCCOCCOCCOCCOCCOCCOCCOCCOCCOCCOCCOCCOCCOCCOCCOCCOCCOCCOCCOCCOCCOCCOCCOCCOCCOCCOCCOCCOCCOCCOCCOCCOCCOCCOCCOCCOCCOCCOCCOCCOCCOCCOCCOCCOCCOCCOCCOCCOCCOCCOCCOCCOCCOCCOCCOCCOCCOCCOCCOCCOCCOCCOCCOCCOCCOCCOCCOCCOCCOCCO,CC(C)CCC[C@@H](C)[C@H]1CC[C@H]2[C@@H]3CC=C4C[C@@H](O)CC[C@]4(C)[C@H]3CC[C@]12C,CCCCCCCCCCCCCCCCCC(=O)OC[C@H](COP(=O)([O-])OCC[N+](C)(C)C)OC(=O)CCCCCCCCCCCCCCCCC,99.5,50.0,38.5,10.0,1.5,0.5,0.385,0.1,0.015,75.4,0.24
531,Custom lipid,PEG-lipid,cholesterol,DSPC,50:38.5:10:1.5,59.9,0.25,,98.8,NP:3.4(molar),mRNA,epo,PEG-lipid,"Heptadecan-9-yl (Z)-8-((3-(3,3-dimethyl-2-sulfamoylguanidino)propyl)(8-(nonyloxy)-8-oxooctyl)amino)octanoate",DSPC,cholesterol,"synthesis_method: Ethanol-drop nanoprecipitation; device_used: high-efficiency mixer; total_flow_rate_ml_min: ; flow_rate_ratio: ; aqueous_phase_composition: acetate buffer, pH 5.0; organic_phase_composition: ethanol; mixing_time_sec: ; temperature_condition: ; post_processing: buffer exchange into PBS, pH 7.2; sterilization: ; storage_buffer: PBS, pH 7.2, stored at 5¡ÆC",animal_model: CD-1 mice; administration_route: IV; dose: 0.5 mg/kg; gene_expression_result: 2.2x fold change vs Lipid 1,Discovery of a Novel Amino Lipid That Improves Lipid Nanoparticle Performance through Specific Interactions with mRNA,"['Mark Cornebise', 'Elisabeth Narayanan', 'Yan Xia', 'Edward Acosta', 'Lei Ci', 'Hillary Koch', 'Jaclyn Milton', 'Staci Sabnis', 'Timothy Salerno', 'Kerry E. Benenato']",10.1002/adfm.202106727,Advanced Functional Materials,2022.0,CCCCCCCCCOC(=O)CCCCCCCN(CCCCCCCC(=O)OC(CCCCCCCC)CCCCCCCC)CCCN/C(=N\S(N)(=O)=O)N(C)C,CCCCCCCCCCCCCCCCOC(=O)CCOCCOCCOCCOCCOCCOCCOCCOCCOCCOCCOCCOCCOCCOCCOCCOCCOCCOCCOCCOCCOCCOCCOCCOCCOCCOCCOCCOCCOCCOCCOCCOCCOCCOCCOCCOCCOCCOCCOCCOCCOCCOCCOCCOCCOCCOCCOCCOCCOCCOCCOCCOCCOCCOCCOCCOCCOCCOCCOCCOCCOCCOCCOCCOCCOCCOCCOCCOCCOCCOCCOCCOCCOCCOCCOCCOCCOCCOCCOCCOCCOCCOCCOCCOCCOCCOCCOCCOCCOCCO,CC(C)CCC[C@@H](C)[C@H]1CC[C@H]2[C@@H]3CC=C4C[C@@H](O)CC[C@]4(C)[C@H]3CC[C@]12C,CCCCCCCCCCCCCCCCCC(=O)OC[C@H](COP(=O)([O-])OCC[N+](C)(C)C)OC(=O)CCCCCCCCCCCCCCCCC,98.8,50.0,38.5,10.0,1.5,0.5,0.385,0.1,0.015,59.9,0.25
532,Custom lipid,PEG-lipid,cholesterol,DSPC,50:38.5:10:1.5,109,0.15,,98.7,NP:3.4(molar),mRNA,epo,PEG-lipid,Heptadecan-9-yl 8-((3-((1-amino-2-nitrovinyl)amino)propyl)(8-(nonyloxy)-8-oxooctyl)amino)octanoate,DSPC,cholesterol,"synthesis_method: Ethanol-drop nanoprecipitation; device_used: high-efficiency mixer; total_flow_rate_ml_min: ; flow_rate_ratio: ; aqueous_phase_composition: acetate buffer, pH 5.0; organic_phase_composition: ethanol; mixing_time_sec: ; temperature_condition: ; post_processing: buffer exchange into PBS, pH 7.2; sterilization: ; storage_buffer: PBS, pH 7.2, stored at 5¡ÆC",animal_model: CD-1 mice; administration_route: IV; dose: 0.5 mg/kg; gene_expression_result: 2.2x fold change vs Lipid 1,Discovery of a Novel Amino Lipid That Improves Lipid Nanoparticle Performance through Specific Interactions with mRNA,"['Mark Cornebise', 'Elisabeth Narayanan', 'Yan Xia', 'Edward Acosta', 'Lei Ci', 'Hillary Koch', 'Jaclyn Milton', 'Staci Sabnis', 'Timothy Salerno', 'Kerry E. Benenato']",10.1002/adfm.202106727,Advanced Functional Materials,2022.0,CCCCCCCCCOC(=O)CCCCCCCN(CCCCCCCC(=O)OC(CCCCCCCC)CCCCCCCC)CCCNC(N)=C[N+](=O)[O-],CCCCCCCCCCCCCCCCOC(=O)CCOCCOCCOCCOCCOCCOCCOCCOCCOCCOCCOCCOCCOCCOCCOCCOCCOCCOCCOCCOCCOCCOCCOCCOCCOCCOCCOCCOCCOCCOCCOCCOCCOCCOCCOCCOCCOCCOCCOCCOCCOCCOCCOCCOCCOCCOCCOCCOCCOCCOCCOCCOCCOCCOCCOCCOCCOCCOCCOCCOCCOCCOCCOCCOCCOCCOCCOCCOCCOCCOCCOCCOCCOCCOCCOCCOCCOCCOCCOCCOCCOCCOCCOCCOCCOCCOCCOCCOCCOCCO,CC(C)CCC[C@@H](C)[C@H]1CC[C@H]2[C@@H]3CC=C4C[C@@H](O)CC[C@]4(C)[C@H]3CC[C@]12C,CCCCCCCCCCCCCCCCCC(=O)OC[C@H](COP(=O)([O-])OCC[N+](C)(C)C)OC(=O)CCCCCCCCCCCCCCCCC,98.7,50.0,38.5,10.0,1.5,0.5,0.385,0.1,0.015,109.0,0.15
533,Custom lipid,PEG-lipid,cholesterol,DSPC,50:38.5:10:1.5,94.8,0.15,,96.8,NP:3.4(molar),mRNA,epo,PEG-lipid,Heptadecan-9-yl (E)-8-((3-((1-(methylamino)-2-nitrovinyl)amino)propyl)(8-(nonyloxy)-8-oxooctyl)amino)octanoate,DSPC,cholesterol,"synthesis_method: Ethanol-drop nanoprecipitation; device_used: high-efficiency mixer; total_flow_rate_ml_min: ; flow_rate_ratio: ; aqueous_phase_composition: acetate buffer, pH 5.0; organic_phase_composition: ethanol; mixing_time_sec: ; temperature_condition: ; post_processing: buffer exchange into PBS, pH 7.2; sterilization: ; storage_buffer: PBS, pH 7.2, stored at 5¡ÆC",animal_model: CD-1 mice; administration_route: IV; dose: 0.5 mg/kg; gene_expression_result: 2.2x fold change vs Lipid 1,Discovery of a Novel Amino Lipid That Improves Lipid Nanoparticle Performance through Specific Interactions with mRNA,"['Mark Cornebise', 'Elisabeth Narayanan', 'Yan Xia', 'Edward Acosta', 'Lei Ci', 'Hillary Koch', 'Jaclyn Milton', 'Staci Sabnis', 'Timothy Salerno', 'Kerry E. Benenato']",10.1002/adfm.202106727,Advanced Functional Materials,2022.0,CCCCCCCCCOC(=O)CCCCCCCN(CCCCCCCCC(=O)OC(CCCCCCCC)CCCCCCCC)CCCNC(=C[N+](=O)[O-])NC,CCCCCCCCCCCCCCCCOC(=O)CCOCCOCCOCCOCCOCCOCCOCCOCCOCCOCCOCCOCCOCCOCCOCCOCCOCCOCCOCCOCCOCCOCCOCCOCCOCCOCCOCCOCCOCCOCCOCCOCCOCCOCCOCCOCCOCCOCCOCCOCCOCCOCCOCCOCCOCCOCCOCCOCCOCCOCCOCCOCCOCCOCCOCCOCCOCCOCCOCCOCCOCCOCCOCCOCCOCCOCCOCCOCCOCCOCCOCCOCCOCCOCCOCCOCCOCCOCCOCCOCCOCCOCCOCCOCCOCCOCCOCCOCCOCCO,CC(C)CCC[C@@H](C)[C@H]1CC[C@H]2[C@@H]3CC=C4C[C@@H](O)CC[C@]4(C)[C@H]3CC[C@]12C,CCCCCCCCCCCCCCCCCC(=O)OC[C@H](COP(=O)([O-])OCC[N+](C)(C)C)OC(=O)CCCCCCCCCCCCCCCCC,96.8,50.0,38.5,10.0,1.5,0.5,0.385,0.1,0.015,94.8,0.15
534,Custom lipid,PEG-lipid,cholesterol,DSPC,50:38.5:10:1.5,60.9,0.33,,98.9,NP:3.4(molar),mRNA,epo,PEG-lipid,Heptadecan-9-yl (E)-8-((3-((1-(dimethylamino)-2-nitrovinyl)amino)propyl)(8-(nonyloxy)-8-oxooctyl)amino)octanoate,DSPC,cholesterol,"synthesis_method: Ethanol-drop nanoprecipitation; device_used: high-efficiency mixer; total_flow_rate_ml_min: ; flow_rate_ratio: ; aqueous_phase_composition: acetate buffer, pH 5.0; organic_phase_composition: ethanol; mixing_time_sec: ; temperature_condition: ; post_processing: buffer exchange into PBS, pH 7.2; sterilization: ; storage_buffer: PBS, pH 7.2, stored at 5¡ÆC",animal_model: CD-1 mice; administration_route: IV; dose: 0.5 mg/kg; gene_expression_result: 2.1x fold change vs Lipid 1,Discovery of a Novel Amino Lipid That Improves Lipid Nanoparticle Performance through Specific Interactions with mRNA,"['Mark Cornebise', 'Elisabeth Narayanan', 'Yan Xia', 'Edward Acosta', 'Lei Ci', 'Hillary Koch', 'Jaclyn Milton', 'Staci Sabnis', 'Timothy Salerno', 'Kerry E. Benenato']",10.1002/adfm.202106727,Advanced Functional Materials,2022.0,CCCCCCCCCOC(=O)CCCCCCCN(CCCCCCCCC(=O)OC(CCCCCCCC)CCCCCCCC)CCCNC(=C[N+](=O)[O-])N(C)C,CCCCCCCCCCCCCCCCOC(=O)CCOCCOCCOCCOCCOCCOCCOCCOCCOCCOCCOCCOCCOCCOCCOCCOCCOCCOCCOCCOCCOCCOCCOCCOCCOCCOCCOCCOCCOCCOCCOCCOCCOCCOCCOCCOCCOCCOCCOCCOCCOCCOCCOCCOCCOCCOCCOCCOCCOCCOCCOCCOCCOCCOCCOCCOCCOCCOCCOCCOCCOCCOCCOCCOCCOCCOCCOCCOCCOCCOCCOCCOCCOCCOCCOCCOCCOCCOCCOCCOCCOCCOCCOCCOCCOCCOCCOCCOCCOCCO,CC(C)CCC[C@@H](C)[C@H]1CC[C@H]2[C@@H]3CC=C4C[C@@H](O)CC[C@]4(C)[C@H]3CC[C@]12C,CCCCCCCCCCCCCCCCCC(=O)OC[C@H](COP(=O)([O-])OCC[N+](C)(C)C)OC(=O)CCCCCCCCCCCCCCCCC,98.9,50.0,38.5,10.0,1.5,0.5,0.385,0.1,0.015,60.9,0.33
535,Custom lipid,PEG-lipid,cholesterol,DSPC,50:38.5:10:1.5,69.3,0.23,,100.2,NP:3.4(molar),mRNA,epo,PEG-lipid,Heptadecan-9-yl 8-((8-(nonyloxy)-8-oxooctyl)(3-(thiazol-2-ylamino)propyl)amino)octanoate,DSPC,cholesterol,"synthesis_method: Ethanol-drop nanoprecipitation; device_used: high-efficiency mixer; total_flow_rate_ml_min: ; flow_rate_ratio: ; aqueous_phase_composition: acetate buffer, pH 5.0; organic_phase_composition: ethanol; mixing_time_sec: ; temperature_condition: ; post_processing: buffer exchange into PBS, pH 7.2; sterilization: ; storage_buffer: PBS, pH 7.2, stored at 5¡ÆC",animal_model: CD-1 mice; administration_route: IV; dose: 0.5 mg/kg; gene_expression_result: 2.2x fold change vs Lipid 1,Discovery of a Novel Amino Lipid That Improves Lipid Nanoparticle Performance through Specific Interactions with mRNA,"['Mark Cornebise', 'Elisabeth Narayanan', 'Yan Xia', 'Edward Acosta', 'Lei Ci', 'Hillary Koch', 'Jaclyn Milton', 'Staci Sabnis', 'Timothy Salerno', 'Kerry E. Benenato']",10.1002/adfm.202106727,Advanced Functional Materials,2022.0,CCCCCCCCCOC(=O)CCCCCCCN(CCCCCCCC(=O)OC(CCCCCCCC)CCCCCCCC)CCCNc1nccs1,CCCCCCCCCCCCCCCCOC(=O)CCOCCOCCOCCOCCOCCOCCOCCOCCOCCOCCOCCOCCOCCOCCOCCOCCOCCOCCOCCOCCOCCOCCOCCOCCOCCOCCOCCOCCOCCOCCOCCOCCOCCOCCOCCOCCOCCOCCOCCOCCOCCOCCOCCOCCOCCOCCOCCOCCOCCOCCOCCOCCOCCOCCOCCOCCOCCOCCOCCOCCOCCOCCOCCOCCOCCOCCOCCOCCOCCOCCOCCOCCOCCOCCOCCOCCOCCOCCOCCOCCOCCOCCOCCOCCOCCOCCOCCOCCOCCO,CC(C)CCC[C@@H](C)[C@H]1CC[C@H]2[C@@H]3CC=C4C[C@@H](O)CC[C@]4(C)[C@H]3CC[C@]12C,CCCCCCCCCCCCCCCCCC(=O)OC[C@H](COP(=O)([O-])OCC[N+](C)(C)C)OC(=O)CCCCCCCCCCCCCCCCC,100.2,50.0,38.5,10.0,1.5,0.5,0.385,0.1,0.015,69.3,0.23
536,Custom lipid,PEG-lipid,cholesterol,DSPC,50:38.5:10:1.5,123.9,0.2,,75.1,NP:3.4(molar),mRNA,epo,PEG-lipid,"Heptadecan-9-yl 8-((3-((2-amino-3,4-dioxocyclobut-1-en-1-yl)amino)propyl)(8-(nonyloxy)-8-oxooctyl)amino)octanoate",DSPC,cholesterol,"synthesis_method: Ethanol-drop nanoprecipitation; device_used: high-efficiency mixer; total_flow_rate_ml_min: ; flow_rate_ratio: ; aqueous_phase_composition: acetate buffer, pH 5.0; organic_phase_composition: ethanol; mixing_time_sec: ; temperature_condition: ; post_processing: buffer exchange into PBS, pH 7.2; sterilization: ; storage_buffer: PBS, pH 7.2, stored at 5¡ÆC",animal_model: CD-1 mice; administration_route: IV; dose: 0.5 mg/kg; gene_expression_result: 2.6x fold change vs Lipid 1,Discovery of a Novel Amino Lipid That Improves Lipid Nanoparticle Performance through Specific Interactions with mRNA,"['Mark Cornebise', 'Elisabeth Narayanan', 'Yan Xia', 'Edward Acosta', 'Lei Ci', 'Hillary Koch', 'Jaclyn Milton', 'Staci Sabnis', 'Timothy Salerno', 'Kerry E. Benenato']",10.1002/adfm.202106727,Advanced Functional Materials,2022.0,CCCCCCCCCOC(=O)CCCCCCCN(CCCCCCCC(=O)OC(CCCCCCCC)CCCCCCCC)CCCNc1c(N)c(=O)c1=O,CCCCCCCCCCCCCCCCOC(=O)CCOCCOCCOCCOCCOCCOCCOCCOCCOCCOCCOCCOCCOCCOCCOCCOCCOCCOCCOCCOCCOCCOCCOCCOCCOCCOCCOCCOCCOCCOCCOCCOCCOCCOCCOCCOCCOCCOCCOCCOCCOCCOCCOCCOCCOCCOCCOCCOCCOCCOCCOCCOCCOCCOCCOCCOCCOCCOCCOCCOCCOCCOCCOCCOCCOCCOCCOCCOCCOCCOCCOCCOCCOCCOCCOCCOCCOCCOCCOCCOCCOCCOCCOCCOCCOCCOCCOCCOCCOCCO,CC(C)CCC[C@@H](C)[C@H]1CC[C@H]2[C@@H]3CC=C4C[C@@H](O)CC[C@]4(C)[C@H]3CC[C@]12C,CCCCCCCCCCCCCCCCCC(=O)OC[C@H](COP(=O)([O-])OCC[N+](C)(C)C)OC(=O)CCCCCCCCCCCCCCCCC,75.1,50.0,38.5,10.0,1.5,0.5,0.385,0.1,0.015,123.9,0.2
537,Custom lipid,PEG-lipid,cholesterol,DSPC,50:38.5:10:1.5,102.2,0.17,,93.5,NP:3.4(molar),mRNA,epo,PEG-lipid,"Heptadecan-9-yl 8-((3-((2-(methylamino)-3,4-dioxocyclobut-1-en-1-yl)amino)propyl)(8-(nonyloxy)-8-oxooctyl)amino)octanoate",DSPC,cholesterol,"synthesis_method: Ethanol-drop nanoprecipitation; device_used: high-efficiency mixer; total_flow_rate_ml_min: ; flow_rate_ratio: ; aqueous_phase_composition: acetate buffer, pH 5.0; organic_phase_composition: ethanol; mixing_time_sec: ; temperature_condition: ; post_processing: buffer exchange into PBS, pH 7.2; sterilization: ; storage_buffer: PBS, pH 7.2, stored at 5¡ÆC",animal_model: CD-1 mice; administration_route: IV; dose: 0.5 mg/kg; gene_expression_result: 2.9x fold change vs Lipid 1,Discovery of a Novel Amino Lipid That Improves Lipid Nanoparticle Performance through Specific Interactions with mRNA,"['Mark Cornebise', 'Elisabeth Narayanan', 'Yan Xia', 'Edward Acosta', 'Lei Ci', 'Hillary Koch', 'Jaclyn Milton', 'Staci Sabnis', 'Timothy Salerno', 'Kerry E. Benenato']",10.1002/adfm.202106727,Advanced Functional Materials,2022.0,CCCCCCCCCOC(=O)CCCCCCCN(CCCCCCCC(=O)OC(CCCCCCCC)CCCCCCCC)CCCNc1c(NC)c(=O)c1=O,CCCCCCCCCCCCCCCCOC(=O)CCOCCOCCOCCOCCOCCOCCOCCOCCOCCOCCOCCOCCOCCOCCOCCOCCOCCOCCOCCOCCOCCOCCOCCOCCOCCOCCOCCOCCOCCOCCOCCOCCOCCOCCOCCOCCOCCOCCOCCOCCOCCOCCOCCOCCOCCOCCOCCOCCOCCOCCOCCOCCOCCOCCOCCOCCOCCOCCOCCOCCOCCOCCOCCOCCOCCOCCOCCOCCOCCOCCOCCOCCOCCOCCOCCOCCOCCOCCOCCOCCOCCOCCOCCOCCOCCOCCOCCOCCOCCO,CC(C)CCC[C@@H](C)[C@H]1CC[C@H]2[C@@H]3CC=C4C[C@@H](O)CC[C@]4(C)[C@H]3CC[C@]12C,CCCCCCCCCCCCCCCCCC(=O)OC[C@H](COP(=O)([O-])OCC[N+](C)(C)C)OC(=O)CCCCCCCCCCCCCCCCC,93.5,50.0,38.5,10.0,1.5,0.5,0.385,0.1,0.015,102.2,0.17
538,Custom lipid,PEG-lipid,cholesterol,DSPC,50:38.5:10:1.5,84.4,0.17,,89.6,NP:3.4(molar),mRNA,epo,PEG-lipid,"7-((3-(3,3-dimethylthioureido)propyl)(8-(heptadecan-9-yloxy)-8-oxooctyl)amino)heptyl decanoate",DSPC,cholesterol,"synthesis_method: Ethanol-drop nanoprecipitation; device_used: high-efficiency mixer; total_flow_rate_ml_min: ; flow_rate_ratio: ; aqueous_phase_composition: acetate buffer, pH 5.0; organic_phase_composition: ethanol; mixing_time_sec: ; temperature_condition: ; post_processing: buffer exchange into PBS, pH 7.2; sterilization: ; storage_buffer: PBS, pH 7.2, stored at 5¡ÆC",animal_model: CD-1 mice; administration_route: IV; dose: 0.5 mg/kg; gene_expression_result: 10.5x fold change vs Lipid 1,Discovery of a Novel Amino Lipid That Improves Lipid Nanoparticle Performance through Specific Interactions with mRNA,"['Mark Cornebise', 'Elisabeth Narayanan', 'Yan Xia', 'Edward Acosta', 'Lei Ci', 'Hillary Koch', 'Jaclyn Milton', 'Staci Sabnis', 'Timothy Salerno', 'Kerry E. Benenato']",10.1002/adfm.202106727,Advanced Functional Materials,2022.0,CCCCCCCCCCC(=O)OCCCCCCCN(CCCCCCCC(=O)OC(CCCCCCCC)CCCCCCCC)CCCNC(=S)N(C)C,CCCCCCCCCCCCCCCCOC(=O)CCOCCOCCOCCOCCOCCOCCOCCOCCOCCOCCOCCOCCOCCOCCOCCOCCOCCOCCOCCOCCOCCOCCOCCOCCOCCOCCOCCOCCOCCOCCOCCOCCOCCOCCOCCOCCOCCOCCOCCOCCOCCOCCOCCOCCOCCOCCOCCOCCOCCOCCOCCOCCOCCOCCOCCOCCOCCOCCOCCOCCOCCOCCOCCOCCOCCOCCOCCOCCOCCOCCOCCOCCOCCOCCOCCOCCOCCOCCOCCOCCOCCOCCOCCOCCOCCOCCOCCOCCOCCO,CC(C)CCC[C@@H](C)[C@H]1CC[C@H]2[C@@H]3CC=C4C[C@@H](O)CC[C@]4(C)[C@H]3CC[C@]12C,CCCCCCCCCCCCCCCCCC(=O)OC[C@H](COP(=O)([O-])OCC[N+](C)(C)C)OC(=O)CCCCCCCCCCCCCCCCC,89.6,50.0,38.5,10.0,1.5,0.5,0.385,0.1,0.015,84.4,0.17
539,Custom lipid,PEG-lipid,cholesterol,DSPC,50:38.5:10:1.5,78.1,0.43,,77.9,NP:3.4(molar),mRNA,epo,PEG-lipid,"7-((8-(heptadecan-9-yloxy)-8-oxooctyl)(3-((2-(methylamino)-3,4-dioxocyclobut-1-en-1-yl)amino)propyl)amino)heptyl decanoate",DSPC,cholesterol,"synthesis_method: Ethanol-drop nanoprecipitation; device_used: high-efficiency mixer; total_flow_rate_ml_min: ; flow_rate_ratio: ; aqueous_phase_composition: acetate buffer, pH 5.0; organic_phase_composition: ethanol; mixing_time_sec: ; temperature_condition: ; post_processing: buffer exchange into PBS, pH 7.2; sterilization: ; storage_buffer: PBS, pH 7.2, stored at 5¡ÆC",animal_model: CD-1 mice; administration_route: IV; dose: 0.5 mg/kg; gene_expression_result: 2.0x fold change vs Lipid 29,Discovery of a Novel Amino Lipid That Improves Lipid Nanoparticle Performance through Specific Interactions with mRNA,"['Mark Cornebise', 'Elisabeth Narayanan', 'Yan Xia', 'Edward Acosta', 'Lei Ci', 'Hillary Koch', 'Jaclyn Milton', 'Staci Sabnis', 'Timothy Salerno', 'Kerry E. Benenato']",10.1002/adfm.202106727,Advanced Functional Materials,2022.0,CCCCCCCCCCC(=O)OCCCCCCCN(CCCCCCCC(=O)OC(CCCCCCCC)CCCCCCCC)CCCNc1c(NC)c(=O)c1=O,CCCCCCCCCCCCCCCCOC(=O)CCOCCOCCOCCOCCOCCOCCOCCOCCOCCOCCOCCOCCOCCOCCOCCOCCOCCOCCOCCOCCOCCOCCOCCOCCOCCOCCOCCOCCOCCOCCOCCOCCOCCOCCOCCOCCOCCOCCOCCOCCOCCOCCOCCOCCOCCOCCOCCOCCOCCOCCOCCOCCOCCOCCOCCOCCOCCOCCOCCOCCOCCOCCOCCOCCOCCOCCOCCOCCOCCOCCOCCOCCOCCOCCOCCOCCOCCOCCOCCOCCOCCOCCOCCOCCOCCOCCOCCOCCOCCO,CC(C)CCC[C@@H](C)[C@H]1CC[C@H]2[C@@H]3CC=C4C[C@@H](O)CC[C@]4(C)[C@H]3CC[C@]12C,CCCCCCCCCCCCCCCCCC(=O)OC[C@H](COP(=O)([O-])OCC[N+](C)(C)C)OC(=O)CCCCCCCCCCCCCCCCC,77.9,50.0,38.5,10.0,1.5,0.5,0.385,0.1,0.015,78.1,0.43
540,Custom lipid,PEG-lipid,cholesterol,DSPC,50:38.5:10:1.5,77.1,0.19,,95.1,NP:3.4(molar),mRNA,epo,PEG-lipid,"Heptadecan-9-yl 8-((3-(3,3-dimethylthioureido)propyl)(8-((2-methylnonyl)oxy)-8-oxooctyl)amino)octanoate",DSPC,cholesterol,"synthesis_method: Ethanol-drop nanoprecipitation; device_used: high-efficiency mixer; total_flow_rate_ml_min: ; flow_rate_ratio: ; aqueous_phase_composition: acetate buffer, pH 5.0; organic_phase_composition: ethanol; mixing_time_sec: ; temperature_condition: ; post_processing: buffer exchange into PBS, pH 7.2; sterilization: ; storage_buffer: PBS, pH 7.2, stored at 5¡ÆC",animal_model: CD-1 mice; administration_route: IV; dose: 0.5 mg/kg; gene_expression_result: 2.0x fold change vs Lipid 29,Discovery of a Novel Amino Lipid That Improves Lipid Nanoparticle Performance through Specific Interactions with mRNA,"['Mark Cornebise', 'Elisabeth Narayanan', 'Yan Xia', 'Edward Acosta', 'Lei Ci', 'Hillary Koch', 'Jaclyn Milton', 'Staci Sabnis', 'Timothy Salerno', 'Kerry E. Benenato']",10.1002/adfm.202106727,Advanced Functional Materials,2022.0,CCCCCCCCC(C)COC(=O)CCCCCCCN(CCCCCCCC(=O)OC(CCCCCCCC)CCCCCCCC)CCCNC(=S)N(C)C,CCCCCCCCCCCCCCCCOC(=O)CCOCCOCCOCCOCCOCCOCCOCCOCCOCCOCCOCCOCCOCCOCCOCCOCCOCCOCCOCCOCCOCCOCCOCCOCCOCCOCCOCCOCCOCCOCCOCCOCCOCCOCCOCCOCCOCCOCCOCCOCCOCCOCCOCCOCCOCCOCCOCCOCCOCCOCCOCCOCCOCCOCCOCCOCCOCCOCCOCCOCCOCCOCCOCCOCCOCCOCCOCCOCCOCCOCCOCCOCCOCCOCCOCCOCCOCCOCCOCCOCCOCCOCCOCCOCCOCCOCCOCCOCCOCCO,CC(C)CCC[C@@H](C)[C@H]1CC[C@H]2[C@@H]3CC=C4C[C@@H](O)CC[C@]4(C)[C@H]3CC[C@]12C,CCCCCCCCCCCCCCCCCC(=O)OC[C@H](COP(=O)([O-])OCC[N+](C)(C)C)OC(=O)CCCCCCCCCCCCCCCCC,95.1,50.0,38.5,10.0,1.5,0.5,0.385,0.1,0.015,77.1,0.19
541,Custom lipid,PEG-lipid,cholesterol,DSPC,50:38.5:10:1.5,63.4,0.22,,83,NP:3.4(molar),mRNA,epo,PEG-lipid,"Heptadecan-9-yl 8-((3-((2-(methylamino)-3,4-dioxocyclobut-1-en-1-yl)amino)propyl)(8-((2-methylnonyl)oxy)-8-oxooctyl)amino)octanoate",DSPC,cholesterol,"synthesis_method: Ethanol-drop nanoprecipitation; device_used: high-efficiency mixer; total_flow_rate_ml_min: ; flow_rate_ratio: ; aqueous_phase_composition: acetate buffer, pH 5.0; organic_phase_composition: ethanol; mixing_time_sec: ; temperature_condition: ; post_processing: buffer exchange into PBS, pH 7.2; sterilization: ; storage_buffer: PBS, pH 7.2, stored at 5¡ÆC",animal_model: CD-1 mice; administration_route: IV; dose: 0.5 mg/kg; gene_expression_result: 2.0x fold change vs Lipid 29,Discovery of a Novel Amino Lipid That Improves Lipid Nanoparticle Performance through Specific Interactions with mRNA,"['Mark Cornebise', 'Elisabeth Narayanan', 'Yan Xia', 'Edward Acosta', 'Lei Ci', 'Hillary Koch', 'Jaclyn Milton', 'Staci Sabnis', 'Timothy Salerno', 'Kerry E. Benenato']",10.1002/adfm.202106727,Advanced Functional Materials,2022.0,CCCCCCCCC(C)COC(=O)CCCCCCCN(CCCCCCCC(=O)OC(CCCCCCCC)CCCCCCCC)CCCNc1c(NC)c(=O)c1=O,CCCCCCCCCCCCCCCCOC(=O)CCOCCOCCOCCOCCOCCOCCOCCOCCOCCOCCOCCOCCOCCOCCOCCOCCOCCOCCOCCOCCOCCOCCOCCOCCOCCOCCOCCOCCOCCOCCOCCOCCOCCOCCOCCOCCOCCOCCOCCOCCOCCOCCOCCOCCOCCOCCOCCOCCOCCOCCOCCOCCOCCOCCOCCOCCOCCOCCOCCOCCOCCOCCOCCOCCOCCOCCOCCOCCOCCOCCOCCOCCOCCOCCOCCOCCOCCOCCOCCOCCOCCOCCOCCOCCOCCOCCOCCOCCOCCO,CC(C)CCC[C@@H](C)[C@H]1CC[C@H]2[C@@H]3CC=C4C[C@@H](O)CC[C@]4(C)[C@H]3CC[C@]12C,CCCCCCCCCCCCCCCCCC(=O)OC[C@H](COP(=O)([O-])OCC[N+](C)(C)C)OC(=O)CCCCCCCCCCCCCCCCC,83.0,50.0,38.5,10.0,1.5,0.5,0.385,0.1,0.015,63.4,0.22
542,Custom lipid,PEG-lipid,cholesterol,DSPC,50:38.5:10:1.5,98.8,0.2,,93.8,NP:3.4(molar),mRNA,epo,PEG-lipid,"Heptadecan-9-yl 8-((3-(3,3-dimethylthioureido)propyl)(8-oxo-8-(undecan-3-yloxy)octyl)amino)octanoate",DSPC,cholesterol,"synthesis_method: Ethanol-drop nanoprecipitation; device_used: high-efficiency mixer; total_flow_rate_ml_min: ; flow_rate_ratio: ; aqueous_phase_composition: acetate buffer, pH 5.0; organic_phase_composition: ethanol; mixing_time_sec: ; temperature_condition: ; post_processing: buffer exchange into PBS, pH 7.2; sterilization: ; storage_buffer: PBS, pH 7.2, stored at 5¡ÆC",animal_model: CD-1 mice; administration_route: IV; dose: 0.5 mg/kg; gene_expression_result: 2.0x fold change vs Lipid 29,Discovery of a Novel Amino Lipid That Improves Lipid Nanoparticle Performance through Specific Interactions with mRNA,"['Mark Cornebise', 'Elisabeth Narayanan', 'Yan Xia', 'Edward Acosta', 'Lei Ci', 'Hillary Koch', 'Jaclyn Milton', 'Staci Sabnis', 'Timothy Salerno', 'Kerry E. Benenato']",10.1002/adfm.202106727,Advanced Functional Materials,2022.0,CCCCCCCCC(CC)COC(=O)CCCCCCCN(CCCCCCCC(=O)OC(CCCCCCCC)CCCCCCCC)CCCNC(=S)N(C)C,CCCCCCCCCCCCCCCCOC(=O)CCOCCOCCOCCOCCOCCOCCOCCOCCOCCOCCOCCOCCOCCOCCOCCOCCOCCOCCOCCOCCOCCOCCOCCOCCOCCOCCOCCOCCOCCOCCOCCOCCOCCOCCOCCOCCOCCOCCOCCOCCOCCOCCOCCOCCOCCOCCOCCOCCOCCOCCOCCOCCOCCOCCOCCOCCOCCOCCOCCOCCOCCOCCOCCOCCOCCOCCOCCOCCOCCOCCOCCOCCOCCOCCOCCOCCOCCOCCOCCOCCOCCOCCOCCOCCOCCOCCOCCOCCOCCO,CC(C)CCC[C@@H](C)[C@H]1CC[C@H]2[C@@H]3CC=C4C[C@@H](O)CC[C@]4(C)[C@H]3CC[C@]12C,CCCCCCCCCCCCCCCCCC(=O)OC[C@H](COP(=O)([O-])OCC[N+](C)(C)C)OC(=O)CCCCCCCCCCCCCCCCC,93.8,50.0,38.5,10.0,1.5,0.5,0.385,0.1,0.015,98.8,0.2
544,Custom lipid,PEG-lipid,cholesterol,DSPC,50:38.5:10:1.5,73.2,0.37,,97.6,NP:3.4(molar),mRNA,epo,PEG-lipid,"Heptadecan-9-yl 8-((3-(3,3-dimethylthioureido)propyl)(8-((2,2-dimethylundecyl)oxy)-8-oxooctyl)amino)octanoate",DSPC,cholesterol,"synthesis_method: Ethanol-drop nanoprecipitation; device_used: high-efficiency mixer; total_flow_rate_ml_min: ; flow_rate_ratio: ; aqueous_phase_composition: acetate buffer, pH 5.0; organic_phase_composition: ethanol; mixing_time_sec: ; temperature_condition: ; post_processing: buffer exchange into PBS, pH 7.2; sterilization: ; storage_buffer: PBS, pH 7.2, stored at 5¡ÆC",animal_model: CD-1 mice; administration_route: IV; dose: 0.5 mg/kg; gene_expression_result: 2.0x fold change vs Lipid 29,Discovery of a Novel Amino Lipid That Improves Lipid Nanoparticle Performance through Specific Interactions with mRNA,"['Mark Cornebise', 'Elisabeth Narayanan', 'Yan Xia', 'Edward Acosta', 'Lei Ci', 'Hillary Koch', 'Jaclyn Milton', 'Staci Sabnis', 'Timothy Salerno', 'Kerry E. Benenato']",10.1002/adfm.202106727,Advanced Functional Materials,2022.0,CCCCCCCCCC(C)(C)COC(=O)CCCCCCCN(CCCCCCCC(=O)OC(CCCCCCCC)CCCCCCCC)CCCNC(=S)N(C)C,CCCCCCCCCCCCCCCCOC(=O)CCOCCOCCOCCOCCOCCOCCOCCOCCOCCOCCOCCOCCOCCOCCOCCOCCOCCOCCOCCOCCOCCOCCOCCOCCOCCOCCOCCOCCOCCOCCOCCOCCOCCOCCOCCOCCOCCOCCOCCOCCOCCOCCOCCOCCOCCOCCOCCOCCOCCOCCOCCOCCOCCOCCOCCOCCOCCOCCOCCOCCOCCOCCOCCOCCOCCOCCOCCOCCOCCOCCOCCOCCOCCOCCOCCOCCOCCOCCOCCOCCOCCOCCOCCOCCOCCOCCOCCOCCOCCO,CC(C)CCC[C@@H](C)[C@H]1CC[C@H]2[C@@H]3CC=C4C[C@@H](O)CC[C@]4(C)[C@H]3CC[C@]12C,CCCCCCCCCCCCCCCCCC(=O)OC[C@H](COP(=O)([O-])OCC[N+](C)(C)C)OC(=O)CCCCCCCCCCCCCCCCC,97.6,50.0,38.5,10.0,1.5,0.5,0.385,0.1,0.015,73.2,0.37
545,Custom lipid,PEG-lipid,cholesterol,DSPC,50:38.5:10:1.5,83.2,0.11,,96,NP:3.4(molar),mRNA,epo,PEG-lipid,Heptadecan-9-yl 8-((3-((3-(2-naphthyl)ureido)propyl)(8-(nonyloxy)-8-oxooctyl)amino)octanoate,DSPC,cholesterol,"synthesis_method: Ethanol-drop nanoprecipitation; device_used: high-efficiency mixer; total_flow_rate_ml_min: ; flow_rate_ratio: ; aqueous_phase_composition: acetate buffer, pH 5.0; organic_phase_composition: ethanol; mixing_time_sec: ; temperature_condition: ; post_processing: buffer exchange into PBS, pH 7.2; sterilization: ; storage_buffer: PBS, pH 7.2, stored at 5¡ÆC",animal_model: CD-1 mice; administration_route: IV; dose: 0.5 mg/kg; gene_expression_result: 0.5x fold change vs Lipid 29,Discovery of a Novel Amino Lipid That Improves Lipid Nanoparticle Performance through Specific Interactions with mRNA,"['Mark Cornebise', 'Elisabeth Narayanan', 'Yan Xia', 'Edward Acosta', 'Lei Ci', 'Hillary Koch', 'Jaclyn Milton', 'Staci Sabnis', 'Timothy Salerno', 'Kerry E. Benenato']",10.1002/adfm.202106727,Advanced Functional Materials,2022.0,CCCCCCCCCOC(=O)CCCCCCCN(CCCCCCCC(=O)OC(CCCCCCCC)CCCCCCCC)CCCNC(=O)Nc1ccc2ccccc2c1,CCCCCCCCCCCCCCCCOC(=O)CCOCCOCCOCCOCCOCCOCCOCCOCCOCCOCCOCCOCCOCCOCCOCCOCCOCCOCCOCCOCCOCCOCCOCCOCCOCCOCCOCCOCCOCCOCCOCCOCCOCCOCCOCCOCCOCCOCCOCCOCCOCCOCCOCCOCCOCCOCCOCCOCCOCCOCCOCCOCCOCCOCCOCCOCCOCCOCCOCCOCCOCCOCCOCCOCCOCCOCCOCCOCCOCCOCCOCCOCCOCCOCCOCCOCCOCCOCCOCCOCCOCCOCCOCCOCCOCCOCCOCCOCCOCCO,CC(C)CCC[C@@H](C)[C@H]1CC[C@H]2[C@@H]3CC=C4C[C@@H](O)CC[C@]4(C)[C@H]3CC[C@]12C,CCCCCCCCCCCCCCCCCC(=O)OC[C@H](COP(=O)([O-])OCC[N+](C)(C)C)OC(=O)CCCCCCCCCCCCCCCCC,96.0,50.0,38.5,10.0,1.5,0.5,0.385,0.1,0.015,83.2,0.11
546,Custom lipid,PEG-lipid,cholesterol,DSPC,50:38.5:10:1.5,98.7,0.16,,98.1,NP:3.4(molar),mRNA,epo,PEG-lipid,Heptadecan-9-yl 8-((3-((3-(phenyl)ureido)propyl)(8-(nonyloxy)-8-oxooctyl)amino)octanoate,DSPC,cholesterol,"synthesis_method: Ethanol-drop nanoprecipitation; device_used: high-efficiency mixer; total_flow_rate_ml_min: ; flow_rate_ratio: ; aqueous_phase_composition: acetate buffer, pH 5.0; organic_phase_composition: ethanol; mixing_time_sec: ; temperature_condition: ; post_processing: buffer exchange into PBS, pH 7.2; sterilization: ; storage_buffer: PBS, pH 7.2, stored at 5¡ÆC",animal_model: CD-1 mice; administration_route: IV; dose: 0.5 mg/kg; gene_expression_result: 0.5x fold change vs Lipid 29,Discovery of a Novel Amino Lipid That Improves Lipid Nanoparticle Performance through Specific Interactions with mRNA,"['Mark Cornebise', 'Elisabeth Narayanan', 'Yan Xia', 'Edward Acosta', 'Lei Ci', 'Hillary Koch', 'Jaclyn Milton', 'Staci Sabnis', 'Timothy Salerno', 'Kerry E. Benenato']",10.1002/adfm.202106727,Advanced Functional Materials,2022.0,CCCCCCCCCOC(=O)CCCCCCCN(CCCCCCCC(=O)OC(CCCCCCCC)CCCCCCCC)CCCNC(=O)Nc1ccccc1,CCCCCCCCCCCCCCCCOC(=O)CCOCCOCCOCCOCCOCCOCCOCCOCCOCCOCCOCCOCCOCCOCCOCCOCCOCCOCCOCCOCCOCCOCCOCCOCCOCCOCCOCCOCCOCCOCCOCCOCCOCCOCCOCCOCCOCCOCCOCCOCCOCCOCCOCCOCCOCCOCCOCCOCCOCCOCCOCCOCCOCCOCCOCCOCCOCCOCCOCCOCCOCCOCCOCCOCCOCCOCCOCCOCCOCCOCCOCCOCCOCCOCCOCCOCCOCCOCCOCCOCCOCCOCCOCCOCCOCCOCCOCCOCCOCCO,CC(C)CCC[C@@H](C)[C@H]1CC[C@H]2[C@@H]3CC=C4C[C@@H](O)CC[C@]4(C)[C@H]3CC[C@]12C,CCCCCCCCCCCCCCCCCC(=O)OC[C@H](COP(=O)([O-])OCC[N+](C)(C)C)OC(=O)CCCCCCCCCCCCCCCCC,98.1,50.0,38.5,10.0,1.5,0.5,0.385,0.1,0.015,98.7,0.16
547,Custom lipid,PEG-lipid,cholesterol,DSPC,50:38.5:10:1.5,96.3,0.16,,97.5,NP:3.4(molar),mRNA,epo,PEG-lipid,Heptadecan-9-yl 8-((3-((3-(4-fluorophenyl)ureido)propyl)(8-(nonyloxy)-8-oxooctyl)amino)octanoate,DSPC,cholesterol,"synthesis_method: Ethanol-drop nanoprecipitation; device_used: high-efficiency mixer; total_flow_rate_ml_min: ; flow_rate_ratio: ; aqueous_phase_composition: acetate buffer, pH 5.0; organic_phase_composition: ethanol; mixing_time_sec: ; temperature_condition: ; post_processing: buffer exchange into PBS, pH 7.2; sterilization: ; storage_buffer: PBS, pH 7.2, stored at 5¡ÆC",animal_model: CD-1 mice; administration_route: IV; dose: 0.5 mg/kg; gene_expression_result: 0.5x fold change vs Lipid 29,Discovery of a Novel Amino Lipid That Improves Lipid Nanoparticle Performance through Specific Interactions with mRNA,"['Mark Cornebise', 'Elisabeth Narayanan', 'Yan Xia', 'Edward Acosta', 'Lei Ci', 'Hillary Koch', 'Jaclyn Milton', 'Staci Sabnis', 'Timothy Salerno', 'Kerry E. Benenato']",10.1002/adfm.202106727,Advanced Functional Materials,2022.0,CCCCCCCCCOC(=O)CCCCCCCN(CCCCCCCC(=O)OC(CCCCCCCC)CCCCCCCC)CCCNC(=O)Nc1ccc(F)cc1,CCCCCCCCCCCCCCCCOC(=O)CCOCCOCCOCCOCCOCCOCCOCCOCCOCCOCCOCCOCCOCCOCCOCCOCCOCCOCCOCCOCCOCCOCCOCCOCCOCCOCCOCCOCCOCCOCCOCCOCCOCCOCCOCCOCCOCCOCCOCCOCCOCCOCCOCCOCCOCCOCCOCCOCCOCCOCCOCCOCCOCCOCCOCCOCCOCCOCCOCCOCCOCCOCCOCCOCCOCCOCCOCCOCCOCCOCCOCCOCCOCCOCCOCCOCCOCCOCCOCCOCCOCCOCCOCCOCCOCCOCCOCCOCCOCCO,CC(C)CCC[C@@H](C)[C@H]1CC[C@H]2[C@@H]3CC=C4C[C@@H](O)CC[C@]4(C)[C@H]3CC[C@]12C,CCCCCCCCCCCCCCCCCC(=O)OC[C@H](COP(=O)([O-])OCC[N+](C)(C)C)OC(=O)CCCCCCCCCCCCCCCCC,97.5,50.0,38.5,10.0,1.5,0.5,0.385,0.1,0.015,96.3,0.16
548,Custom lipid,PEG-lipid,cholesterol,DSPC,50:38.5:10:1.5,60.4,0.11,,99,NP:3.4(molar),mRNA,epo,PEG-lipid,Heptadecan-9-yl 8-((3-((3-(4-chlorophenyl)ureido)propyl)(8-(nonyloxy)-8-oxooctyl)amino)octanoate,DSPC,cholesterol,"synthesis_method: Ethanol-drop nanoprecipitation; device_used: high-efficiency mixer; total_flow_rate_ml_min: ; flow_rate_ratio: ; aqueous_phase_composition: acetate buffer, pH 5.0; organic_phase_composition: ethanol; mixing_time_sec: ; temperature_condition: ; post_processing: buffer exchange into PBS, pH 7.2; sterilization: ; storage_buffer: PBS, pH 7.2, stored at 5¡ÆC",animal_model: CD-1 mice; administration_route: IV; dose: 0.5 mg/kg; gene_expression_result: 0.7x fold change vs Lipid 29,Discovery of a Novel Amino Lipid That Improves Lipid Nanoparticle Performance through Specific Interactions with mRNA,"['Mark Cornebise', 'Elisabeth Narayanan', 'Yan Xia', 'Edward Acosta', 'Lei Ci', 'Hillary Koch', 'Jaclyn Milton', 'Staci Sabnis', 'Timothy Salerno', 'Kerry E. Benenato']",10.1002/adfm.202106727,Advanced Functional Materials,2022.0,CCCCCCCCCOC(=O)CCCCCCCN(CCCCCCCC(=O)OC(CCCCCCCC)CCCCCCCC)CCCNC(=O)Nc1ccc(Cl)cc1,CCCCCCCCCCCCCCCCOC(=O)CCOCCOCCOCCOCCOCCOCCOCCOCCOCCOCCOCCOCCOCCOCCOCCOCCOCCOCCOCCOCCOCCOCCOCCOCCOCCOCCOCCOCCOCCOCCOCCOCCOCCOCCOCCOCCOCCOCCOCCOCCOCCOCCOCCOCCOCCOCCOCCOCCOCCOCCOCCOCCOCCOCCOCCOCCOCCOCCOCCOCCOCCOCCOCCOCCOCCOCCOCCOCCOCCOCCOCCOCCOCCOCCOCCOCCOCCOCCOCCOCCOCCOCCOCCOCCOCCOCCOCCOCCOCCO,CC(C)CCC[C@@H](C)[C@H]1CC[C@H]2[C@@H]3CC=C4C[C@@H](O)CC[C@]4(C)[C@H]3CC[C@]12C,CCCCCCCCCCCCCCCCCC(=O)OC[C@H](COP(=O)([O-])OCC[N+](C)(C)C)OC(=O)CCCCCCCCCCCCCCCCC,99.0,50.0,38.5,10.0,1.5,0.5,0.385,0.1,0.015,60.4,0.11
549,Custom lipid,PEG-lipid,cholesterol,DSPC,50:38.5:10:1.5,92,0.16,,97.6,NP:3.4(molar),mRNA,epo,PEG-lipid,Heptadecan-9-yl 8-((3-((3-(4-methoxyphenyl)ureido)propyl)(8-(nonyloxy)-8-oxooctyl)amino)octanoate,DSPC,cholesterol,"synthesis_method: Ethanol-drop nanoprecipitation; device_used: high-efficiency mixer; total_flow_rate_ml_min: ; flow_rate_ratio: ; aqueous_phase_composition: acetate buffer, pH 5.0; organic_phase_composition: ethanol; mixing_time_sec: ; temperature_condition: ; post_processing: buffer exchange into PBS, pH 7.2; sterilization: ; storage_buffer: PBS, pH 7.2, stored at 5¡ÆC",animal_model: CD-1 mice; administration_route: IV; dose: 0.5 mg/kg; gene_expression_result: 0.7x fold change vs Lipid 29,Discovery of a Novel Amino Lipid That Improves Lipid Nanoparticle Performance through Specific Interactions with mRNA,"['Mark Cornebise', 'Elisabeth Narayanan', 'Yan Xia', 'Edward Acosta', 'Lei Ci', 'Hillary Koch', 'Jaclyn Milton', 'Staci Sabnis', 'Timothy Salerno', 'Kerry E. Benenato']",10.1002/adfm.202106727,Advanced Functional Materials,2022.0,CCCCCCCCCOC(=O)CCCCCCCN(CCCCCCCC(=O)OC(CCCCCCCC)CCCCCCCC)CCCNC(=O)Nc1ccc(OC)cc1,CCCCCCCCCCCCCCCCOC(=O)CCOCCOCCOCCOCCOCCOCCOCCOCCOCCOCCOCCOCCOCCOCCOCCOCCOCCOCCOCCOCCOCCOCCOCCOCCOCCOCCOCCOCCOCCOCCOCCOCCOCCOCCOCCOCCOCCOCCOCCOCCOCCOCCOCCOCCOCCOCCOCCOCCOCCOCCOCCOCCOCCOCCOCCOCCOCCOCCOCCOCCOCCOCCOCCOCCOCCOCCOCCOCCOCCOCCOCCOCCOCCOCCOCCOCCOCCOCCOCCOCCOCCOCCOCCOCCOCCOCCOCCOCCOCCO,CC(C)CCC[C@@H](C)[C@H]1CC[C@H]2[C@@H]3CC=C4C[C@@H](O)CC[C@]4(C)[C@H]3CC[C@]12C,CCCCCCCCCCCCCCCCCC(=O)OC[C@H](COP(=O)([O-])OCC[N+](C)(C)C)OC(=O)CCCCCCCCCCCCCCCCC,97.6,50.0,38.5,10.0,1.5,0.5,0.385,0.1,0.015,92.0,0.16
550,Custom lipid,PEG-lipid,cholesterol,DSPC,50:38.5:10:1.5,104.4,0.18,,95.3,NP:3.4(molar),mRNA,epo,PEG-lipid,Heptadecan-9-yl 8-((3-((3-(4-nitrophenyl)ureido)propyl)(8-(nonyloxy)-8-oxooctyl)amino)octanoate,DSPC,cholesterol,"synthesis_method: Ethanol-drop nanoprecipitation; device_used: high-efficiency mixer; total_flow_rate_ml_min: ; flow_rate_ratio: ; aqueous_phase_composition: acetate buffer, pH 5.0; organic_phase_composition: ethanol; mixing_time_sec: ; temperature_condition: ; post_processing: buffer exchange into PBS, pH 7.2; sterilization: ; storage_buffer: PBS, pH 7.2, stored at 5¡ÆC",animal_model: CD-1 mice; administration_route: IV; dose: 0.5 mg/kg; gene_expression_result: 0.5x fold change vs Lipid 29,Discovery of a Novel Amino Lipid That Improves Lipid Nanoparticle Performance through Specific Interactions with mRNA,"['Mark Cornebise', 'Elisabeth Narayanan', 'Yan Xia', 'Edward Acosta', 'Lei Ci', 'Hillary Koch', 'Jaclyn Milton', 'Staci Sabnis', 'Timothy Salerno', 'Kerry E. Benenato']",10.1002/adfm.202106727,Advanced Functional Materials,2022.0,CCCCCCCCCOC(=O)CCCCCCCN(CCCCCCCC(=O)OC(CCCCCCCC)CCCCCCCC)CCCNC(=O)Nc1ccc([N+](=O)[O-])cc1,CCCCCCCCCCCCCCCCOC(=O)CCOCCOCCOCCOCCOCCOCCOCCOCCOCCOCCOCCOCCOCCOCCOCCOCCOCCOCCOCCOCCOCCOCCOCCOCCOCCOCCOCCOCCOCCOCCOCCOCCOCCOCCOCCOCCOCCOCCOCCOCCOCCOCCOCCOCCOCCOCCOCCOCCOCCOCCOCCOCCOCCOCCOCCOCCOCCOCCOCCOCCOCCOCCOCCOCCOCCOCCOCCOCCOCCOCCOCCOCCOCCOCCOCCOCCOCCOCCOCCOCCOCCOCCOCCOCCOCCOCCOCCOCCOCCO,CC(C)CCC[C@@H](C)[C@H]1CC[C@H]2[C@@H]3CC=C4C[C@@H](O)CC[C@]4(C)[C@H]3CC[C@]12C,CCCCCCCCCCCCCCCCCC(=O)OC[C@H](COP(=O)([O-])OCC[N+](C)(C)C)OC(=O)CCCCCCCCCCCCCCCCC,95.3,50.0,38.5,10.0,1.5,0.5,0.385,0.1,0.015,104.4,0.18
551,Custom lipid,PEG-lipid,cholesterol,DSPC,50:38.5:10:1.5,75.8,0.08,,95,NP:3.4(molar),mRNA,epo,PEG-lipid,"Heptadecan-9-yl 8-((3-(3,3-dimethylureido)propyl)(10-oxodecyl)amino)octanoate",DSPC,cholesterol,"synthesis_method: Ethanol-drop nanoprecipitation; device_used: high-efficiency mixer; total_flow_rate_ml_min: ; flow_rate_ratio: ; aqueous_phase_composition: acetate buffer, pH 5.0; organic_phase_composition: ethanol; mixing_time_sec: ; temperature_condition: ; post_processing: buffer exchange into PBS, pH 7.2; sterilization: ; storage_buffer: PBS, pH 7.2, stored at 5¡ÆC",animal_model: CD-1 mice; administration_route: IV; dose: 0.5 mg/kg; gene_expression_result: 2.0x fold change vs Lipid 29,Discovery of a Novel Amino Lipid That Improves Lipid Nanoparticle Performance through Specific Interactions with mRNA,"['Mark Cornebise', 'Elisabeth Narayanan', 'Yan Xia', 'Edward Acosta', 'Lei Ci', 'Hillary Koch', 'Jaclyn Milton', 'Staci Sabnis', 'Timothy Salerno', 'Kerry E. Benenato']",10.1002/adfm.202106727,Advanced Functional Materials,2022.0,CCCCCCCCC(CCCCCCCC)OC(=O)CCCCCCCN(CCCCCCCCC(C)=O)CCCNC(=O)N(C)C,CCCCCCCCCCCCCCCCOC(=O)CCOCCOCCOCCOCCOCCOCCOCCOCCOCCOCCOCCOCCOCCOCCOCCOCCOCCOCCOCCOCCOCCOCCOCCOCCOCCOCCOCCOCCOCCOCCOCCOCCOCCOCCOCCOCCOCCOCCOCCOCCOCCOCCOCCOCCOCCOCCOCCOCCOCCOCCOCCOCCOCCOCCOCCOCCOCCOCCOCCOCCOCCOCCOCCOCCOCCOCCOCCOCCOCCOCCOCCOCCOCCOCCOCCOCCOCCOCCOCCOCCOCCOCCOCCOCCOCCOCCOCCOCCOCCO,CC(C)CCC[C@@H](C)[C@H]1CC[C@H]2[C@@H]3CC=C4C[C@@H](O)CC[C@]4(C)[C@H]3CC[C@]12C,CCCCCCCCCCCCCCCCCC(=O)OC[C@H](COP(=O)([O-])OCC[N+](C)(C)C)OC(=O)CCCCCCCCCCCCCCCCC,95.0,50.0,38.5,10.0,1.5,0.5,0.385,0.1,0.015,75.8,0.08
552,Custom lipid,PEG-lipid,cholesterol,DSPC,50:38.5:10:1.5,57.6,0.07,,83,NP:3.4(molar),mRNA,epo,PEG-lipid,"Heptadecan-9-yl 8-((3-(3,3-dimethylureido)propyl)(6-oxododecyl)amino)octanoate",DSPC,cholesterol,"synthesis_method: Ethanol-drop nanoprecipitation; device_used: high-efficiency mixer; total_flow_rate_ml_min: ; flow_rate_ratio: ; aqueous_phase_composition: acetate buffer, pH 5.0; organic_phase_composition: ethanol; mixing_time_sec: ; temperature_condition: ; post_processing: buffer exchange into PBS, pH 7.2; sterilization: ; storage_buffer: PBS, pH 7.2, stored at 5¡ÆC",animal_model: CD-1 mice; administration_route: IV; dose: 0.5 mg/kg; gene_expression_result: 0.1x fold change vs Lipid 29,Discovery of a Novel Amino Lipid That Improves Lipid Nanoparticle Performance through Specific Interactions with mRNA,"['Mark Cornebise', 'Elisabeth Narayanan', 'Yan Xia', 'Edward Acosta', 'Lei Ci', 'Hillary Koch', 'Jaclyn Milton', 'Staci Sabnis', 'Timothy Salerno', 'Kerry E. Benenato']",10.1002/adfm.202106727,Advanced Functional Materials,2022.0,CCCCCCCCC(CCCCCCCC)OC(=O)CCCCCCCN(CCCCCC(=O)CCCCC)CCCNC(=O)N(C)C,CCCCCCCCCCCCCCCCOC(=O)CCOCCOCCOCCOCCOCCOCCOCCOCCOCCOCCOCCOCCOCCOCCOCCOCCOCCOCCOCCOCCOCCOCCOCCOCCOCCOCCOCCOCCOCCOCCOCCOCCOCCOCCOCCOCCOCCOCCOCCOCCOCCOCCOCCOCCOCCOCCOCCOCCOCCOCCOCCOCCOCCOCCOCCOCCOCCOCCOCCOCCOCCOCCOCCOCCOCCOCCOCCOCCOCCOCCOCCOCCOCCOCCOCCOCCOCCOCCOCCOCCOCCOCCOCCOCCOCCOCCOCCOCCOCCO,CC(C)CCC[C@@H](C)[C@H]1CC[C@H]2[C@@H]3CC=C4C[C@@H](O)CC[C@]4(C)[C@H]3CC[C@]12C,CCCCCCCCCCCCCCCCCC(=O)OC[C@H](COP(=O)([O-])OCC[N+](C)(C)C)OC(=O)CCCCCCCCCCCCCCCCC,83.0,50.0,38.5,10.0,1.5,0.5,0.385,0.1,0.015,57.6,0.07
553,Custom lipid,PEG-lipid,cholesterol,DSPC,50:38.5:10:1.5,89.4,0.16,,99,NP:3.4(molar),mRNA,epo,PEG-lipid,"Heptadecan-9-yl 8-((3-(3,3-dimethylureido)propyl)(3,7-dimethyloctyl)amino)octanoate",DSPC,cholesterol,"synthesis_method: Ethanol-drop nanoprecipitation; device_used: high-efficiency mixer; total_flow_rate_ml_min: ; flow_rate_ratio: ; aqueous_phase_composition: acetate buffer, pH 5.0; organic_phase_composition: ethanol; mixing_time_sec: ; temperature_condition: ; post_processing: buffer exchange into PBS, pH 7.2; sterilization: ; storage_buffer: PBS, pH 7.2, stored at 5¡ÆC",animal_model: CD-1 mice; administration_route: IV; dose: 0.5 mg/kg; gene_expression_result: 0.1x fold change vs Lipid 29,Discovery of a Novel Amino Lipid That Improves Lipid Nanoparticle Performance through Specific Interactions with mRNA,"['Mark Cornebise', 'Elisabeth Narayanan', 'Yan Xia', 'Edward Acosta', 'Lei Ci', 'Hillary Koch', 'Jaclyn Milton', 'Staci Sabnis', 'Timothy Salerno', 'Kerry E. Benenato']",10.1002/adfm.202106727,Advanced Functional Materials,2022.0,CCCCCCCCC(CCCCCCCC)OC(=O)CCCCCCCN(CCCNC(=O)N(C)C)CCC(C)CCC(C)CCC,CCCCCCCCCCCCCCCCOC(=O)CCOCCOCCOCCOCCOCCOCCOCCOCCOCCOCCOCCOCCOCCOCCOCCOCCOCCOCCOCCOCCOCCOCCOCCOCCOCCOCCOCCOCCOCCOCCOCCOCCOCCOCCOCCOCCOCCOCCOCCOCCOCCOCCOCCOCCOCCOCCOCCOCCOCCOCCOCCOCCOCCOCCOCCOCCOCCOCCOCCOCCOCCOCCOCCOCCOCCOCCOCCOCCOCCOCCOCCOCCOCCOCCOCCOCCOCCOCCOCCOCCOCCOCCOCCOCCOCCOCCOCCOCCOCCO,CC(C)CCC[C@@H](C)[C@H]1CC[C@H]2[C@@H]3CC=C4C[C@@H](O)CC[C@]4(C)[C@H]3CC[C@]12C,CCCCCCCCCCCCCCCCCC(=O)OC[C@H](COP(=O)([O-])OCC[N+](C)(C)C)OC(=O)CCCCCCCCCCCCCCCCC,99.0,50.0,38.5,10.0,1.5,0.5,0.385,0.1,0.015,89.4,0.16
554,Custom lipid,PEG-lipid,cholesterol,DSPC,50:38.5:10:1.5,65.9,0.2,,99,NP:3.4(molar),mRNA,epo,PEG-lipid,"Heptadecan-9-yl 8-((3-(3,3-dimethylureido)propyl)(3,7,11-trimethyldodecyl)amino)octanoate",DSPC,cholesterol,"synthesis_method: Ethanol-drop nanoprecipitation; device_used: high-efficiency mixer; total_flow_rate_ml_min: ; flow_rate_ratio: ; aqueous_phase_composition: acetate buffer, pH 5.0; organic_phase_composition: ethanol; mixing_time_sec: ; temperature_condition: ; post_processing: buffer exchange into PBS, pH 7.2; sterilization: ; storage_buffer: PBS, pH 7.2, stored at 5¡ÆC",animal_model: CD-1 mice; administration_route: IV; dose: 0.5 mg/kg; gene_expression_result: 0.1x fold change vs Lipid 29,Discovery of a Novel Amino Lipid That Improves Lipid Nanoparticle Performance through Specific Interactions with mRNA,"['Mark Cornebise', 'Elisabeth Narayanan', 'Yan Xia', 'Edward Acosta', 'Lei Ci', 'Hillary Koch', 'Jaclyn Milton', 'Staci Sabnis', 'Timothy Salerno', 'Kerry E. Benenato']",10.1002/adfm.202106727,Advanced Functional Materials,2022.0,CCCCCCCCC(CCCCCCCC)OC(=O)CCCCCCCN(CCCNC(=O)N(C)C)CCC(C)CCC(C)CCC(C)CCC,CCCCCCCCCCCCCCCCOC(=O)CCOCCOCCOCCOCCOCCOCCOCCOCCOCCOCCOCCOCCOCCOCCOCCOCCOCCOCCOCCOCCOCCOCCOCCOCCOCCOCCOCCOCCOCCOCCOCCOCCOCCOCCOCCOCCOCCOCCOCCOCCOCCOCCOCCOCCOCCOCCOCCOCCOCCOCCOCCOCCOCCOCCOCCOCCOCCOCCOCCOCCOCCOCCOCCOCCOCCOCCOCCOCCOCCOCCOCCOCCOCCOCCOCCOCCOCCOCCOCCOCCOCCOCCOCCOCCOCCOCCOCCOCCOCCO,CC(C)CCC[C@@H](C)[C@H]1CC[C@H]2[C@@H]3CC=C4C[C@@H](O)CC[C@]4(C)[C@H]3CC[C@]12C,CCCCCCCCCCCCCCCCCC(=O)OC[C@H](COP(=O)([O-])OCC[N+](C)(C)C)OC(=O)CCCCCCCCCCCCCCCCC,99.0,50.0,38.5,10.0,1.5,0.5,0.385,0.1,0.015,65.9,0.2
555,ALC-0315,ALC-0159,cholesterol,DSPC,46.3:1.5:42.7:9.5,104,0.012,,90,CONC:0.27(mg/mL)[pDNA],DNA,bnt162b2_pdna,ALC-0159,ALC-0315,DSPC,cholesterol,synthesis_method: Batch (pipetting); device_used: Pipetting; total_flow_rate_ml_min: ; flow_rate_ratio: ; aqueous_phase_composition: 50 mM sodium citrate buffer at pH 4; organic_phase_composition: ethanol; mixing_time_sec: ; temperature_condition: ; post_processing: ; sterilization: ; storage_buffer: 50 mM sodium citrate buffer at pH 4,,Formulation of Nucleic Acids by Encapsulation in Lipid Nanoparticles for Continuous Production of mRNA,"['Alina Hengelbrock', 'Axel Schmidt', 'Jochen Strube']",https://doi.org/10.3390/pr11061718,Processes,2023.0,CCCCCCCCC(CCCCCC)C(=O)OCCCCCCN(CCCCO)CCCCCCOC(=O)C(CCCCCC)CCCCCCCC,CCCCCCCCCCCCCCCCCCCCCCCCCCCCCCCCCCCCCCCCCCCCCCCCCCCCCCCCCCN(CCCCCCCCCC(=O)OC)CC(O)COC(=O)CCCCCCCCC,CC(C)CCC[C@@H](C)[C@H]1CC[C@H]2[C@@H]3CC=C4C[C@@H](O)CC[C@]4(C)[C@H]3CC[C@]12C,CCCCCCCCCCCCCCCCCC(=O)OC[C@H](COP(=O)([O-])OCC[N+](C)(C)C)OC(=O)CCCCCCCCCCCCCCCCC,90.0,46.3,1.5,42.7,9.5,0.46299999999999997,0.015,0.42700000000000005,0.095,104.0,0.012
557,ALC-0315,ALC-0159,cholesterol,DSPC,46.3:1.5:42.7:9.5,120,0.027,,32,CONC:0.27(mg/mL)[pDNA],DNA,bnt162b2_pdna,ALC-0159,ALC-0315,DSPC,cholesterol,synthesis_method: Batch (pipetting); device_used: Pipetting; total_flow_rate_ml_min: ; flow_rate_ratio: ; aqueous_phase_composition: 50 mM sodium citrate buffer at pH 4; organic_phase_composition: ethanol; mixing_time_sec: ; temperature_condition: ; post_processing: ; sterilization: ; storage_buffer: 50 mM sodium citrate buffer at pH 4,,Formulation of Nucleic Acids by Encapsulation in Lipid Nanoparticles for Continuous Production of mRNA,"['Alina Hengelbrock', 'Axel Schmidt', 'Jochen Strube']",https://doi.org/10.3390/pr11061718,Processes,2023.0,CCCCCCCCC(CCCCCC)C(=O)OCCCCCCN(CCCCO)CCCCCCOC(=O)C(CCCCCC)CCCCCCCC,CCCCCCCCCCCCCCCCCCCCCCCCCCCCCCCCCCCCCCCCCCCCCCCCCCCCCCCCCCN(CCCCCCCCCC(=O)OC)CC(O)COC(=O)CCCCCCCCC,CC(C)CCC[C@@H](C)[C@H]1CC[C@H]2[C@@H]3CC=C4C[C@@H](O)CC[C@]4(C)[C@H]3CC[C@]12C,CCCCCCCCCCCCCCCCCC(=O)OC[C@H](COP(=O)([O-])OCC[N+](C)(C)C)OC(=O)CCCCCCCCCCCCCCCCC,32.0,46.3,1.5,42.7,9.5,0.46299999999999997,0.015,0.42700000000000005,0.095,120.0,0.027
558,ALC-0315,ALC-0159,cholesterol,DSPC,46.3:1.5:42.7:9.5,71,0.004,,88,,DNA,bnt162b2_pdna,ALC-0159,ALC-0315,DSPC,cholesterol,"synthesis_method: Continuous (T-mixer); device_used: T-mixer; total_flow_rate_ml_min: 12; flow_rate_ratio: 3:1 (aqueous:organic); aqueous_phase_composition: 50 mM sodium citrate buffer at pH 4; organic_phase_composition: ethanol; mixing_time_sec: ; temperature_condition: ; post_processing: TFF/UF/DF with 9 diavolumes, buffer exchange to 1X PBS pH 7.4; sterilization: ; storage_buffer: 1X PBS pH 7.4",,Formulation of Nucleic Acids by Encapsulation in Lipid Nanoparticles for Continuous Production of mRNA,"['Alina Hengelbrock', 'Axel Schmidt', 'Jochen Strube']",https://doi.org/10.3390/pr11061718,Processes,2023.0,CCCCCCCCC(CCCCCC)C(=O)OCCCCCCN(CCCCO)CCCCCCOC(=O)C(CCCCCC)CCCCCCCC,CCCCCCCCCCCCCCCCCCCCCCCCCCCCCCCCCCCCCCCCCCCCCCCCCCCCCCCCCCN(CCCCCCCCCC(=O)OC)CC(O)COC(=O)CCCCCCCCC,CC(C)CCC[C@@H](C)[C@H]1CC[C@H]2[C@@H]3CC=C4C[C@@H](O)CC[C@]4(C)[C@H]3CC[C@]12C,CCCCCCCCCCCCCCCCCC(=O)OC[C@H](COP(=O)([O-])OCC[N+](C)(C)C)OC(=O)CCCCCCCCCCCCCCCCC,88.0,46.3,1.5,42.7,9.5,0.46299999999999997,0.015,0.42700000000000005,0.095,71.0,0.004
563,DLin-KC2-DMA,DSPE-PEG2000,cholesterol,DSPC,50:10:39:1,19 (liposomes pH 4); 39.4 (electron-dense pH 4); 55.6 (pH 7.4),,,>85,NP:6(molar),mRNA,firefly_luciferase,PEG-DSPE,KC2,DSPC,cholesterol,"synthesis_method: Ethanol injection/rapid-mixing; device_used: T-junction mixer; total_flow_rate_ml_min: 20; flow_rate_ratio: 3:1 (aqueous:organic); aqueous_phase_composition: 25 mM sodium acetate pH 4.0 buffer with mRNA (0.029 mg/¥ìmol lipid, N/P=6); organic_phase_composition: ethanol with 10-15 mM total lipid; mixing_time_sec: ; temperature_condition: ; post_processing: dialysis against pH 4 buffer or PBS pH 7.4; sterilization: ; storage_buffer: 25 mM sodium acetate pH 4.0 or PBS pH 7.4",,Fusion-dependent formation of lipid nanoparticles containing macromolecular payloads,"['Jayesh A. Kulkarni', 'Dominik Witzigmann', 'Jerry Leung', 'Roy van der Meel', 'Josh Zaifman', 'Maria M. Darjuan', 'Hiu Man Grisch-Chan', 'Beat Thony', 'Yuen Yi C. Tam', 'Pieter R. Cullis']",10.1039/C9NR02004G,Nanoscale,2019.0,CCCCC/C=C\C/C=C\CCCCCCCCC1(CCCCCCCC/C=C\C/C=C\CCCCC)OCC(CCN(C)C)O1,CCCCCCCCCCCCCCCCCC(=O)OCC(COP(=O)([O-])OCCN[C@@H](CO)C(=O)NCCOCCOCCOCCOCCOCCOCCOCCOCCOCCOCCOCCOCCOCCOCCOCCOCCOCCOCCOCCOCCOCCOCCOCCOCCOCCOCCOCCOCCOCCOCCOCCOCCOCCOCCOCCOCCOCCOCCOCCOCCOCCOCCOCCOCCOCCOCCOCCOCCOCCOCCOCCOCCOCCOCCOCCOCCOCCOCCOCCOCCOCCOCCOCCOCCOCCOCCOCCOCCOCCOCCOCCOCCOCCOCCOCCOCCOCCOCCOCCOCCOCCOCCOCCOCCOCCOCCOCCOCCOCCO)OC(=O)CCCCCCCCCCCCCCCCC,CC(C)CCC[C@@H](C)[C@H]1CC[C@H]2[C@@H]3CC=C4C[C@@H](O)CC[C@]4(C)[C@H]3CC[C@]12C,CCCCCCCCCCCCCCCCCC(=O)OC[C@H](COP(=O)([O-])OCC[N+](C)(C)C)OC(=O)CCCCCCCCCCCCCCCCC,85.0,50.0,10.0,39.0,1.0,0.5,0.1,0.39,0.01,19.0,
564,DLin-KC2-DMA,DSPE-PEG2000,cholesterol,DSPC,50:10:39:1,18.5 (liposomes pH 4); 47.6 (electron-dense pH 4); 68 (pH 7.4),,,>85,NP:6(molar),DNA,minicircle_dna,PEG-DSPE,KC2,DSPC,cholesterol,"synthesis_method: Ethanol injection/rapid-mixing; device_used: T-junction mixer; total_flow_rate_ml_min: 20; flow_rate_ratio: 3:1 (aqueous:organic); aqueous_phase_composition: 25 mM sodium acetate pH 4.0 buffer with mcDNA (0.029 mg/¥ìmol lipid, N/P=6); organic_phase_composition: ethanol with 10-15 mM total lipid; mixing_time_sec: ; temperature_condition: ; post_processing: dialysis against pH 4 buffer or PBS pH 7.4; sterilization: ; storage_buffer: 25 mM sodium acetate pH 4.0 or PBS pH 7.4",,Fusion-dependent formation of lipid nanoparticles containing macromolecular payloads,"['Jayesh A. Kulkarni', 'Dominik Witzigmann', 'Jerry Leung', 'Roy van der Meel', 'Josh Zaifman', 'Maria M. Darjuan', 'Hiu Man Grisch-Chan', 'Beat Thony', 'Yuen Yi C. Tam', 'Pieter R. Cullis']",10.1039/C9NR02004G,Nanoscale,2019.0,CCCCC/C=C\C/C=C\CCCCCCCCC1(CCCCCCCC/C=C\C/C=C\CCCCC)OCC(CCN(C)C)O1,CCCCCCCCCCCCCCCCCC(=O)OCC(COP(=O)([O-])OCCN[C@@H](CO)C(=O)NCCOCCOCCOCCOCCOCCOCCOCCOCCOCCOCCOCCOCCOCCOCCOCCOCCOCCOCCOCCOCCOCCOCCOCCOCCOCCOCCOCCOCCOCCOCCOCCOCCOCCOCCOCCOCCOCCOCCOCCOCCOCCOCCOCCOCCOCCOCCOCCOCCOCCOCCOCCOCCOCCOCCOCCOCCOCCOCCOCCOCCOCCOCCOCCOCCOCCOCCOCCOCCOCCOCCOCCOCCOCCOCCOCCOCCOCCOCCOCCOCCOCCOCCOCCOCCOCCOCCOCCOCCOCCO)OC(=O)CCCCCCCCCCCCCCCCC,CC(C)CCC[C@@H](C)[C@H]1CC[C@H]2[C@@H]3CC=C4C[C@@H](O)CC[C@]4(C)[C@H]3CC[C@]12C,CCCCCCCCCCCCCCCCCC(=O)OC[C@H](COP(=O)([O-])OCC[N+](C)(C)C)OC(=O)CCCCCCCCCCCCCCCCC,85.0,50.0,10.0,39.0,1.0,0.5,0.1,0.39,0.01,18.5,
565,DLin-KC2-DMA,DSPE-PEG2000,cholesterol,DSPC,50:10:39:1,17.2 (liposomes pH 4); 56.3 (electron-dense pH 4); 67.8 (pH 7.4),,,>85,NP:6(molar),DNA,minicircle_dna,PEG-DSPE,KC2,DSPC,cholesterol,"synthesis_method: Ethanol injection/rapid-mixing; device_used: T-junction mixer; total_flow_rate_ml_min: 20; flow_rate_ratio: 3:1 (aqueous:organic); aqueous_phase_composition: 25 mM sodium acetate pH 4.0 buffer with mcDNA (0.029 mg/¥ìmol lipid, N/P=6); organic_phase_composition: ethanol with 10-15 mM total lipid; mixing_time_sec: ; temperature_condition: ; post_processing: dialysis against pH 4 buffer or PBS pH 7.4; sterilization: ; storage_buffer: 25 mM sodium acetate pH 4.0 or PBS pH 7.4",,Fusion-dependent formation of lipid nanoparticles containing macromolecular payloads,"['Jayesh A. Kulkarni', 'Dominik Witzigmann', 'Jerry Leung', 'Roy van der Meel', 'Josh Zaifman', 'Maria M. Darjuan', 'Hiu Man Grisch-Chan', 'Beat Thony', 'Yuen Yi C. Tam', 'Pieter R. Cullis']",10.1039/C9NR02004G,Nanoscale,2019.0,CCCCC/C=C\C/C=C\CCCCCCCCC1(CCCCCCCC/C=C\C/C=C\CCCCC)OCC(CCN(C)C)O1,CCCCCCCCCCCCCCCCCC(=O)OCC(COP(=O)([O-])OCCN[C@@H](CO)C(=O)NCCOCCOCCOCCOCCOCCOCCOCCOCCOCCOCCOCCOCCOCCOCCOCCOCCOCCOCCOCCOCCOCCOCCOCCOCCOCCOCCOCCOCCOCCOCCOCCOCCOCCOCCOCCOCCOCCOCCOCCOCCOCCOCCOCCOCCOCCOCCOCCOCCOCCOCCOCCOCCOCCOCCOCCOCCOCCOCCOCCOCCOCCOCCOCCOCCOCCOCCOCCOCCOCCOCCOCCOCCOCCOCCOCCOCCOCCOCCOCCOCCOCCOCCOCCOCCOCCOCCOCCOCCOCCO)OC(=O)CCCCCCCCCCCCCCCCC,CC(C)CCC[C@@H](C)[C@H]1CC[C@H]2[C@@H]3CC=C4C[C@@H](O)CC[C@]4(C)[C@H]3CC[C@]12C,CCCCCCCCCCCCCCCCCC(=O)OC[C@H](COP(=O)([O-])OCC[N+](C)(C)C)OC(=O)CCCCCCCCCCCCCCCCC,85.0,50.0,10.0,39.0,1.0,0.5,0.1,0.39,0.01,17.2,
566,DLin-KC2-DMA,DSPE-PEG2000,cholesterol,DSPC,50:10:39:1,22.9 (liposomes pH 4); 47.3 (electron-dense pH 4); 59.4 (pH 7.4),,,>85,NP:6(molar) (1.68¡¿10^4 ionizable lipids per pDNA),DNA,plasmid_dna,PEG-DSPE,KC2,DSPC,cholesterol,"synthesis_method: Ethanol injection/rapid-mixing; device_used: T-junction mixer; total_flow_rate_ml_min: 20; flow_rate_ratio: 3:1 (aqueous:organic); aqueous_phase_composition: 25 mM sodium acetate pH 4.0 buffer with pDNA (0.029 mg/¥ìmol lipid, N/P=6); organic_phase_composition: ethanol with 10-15 mM total lipid; mixing_time_sec: ; temperature_condition: ; post_processing: dialysis against pH 4 buffer or PBS pH 7.4; sterilization: ; storage_buffer: 25 mM sodium acetate pH 4.0 or PBS pH 7.4",,Fusion-dependent formation of lipid nanoparticles containing macromolecular payloads,"['Jayesh A. Kulkarni', 'Dominik Witzigmann', 'Jerry Leung', 'Roy van der Meel', 'Josh Zaifman', 'Maria M. Darjuan', 'Hiu Man Grisch-Chan', 'Beat Thony', 'Yuen Yi C. Tam', 'Pieter R. Cullis']",10.1039/C9NR02004G,Nanoscale,2019.0,CCCCC/C=C\C/C=C\CCCCCCCCC1(CCCCCCCC/C=C\C/C=C\CCCCC)OCC(CCN(C)C)O1,CCCCCCCCCCCCCCCCCC(=O)OCC(COP(=O)([O-])OCCN[C@@H](CO)C(=O)NCCOCCOCCOCCOCCOCCOCCOCCOCCOCCOCCOCCOCCOCCOCCOCCOCCOCCOCCOCCOCCOCCOCCOCCOCCOCCOCCOCCOCCOCCOCCOCCOCCOCCOCCOCCOCCOCCOCCOCCOCCOCCOCCOCCOCCOCCOCCOCCOCCOCCOCCOCCOCCOCCOCCOCCOCCOCCOCCOCCOCCOCCOCCOCCOCCOCCOCCOCCOCCOCCOCCOCCOCCOCCOCCOCCOCCOCCOCCOCCOCCOCCOCCOCCOCCOCCOCCOCCOCCOCCO)OC(=O)CCCCCCCCCCCCCCCCC,CC(C)CCC[C@@H](C)[C@H]1CC[C@H]2[C@@H]3CC=C4C[C@@H](O)CC[C@]4(C)[C@H]3CC[C@]12C,CCCCCCCCCCCCCCCCCC(=O)OC[C@H](COP(=O)([O-])OCC[N+](C)(C)C)OC(=O)CCCCCCCCCCCCCCCCC,85.0,50.0,10.0,39.0,1.0,0.5,0.1,0.39,0.01,22.9,
575,C9-200,C14-PEG2000,cholesterol,DOPE,35:2.5:46.5:16,120,0.28,5.2,47,OTHER:10:1 weight ratio (IL:mRNA),mRNA,firefly_luciferase,C14-PEG2000,C9-200,DOPE,cholesterol,"synthesis_method: Microfluidic; device_used: microfluidic herringbone mixing devices; total_flow_rate_ml_min: ; flow_rate_ratio: 1:3 (organic:aqueous); aqueous_phase_composition: 10 mM citrate buffer at pH 3; organic_phase_composition: ethanol; mixing_time_sec: ; temperature_condition: ; post_processing: dialyzed against 1X PBS in 20 kDa molecular weight cutoff dialysis cassettes for 2 h and sterile filtered through 0.22 ¥ìm syringe filters; sterilization: 0.22 ¥ìm sterile filtration; storage_buffer: 1X PBS, stored at 4¡ÆC","cell_line: HepG2; animal_model: BALB/cJ female mice (6-8 weeks old); administration_route: IV (lateral tail vein); dose: 0.1 mg/kg (FLuc mRNA), 0.1 mg/kg (EPO mRNA), 0.5 mg/kg (Cas9 mRNA); gene_expression_result: ~3¡¿10^8 total flux (liver, FLuc); 35% indels (Cas9); biodistribution_result: primarily liver targeting; toxicity_profile: no significant cytotoxicity observed",Influence of ionizable lipid tail length on lipid nanoparticle delivery of mRNA of varying length,"['Kaitlin Mrksich', 'Marshall S. Padilla', 'Ryann A. Joseph', 'Emily L. Han', 'Dongyoon Kim', 'Rohan Palanki', 'Junchao Xu', 'Michael J. Mitchell']",10.1002/jbm.a.37705,Journal of Biomedical Materials Research Part A,2024.0,CCCCCCCC(O)CN(CCN1CCN(CCN(CC(O)CCCCCCC)CC(O)CCCCCCC)CC1)CCN(CC(O)CCCCCCC)CC(O)CCCCCCC,CCCCCCCCCCCCCCOC(=O)CCOCCOCCOCCOCCOCCOCCOCCOCCOCCOCCOCCOCCOCCOCCOCCOCCOCCOCCOCCOCCOCCOCCOCCOCCOCCOCCOCCOCCOCCOCCOCCOCCOCCOCCOCCOCCOCCOCCOCCOCCOCCOCCOCCOCCOCCOCCOCCOCCOCCOCCOCCOCCOCCOCCOCCOCCOCCOCCOCCOCCOCCOCCOCCOCCOCCOCCOCCOCCOCCOCCOCCOCCOCCOCCOCCOCCOCCOCCOCCOCCOCCOCCOCCOCCOCCOCCOCCOCCOCCO,CC(C)CCC[C@@H](C)[C@H]1CC[C@H]2[C@@H]3CC=C4C[C@@H](O)CC[C@]4(C)[C@H]3CC[C@]12C,CCCCCCCC/C=C\CCCCCCCC(=O)OC[C@H](COP(=O)(O)OCCN)OC(=O)CCCCCCC/C=C\CCCCCCCC,47.0,35.0,2.5,46.5,16.0,0.35,0.025,0.465,0.16,120.0,0.28
576,C10-200,C14-PEG2000,cholesterol,DOPE,35:2.5:46.5:16,85,0.18,-4.2,95,OTHER:10:1 weight ratio (IL:mRNA),mRNA,firefly_luciferase,C14-PEG2000,C10-200,DOPE,cholesterol,"synthesis_method: Microfluidic; device_used: microfluidic herringbone mixing devices; total_flow_rate_ml_min: ; flow_rate_ratio: 1:3 (organic:aqueous); aqueous_phase_composition: 10 mM citrate buffer at pH 3; organic_phase_composition: ethanol; mixing_time_sec: ; temperature_condition: ; post_processing: dialyzed against 1X PBS in 20 kDa molecular weight cutoff dialysis cassettes for 2 h and sterile filtered through 0.22 ¥ìm syringe filters; sterilization: 0.22 ¥ìm sterile filtration; storage_buffer: 1X PBS, stored at 4¡ÆC","cell_line: HepG2; animal_model: BALB/cJ female mice (6-8 weeks old); administration_route: IV (lateral tail vein); dose: 0.1 mg/kg (FLuc mRNA), 0.1 mg/kg (EPO mRNA), 0.5 mg/kg (Cas9 mRNA); gene_expression_result: ~1¡¿10^9 total flux (liver, FLuc) - 10-fold increase vs C12-200; biodistribution_result: primarily liver targeting; toxicity_profile: no significant cytotoxicity observed",Influence of ionizable lipid tail length on lipid nanoparticle delivery of mRNA of varying length,"['Kaitlin Mrksich', 'Marshall S. Padilla', 'Ryann A. Joseph', 'Emily L. Han', 'Dongyoon Kim', 'Rohan Palanki', 'Junchao Xu', 'Michael J. Mitchell']",10.1002/jbm.a.37705,Journal of Biomedical Materials Research Part A,2024.0,CCCCCCCCC(O)CN(CCN1CCN(CCN(CC(O)CCCCCCCC)CC(O)CCCCCCCC)CC1)CCN(CC(O)CCCCCCCC)CC(O)CCCCCCCC,CCCCCCCCCCCCCCOC(=O)CCOCCOCCOCCOCCOCCOCCOCCOCCOCCOCCOCCOCCOCCOCCOCCOCCOCCOCCOCCOCCOCCOCCOCCOCCOCCOCCOCCOCCOCCOCCOCCOCCOCCOCCOCCOCCOCCOCCOCCOCCOCCOCCOCCOCCOCCOCCOCCOCCOCCOCCOCCOCCOCCOCCOCCOCCOCCOCCOCCOCCOCCOCCOCCOCCOCCOCCOCCOCCOCCOCCOCCOCCOCCOCCOCCOCCOCCOCCOCCOCCOCCOCCOCCOCCOCCOCCOCCOCCOCCO,CC(C)CCC[C@@H](C)[C@H]1CC[C@H]2[C@@H]3CC=C4C[C@@H](O)CC[C@]4(C)[C@H]3CC[C@]12C,CCCCCCCC/C=C\CCCCCCCC(=O)OC[C@H](COP(=O)(O)OCCN)OC(=O)CCCCCCC/C=C\CCCCCCCC,95.0,35.0,2.5,46.5,16.0,0.35,0.025,0.465,0.16,85.0,0.18
578,C12-200,C14-PEG2000,cholesterol,DOPE,35:2.5:46.5:16,82,0.22,-9.8,87,OTHER:10:1 weight ratio (IL:mRNA),mRNA,"firefly_luciferase, epo, cas9",C14-PEG2000,C12-200,DOPE,cholesterol,"synthesis_method: Microfluidic; device_used: microfluidic herringbone mixing devices; total_flow_rate_ml_min: ; flow_rate_ratio: 1:3 (organic:aqueous); aqueous_phase_composition: 10 mM citrate buffer at pH 3; organic_phase_composition: ethanol; mixing_time_sec: ; temperature_condition: ; post_processing: dialyzed against 1X PBS in 20 kDa molecular weight cutoff dialysis cassettes for 2 h and sterile filtered through 0.22 ¥ìm syringe filters; sterilization: 0.22 ¥ìm sterile filtration; storage_buffer: 1X PBS, stored at 4¡ÆC","cell_line: HepG2; animal_model: BALB/cJ female mice (6-8 weeks old); administration_route: IV (lateral tail vein); dose: 0.1 mg/kg (FLuc mRNA), 0.1 mg/kg (EPO mRNA), 0.5 mg/kg (Cas9 mRNA); gene_expression_result: ~1¡¿10^8 total flux (liver, FLuc); ~10,000 mU/mL EPO at 6h; 10% indels (Cas9); biodistribution_result: primarily liver targeting; toxicity_profile: no significant cytotoxicity observed",Influence of ionizable lipid tail length on lipid nanoparticle delivery of mRNA of varying length,"['Kaitlin Mrksich', 'Marshall S. Padilla', 'Ryann A. Joseph', 'Emily L. Han', 'Dongyoon Kim', 'Rohan Palanki', 'Junchao Xu', 'Michael J. Mitchell']",10.1002/jbm.a.37705,Journal of Biomedical Materials Research Part A,2024.0,CCCCCCCCCCCCC(O)CN(CCN1CCN(CCN)C(CN(CC(O)CCCCCCCCCCCC)CN(CC(O)CCCCCCCCCCCC)CC(O)CCCCCCCCCCCC)C1)CC(O)CCCCCCCCCCCC,CCCCCCCCCCCCCCOC(=O)CCOCCOCCOCCOCCOCCOCCOCCOCCOCCOCCOCCOCCOCCOCCOCCOCCOCCOCCOCCOCCOCCOCCOCCOCCOCCOCCOCCOCCOCCOCCOCCOCCOCCOCCOCCOCCOCCOCCOCCOCCOCCOCCOCCOCCOCCOCCOCCOCCOCCOCCOCCOCCOCCOCCOCCOCCOCCOCCOCCOCCOCCOCCOCCOCCOCCOCCOCCOCCOCCOCCOCCOCCOCCOCCOCCOCCOCCOCCOCCOCCOCCOCCOCCOCCOCCOCCOCCOCCOCCO,CC(C)CCC[C@@H](C)[C@H]1CC[C@H]2[C@@H]3CC=C4C[C@@H](O)CC[C@]4(C)[C@H]3CC[C@]12C,CCCCCCCC/C=C\CCCCCCCC(=O)OC[C@H](COP(=O)(O)OCCN)OC(=O)CCCCCCC/C=C\CCCCCCCC,87.0,35.0,2.5,46.5,16.0,0.35,0.025,0.465,0.16,82.0,0.22
635,C12-200,C14-PEG2000,cholesterol,DOPE,35:16:46.5:2.5,82.11 ¡¾ 3.28,0.11 ¡¾ 0.01,,88.31 ¡¾ 2.47,OTHER:10:1 ratio of ionizable lipid: mRNA weight ratio,mRNA,"luciferase, mcherry, vegf",C14-PEG2000,C12-200,DOPE,cholesterol,synthesis_method: Microfluidic; device_used: Microfluidic device with herringbone features; total_flow_rate_ml_min: ; flow_rate_ratio: ; aqueous_phase_composition: 25 ¥ìg luciferase mRNA in 10 mM citrate buffer (pH = 3); organic_phase_composition: Ethanol phase with lipids; mixing_time_sec: ; temperature_condition: ; post_processing: Dialyzed against 1X PBS with 20 kDa MWCO for 2 h; sterilization: 0.22 ¥ìm filter; storage_buffer: Stored at 4¡ÆC,"cell_line: JEG-3 choriocarcinoma cells; animal_model: Non-pregnant and pregnant mice (E16); administration_route: IV (tail vein injection); dose: 0.6 mg mRNA/kg body mass (luciferase), 1 mg mRNA/kg (mCherry, VEGF); gene_expression_result: Lower than A4 and B5 in JEG-3 cells, 2.44% mCherry+ endothelial cells; biodistribution_result: Primarily liver delivery (44-51% of total flux), 23% placental delivery; toxicity_profile: Significant AST elevation (3.5-fold vs PBS), hepatic toxicity; cytokine_response: Elevated cytokines at 6h, resolved by 48h",Ionizable Lipid Nanoparticles for In Vivo mRNA Delivery to the Placenta during Pregnancy,"['Kelsey L. Swingle', 'Hannah C. Safford', 'Hannah C. Geisler', 'Alex G. Hamilton', 'Ajay S. Thatte', 'Margaret M. Billingsley', 'Ryann A. Joseph', 'Kaitlin Mrksich', 'Marshall S. Padilla', 'Aditi A. Ghalsasi', 'Mohamad-Gabriel Alameh', 'Drew Weissman', 'Michael J. Mitchell']",10.1021/jacs.2c12893,Journal of the American Chemical Society,2023.0,CCCCCCCCCCCCC(O)CN(CCN1CCN(CCN)C(CN(CC(O)CCCCCCCCCCCC)CN(CC(O)CCCCCCCCCCCC)CC(O)CCCCCCCCCCCC)C1)CC(O)CCCCCCCCCCCC,CCCCCCCCCCCCCCOC(=O)CCOCCOCCOCCOCCOCCOCCOCCOCCOCCOCCOCCOCCOCCOCCOCCOCCOCCOCCOCCOCCOCCOCCOCCOCCOCCOCCOCCOCCOCCOCCOCCOCCOCCOCCOCCOCCOCCOCCOCCOCCOCCOCCOCCOCCOCCOCCOCCOCCOCCOCCOCCOCCOCCOCCOCCOCCOCCOCCOCCOCCOCCOCCOCCOCCOCCOCCOCCOCCOCCOCCOCCOCCOCCOCCOCCOCCOCCOCCOCCOCCOCCOCCOCCOCCOCCOCCOCCOCCOCCO,CC(C)CCC[C@@H](C)[C@H]1CC[C@H]2[C@@H]3CC=C4C[C@@H](O)CC[C@]4(C)[C@H]3CC[C@]12C,CCCCCCCC/C=C\CCCCCCCC(=O)OC[C@H](COP(=O)(O)OCCN)OC(=O)CCCCCCC/C=C\CCCCCCCC,88.31,35.0,16.0,46.5,2.5,0.35,0.16,0.465,0.025,82.11,0.11
636,DLin-MC3-DMA,DMG-PEG2000,cholesterol,DSPC,50:10:38.5:1.5,92.32 ¡¾ 2.42,0.09 ¡¾ 0.01,,89.45 ¡¾ 2.47,OTHER:10:1 ratio of ionizable lipid: mRNA weight ratio,mRNA,luciferase,DMG-PEG,DLin-MC3-DMA,DSPC,cholesterol,synthesis_method: Microfluidic; device_used: Microfluidic device with herringbone features; total_flow_rate_ml_min: ; flow_rate_ratio: ; aqueous_phase_composition: 25 ¥ìg luciferase mRNA in 10 mM citrate buffer (pH = 3); organic_phase_composition: Ethanol phase with lipids; mixing_time_sec: ; temperature_condition: ; post_processing: Dialyzed against 1X PBS with 20 kDa MWCO for 2 h; sterilization: 0.22 ¥ìm filter; storage_buffer: Stored at 4¡ÆC,"cell_line: JEG-3 choriocarcinoma cells; dose: 50 ng mRNA per 25,000 cells; gene_expression_result: Lower luciferase expression compared to top performers; toxicity_profile: No significant decrease in cell viability vs Lipofectamine",Ionizable Lipid Nanoparticles for In Vivo mRNA Delivery to the Placenta during Pregnancy,"['Kelsey L. Swingle', 'Hannah C. Safford', 'Hannah C. Geisler', 'Alex G. Hamilton', 'Ajay S. Thatte', 'Margaret M. Billingsley', 'Ryann A. Joseph', 'Kaitlin Mrksich', 'Marshall S. Padilla', 'Aditi A. Ghalsasi', 'Mohamad-Gabriel Alameh', 'Drew Weissman', 'Michael J. Mitchell']",10.1021/jacs.2c12893,Journal of the American Chemical Society,2023.0,CCCCC/C=C\C/C=C\CCCCCCCCC(CCCCCCCC/C=C\C/C=C\CCCCC)OC(=O)CCCN(C)C,CCCCCCCCCCCCCC(=O)OCC(COP(=O)([O-])OCCOCCOCCOCCOCCOCCOCCOCCOCCOCCOCCOCCOCCOCCOCCOCCOCCOCCOCCOCCOCCOCCOCCOCCOCCOCCOCCOCCOCCOCCOCCOCCOCCOCCOCCOCCOCCOCCOCCOCCOCCOCCOCCOCCOCCOCCOCCOCCOCCOCCOCCOCCOCCOCCOCCOCCOCCOCCOCCOCCOCCOCCOCCOCCOCCOCCOCCOCCOCCOCCOCCOCCOCCOCCOCCOCCOCCOCCOCCOCCOCCOCCOCCOCCOCCOCCOCCOCCOCCOCCO)OC(=O)CCCCCCCCCCCCC,CC(C)CCC[C@@H](C)[C@H]1CC[C@H]2[C@@H]3CC=C4C[C@@H](O)CC[C@]4(C)[C@H]3CC[C@]12C,CCCCCCCCCCCCCCCCCC(=O)OC[C@H](COP(=O)([O-])OCC[N+](C)(C)C)OC(=O)CCCCCCCCCCCCCCCCC,89.45,50.0,10.0,38.5,1.5,0.5,0.1,0.385,0.015,92.32,0.09
641,DOTAP,DSG-PEG2000,cholesterol,DOPE,46.3:9.4:41.8:2.5,66.55,0.12,1.34,93.176,NP:10(molar),mRNA,nanoluciferase,DSG,DOTAP,DOPE,cholesterol,"synthesis_method: Microfluidic; device_used: NanoAssemblr Benchtop; total_flow_rate_ml_min: 15; flow_rate_ratio: 4:1; aqueous_phase_composition: 100 mM citrate buffer (pH 4.5); organic_phase_composition: ethanol (>99.5%); mixing_time_sec: ; temperature_condition: 25¡ÆC; post_processing: dialysis against 10 mM Tris buffer (pH 7.4) for 24 h, concentrated using centrifuge at 5000 g for 30 min, filtered with PALL capsule (MWCO 300 kD); sterilization: glassware sterilized at 300¡ÆC for 12 h, equipment treated with RNaseZap; storage_buffer: 10 mM Tris buffer (pH 7.4)",,Machine learning-driven optimization of mRNA-lipid nanoparticle vaccine quality with XGBoost/Bayesian method and ensemble model approaches,"['Ravi Maharjan', 'Ki Hyun Kim', 'Kyeong Lee', 'Hyo-Kyung Han', 'Seong Hoon Jeong']",https://doi.org/10.1016/j.jpha.2024.100996,Journal of Pharmaceutical Analysis,2024.0,CCCCCCCC/C=C\CCCCCCCC(=O)OCC(C[N+](C)(C)C)OC(=O)CCCCCCC/C=C\CCCCCCCC,CCCCCCCCCCCCCCCCCC(=O)OCC(COC(=O)CCCCCCCCCCCCCCCCC)OP(=O)([O-])OCCOCCOCCOCCOCCOCCOCCOCCOCCOCCOCCOCCOCCOCCOCCOCCOCCOCCOCCOCCOCCOCCOCCOCCOCCOCCOCCOCCOCCOCCOCCOCCOCCOCCOCCOCCOCCOCCOCCOCCOCCOCCOCCOCCOCCOCCOCCOCCOCCOCCOCCOCCOCCOCCOCCOCCOCCOCCOCCOCCOCCOCCOCCOCCOCCOCCOCCOCCOCCOCCOCCOCCOCCOCCOCCOCCOCCOCCOCCOCCOCCOCCOCCOCCOCCOCCOCCOCCOCCOCCO,CC(C)CCC[C@@H](C)[C@H]1CC[C@H]2[C@@H]3CC=C4C[C@@H](O)CC[C@]4(C)[C@H]3CC[C@]12C,CCCCCCCC/C=C\CCCCCCCC(=O)OC[C@H](COP(=O)(O)OCCN)OC(=O)CCCCCCC/C=C\CCCCCCCC,93.176,46.3,9.4,41.8,2.5,0.46299999999999997,0.094,0.418,0.025,66.55,0.12
644,DOTAP,C16-Ceramide-PEG2000,cholesterol,DOPC,50:10:38.5:1.5,94.42,0.069,3.09,95.558,NP:6(molar),mRNA,nanoluciferase,Ceramide,DOTAP,DOPC,cholesterol,"synthesis_method: Microfluidic; device_used: NanoAssemblr Benchtop; total_flow_rate_ml_min: 12; flow_rate_ratio: 3:1; aqueous_phase_composition: 100 mM citrate buffer (pH 4.5); organic_phase_composition: ethanol (>99.5%); mixing_time_sec: ; temperature_condition: 25¡ÆC; post_processing: dialysis against 10 mM Tris buffer (pH 7.4) for 24 h, concentrated using centrifuge at 5000 g for 30 min, filtered with PALL capsule (MWCO 300 kD); sterilization: glassware sterilized at 300¡ÆC for 12 h, equipment treated with RNaseZap; storage_buffer: 10 mM Tris buffer (pH 7.4)",,Machine learning-driven optimization of mRNA-lipid nanoparticle vaccine quality with XGBoost/Bayesian method and ensemble model approaches,"['Ravi Maharjan', 'Ki Hyun Kim', 'Kyeong Lee', 'Hyo-Kyung Han', 'Seong Hoon Jeong']",https://doi.org/10.1016/j.jpha.2024.100996,Journal of Pharmaceutical Analysis,2024.0,CCCCCCCC/C=C\CCCCCCCC(=O)OCC(C[N+](C)(C)C)OC(=O)CCCCCCC/C=C\CCCCCCCC,CCCCCCCCCCCCC=CC(O)C(COP(=O)([O-])OCCOCCOCCOCCOCCOCCOCCOCCOCCOCCOCCOCCOCCOCCOCCOCCOCCOCCOCCOCCOCCOCCOCCOCCOCCOCCOCCOCCOCCOCCOCCOCCOCCOCCOCCOCCOCCOCCOCCOCCOCCOCCOCCOCCOCCOCCOCCOCCOCCOCCOCCOCCOCCOCCOCCOCCOCCOCCOCCOCCOCCOCCOCCOCCOCCOCCOCCOCCOCCOCCOCCOCCOCCOCCOCCOCCOCCOCCOCCOCCOCCOCCOCCOCCOCCOCCOCCOCCOCCOCCO)NC(=O)CCCCCCCCCCCCCCC,CC(C)CCC[C@@H](C)[C@H]1CC[C@H]2[C@@H]3CC=C4C[C@@H](O)CC[C@]4(C)[C@H]3CC[C@]12C,CCCCCCCC/C=C\CCCCCCCC(=O)OC[C@H](COP(=O)([O-])OCC[N+](C)(C)C)OC(=O)CCCCCCC/C=C\CCCCCCCC,95.558,50.0,10.0,38.5,1.5,0.5,0.1,0.385,0.015,94.42,0.069
645,DOTAP,C16-Ceramide-PEG2000,cholesterol,DSPC,50:10:38.4:1.6,92.45,0.099,3.26,91.141,NP:6(molar),mRNA,nanoluciferase,Ceramide,DOTAP,DSPC,cholesterol,"synthesis_method: Microfluidic; device_used: NanoAssemblr Benchtop; total_flow_rate_ml_min: 20; flow_rate_ratio: 5:1; aqueous_phase_composition: 100 mM citrate buffer (pH 4.5); organic_phase_composition: ethanol (>99.5%); mixing_time_sec: ; temperature_condition: 25¡ÆC; post_processing: dialysis against 10 mM Tris buffer (pH 7.4) for 24 h, concentrated using centrifuge at 5000 g for 30 min, filtered with PALL capsule (MWCO 300 kD); sterilization: glassware sterilized at 300¡ÆC for 12 h, equipment treated with RNaseZap; storage_buffer: 10 mM Tris buffer (pH 7.4)",,Machine learning-driven optimization of mRNA-lipid nanoparticle vaccine quality with XGBoost/Bayesian method and ensemble model approaches,"['Ravi Maharjan', 'Ki Hyun Kim', 'Kyeong Lee', 'Hyo-Kyung Han', 'Seong Hoon Jeong']",https://doi.org/10.1016/j.jpha.2024.100996,Journal of Pharmaceutical Analysis,2024.0,CCCCCCCC/C=C\CCCCCCCC(=O)OCC(C[N+](C)(C)C)OC(=O)CCCCCCC/C=C\CCCCCCCC,CCCCCCCCCCCCC=CC(O)C(COP(=O)([O-])OCCOCCOCCOCCOCCOCCOCCOCCOCCOCCOCCOCCOCCOCCOCCOCCOCCOCCOCCOCCOCCOCCOCCOCCOCCOCCOCCOCCOCCOCCOCCOCCOCCOCCOCCOCCOCCOCCOCCOCCOCCOCCOCCOCCOCCOCCOCCOCCOCCOCCOCCOCCOCCOCCOCCOCCOCCOCCOCCOCCOCCOCCOCCOCCOCCOCCOCCOCCOCCOCCOCCOCCOCCOCCOCCOCCOCCOCCOCCOCCOCCOCCOCCOCCOCCOCCOCCOCCOCCOCCO)NC(=O)CCCCCCCCCCCCCCC,CC(C)CCC[C@@H](C)[C@H]1CC[C@H]2[C@@H]3CC=C4C[C@@H](O)CC[C@]4(C)[C@H]3CC[C@]12C,CCCCCCCCCCCCCCCCCC(=O)OC[C@H](COP(=O)([O-])OCC[N+](C)(C)C)OC(=O)CCCCCCCCCCCCCCCCC,91.141,50.0,10.0,38.4,1.6,0.5,0.1,0.384,0.016,92.45,0.099
647,DOTMA,DPPE-PEG2000,cholesterol,DOPE,50:10:38.5:1.5,77.76,0.208,0.87,91.161,NP:8(molar),mRNA,nanoluciferase,DPPE,DOTMA,DOPE,cholesterol,"synthesis_method: Microfluidic; device_used: NanoAssemblr Benchtop; total_flow_rate_ml_min: 20; flow_rate_ratio: 5:1; aqueous_phase_composition: 100 mM citrate buffer (pH 4.5); organic_phase_composition: ethanol (>99.5%); mixing_time_sec: ; temperature_condition: 25¡ÆC; post_processing: dialysis against 10 mM Tris buffer (pH 7.4) for 24 h, concentrated using centrifuge at 5000 g for 30 min, filtered with PALL capsule (MWCO 300 kD); sterilization: glassware sterilized at 300¡ÆC for 12 h, equipment treated with RNaseZap; storage_buffer: 10 mM Tris buffer (pH 7.4)",,Machine learning-driven optimization of mRNA-lipid nanoparticle vaccine quality with XGBoost/Bayesian method and ensemble model approaches,"['Ravi Maharjan', 'Ki Hyun Kim', 'Kyeong Lee', 'Hyo-Kyung Han', 'Seong Hoon Jeong']",https://doi.org/10.1016/j.jpha.2024.100996,Journal of Pharmaceutical Analysis,2024.0,CCCCCCCC/C=C\CCCCCCCCOCC(C[N+](C)(C)C)OCCCCCCCC/C=C\CCCCCCCC.[Cl-],CCCCCCCCCCCCCCCC(=O)OCC(COP(=O)([O-])OCCN[C@@H](CO)C(=O)NCCOCCOCCOCCOCCOCCOCCOCCOCCOCCOCCOCCOCCOCCOCCOCCOCCOCCOCCOCCOCCOCCOCCOCCOCCOCCOCCOCCOCCOCCOCCOCCOCCOCCOCCOCCOCCOCCOCCOCCOCCOCCOCCOCCOCCOCCOCCOCCOCCOCCOCCOCCOCCOCCOCCOCCOCCOCCOCCOCCOCCOCCOCCOCCOCCOCCOCCOCCOCCOCCOCCOCCOCCOCCOCCOCCOCCOCCOCCOCCOCCOCCOCCOCCOCCOCCOCCOCCOCCOCCO)OC(=O)CCCCCCCCCCCCCCC,CC(C)CCC[C@@H](C)[C@H]1CC[C@H]2[C@@H]3CC=C4C[C@@H](O)CC[C@]4(C)[C@H]3CC[C@]12C,CCCCCCCC/C=C\CCCCCCCC(=O)OC[C@H](COP(=O)(O)OCCN)OC(=O)CCCCCCC/C=C\CCCCCCCC,91.161,50.0,10.0,38.5,1.5,0.5,0.1,0.385,0.015,77.76,0.208
648,DOTMA,DPPE-PEG2000,cholesterol,DSPE,50:10:38.4:1.6,78.82,0.178,0.96,92.526,NP:6(molar),mRNA,nanoluciferase,DPPE,DOTMA,DSPE,cholesterol,"synthesis_method: Microfluidic; device_used: NanoAssemblr Benchtop; total_flow_rate_ml_min: 15; flow_rate_ratio: 4:1; aqueous_phase_composition: 100 mM citrate buffer (pH 4.5); organic_phase_composition: ethanol (>99.5%); mixing_time_sec: ; temperature_condition: 25¡ÆC; post_processing: dialysis against 10 mM Tris buffer (pH 7.4) for 24 h, concentrated using centrifuge at 5000 g for 30 min, filtered with PALL capsule (MWCO 300 kD); sterilization: glassware sterilized at 300¡ÆC for 12 h, equipment treated with RNaseZap; storage_buffer: 10 mM Tris buffer (pH 7.4)",,Machine learning-driven optimization of mRNA-lipid nanoparticle vaccine quality with XGBoost/Bayesian method and ensemble model approaches,"['Ravi Maharjan', 'Ki Hyun Kim', 'Kyeong Lee', 'Hyo-Kyung Han', 'Seong Hoon Jeong']",https://doi.org/10.1016/j.jpha.2024.100996,Journal of Pharmaceutical Analysis,2024.0,CCCCCCCC/C=C\CCCCCCCCOCC(C[N+](C)(C)C)OCCCCCCCC/C=C\CCCCCCCC.[Cl-],CCCCCCCCCCCCCCCC(=O)OCC(COP(=O)([O-])OCCN[C@@H](CO)C(=O)NCCOCCOCCOCCOCCOCCOCCOCCOCCOCCOCCOCCOCCOCCOCCOCCOCCOCCOCCOCCOCCOCCOCCOCCOCCOCCOCCOCCOCCOCCOCCOCCOCCOCCOCCOCCOCCOCCOCCOCCOCCOCCOCCOCCOCCOCCOCCOCCOCCOCCOCCOCCOCCOCCOCCOCCOCCOCCOCCOCCOCCOCCOCCOCCOCCOCCOCCOCCOCCOCCOCCOCCOCCOCCOCCOCCOCCOCCOCCOCCOCCOCCOCCOCCOCCOCCOCCOCCOCCOCCO)OC(=O)CCCCCCCCCCCCCCC,CC(C)CCC[C@@H](C)[C@H]1CC[C@H]2[C@@H]3CC=C4C[C@@H](O)CC[C@]4(C)[C@H]3CC[C@]12C,CCCCCCCCCCCCCCCCCC(=O)OCC(COP(=O)(O)OCCN)OC(=O)CCCCCCCCCCCCCCCCC,92.526,50.0,10.0,38.4,1.6,0.5,0.1,0.384,0.016,78.82,0.178
650,DOTMA,DSG-PEG2000,cholesterol,DOPC,46.3:9.4:42.7:1.6,69.44,0.222,0.8,90.146,NP:10(molar),mRNA,nanoluciferase,DSG,DOTMA,DOPC,cholesterol,"synthesis_method: Microfluidic; device_used: NanoAssemblr Benchtop; total_flow_rate_ml_min: 15; flow_rate_ratio: 5:1; aqueous_phase_composition: 100 mM citrate buffer (pH 4.5); organic_phase_composition: ethanol (>99.5%); mixing_time_sec: ; temperature_condition: 25¡ÆC; post_processing: dialysis against 10 mM Tris buffer (pH 7.4) for 24 h, concentrated using centrifuge at 5000 g for 30 min, filtered with PALL capsule (MWCO 300 kD); sterilization: glassware sterilized at 300¡ÆC for 12 h, equipment treated with RNaseZap; storage_buffer: 10 mM Tris buffer (pH 7.4)",,Machine learning-driven optimization of mRNA-lipid nanoparticle vaccine quality with XGBoost/Bayesian method and ensemble model approaches,"['Ravi Maharjan', 'Ki Hyun Kim', 'Kyeong Lee', 'Hyo-Kyung Han', 'Seong Hoon Jeong']",https://doi.org/10.1016/j.jpha.2024.100996,Journal of Pharmaceutical Analysis,2024.0,CCCCCCCC/C=C\CCCCCCCCOCC(C[N+](C)(C)C)OCCCCCCCC/C=C\CCCCCCCC.[Cl-],CCCCCCCCCCCCCCCCCC(=O)OCC(COC(=O)CCCCCCCCCCCCCCCCC)OP(=O)([O-])OCCOCCOCCOCCOCCOCCOCCOCCOCCOCCOCCOCCOCCOCCOCCOCCOCCOCCOCCOCCOCCOCCOCCOCCOCCOCCOCCOCCOCCOCCOCCOCCOCCOCCOCCOCCOCCOCCOCCOCCOCCOCCOCCOCCOCCOCCOCCOCCOCCOCCOCCOCCOCCOCCOCCOCCOCCOCCOCCOCCOCCOCCOCCOCCOCCOCCOCCOCCOCCOCCOCCOCCOCCOCCOCCOCCOCCOCCOCCOCCOCCOCCOCCOCCOCCOCCOCCOCCOCCOCCO,CC(C)CCC[C@@H](C)[C@H]1CC[C@H]2[C@@H]3CC=C4C[C@@H](O)CC[C@]4(C)[C@H]3CC[C@]12C,CCCCCCCC/C=C\CCCCCCCC(=O)OC[C@H](COP(=O)([O-])OCC[N+](C)(C)C)OC(=O)CCCCCCC/C=C\CCCCCCCC,90.146,46.3,9.4,42.7,1.6,0.46299999999999997,0.094,0.42700000000000005,0.016,69.44,0.222
651,DOTMA,C16-Ceramide-PEG2000,cholesterol,DSPC,50:10:37.5:2.5,82.11,0.233,1.74,92.571,NP:8(molar),mRNA,nanoluciferase,Ceramide,DOTMA,DSPC,cholesterol,"synthesis_method: Microfluidic; device_used: NanoAssemblr Benchtop; total_flow_rate_ml_min: 15; flow_rate_ratio: 3:1; aqueous_phase_composition: 100 mM citrate buffer (pH 4.5); organic_phase_composition: ethanol (>99.5%); mixing_time_sec: ; temperature_condition: 25¡ÆC; post_processing: dialysis against 10 mM Tris buffer (pH 7.4) for 24 h, concentrated using centrifuge at 5000 g for 30 min, filtered with PALL capsule (MWCO 300 kD); sterilization: glassware sterilized at 300¡ÆC for 12 h, equipment treated with RNaseZap; storage_buffer: 10 mM Tris buffer (pH 7.4)",,Machine learning-driven optimization of mRNA-lipid nanoparticle vaccine quality with XGBoost/Bayesian method and ensemble model approaches,"['Ravi Maharjan', 'Ki Hyun Kim', 'Kyeong Lee', 'Hyo-Kyung Han', 'Seong Hoon Jeong']",https://doi.org/10.1016/j.jpha.2024.100996,Journal of Pharmaceutical Analysis,2024.0,CCCCCCCC/C=C\CCCCCCCCOCC(C[N+](C)(C)C)OCCCCCCCC/C=C\CCCCCCCC.[Cl-],CCCCCCCCCCCCC=CC(O)C(COP(=O)([O-])OCCOCCOCCOCCOCCOCCOCCOCCOCCOCCOCCOCCOCCOCCOCCOCCOCCOCCOCCOCCOCCOCCOCCOCCOCCOCCOCCOCCOCCOCCOCCOCCOCCOCCOCCOCCOCCOCCOCCOCCOCCOCCOCCOCCOCCOCCOCCOCCOCCOCCOCCOCCOCCOCCOCCOCCOCCOCCOCCOCCOCCOCCOCCOCCOCCOCCOCCOCCOCCOCCOCCOCCOCCOCCOCCOCCOCCOCCOCCOCCOCCOCCOCCOCCOCCOCCOCCOCCOCCOCCO)NC(=O)CCCCCCCCCCCCCCC,CC(C)CCC[C@@H](C)[C@H]1CC[C@H]2[C@@H]3CC=C4C[C@@H](O)CC[C@]4(C)[C@H]3CC[C@]12C,CCCCCCCCCCCCCCCCCC(=O)OC[C@H](COP(=O)([O-])OCC[N+](C)(C)C)OC(=O)CCCCCCCCCCCCCCCCC,92.571,50.0,10.0,37.5,2.5,0.5,0.1,0.375,0.025,82.11,0.233
652,DODAP,DPPE-PEG2000,cholesterol,DLPE,46.3:9.4:41.8:2.5,51.13,0.087,0.47,91.816,NP:6(molar),mRNA,nanoluciferase,DPPE,DODAP,DLPE,cholesterol,"synthesis_method: Microfluidic; device_used: NanoAssemblr Benchtop; total_flow_rate_ml_min: 12; flow_rate_ratio: 5:1; aqueous_phase_composition: 100 mM citrate buffer (pH 4.5); organic_phase_composition: ethanol (>99.5%); mixing_time_sec: ; temperature_condition: 25¡ÆC; post_processing: dialysis against 10 mM Tris buffer (pH 7.4) for 24 h, concentrated using centrifuge at 5000 g for 30 min, filtered with PALL capsule (MWCO 300 kD); sterilization: glassware sterilized at 300¡ÆC for 12 h, equipment treated with RNaseZap; storage_buffer: 10 mM Tris buffer (pH 7.4)",,Machine learning-driven optimization of mRNA-lipid nanoparticle vaccine quality with XGBoost/Bayesian method and ensemble model approaches,"['Ravi Maharjan', 'Ki Hyun Kim', 'Kyeong Lee', 'Hyo-Kyung Han', 'Seong Hoon Jeong']",https://doi.org/10.1016/j.jpha.2024.100996,Journal of Pharmaceutical Analysis,2024.0,CCCCCCCC/C=C\CCCCCCCC(=O)OCC(COC(=O)CCCCCCC/C=C\CCCCCCCC)CN(C)C,CCCCCCCCCCCCCCCC(=O)OCC(COP(=O)([O-])OCCN[C@@H](CO)C(=O)NCCOCCOCCOCCOCCOCCOCCOCCOCCOCCOCCOCCOCCOCCOCCOCCOCCOCCOCCOCCOCCOCCOCCOCCOCCOCCOCCOCCOCCOCCOCCOCCOCCOCCOCCOCCOCCOCCOCCOCCOCCOCCOCCOCCOCCOCCOCCOCCOCCOCCOCCOCCOCCOCCOCCOCCOCCOCCOCCOCCOCCOCCOCCOCCOCCOCCOCCOCCOCCOCCOCCOCCOCCOCCOCCOCCOCCOCCOCCOCCOCCOCCOCCOCCOCCOCCOCCOCCOCCOCCO)OC(=O)CCCCCCCCCCCCCCC,CC(C)CCC[C@@H](C)[C@H]1CC[C@H]2[C@@H]3CC=C4C[C@@H](O)CC[C@]4(C)[C@H]3CC[C@]12C,CCCCCCCCCCCC(=O)OCC(COP(=O)([O-])OCCN)OC(=O)CCCCCCCCCCC,91.816,46.3,9.4,41.8,2.5,0.46299999999999997,0.094,0.418,0.025,51.13,0.087
654,DODAP,C16-Ceramide-PEG2000,cholesterol,DSPE,50:10:38.5:1.5,51.89,0.067,0.64,91.361,NP:10(molar),mRNA,nanoluciferase,Ceramide,DODAP,DSPE,cholesterol,"synthesis_method: Microfluidic; device_used: NanoAssemblr Benchtop; total_flow_rate_ml_min: 15; flow_rate_ratio: 5:1; aqueous_phase_composition: 100 mM citrate buffer (pH 4.5); organic_phase_composition: ethanol (>99.5%); mixing_time_sec: ; temperature_condition: 25¡ÆC; post_processing: dialysis against 10 mM Tris buffer (pH 7.4) for 24 h, concentrated using centrifuge at 5000 g for 30 min, filtered with PALL capsule (MWCO 300 kD); sterilization: glassware sterilized at 300¡ÆC for 12 h, equipment treated with RNaseZap; storage_buffer: 10 mM Tris buffer (pH 7.4)",,Machine learning-driven optimization of mRNA-lipid nanoparticle vaccine quality with XGBoost/Bayesian method and ensemble model approaches,"['Ravi Maharjan', 'Ki Hyun Kim', 'Kyeong Lee', 'Hyo-Kyung Han', 'Seong Hoon Jeong']",https://doi.org/10.1016/j.jpha.2024.100996,Journal of Pharmaceutical Analysis,2024.0,CCCCCCCC/C=C\CCCCCCCC(=O)OCC(COC(=O)CCCCCCC/C=C\CCCCCCCC)CN(C)C,CCCCCCCCCCCCC=CC(O)C(COP(=O)([O-])OCCOCCOCCOCCOCCOCCOCCOCCOCCOCCOCCOCCOCCOCCOCCOCCOCCOCCOCCOCCOCCOCCOCCOCCOCCOCCOCCOCCOCCOCCOCCOCCOCCOCCOCCOCCOCCOCCOCCOCCOCCOCCOCCOCCOCCOCCOCCOCCOCCOCCOCCOCCOCCOCCOCCOCCOCCOCCOCCOCCOCCOCCOCCOCCOCCOCCOCCOCCOCCOCCOCCOCCOCCOCCOCCOCCOCCOCCOCCOCCOCCOCCOCCOCCOCCOCCOCCOCCOCCOCCO)NC(=O)CCCCCCCCCCCCCCC,CC(C)CCC[C@@H](C)[C@H]1CC[C@H]2[C@@H]3CC=C4C[C@@H](O)CC[C@]4(C)[C@H]3CC[C@]12C,CCCCCCCCCCCCCCCCCC(=O)OCC(COP(=O)(O)OCCN)OC(=O)CCCCCCCCCCCCCCCCC,91.361,50.0,10.0,38.5,1.5,0.5,0.1,0.385,0.015,51.89,0.067
657,DODAP,DSG-PEG2000,cholesterol,DSPC,50:10:38.4:1.6,57.13,0.198,1,90.138,NP:8(molar),mRNA,nanoluciferase,DSG,DODAP,DSPC,cholesterol,"synthesis_method: Microfluidic; device_used: NanoAssemblr Benchtop; total_flow_rate_ml_min: 12; flow_rate_ratio: 4:1; aqueous_phase_composition: 100 mM citrate buffer (pH 4.5); organic_phase_composition: ethanol (>99.5%); mixing_time_sec: ; temperature_condition: 25¡ÆC; post_processing: dialysis against 10 mM Tris buffer (pH 7.4) for 24 h, concentrated using centrifuge at 5000 g for 30 min, filtered with PALL capsule (MWCO 300 kD); sterilization: glassware sterilized at 300¡ÆC for 12 h, equipment treated with RNaseZap; storage_buffer: 10 mM Tris buffer (pH 7.4)",,Machine learning-driven optimization of mRNA-lipid nanoparticle vaccine quality with XGBoost/Bayesian method and ensemble model approaches,"['Ravi Maharjan', 'Ki Hyun Kim', 'Kyeong Lee', 'Hyo-Kyung Han', 'Seong Hoon Jeong']",https://doi.org/10.1016/j.jpha.2024.100996,Journal of Pharmaceutical Analysis,2024.0,CCCCCCCC/C=C\CCCCCCCC(=O)OCC(COC(=O)CCCCCCC/C=C\CCCCCCCC)CN(C)C,CCCCCCCCCCCCCCCCCC(=O)OCC(COC(=O)CCCCCCCCCCCCCCCCC)OP(=O)([O-])OCCOCCOCCOCCOCCOCCOCCOCCOCCOCCOCCOCCOCCOCCOCCOCCOCCOCCOCCOCCOCCOCCOCCOCCOCCOCCOCCOCCOCCOCCOCCOCCOCCOCCOCCOCCOCCOCCOCCOCCOCCOCCOCCOCCOCCOCCOCCOCCOCCOCCOCCOCCOCCOCCOCCOCCOCCOCCOCCOCCOCCOCCOCCOCCOCCOCCOCCOCCOCCOCCOCCOCCOCCOCCOCCOCCOCCOCCOCCOCCOCCOCCOCCOCCOCCOCCOCCOCCOCCOCCO,CC(C)CCC[C@@H](C)[C@H]1CC[C@H]2[C@@H]3CC=C4C[C@@H](O)CC[C@]4(C)[C@H]3CC[C@]12C,CCCCCCCCCCCCCCCCCC(=O)OC[C@H](COP(=O)([O-])OCC[N+](C)(C)C)OC(=O)CCCCCCCCCCCCCCCCC,90.138,50.0,10.0,38.4,1.6,0.5,0.1,0.384,0.016,57.13,0.198
658,DLin-MC3-DMA,DSG-PEG2000,cholesterol,DLPE,50:10:38.4:1.6,55.88,0.32,0.84,79.216,NP:8(molar),mRNA,nanoluciferase,DSG,MC3,DLPE,cholesterol,"synthesis_method: Microfluidic; device_used: NanoAssemblr Benchtop; total_flow_rate_ml_min: 15; flow_rate_ratio: 3:1; aqueous_phase_composition: 100 mM citrate buffer (pH 4.5); organic_phase_composition: ethanol (>99.5%); mixing_time_sec: ; temperature_condition: 25¡ÆC; post_processing: dialysis against 10 mM Tris buffer (pH 7.4) for 24 h, concentrated using centrifuge at 5000 g for 30 min, filtered with PALL capsule (MWCO 300 kD); sterilization: glassware sterilized at 300¡ÆC for 12 h, equipment treated with RNaseZap; storage_buffer: 10 mM Tris buffer (pH 7.4)",,Machine learning-driven optimization of mRNA-lipid nanoparticle vaccine quality with XGBoost/Bayesian method and ensemble model approaches,"['Ravi Maharjan', 'Ki Hyun Kim', 'Kyeong Lee', 'Hyo-Kyung Han', 'Seong Hoon Jeong']",https://doi.org/10.1016/j.jpha.2024.100996,Journal of Pharmaceutical Analysis,2024.0,CCCCC/C=C\C/C=C\CCCCCCCCC(CCCCCCCC/C=C\C/C=C\CCCCC)OC(=O)CCCN(C)C,CCCCCCCCCCCCCCCCCC(=O)OCC(COC(=O)CCCCCCCCCCCCCCCCC)OP(=O)([O-])OCCOCCOCCOCCOCCOCCOCCOCCOCCOCCOCCOCCOCCOCCOCCOCCOCCOCCOCCOCCOCCOCCOCCOCCOCCOCCOCCOCCOCCOCCOCCOCCOCCOCCOCCOCCOCCOCCOCCOCCOCCOCCOCCOCCOCCOCCOCCOCCOCCOCCOCCOCCOCCOCCOCCOCCOCCOCCOCCOCCOCCOCCOCCOCCOCCOCCOCCOCCOCCOCCOCCOCCOCCOCCOCCOCCOCCOCCOCCOCCOCCOCCOCCOCCOCCOCCOCCOCCOCCOCCO,CC(C)CCC[C@@H](C)[C@H]1CC[C@H]2[C@@H]3CC=C4C[C@@H](O)CC[C@]4(C)[C@H]3CC[C@]12C,CCCCCCCCCCCC(=O)OCC(COP(=O)([O-])OCCN)OC(=O)CCCCCCCCCCC,79.216,50.0,10.0,38.4,1.6,0.5,0.1,0.384,0.016,55.88,0.32
659,DLin-MC3-DMA,C16-Ceramide-PEG2000,cholesterol,DOPE,50:10:37.5:2.5,57.44,0.374,0.16,74.532,NP:10(molar),mRNA,nanoluciferase,Ceramide,MC3,DOPE,cholesterol,"synthesis_method: Microfluidic; device_used: NanoAssemblr Benchtop; total_flow_rate_ml_min: 12; flow_rate_ratio: 5:1; aqueous_phase_composition: 100 mM citrate buffer (pH 4.5); organic_phase_composition: ethanol (>99.5%); mixing_time_sec: ; temperature_condition: 25¡ÆC; post_processing: dialysis against 10 mM Tris buffer (pH 7.4) for 24 h, concentrated using centrifuge at 5000 g for 30 min, filtered with PALL capsule (MWCO 300 kD); sterilization: glassware sterilized at 300¡ÆC for 12 h, equipment treated with RNaseZap; storage_buffer: 10 mM Tris buffer (pH 7.4)",,Machine learning-driven optimization of mRNA-lipid nanoparticle vaccine quality with XGBoost/Bayesian method and ensemble model approaches,"['Ravi Maharjan', 'Ki Hyun Kim', 'Kyeong Lee', 'Hyo-Kyung Han', 'Seong Hoon Jeong']",https://doi.org/10.1016/j.jpha.2024.100996,Journal of Pharmaceutical Analysis,2024.0,CCCCC/C=C\C/C=C\CCCCCCCCC(CCCCCCCC/C=C\C/C=C\CCCCC)OC(=O)CCCN(C)C,CCCCCCCCCCCCC=CC(O)C(COP(=O)([O-])OCCOCCOCCOCCOCCOCCOCCOCCOCCOCCOCCOCCOCCOCCOCCOCCOCCOCCOCCOCCOCCOCCOCCOCCOCCOCCOCCOCCOCCOCCOCCOCCOCCOCCOCCOCCOCCOCCOCCOCCOCCOCCOCCOCCOCCOCCOCCOCCOCCOCCOCCOCCOCCOCCOCCOCCOCCOCCOCCOCCOCCOCCOCCOCCOCCOCCOCCOCCOCCOCCOCCOCCOCCOCCOCCOCCOCCOCCOCCOCCOCCOCCOCCOCCOCCOCCOCCOCCOCCOCCO)NC(=O)CCCCCCCCCCCCCCC,CC(C)CCC[C@@H](C)[C@H]1CC[C@H]2[C@@H]3CC=C4C[C@@H](O)CC[C@]4(C)[C@H]3CC[C@]12C,CCCCCCCC/C=C\CCCCCCCC(=O)OC[C@H](COP(=O)(O)OCCN)OC(=O)CCCCCCC/C=C\CCCCCCCC,74.532,50.0,10.0,37.5,2.5,0.5,0.1,0.375,0.025,57.44,0.374
660,DLin-MC3-DMA,DSG-PEG2000,cholesterol,DSPE,50:10:37.5:2.5,56.43,0.331,1.12,84.168,NP:6(molar),mRNA,nanoluciferase,DSG,MC3,DSPE,cholesterol,"synthesis_method: Microfluidic; device_used: NanoAssemblr Benchtop; total_flow_rate_ml_min: 20; flow_rate_ratio: 3:1; aqueous_phase_composition: 100 mM citrate buffer (pH 4.5); organic_phase_composition: ethanol (>99.5%); mixing_time_sec: ; temperature_condition: 25¡ÆC; post_processing: dialysis against 10 mM Tris buffer (pH 7.4) for 24 h, concentrated using centrifuge at 5000 g for 30 min, filtered with PALL capsule (MWCO 300 kD); sterilization: glassware sterilized at 300¡ÆC for 12 h, equipment treated with RNaseZap; storage_buffer: 10 mM Tris buffer (pH 7.4)",,Machine learning-driven optimization of mRNA-lipid nanoparticle vaccine quality with XGBoost/Bayesian method and ensemble model approaches,"['Ravi Maharjan', 'Ki Hyun Kim', 'Kyeong Lee', 'Hyo-Kyung Han', 'Seong Hoon Jeong']",https://doi.org/10.1016/j.jpha.2024.100996,Journal of Pharmaceutical Analysis,2024.0,CCCCC/C=C\C/C=C\CCCCCCCCC(CCCCCCCC/C=C\C/C=C\CCCCC)OC(=O)CCCN(C)C,CCCCCCCCCCCCCCCCCC(=O)OCC(COC(=O)CCCCCCCCCCCCCCCCC)OP(=O)([O-])OCCOCCOCCOCCOCCOCCOCCOCCOCCOCCOCCOCCOCCOCCOCCOCCOCCOCCOCCOCCOCCOCCOCCOCCOCCOCCOCCOCCOCCOCCOCCOCCOCCOCCOCCOCCOCCOCCOCCOCCOCCOCCOCCOCCOCCOCCOCCOCCOCCOCCOCCOCCOCCOCCOCCOCCOCCOCCOCCOCCOCCOCCOCCOCCOCCOCCOCCOCCOCCOCCOCCOCCOCCOCCOCCOCCOCCOCCOCCOCCOCCOCCOCCOCCOCCOCCOCCOCCOCCOCCO,CC(C)CCC[C@@H](C)[C@H]1CC[C@H]2[C@@H]3CC=C4C[C@@H](O)CC[C@]4(C)[C@H]3CC[C@]12C,CCCCCCCCCCCCCCCCCC(=O)OCC(COP(=O)(O)OCCN)OC(=O)CCCCCCCCCCCCCCCCC,84.168,50.0,10.0,37.5,2.5,0.5,0.1,0.375,0.025,56.43,0.331
662,DLin-MC3-DMA,DPPE-PEG2000,cholesterol,DOPC,50:10:38.4:1.6,56.13,0.156,0.84,80.542,NP:8(molar),mRNA,nanoluciferase,DPPE,MC3,DOPC,cholesterol,"synthesis_method: Microfluidic; device_used: NanoAssemblr Benchtop; total_flow_rate_ml_min: 15; flow_rate_ratio: 4:1; aqueous_phase_composition: 100 mM citrate buffer (pH 4.5); organic_phase_composition: ethanol (>99.5%); mixing_time_sec: ; temperature_condition: 25¡ÆC; post_processing: dialysis against 10 mM Tris buffer (pH 7.4) for 24 h, concentrated using centrifuge at 5000 g for 30 min, filtered with PALL capsule (MWCO 300 kD); sterilization: glassware sterilized at 300¡ÆC for 12 h, equipment treated with RNaseZap; storage_buffer: 10 mM Tris buffer (pH 7.4)",,Machine learning-driven optimization of mRNA-lipid nanoparticle vaccine quality with XGBoost/Bayesian method and ensemble model approaches,"['Ravi Maharjan', 'Ki Hyun Kim', 'Kyeong Lee', 'Hyo-Kyung Han', 'Seong Hoon Jeong']",https://doi.org/10.1016/j.jpha.2024.100996,Journal of Pharmaceutical Analysis,2024.0,CCCCC/C=C\C/C=C\CCCCCCCCC(CCCCCCCC/C=C\C/C=C\CCCCC)OC(=O)CCCN(C)C,CCCCCCCCCCCCCCCC(=O)OCC(COP(=O)([O-])OCCN[C@@H](CO)C(=O)NCCOCCOCCOCCOCCOCCOCCOCCOCCOCCOCCOCCOCCOCCOCCOCCOCCOCCOCCOCCOCCOCCOCCOCCOCCOCCOCCOCCOCCOCCOCCOCCOCCOCCOCCOCCOCCOCCOCCOCCOCCOCCOCCOCCOCCOCCOCCOCCOCCOCCOCCOCCOCCOCCOCCOCCOCCOCCOCCOCCOCCOCCOCCOCCOCCOCCOCCOCCOCCOCCOCCOCCOCCOCCOCCOCCOCCOCCOCCOCCOCCOCCOCCOCCOCCOCCOCCOCCOCCOCCO)OC(=O)CCCCCCCCCCCCCCC,CC(C)CCC[C@@H](C)[C@H]1CC[C@H]2[C@@H]3CC=C4C[C@@H](O)CC[C@]4(C)[C@H]3CC[C@]12C,CCCCCCCC/C=C\CCCCCCCC(=O)OC[C@H](COP(=O)([O-])OCC[N+](C)(C)C)OC(=O)CCCCCCC/C=C\CCCCCCCC,80.542,50.0,10.0,38.4,1.6,0.5,0.1,0.384,0.016,56.13,0.156
663,DLin-MC3-DMA,DPPE-PEG2000,cholesterol,DSPC,46.3:8.4:42.8:2.5,51.08,0.146,0.16,77.349,NP:10(molar),mRNA,nanoluciferase,DPPE,MC3,DSPC,cholesterol,"synthesis_method: Microfluidic; device_used: NanoAssemblr Benchtop; total_flow_rate_ml_min: 12; flow_rate_ratio: 3:1; aqueous_phase_composition: 100 mM citrate buffer (pH 4.5); organic_phase_composition: ethanol (>99.5%); mixing_time_sec: ; temperature_condition: 25¡ÆC; post_processing: dialysis against 10 mM Tris buffer (pH 7.4) for 24 h, concentrated using centrifuge at 5000 g for 30 min, filtered with PALL capsule (MWCO 300 kD); sterilization: glassware sterilized at 300¡ÆC for 12 h, equipment treated with RNaseZap; storage_buffer: 10 mM Tris buffer (pH 7.4)",,Machine learning-driven optimization of mRNA-lipid nanoparticle vaccine quality with XGBoost/Bayesian method and ensemble model approaches,"['Ravi Maharjan', 'Ki Hyun Kim', 'Kyeong Lee', 'Hyo-Kyung Han', 'Seong Hoon Jeong']",https://doi.org/10.1016/j.jpha.2024.100996,Journal of Pharmaceutical Analysis,2024.0,CCCCC/C=C\C/C=C\CCCCCCCCC(CCCCCCCC/C=C\C/C=C\CCCCC)OC(=O)CCCN(C)C,CCCCCCCCCCCCCCCC(=O)OCC(COP(=O)([O-])OCCN[C@@H](CO)C(=O)NCCOCCOCCOCCOCCOCCOCCOCCOCCOCCOCCOCCOCCOCCOCCOCCOCCOCCOCCOCCOCCOCCOCCOCCOCCOCCOCCOCCOCCOCCOCCOCCOCCOCCOCCOCCOCCOCCOCCOCCOCCOCCOCCOCCOCCOCCOCCOCCOCCOCCOCCOCCOCCOCCOCCOCCOCCOCCOCCOCCOCCOCCOCCOCCOCCOCCOCCOCCOCCOCCOCCOCCOCCOCCOCCOCCOCCOCCOCCOCCOCCOCCOCCOCCOCCOCCOCCOCCOCCOCCO)OC(=O)CCCCCCCCCCCCCCC,CC(C)CCC[C@@H](C)[C@H]1CC[C@H]2[C@@H]3CC=C4C[C@@H](O)CC[C@]4(C)[C@H]3CC[C@]12C,CCCCCCCCCCCCCCCCCC(=O)OC[C@H](COP(=O)([O-])OCC[N+](C)(C)C)OC(=O)CCCCCCCCCCCCCCCCC,77.349,46.3,8.4,42.8,2.5,0.46299999999999997,0.084,0.428,0.025,51.08,0.146
688,DLin-KC2-DMA,PEG-c-DMA,cholesterol,DSPC,50:1:37.5:11.5,48,,,90,CR:0.25(charge)[siRNA:lipid],siRNA,empty,PEG-c-DMA,DLin-KC2-DMA,DSPC,cholesterol,"synthesis_method: Microfluidic; device_used: staggered herringbone micromixer; total_flow_rate_ml_min: 2; flow_rate_ratio: 1:3 (organic:aqueous); aqueous_phase_composition: 25 mM sodium acetate buffer, pH 4.0; organic_phase_composition: ethanol; mixing_time_sec: ; temperature_condition: ; post_processing: dialysis for 4h against 50 mM MES/50 mM sodium citrate buffer (pH 6.7), then overnight against 1x PBS; sterilization: ; storage_buffer: 1x PBS, pH 7.4",,Microfluidic Mixing: A General Method for Encapsulating Macromolecules in Lipid Nanoparticle Systems,"['Alex K. K. Leung', 'Yuen Yi C. Tam', 'Sam Chen', 'Ismail M. Hafez', 'Pieter R. Cullis']",10.1021/acs.jpcb.5b02891,The Journal of Physical Chemistry B,2015.0,CCCCC/C=C\C/C=C\CCCCCCCCC1(CCCCCCCC/C=C\C/C=C\CCCCC)OCC(CCN(C)C)O1,CN(C)CCC(O)COCCOCCOCCOCCOCCOCCOCCOCCOCCOCCOCCOCCOCCOCCOCCOCCOCCOCCOCCOCCOCCOCCOCCOCCOCCOCCOCCOCCOCCOCCOCCOCCOCCOCCOCCOCCOCCOCCOCCOCCOCCOCCOCCOCCOCCOCCOCCOCCOCCOCCOCCOCCOCCOCCOCCOCCOCCOCCOCCOCCOCCOCCOCCOCCOCCOCCOCCOCCOCCOCCOCCOCCOCCOCCOCCOCCOCCOCCOCCOCCOCCOCCOCCOCCOCCOCCOCCOCCOCCOCCO,CC(C)CCC[C@@H](C)[C@H]1CC[C@H]2[C@@H]3CC=C4C[C@@H](O)CC[C@]4(C)[C@H]3CC[C@]12C,CCCCCCCCCCCCCCCCCC(=O)OC[C@H](COP(=O)([O-])OCC[N+](C)(C)C)OC(=O)CCCCCCCCCCCCCCCCC,90.0,50.0,1.0,37.5,11.5,0.5,0.01,0.375,0.115,48.0,
689,DLin-KC2-DMA,PEG-c-DMA,cholesterol,DOPE,50:1:37.5:11.5,31,,,87,CR:0.25(charge)[siRNA:lipid],siRNA,empty,PEG-c-DMA,DLin-KC2-DMA,DOPE,cholesterol,"synthesis_method: Microfluidic; device_used: staggered herringbone micromixer; total_flow_rate_ml_min: 2; flow_rate_ratio: 1:3 (organic:aqueous); aqueous_phase_composition: 25 mM sodium acetate buffer, pH 4.0; organic_phase_composition: ethanol; mixing_time_sec: ; temperature_condition: ; post_processing: dialysis for 4h against 50 mM MES/50 mM sodium citrate buffer (pH 6.7), then overnight against 1x PBS; sterilization: ; storage_buffer: 1x PBS, pH 7.4",,Microfluidic Mixing: A General Method for Encapsulating Macromolecules in Lipid Nanoparticle Systems,"['Alex K. K. Leung', 'Yuen Yi C. Tam', 'Sam Chen', 'Ismail M. Hafez', 'Pieter R. Cullis']",10.1021/acs.jpcb.5b02891,The Journal of Physical Chemistry B,2015.0,CCCCC/C=C\C/C=C\CCCCCCCCC1(CCCCCCCC/C=C\C/C=C\CCCCC)OCC(CCN(C)C)O1,CN(C)CCC(O)COCCOCCOCCOCCOCCOCCOCCOCCOCCOCCOCCOCCOCCOCCOCCOCCOCCOCCOCCOCCOCCOCCOCCOCCOCCOCCOCCOCCOCCOCCOCCOCCOCCOCCOCCOCCOCCOCCOCCOCCOCCOCCOCCOCCOCCOCCOCCOCCOCCOCCOCCOCCOCCOCCOCCOCCOCCOCCOCCOCCOCCOCCOCCOCCOCCOCCOCCOCCOCCOCCOCCOCCOCCOCCOCCOCCOCCOCCOCCOCCOCCOCCOCCOCCOCCOCCOCCOCCOCCOCCO,CC(C)CCC[C@@H](C)[C@H]1CC[C@H]2[C@@H]3CC=C4C[C@@H](O)CC[C@]4(C)[C@H]3CC[C@]12C,CCCCCCCC/C=C\CCCCCCCC(=O)OC[C@H](COP(=O)(O)OCCN)OC(=O)CCCCCCC/C=C\CCCCCCCC,87.0,50.0,1.0,37.5,11.5,0.5,0.01,0.375,0.115,31.0,
690,DLin-KC2-DMA,PEG-c-DMA,cholesterol,DSPC,50:2.5:35:11.5,32,,,88,CR:0.25(charge)[siRNA:lipid],siRNA,empty,PEG-c-DMA,DLin-KC2-DMA,DSPC,cholesterol,"synthesis_method: Microfluidic; device_used: staggered herringbone micromixer; total_flow_rate_ml_min: 2; flow_rate_ratio: 1:3 (organic:aqueous); aqueous_phase_composition: 25 mM sodium acetate buffer, pH 4.0; organic_phase_composition: ethanol; mixing_time_sec: ; temperature_condition: ; post_processing: dialysis for 4h against 50 mM MES/50 mM sodium citrate buffer (pH 6.7), then overnight against 1x PBS; sterilization: ; storage_buffer: 1x PBS, pH 7.4",,Microfluidic Mixing: A General Method for Encapsulating Macromolecules in Lipid Nanoparticle Systems,"['Alex K. K. Leung', 'Yuen Yi C. Tam', 'Sam Chen', 'Ismail M. Hafez', 'Pieter R. Cullis']",10.1021/acs.jpcb.5b02891,The Journal of Physical Chemistry B,2015.0,CCCCC/C=C\C/C=C\CCCCCCCCC1(CCCCCCCC/C=C\C/C=C\CCCCC)OCC(CCN(C)C)O1,CN(C)CCC(O)COCCOCCOCCOCCOCCOCCOCCOCCOCCOCCOCCOCCOCCOCCOCCOCCOCCOCCOCCOCCOCCOCCOCCOCCOCCOCCOCCOCCOCCOCCOCCOCCOCCOCCOCCOCCOCCOCCOCCOCCOCCOCCOCCOCCOCCOCCOCCOCCOCCOCCOCCOCCOCCOCCOCCOCCOCCOCCOCCOCCOCCOCCOCCOCCOCCOCCOCCOCCOCCOCCOCCOCCOCCOCCOCCOCCOCCOCCOCCOCCOCCOCCOCCOCCOCCOCCOCCOCCOCCOCCO,CC(C)CCC[C@@H](C)[C@H]1CC[C@H]2[C@@H]3CC=C4C[C@@H](O)CC[C@]4(C)[C@H]3CC[C@]12C,CCCCCCCCCCCCCCCCCC(=O)OC[C@H](COP(=O)([O-])OCC[N+](C)(C)C)OC(=O)CCCCCCCCCCCCCCCCC,88.0,50.0,2.5,35.0,11.5,0.5050505050505051,0.025252525252525252,0.35353535353535354,0.11616161616161616,32.0,
691,DLin-KC2-DMA,PEG-c-DMA,cholesterol,DOPE,50:2.5:35:11.5,30,,,87,CR:0.25(charge)[siRNA:lipid],siRNA,empty,PEG-c-DMA,DLin-KC2-DMA,DOPE,cholesterol,"synthesis_method: Microfluidic; device_used: staggered herringbone micromixer; total_flow_rate_ml_min: 2; flow_rate_ratio: 1:3 (organic:aqueous); aqueous_phase_composition: 25 mM sodium acetate buffer, pH 4.0; organic_phase_composition: ethanol; mixing_time_sec: ; temperature_condition: ; post_processing: dialysis for 4h against 50 mM MES/50 mM sodium citrate buffer (pH 6.7), then overnight against 1x PBS; sterilization: ; storage_buffer: 1x PBS, pH 7.4",,Microfluidic Mixing: A General Method for Encapsulating Macromolecules in Lipid Nanoparticle Systems,"['Alex K. K. Leung', 'Yuen Yi C. Tam', 'Sam Chen', 'Ismail M. Hafez', 'Pieter R. Cullis']",10.1021/acs.jpcb.5b02891,The Journal of Physical Chemistry B,2015.0,CCCCC/C=C\C/C=C\CCCCCCCCC1(CCCCCCCC/C=C\C/C=C\CCCCC)OCC(CCN(C)C)O1,CN(C)CCC(O)COCCOCCOCCOCCOCCOCCOCCOCCOCCOCCOCCOCCOCCOCCOCCOCCOCCOCCOCCOCCOCCOCCOCCOCCOCCOCCOCCOCCOCCOCCOCCOCCOCCOCCOCCOCCOCCOCCOCCOCCOCCOCCOCCOCCOCCOCCOCCOCCOCCOCCOCCOCCOCCOCCOCCOCCOCCOCCOCCOCCOCCOCCOCCOCCOCCOCCOCCOCCOCCOCCOCCOCCOCCOCCOCCOCCOCCOCCOCCOCCOCCOCCOCCOCCOCCOCCOCCOCCOCCOCCO,CC(C)CCC[C@@H](C)[C@H]1CC[C@H]2[C@@H]3CC=C4C[C@@H](O)CC[C@]4(C)[C@H]3CC[C@]12C,CCCCCCCC/C=C\CCCCCCCC(=O)OC[C@H](COP(=O)(O)OCCN)OC(=O)CCCCCCC/C=C\CCCCCCCC,87.0,50.0,2.5,35.0,11.5,0.5050505050505051,0.025252525252525252,0.35353535353535354,0.11616161616161616,30.0,
692,DLin-KC2-DMA,PEG-c-DMA,cholesterol,DSPC,50:5:33.5:11.5,27,,,84,CR:0.25(charge)[siRNA:lipid],siRNA,empty,PEG-c-DMA,DLin-KC2-DMA,DSPC,cholesterol,"synthesis_method: Microfluidic; device_used: staggered herringbone micromixer; total_flow_rate_ml_min: 2; flow_rate_ratio: 1:3 (organic:aqueous); aqueous_phase_composition: 25 mM sodium acetate buffer, pH 4.0; organic_phase_composition: ethanol; mixing_time_sec: ; temperature_condition: ; post_processing: dialysis for 4h against 50 mM MES/50 mM sodium citrate buffer (pH 6.7), then overnight against 1x PBS; sterilization: ; storage_buffer: 1x PBS, pH 7.4",,Microfluidic Mixing: A General Method for Encapsulating Macromolecules in Lipid Nanoparticle Systems,"['Alex K. K. Leung', 'Yuen Yi C. Tam', 'Sam Chen', 'Ismail M. Hafez', 'Pieter R. Cullis']",10.1021/acs.jpcb.5b02891,The Journal of Physical Chemistry B,2015.0,CCCCC/C=C\C/C=C\CCCCCCCCC1(CCCCCCCC/C=C\C/C=C\CCCCC)OCC(CCN(C)C)O1,CN(C)CCC(O)COCCOCCOCCOCCOCCOCCOCCOCCOCCOCCOCCOCCOCCOCCOCCOCCOCCOCCOCCOCCOCCOCCOCCOCCOCCOCCOCCOCCOCCOCCOCCOCCOCCOCCOCCOCCOCCOCCOCCOCCOCCOCCOCCOCCOCCOCCOCCOCCOCCOCCOCCOCCOCCOCCOCCOCCOCCOCCOCCOCCOCCOCCOCCOCCOCCOCCOCCOCCOCCOCCOCCOCCOCCOCCOCCOCCOCCOCCOCCOCCOCCOCCOCCOCCOCCOCCOCCOCCOCCOCCO,CC(C)CCC[C@@H](C)[C@H]1CC[C@H]2[C@@H]3CC=C4C[C@@H](O)CC[C@]4(C)[C@H]3CC[C@]12C,CCCCCCCCCCCCCCCCCC(=O)OC[C@H](COP(=O)([O-])OCC[N+](C)(C)C)OC(=O)CCCCCCCCCCCCCCCCC,84.0,50.0,5.0,33.5,11.5,0.5,0.05,0.335,0.115,27.0,
693,DLin-KC2-DMA,PEG-c-DMA,cholesterol,DOPE,50:5:33.5:11.5,26,,,84,CR:0.25(charge)[siRNA:lipid],siRNA,empty,PEG-c-DMA,DLin-KC2-DMA,DOPE,cholesterol,"synthesis_method: Microfluidic; device_used: staggered herringbone micromixer; total_flow_rate_ml_min: 2; flow_rate_ratio: 1:3 (organic:aqueous); aqueous_phase_composition: 25 mM sodium acetate buffer, pH 4.0; organic_phase_composition: ethanol; mixing_time_sec: ; temperature_condition: ; post_processing: dialysis for 4h against 50 mM MES/50 mM sodium citrate buffer (pH 6.7), then overnight against 1x PBS; sterilization: ; storage_buffer: 1x PBS, pH 7.4",,Microfluidic Mixing: A General Method for Encapsulating Macromolecules in Lipid Nanoparticle Systems,"['Alex K. K. Leung', 'Yuen Yi C. Tam', 'Sam Chen', 'Ismail M. Hafez', 'Pieter R. Cullis']",10.1021/acs.jpcb.5b02891,The Journal of Physical Chemistry B,2015.0,CCCCC/C=C\C/C=C\CCCCCCCCC1(CCCCCCCC/C=C\C/C=C\CCCCC)OCC(CCN(C)C)O1,CN(C)CCC(O)COCCOCCOCCOCCOCCOCCOCCOCCOCCOCCOCCOCCOCCOCCOCCOCCOCCOCCOCCOCCOCCOCCOCCOCCOCCOCCOCCOCCOCCOCCOCCOCCOCCOCCOCCOCCOCCOCCOCCOCCOCCOCCOCCOCCOCCOCCOCCOCCOCCOCCOCCOCCOCCOCCOCCOCCOCCOCCOCCOCCOCCOCCOCCOCCOCCOCCOCCOCCOCCOCCOCCOCCOCCOCCOCCOCCOCCOCCOCCOCCOCCOCCOCCOCCOCCOCCOCCOCCOCCOCCO,CC(C)CCC[C@@H](C)[C@H]1CC[C@H]2[C@@H]3CC=C4C[C@@H](O)CC[C@]4(C)[C@H]3CC[C@]12C,CCCCCCCC/C=C\CCCCCCCC(=O)OC[C@H](COP(=O)(O)OCCN)OC(=O)CCCCCCC/C=C\CCCCCCCC,84.0,50.0,5.0,33.5,11.5,0.5,0.05,0.335,0.115,26.0,
694,DLin-KC2-DMA,PEG-c-DMA,cholesterol,DSPC,60:1:27.5:11.5,58,,,92,CR:0.25(charge)[siRNA:lipid],siRNA,empty,PEG-c-DMA,DLin-KC2-DMA,DSPC,cholesterol,"synthesis_method: Microfluidic; device_used: staggered herringbone micromixer; total_flow_rate_ml_min: 2; flow_rate_ratio: 1:3 (organic:aqueous); aqueous_phase_composition: 25 mM sodium acetate buffer, pH 4.0; organic_phase_composition: ethanol; mixing_time_sec: ; temperature_condition: ; post_processing: dialysis for 4h against 50 mM MES/50 mM sodium citrate buffer (pH 6.7), then overnight against 1x PBS; sterilization: ; storage_buffer: 1x PBS, pH 7.4",,Microfluidic Mixing: A General Method for Encapsulating Macromolecules in Lipid Nanoparticle Systems,"['Alex K. K. Leung', 'Yuen Yi C. Tam', 'Sam Chen', 'Ismail M. Hafez', 'Pieter R. Cullis']",10.1021/acs.jpcb.5b02891,The Journal of Physical Chemistry B,2015.0,CCCCC/C=C\C/C=C\CCCCCCCCC1(CCCCCCCC/C=C\C/C=C\CCCCC)OCC(CCN(C)C)O1,CN(C)CCC(O)COCCOCCOCCOCCOCCOCCOCCOCCOCCOCCOCCOCCOCCOCCOCCOCCOCCOCCOCCOCCOCCOCCOCCOCCOCCOCCOCCOCCOCCOCCOCCOCCOCCOCCOCCOCCOCCOCCOCCOCCOCCOCCOCCOCCOCCOCCOCCOCCOCCOCCOCCOCCOCCOCCOCCOCCOCCOCCOCCOCCOCCOCCOCCOCCOCCOCCOCCOCCOCCOCCOCCOCCOCCOCCOCCOCCOCCOCCOCCOCCOCCOCCOCCOCCOCCOCCOCCOCCOCCOCCO,CC(C)CCC[C@@H](C)[C@H]1CC[C@H]2[C@@H]3CC=C4C[C@@H](O)CC[C@]4(C)[C@H]3CC[C@]12C,CCCCCCCCCCCCCCCCCC(=O)OC[C@H](COP(=O)([O-])OCC[N+](C)(C)C)OC(=O)CCCCCCCCCCCCCCCCC,92.0,60.0,1.0,27.5,11.5,0.6,0.01,0.275,0.115,58.0,
695,DLin-KC2-DMA,PEG-c-DMA,cholesterol,DOPE,60:1:27.5:11.5,39,,,91,CR:0.25(charge)[siRNA:lipid],siRNA,empty,PEG-c-DMA,DLin-KC2-DMA,DOPE,cholesterol,"synthesis_method: Microfluidic; device_used: staggered herringbone micromixer; total_flow_rate_ml_min: 2; flow_rate_ratio: 1:3 (organic:aqueous); aqueous_phase_composition: 25 mM sodium acetate buffer, pH 4.0; organic_phase_composition: ethanol; mixing_time_sec: ; temperature_condition: ; post_processing: dialysis for 4h against 50 mM MES/50 mM sodium citrate buffer (pH 6.7), then overnight against 1x PBS; sterilization: ; storage_buffer: 1x PBS, pH 7.4",,Microfluidic Mixing: A General Method for Encapsulating Macromolecules in Lipid Nanoparticle Systems,"['Alex K. K. Leung', 'Yuen Yi C. Tam', 'Sam Chen', 'Ismail M. Hafez', 'Pieter R. Cullis']",10.1021/acs.jpcb.5b02891,The Journal of Physical Chemistry B,2015.0,CCCCC/C=C\C/C=C\CCCCCCCCC1(CCCCCCCC/C=C\C/C=C\CCCCC)OCC(CCN(C)C)O1,CN(C)CCC(O)COCCOCCOCCOCCOCCOCCOCCOCCOCCOCCOCCOCCOCCOCCOCCOCCOCCOCCOCCOCCOCCOCCOCCOCCOCCOCCOCCOCCOCCOCCOCCOCCOCCOCCOCCOCCOCCOCCOCCOCCOCCOCCOCCOCCOCCOCCOCCOCCOCCOCCOCCOCCOCCOCCOCCOCCOCCOCCOCCOCCOCCOCCOCCOCCOCCOCCOCCOCCOCCOCCOCCOCCOCCOCCOCCOCCOCCOCCOCCOCCOCCOCCOCCOCCOCCOCCOCCOCCOCCOCCO,CC(C)CCC[C@@H](C)[C@H]1CC[C@H]2[C@@H]3CC=C4C[C@@H](O)CC[C@]4(C)[C@H]3CC[C@]12C,CCCCCCCC/C=C\CCCCCCCC(=O)OC[C@H](COP(=O)(O)OCCN)OC(=O)CCCCCCC/C=C\CCCCCCCC,91.0,60.0,1.0,27.5,11.5,0.6,0.01,0.275,0.115,39.0,
696,DLin-KC2-DMA,PEG-c-DMA,cholesterol,DSPC,60:2.5:25:11.5,37,,,85,CR:0.25(charge)[siRNA:lipid],siRNA,empty,PEG-c-DMA,DLin-KC2-DMA,DSPC,cholesterol,"synthesis_method: Microfluidic; device_used: staggered herringbone micromixer; total_flow_rate_ml_min: 2; flow_rate_ratio: 1:3 (organic:aqueous); aqueous_phase_composition: 25 mM sodium acetate buffer, pH 4.0; organic_phase_composition: ethanol; mixing_time_sec: ; temperature_condition: ; post_processing: dialysis for 4h against 50 mM MES/50 mM sodium citrate buffer (pH 6.7), then overnight against 1x PBS; sterilization: ; storage_buffer: 1x PBS, pH 7.4",,Microfluidic Mixing: A General Method for Encapsulating Macromolecules in Lipid Nanoparticle Systems,"['Alex K. K. Leung', 'Yuen Yi C. Tam', 'Sam Chen', 'Ismail M. Hafez', 'Pieter R. Cullis']",10.1021/acs.jpcb.5b02891,The Journal of Physical Chemistry B,2015.0,CCCCC/C=C\C/C=C\CCCCCCCCC1(CCCCCCCC/C=C\C/C=C\CCCCC)OCC(CCN(C)C)O1,CN(C)CCC(O)COCCOCCOCCOCCOCCOCCOCCOCCOCCOCCOCCOCCOCCOCCOCCOCCOCCOCCOCCOCCOCCOCCOCCOCCOCCOCCOCCOCCOCCOCCOCCOCCOCCOCCOCCOCCOCCOCCOCCOCCOCCOCCOCCOCCOCCOCCOCCOCCOCCOCCOCCOCCOCCOCCOCCOCCOCCOCCOCCOCCOCCOCCOCCOCCOCCOCCOCCOCCOCCOCCOCCOCCOCCOCCOCCOCCOCCOCCOCCOCCOCCOCCOCCOCCOCCOCCOCCOCCOCCOCCO,CC(C)CCC[C@@H](C)[C@H]1CC[C@H]2[C@@H]3CC=C4C[C@@H](O)CC[C@]4(C)[C@H]3CC[C@]12C,CCCCCCCCCCCCCCCCCC(=O)OC[C@H](COP(=O)([O-])OCC[N+](C)(C)C)OC(=O)CCCCCCCCCCCCCCCCC,85.0,60.0,2.5,25.0,11.5,0.6060606060606061,0.025252525252525252,0.25252525252525254,0.11616161616161616,37.0,
697,DLin-KC2-DMA,PEG-c-DMA,cholesterol,DOPE,60:2.5:25:11.5,35,,,82,CR:0.25(charge)[siRNA:lipid],siRNA,empty,PEG-c-DMA,DLin-KC2-DMA,DOPE,cholesterol,"synthesis_method: Microfluidic; device_used: staggered herringbone micromixer; total_flow_rate_ml_min: 2; flow_rate_ratio: 1:3 (organic:aqueous); aqueous_phase_composition: 25 mM sodium acetate buffer, pH 4.0; organic_phase_composition: ethanol; mixing_time_sec: ; temperature_condition: ; post_processing: dialysis for 4h against 50 mM MES/50 mM sodium citrate buffer (pH 6.7), then overnight against 1x PBS; sterilization: ; storage_buffer: 1x PBS, pH 7.4",,Microfluidic Mixing: A General Method for Encapsulating Macromolecules in Lipid Nanoparticle Systems,"['Alex K. K. Leung', 'Yuen Yi C. Tam', 'Sam Chen', 'Ismail M. Hafez', 'Pieter R. Cullis']",10.1021/acs.jpcb.5b02891,The Journal of Physical Chemistry B,2015.0,CCCCC/C=C\C/C=C\CCCCCCCCC1(CCCCCCCC/C=C\C/C=C\CCCCC)OCC(CCN(C)C)O1,CN(C)CCC(O)COCCOCCOCCOCCOCCOCCOCCOCCOCCOCCOCCOCCOCCOCCOCCOCCOCCOCCOCCOCCOCCOCCOCCOCCOCCOCCOCCOCCOCCOCCOCCOCCOCCOCCOCCOCCOCCOCCOCCOCCOCCOCCOCCOCCOCCOCCOCCOCCOCCOCCOCCOCCOCCOCCOCCOCCOCCOCCOCCOCCOCCOCCOCCOCCOCCOCCOCCOCCOCCOCCOCCOCCOCCOCCOCCOCCOCCOCCOCCOCCOCCOCCOCCOCCOCCOCCOCCOCCOCCOCCO,CC(C)CCC[C@@H](C)[C@H]1CC[C@H]2[C@@H]3CC=C4C[C@@H](O)CC[C@]4(C)[C@H]3CC[C@]12C,CCCCCCCC/C=C\CCCCCCCC(=O)OC[C@H](COP(=O)(O)OCCN)OC(=O)CCCCCCC/C=C\CCCCCCCC,82.0,60.0,2.5,25.0,11.5,0.6060606060606061,0.025252525252525252,0.25252525252525254,0.11616161616161616,35.0,
698,DLin-KC2-DMA,PEG-c-DMA,cholesterol,DSPC,60:5:23.5:11.5,29,,,65,CR:0.25(charge)[siRNA:lipid],siRNA,empty,PEG-c-DMA,DLin-KC2-DMA,DSPC,cholesterol,"synthesis_method: Microfluidic; device_used: staggered herringbone micromixer; total_flow_rate_ml_min: 2; flow_rate_ratio: 1:3 (organic:aqueous); aqueous_phase_composition: 25 mM sodium acetate buffer, pH 4.0; organic_phase_composition: ethanol; mixing_time_sec: ; temperature_condition: ; post_processing: dialysis for 4h against 50 mM MES/50 mM sodium citrate buffer (pH 6.7), then overnight against 1x PBS; sterilization: ; storage_buffer: 1x PBS, pH 7.4",,Microfluidic Mixing: A General Method for Encapsulating Macromolecules in Lipid Nanoparticle Systems,"['Alex K. K. Leung', 'Yuen Yi C. Tam', 'Sam Chen', 'Ismail M. Hafez', 'Pieter R. Cullis']",10.1021/acs.jpcb.5b02891,The Journal of Physical Chemistry B,2015.0,CCCCC/C=C\C/C=C\CCCCCCCCC1(CCCCCCCC/C=C\C/C=C\CCCCC)OCC(CCN(C)C)O1,CN(C)CCC(O)COCCOCCOCCOCCOCCOCCOCCOCCOCCOCCOCCOCCOCCOCCOCCOCCOCCOCCOCCOCCOCCOCCOCCOCCOCCOCCOCCOCCOCCOCCOCCOCCOCCOCCOCCOCCOCCOCCOCCOCCOCCOCCOCCOCCOCCOCCOCCOCCOCCOCCOCCOCCOCCOCCOCCOCCOCCOCCOCCOCCOCCOCCOCCOCCOCCOCCOCCOCCOCCOCCOCCOCCOCCOCCOCCOCCOCCOCCOCCOCCOCCOCCOCCOCCOCCOCCOCCOCCOCCOCCO,CC(C)CCC[C@@H](C)[C@H]1CC[C@H]2[C@@H]3CC=C4C[C@@H](O)CC[C@]4(C)[C@H]3CC[C@]12C,CCCCCCCCCCCCCCCCCC(=O)OC[C@H](COP(=O)([O-])OCC[N+](C)(C)C)OC(=O)CCCCCCCCCCCCCCCCC,65.0,60.0,5.0,23.5,11.5,0.6,0.05,0.235,0.115,29.0,
699,DLin-KC2-DMA,PEG-c-DMA,cholesterol,DOPE,60:5:23.5:11.5,30,,,80,CR:0.25(charge)[siRNA:lipid],siRNA,empty,PEG-c-DMA,DLin-KC2-DMA,DOPE,cholesterol,"synthesis_method: Microfluidic; device_used: staggered herringbone micromixer; total_flow_rate_ml_min: 2; flow_rate_ratio: 1:3 (organic:aqueous); aqueous_phase_composition: 25 mM sodium acetate buffer, pH 4.0; organic_phase_composition: ethanol; mixing_time_sec: ; temperature_condition: ; post_processing: dialysis for 4h against 50 mM MES/50 mM sodium citrate buffer (pH 6.7), then overnight against 1x PBS; sterilization: ; storage_buffer: 1x PBS, pH 7.4",,Microfluidic Mixing: A General Method for Encapsulating Macromolecules in Lipid Nanoparticle Systems,"['Alex K. K. Leung', 'Yuen Yi C. Tam', 'Sam Chen', 'Ismail M. Hafez', 'Pieter R. Cullis']",10.1021/acs.jpcb.5b02891,The Journal of Physical Chemistry B,2015.0,CCCCC/C=C\C/C=C\CCCCCCCCC1(CCCCCCCC/C=C\C/C=C\CCCCC)OCC(CCN(C)C)O1,CN(C)CCC(O)COCCOCCOCCOCCOCCOCCOCCOCCOCCOCCOCCOCCOCCOCCOCCOCCOCCOCCOCCOCCOCCOCCOCCOCCOCCOCCOCCOCCOCCOCCOCCOCCOCCOCCOCCOCCOCCOCCOCCOCCOCCOCCOCCOCCOCCOCCOCCOCCOCCOCCOCCOCCOCCOCCOCCOCCOCCOCCOCCOCCOCCOCCOCCOCCOCCOCCOCCOCCOCCOCCOCCOCCOCCOCCOCCOCCOCCOCCOCCOCCOCCOCCOCCOCCOCCOCCOCCOCCOCCOCCO,CC(C)CCC[C@@H](C)[C@H]1CC[C@H]2[C@@H]3CC=C4C[C@@H](O)CC[C@]4(C)[C@H]3CC[C@]12C,CCCCCCCC/C=C\CCCCCCCC(=O)OC[C@H](COP(=O)(O)OCCN)OC(=O)CCCCCCC/C=C\CCCCCCCC,80.0,60.0,5.0,23.5,11.5,0.6,0.05,0.235,0.115,30.0,
700,DLin-KC2-DMA,PEG-c-DMA,cholesterol,DSPC,70:1:17.5:11.5,81,,,92,CR:0.25(charge)[siRNA:lipid],siRNA,empty,PEG-c-DMA,DLin-KC2-DMA,DSPC,cholesterol,"synthesis_method: Microfluidic; device_used: staggered herringbone micromixer; total_flow_rate_ml_min: 2; flow_rate_ratio: 1:3 (organic:aqueous); aqueous_phase_composition: 25 mM sodium acetate buffer, pH 4.0; organic_phase_composition: ethanol; mixing_time_sec: ; temperature_condition: ; post_processing: dialysis for 4h against 50 mM MES/50 mM sodium citrate buffer (pH 6.7), then overnight against 1x PBS; sterilization: ; storage_buffer: 1x PBS, pH 7.4",,Microfluidic Mixing: A General Method for Encapsulating Macromolecules in Lipid Nanoparticle Systems,"['Alex K. K. Leung', 'Yuen Yi C. Tam', 'Sam Chen', 'Ismail M. Hafez', 'Pieter R. Cullis']",10.1021/acs.jpcb.5b02891,The Journal of Physical Chemistry B,2015.0,CCCCC/C=C\C/C=C\CCCCCCCCC1(CCCCCCCC/C=C\C/C=C\CCCCC)OCC(CCN(C)C)O1,CN(C)CCC(O)COCCOCCOCCOCCOCCOCCOCCOCCOCCOCCOCCOCCOCCOCCOCCOCCOCCOCCOCCOCCOCCOCCOCCOCCOCCOCCOCCOCCOCCOCCOCCOCCOCCOCCOCCOCCOCCOCCOCCOCCOCCOCCOCCOCCOCCOCCOCCOCCOCCOCCOCCOCCOCCOCCOCCOCCOCCOCCOCCOCCOCCOCCOCCOCCOCCOCCOCCOCCOCCOCCOCCOCCOCCOCCOCCOCCOCCOCCOCCOCCOCCOCCOCCOCCOCCOCCOCCOCCOCCOCCO,CC(C)CCC[C@@H](C)[C@H]1CC[C@H]2[C@@H]3CC=C4C[C@@H](O)CC[C@]4(C)[C@H]3CC[C@]12C,CCCCCCCCCCCCCCCCCC(=O)OC[C@H](COP(=O)([O-])OCC[N+](C)(C)C)OC(=O)CCCCCCCCCCCCCCCCC,92.0,70.0,1.0,17.5,11.5,0.7,0.01,0.175,0.115,81.0,
701,DLin-KC2-DMA,PEG-c-DMA,cholesterol,DOPE,70:1:17.5:11.5,48,,,75,CR:0.25(charge)[siRNA:lipid],siRNA,empty,PEG-c-DMA,DLin-KC2-DMA,DOPE,cholesterol,"synthesis_method: Microfluidic; device_used: staggered herringbone micromixer; total_flow_rate_ml_min: 2; flow_rate_ratio: 1:3 (organic:aqueous); aqueous_phase_composition: 25 mM sodium acetate buffer, pH 4.0; organic_phase_composition: ethanol; mixing_time_sec: ; temperature_condition: ; post_processing: dialysis for 4h against 50 mM MES/50 mM sodium citrate buffer (pH 6.7), then overnight against 1x PBS; sterilization: ; storage_buffer: 1x PBS, pH 7.4",,Microfluidic Mixing: A General Method for Encapsulating Macromolecules in Lipid Nanoparticle Systems,"['Alex K. K. Leung', 'Yuen Yi C. Tam', 'Sam Chen', 'Ismail M. Hafez', 'Pieter R. Cullis']",10.1021/acs.jpcb.5b02891,The Journal of Physical Chemistry B,2015.0,CCCCC/C=C\C/C=C\CCCCCCCCC1(CCCCCCCC/C=C\C/C=C\CCCCC)OCC(CCN(C)C)O1,CN(C)CCC(O)COCCOCCOCCOCCOCCOCCOCCOCCOCCOCCOCCOCCOCCOCCOCCOCCOCCOCCOCCOCCOCCOCCOCCOCCOCCOCCOCCOCCOCCOCCOCCOCCOCCOCCOCCOCCOCCOCCOCCOCCOCCOCCOCCOCCOCCOCCOCCOCCOCCOCCOCCOCCOCCOCCOCCOCCOCCOCCOCCOCCOCCOCCOCCOCCOCCOCCOCCOCCOCCOCCOCCOCCOCCOCCOCCOCCOCCOCCOCCOCCOCCOCCOCCOCCOCCOCCOCCOCCOCCOCCO,CC(C)CCC[C@@H](C)[C@H]1CC[C@H]2[C@@H]3CC=C4C[C@@H](O)CC[C@]4(C)[C@H]3CC[C@]12C,CCCCCCCC/C=C\CCCCCCCC(=O)OC[C@H](COP(=O)(O)OCCN)OC(=O)CCCCCCC/C=C\CCCCCCCC,75.0,70.0,1.0,17.5,11.5,0.7,0.01,0.175,0.115,48.0,
702,DLin-KC2-DMA,PEG-c-DMA,cholesterol,DSPC,70:2.5:15:11.5,44,,,68,CR:0.25(charge)[siRNA:lipid],siRNA,empty,PEG-c-DMA,DLin-KC2-DMA,DSPC,cholesterol,"synthesis_method: Microfluidic; device_used: staggered herringbone micromixer; total_flow_rate_ml_min: 2; flow_rate_ratio: 1:3 (organic:aqueous); aqueous_phase_composition: 25 mM sodium acetate buffer, pH 4.0; organic_phase_composition: ethanol; mixing_time_sec: ; temperature_condition: ; post_processing: dialysis for 4h against 50 mM MES/50 mM sodium citrate buffer (pH 6.7), then overnight against 1x PBS; sterilization: ; storage_buffer: 1x PBS, pH 7.4",,Microfluidic Mixing: A General Method for Encapsulating Macromolecules in Lipid Nanoparticle Systems,"['Alex K. K. Leung', 'Yuen Yi C. Tam', 'Sam Chen', 'Ismail M. Hafez', 'Pieter R. Cullis']",10.1021/acs.jpcb.5b02891,The Journal of Physical Chemistry B,2015.0,CCCCC/C=C\C/C=C\CCCCCCCCC1(CCCCCCCC/C=C\C/C=C\CCCCC)OCC(CCN(C)C)O1,CN(C)CCC(O)COCCOCCOCCOCCOCCOCCOCCOCCOCCOCCOCCOCCOCCOCCOCCOCCOCCOCCOCCOCCOCCOCCOCCOCCOCCOCCOCCOCCOCCOCCOCCOCCOCCOCCOCCOCCOCCOCCOCCOCCOCCOCCOCCOCCOCCOCCOCCOCCOCCOCCOCCOCCOCCOCCOCCOCCOCCOCCOCCOCCOCCOCCOCCOCCOCCOCCOCCOCCOCCOCCOCCOCCOCCOCCOCCOCCOCCOCCOCCOCCOCCOCCOCCOCCOCCOCCOCCOCCOCCOCCO,CC(C)CCC[C@@H](C)[C@H]1CC[C@H]2[C@@H]3CC=C4C[C@@H](O)CC[C@]4(C)[C@H]3CC[C@]12C,CCCCCCCCCCCCCCCCCC(=O)OC[C@H](COP(=O)([O-])OCC[N+](C)(C)C)OC(=O)CCCCCCCCCCCCCCCCC,68.0,70.0,2.5,15.0,11.5,0.7070707070707071,0.025252525252525252,0.15151515151515152,0.11616161616161616,44.0,
703,DLin-KC2-DMA,PEG-c-DMA,cholesterol,DOPE,70:2.5:15:11.5,42,,,77,CR:0.25(charge)[siRNA:lipid],siRNA,empty,PEG-c-DMA,DLin-KC2-DMA,DOPE,cholesterol,"synthesis_method: Microfluidic; device_used: staggered herringbone micromixer; total_flow_rate_ml_min: 2; flow_rate_ratio: 1:3 (organic:aqueous); aqueous_phase_composition: 25 mM sodium acetate buffer, pH 4.0; organic_phase_composition: ethanol; mixing_time_sec: ; temperature_condition: ; post_processing: dialysis for 4h against 50 mM MES/50 mM sodium citrate buffer (pH 6.7), then overnight against 1x PBS; sterilization: ; storage_buffer: 1x PBS, pH 7.4",,Microfluidic Mixing: A General Method for Encapsulating Macromolecules in Lipid Nanoparticle Systems,"['Alex K. K. Leung', 'Yuen Yi C. Tam', 'Sam Chen', 'Ismail M. Hafez', 'Pieter R. Cullis']",10.1021/acs.jpcb.5b02891,The Journal of Physical Chemistry B,2015.0,CCCCC/C=C\C/C=C\CCCCCCCCC1(CCCCCCCC/C=C\C/C=C\CCCCC)OCC(CCN(C)C)O1,CN(C)CCC(O)COCCOCCOCCOCCOCCOCCOCCOCCOCCOCCOCCOCCOCCOCCOCCOCCOCCOCCOCCOCCOCCOCCOCCOCCOCCOCCOCCOCCOCCOCCOCCOCCOCCOCCOCCOCCOCCOCCOCCOCCOCCOCCOCCOCCOCCOCCOCCOCCOCCOCCOCCOCCOCCOCCOCCOCCOCCOCCOCCOCCOCCOCCOCCOCCOCCOCCOCCOCCOCCOCCOCCOCCOCCOCCOCCOCCOCCOCCOCCOCCOCCOCCOCCOCCOCCOCCOCCOCCOCCOCCO,CC(C)CCC[C@@H](C)[C@H]1CC[C@H]2[C@@H]3CC=C4C[C@@H](O)CC[C@]4(C)[C@H]3CC[C@]12C,CCCCCCCC/C=C\CCCCCCCC(=O)OC[C@H](COP(=O)(O)OCCN)OC(=O)CCCCCCC/C=C\CCCCCCCC,77.0,70.0,2.5,15.0,11.5,0.7070707070707071,0.025252525252525252,0.15151515151515152,0.11616161616161616,42.0,
704,DLin-KC2-DMA,PEG-c-DMA,cholesterol,DSPC,70:5:13.5:11.5,32,,,32,CR:0.25(charge)[siRNA:lipid],siRNA,empty,PEG-c-DMA,DLin-KC2-DMA,DSPC,cholesterol,"synthesis_method: Microfluidic; device_used: staggered herringbone micromixer; total_flow_rate_ml_min: 2; flow_rate_ratio: 1:3 (organic:aqueous); aqueous_phase_composition: 25 mM sodium acetate buffer, pH 4.0; organic_phase_composition: ethanol; mixing_time_sec: ; temperature_condition: ; post_processing: dialysis for 4h against 50 mM MES/50 mM sodium citrate buffer (pH 6.7), then overnight against 1x PBS; sterilization: ; storage_buffer: 1x PBS, pH 7.4",,Microfluidic Mixing: A General Method for Encapsulating Macromolecules in Lipid Nanoparticle Systems,"['Alex K. K. Leung', 'Yuen Yi C. Tam', 'Sam Chen', 'Ismail M. Hafez', 'Pieter R. Cullis']",10.1021/acs.jpcb.5b02891,The Journal of Physical Chemistry B,2015.0,CCCCC/C=C\C/C=C\CCCCCCCCC1(CCCCCCCC/C=C\C/C=C\CCCCC)OCC(CCN(C)C)O1,CN(C)CCC(O)COCCOCCOCCOCCOCCOCCOCCOCCOCCOCCOCCOCCOCCOCCOCCOCCOCCOCCOCCOCCOCCOCCOCCOCCOCCOCCOCCOCCOCCOCCOCCOCCOCCOCCOCCOCCOCCOCCOCCOCCOCCOCCOCCOCCOCCOCCOCCOCCOCCOCCOCCOCCOCCOCCOCCOCCOCCOCCOCCOCCOCCOCCOCCOCCOCCOCCOCCOCCOCCOCCOCCOCCOCCOCCOCCOCCOCCOCCOCCOCCOCCOCCOCCOCCOCCOCCOCCOCCOCCOCCO,CC(C)CCC[C@@H](C)[C@H]1CC[C@H]2[C@@H]3CC=C4C[C@@H](O)CC[C@]4(C)[C@H]3CC[C@]12C,CCCCCCCCCCCCCCCCCC(=O)OC[C@H](COP(=O)([O-])OCC[N+](C)(C)C)OC(=O)CCCCCCCCCCCCCCCCC,32.0,70.0,5.0,13.5,11.5,0.7,0.05,0.135,0.115,32.0,
705,DLin-KC2-DMA,PEG-c-DMA,cholesterol,DOPE,70:5:13.5:11.5,32,,,75,CR:0.25(charge)[siRNA:lipid],siRNA,empty,PEG-c-DMA,DLin-KC2-DMA,DOPE,cholesterol,"synthesis_method: Microfluidic; device_used: staggered herringbone micromixer; total_flow_rate_ml_min: 2; flow_rate_ratio: 1:3 (organic:aqueous); aqueous_phase_composition: 25 mM sodium acetate buffer, pH 4.0; organic_phase_composition: ethanol; mixing_time_sec: ; temperature_condition: ; post_processing: dialysis for 4h against 50 mM MES/50 mM sodium citrate buffer (pH 6.7), then overnight against 1x PBS; sterilization: ; storage_buffer: 1x PBS, pH 7.4",,Microfluidic Mixing: A General Method for Encapsulating Macromolecules in Lipid Nanoparticle Systems,"['Alex K. K. Leung', 'Yuen Yi C. Tam', 'Sam Chen', 'Ismail M. Hafez', 'Pieter R. Cullis']",10.1021/acs.jpcb.5b02891,The Journal of Physical Chemistry B,2015.0,CCCCC/C=C\C/C=C\CCCCCCCCC1(CCCCCCCC/C=C\C/C=C\CCCCC)OCC(CCN(C)C)O1,CN(C)CCC(O)COCCOCCOCCOCCOCCOCCOCCOCCOCCOCCOCCOCCOCCOCCOCCOCCOCCOCCOCCOCCOCCOCCOCCOCCOCCOCCOCCOCCOCCOCCOCCOCCOCCOCCOCCOCCOCCOCCOCCOCCOCCOCCOCCOCCOCCOCCOCCOCCOCCOCCOCCOCCOCCOCCOCCOCCOCCOCCOCCOCCOCCOCCOCCOCCOCCOCCOCCOCCOCCOCCOCCOCCOCCOCCOCCOCCOCCOCCOCCOCCOCCOCCOCCOCCOCCOCCOCCOCCOCCOCCO,CC(C)CCC[C@@H](C)[C@H]1CC[C@H]2[C@@H]3CC=C4C[C@@H](O)CC[C@]4(C)[C@H]3CC[C@]12C,CCCCCCCC/C=C\CCCCCCCC(=O)OC[C@H](COP(=O)(O)OCCN)OC(=O)CCCCCCC/C=C\CCCCCCCC,75.0,70.0,5.0,13.5,11.5,0.7,0.05,0.135,0.115,32.0,
706,DLin-KC2-DMA,PEG-c-DMA,cholesterol,DSPC,80:1:7.5:11.5,101,,,60,CR:0.25(charge)[siRNA:lipid],siRNA,empty,PEG-c-DMA,DLin-KC2-DMA,DSPC,cholesterol,"synthesis_method: Microfluidic; device_used: staggered herringbone micromixer; total_flow_rate_ml_min: 2; flow_rate_ratio: 1:3 (organic:aqueous); aqueous_phase_composition: 25 mM sodium acetate buffer, pH 4.0; organic_phase_composition: ethanol; mixing_time_sec: ; temperature_condition: ; post_processing: dialysis for 4h against 50 mM MES/50 mM sodium citrate buffer (pH 6.7), then overnight against 1x PBS; sterilization: ; storage_buffer: 1x PBS, pH 7.4",,Microfluidic Mixing: A General Method for Encapsulating Macromolecules in Lipid Nanoparticle Systems,"['Alex K. K. Leung', 'Yuen Yi C. Tam', 'Sam Chen', 'Ismail M. Hafez', 'Pieter R. Cullis']",10.1021/acs.jpcb.5b02891,The Journal of Physical Chemistry B,2015.0,CCCCC/C=C\C/C=C\CCCCCCCCC1(CCCCCCCC/C=C\C/C=C\CCCCC)OCC(CCN(C)C)O1,CN(C)CCC(O)COCCOCCOCCOCCOCCOCCOCCOCCOCCOCCOCCOCCOCCOCCOCCOCCOCCOCCOCCOCCOCCOCCOCCOCCOCCOCCOCCOCCOCCOCCOCCOCCOCCOCCOCCOCCOCCOCCOCCOCCOCCOCCOCCOCCOCCOCCOCCOCCOCCOCCOCCOCCOCCOCCOCCOCCOCCOCCOCCOCCOCCOCCOCCOCCOCCOCCOCCOCCOCCOCCOCCOCCOCCOCCOCCOCCOCCOCCOCCOCCOCCOCCOCCOCCOCCOCCOCCOCCOCCOCCO,CC(C)CCC[C@@H](C)[C@H]1CC[C@H]2[C@@H]3CC=C4C[C@@H](O)CC[C@]4(C)[C@H]3CC[C@]12C,CCCCCCCCCCCCCCCCCC(=O)OC[C@H](COP(=O)([O-])OCC[N+](C)(C)C)OC(=O)CCCCCCCCCCCCCCCCC,60.0,80.0,1.0,7.5,11.5,0.8,0.01,0.075,0.115,101.0,
707,DLin-KC2-DMA,PEG-c-DMA,cholesterol,DOPE,80:1:7.5:11.5,54,,,20,CR:0.25(charge)[siRNA:lipid],siRNA,empty,PEG-c-DMA,DLin-KC2-DMA,DOPE,cholesterol,"synthesis_method: Microfluidic; device_used: staggered herringbone micromixer; total_flow_rate_ml_min: 2; flow_rate_ratio: 1:3 (organic:aqueous); aqueous_phase_composition: 25 mM sodium acetate buffer, pH 4.0; organic_phase_composition: ethanol; mixing_time_sec: ; temperature_condition: ; post_processing: dialysis for 4h against 50 mM MES/50 mM sodium citrate buffer (pH 6.7), then overnight against 1x PBS; sterilization: ; storage_buffer: 1x PBS, pH 7.4",,Microfluidic Mixing: A General Method for Encapsulating Macromolecules in Lipid Nanoparticle Systems,"['Alex K. K. Leung', 'Yuen Yi C. Tam', 'Sam Chen', 'Ismail M. Hafez', 'Pieter R. Cullis']",10.1021/acs.jpcb.5b02891,The Journal of Physical Chemistry B,2015.0,CCCCC/C=C\C/C=C\CCCCCCCCC1(CCCCCCCC/C=C\C/C=C\CCCCC)OCC(CCN(C)C)O1,CN(C)CCC(O)COCCOCCOCCOCCOCCOCCOCCOCCOCCOCCOCCOCCOCCOCCOCCOCCOCCOCCOCCOCCOCCOCCOCCOCCOCCOCCOCCOCCOCCOCCOCCOCCOCCOCCOCCOCCOCCOCCOCCOCCOCCOCCOCCOCCOCCOCCOCCOCCOCCOCCOCCOCCOCCOCCOCCOCCOCCOCCOCCOCCOCCOCCOCCOCCOCCOCCOCCOCCOCCOCCOCCOCCOCCOCCOCCOCCOCCOCCOCCOCCOCCOCCOCCOCCOCCOCCOCCOCCOCCOCCO,CC(C)CCC[C@@H](C)[C@H]1CC[C@H]2[C@@H]3CC=C4C[C@@H](O)CC[C@]4(C)[C@H]3CC[C@]12C,CCCCCCCC/C=C\CCCCCCCC(=O)OC[C@H](COP(=O)(O)OCCN)OC(=O)CCCCCCC/C=C\CCCCCCCC,20.0,80.0,1.0,7.5,11.5,0.8,0.01,0.075,0.115,54.0,
708,DLin-KC2-DMA,PEG-c-DMA,cholesterol,DSPC,80:2.5:6:11.5,53,,,20,CR:0.25(charge)[siRNA:lipid],siRNA,empty,PEG-c-DMA,DLin-KC2-DMA,DSPC,cholesterol,"synthesis_method: Microfluidic; device_used: staggered herringbone micromixer; total_flow_rate_ml_min: 2; flow_rate_ratio: 1:3 (organic:aqueous); aqueous_phase_composition: 25 mM sodium acetate buffer, pH 4.0; organic_phase_composition: ethanol; mixing_time_sec: ; temperature_condition: ; post_processing: dialysis for 4h against 50 mM MES/50 mM sodium citrate buffer (pH 6.7), then overnight against 1x PBS; sterilization: ; storage_buffer: 1x PBS, pH 7.4",,Microfluidic Mixing: A General Method for Encapsulating Macromolecules in Lipid Nanoparticle Systems,"['Alex K. K. Leung', 'Yuen Yi C. Tam', 'Sam Chen', 'Ismail M. Hafez', 'Pieter R. Cullis']",10.1021/acs.jpcb.5b02891,The Journal of Physical Chemistry B,2015.0,CCCCC/C=C\C/C=C\CCCCCCCCC1(CCCCCCCC/C=C\C/C=C\CCCCC)OCC(CCN(C)C)O1,CN(C)CCC(O)COCCOCCOCCOCCOCCOCCOCCOCCOCCOCCOCCOCCOCCOCCOCCOCCOCCOCCOCCOCCOCCOCCOCCOCCOCCOCCOCCOCCOCCOCCOCCOCCOCCOCCOCCOCCOCCOCCOCCOCCOCCOCCOCCOCCOCCOCCOCCOCCOCCOCCOCCOCCOCCOCCOCCOCCOCCOCCOCCOCCOCCOCCOCCOCCOCCOCCOCCOCCOCCOCCOCCOCCOCCOCCOCCOCCOCCOCCOCCOCCOCCOCCOCCOCCOCCOCCOCCOCCOCCOCCO,CC(C)CCC[C@@H](C)[C@H]1CC[C@H]2[C@@H]3CC=C4C[C@@H](O)CC[C@]4(C)[C@H]3CC[C@]12C,CCCCCCCCCCCCCCCCCC(=O)OC[C@H](COP(=O)([O-])OCC[N+](C)(C)C)OC(=O)CCCCCCCCCCCCCCCCC,20.0,80.0,2.5,6.0,11.5,0.8,0.025,0.06,0.115,53.0,
709,DLin-KC2-DMA,PEG-c-DMA,cholesterol,DOPE,80:2.5:6:11.5,49,,,33,CR:0.25(charge)[siRNA:lipid],siRNA,empty,PEG-c-DMA,DLin-KC2-DMA,DOPE,cholesterol,"synthesis_method: Microfluidic; device_used: staggered herringbone micromixer; total_flow_rate_ml_min: 2; flow_rate_ratio: 1:3 (organic:aqueous); aqueous_phase_composition: 25 mM sodium acetate buffer, pH 4.0; organic_phase_composition: ethanol; mixing_time_sec: ; temperature_condition: ; post_processing: dialysis for 4h against 50 mM MES/50 mM sodium citrate buffer (pH 6.7), then overnight against 1x PBS; sterilization: ; storage_buffer: 1x PBS, pH 7.4",,Microfluidic Mixing: A General Method for Encapsulating Macromolecules in Lipid Nanoparticle Systems,"['Alex K. K. Leung', 'Yuen Yi C. Tam', 'Sam Chen', 'Ismail M. Hafez', 'Pieter R. Cullis']",10.1021/acs.jpcb.5b02891,The Journal of Physical Chemistry B,2015.0,CCCCC/C=C\C/C=C\CCCCCCCCC1(CCCCCCCC/C=C\C/C=C\CCCCC)OCC(CCN(C)C)O1,CN(C)CCC(O)COCCOCCOCCOCCOCCOCCOCCOCCOCCOCCOCCOCCOCCOCCOCCOCCOCCOCCOCCOCCOCCOCCOCCOCCOCCOCCOCCOCCOCCOCCOCCOCCOCCOCCOCCOCCOCCOCCOCCOCCOCCOCCOCCOCCOCCOCCOCCOCCOCCOCCOCCOCCOCCOCCOCCOCCOCCOCCOCCOCCOCCOCCOCCOCCOCCOCCOCCOCCOCCOCCOCCOCCOCCOCCOCCOCCOCCOCCOCCOCCOCCOCCOCCOCCOCCOCCOCCOCCOCCOCCO,CC(C)CCC[C@@H](C)[C@H]1CC[C@H]2[C@@H]3CC=C4C[C@@H](O)CC[C@]4(C)[C@H]3CC[C@]12C,CCCCCCCC/C=C\CCCCCCCC(=O)OC[C@H](COP(=O)(O)OCCN)OC(=O)CCCCCCC/C=C\CCCCCCCC,33.0,80.0,2.5,6.0,11.5,0.8,0.025,0.06,0.115,49.0,
710,DLin-KC2-DMA,PEG-c-DMA,cholesterol,DSPC,80:5:3.5:11.5,33,,,0,CR:0.25(charge)[siRNA:lipid],siRNA,empty,PEG-c-DMA,DLin-KC2-DMA,DSPC,cholesterol,"synthesis_method: Microfluidic; device_used: staggered herringbone micromixer; total_flow_rate_ml_min: 2; flow_rate_ratio: 1:3 (organic:aqueous); aqueous_phase_composition: 25 mM sodium acetate buffer, pH 4.0; organic_phase_composition: ethanol; mixing_time_sec: ; temperature_condition: ; post_processing: dialysis for 4h against 50 mM MES/50 mM sodium citrate buffer (pH 6.7), then overnight against 1x PBS; sterilization: ; storage_buffer: 1x PBS, pH 7.4",,Microfluidic Mixing: A General Method for Encapsulating Macromolecules in Lipid Nanoparticle Systems,"['Alex K. K. Leung', 'Yuen Yi C. Tam', 'Sam Chen', 'Ismail M. Hafez', 'Pieter R. Cullis']",10.1021/acs.jpcb.5b02891,The Journal of Physical Chemistry B,2015.0,CCCCC/C=C\C/C=C\CCCCCCCCC1(CCCCCCCC/C=C\C/C=C\CCCCC)OCC(CCN(C)C)O1,CN(C)CCC(O)COCCOCCOCCOCCOCCOCCOCCOCCOCCOCCOCCOCCOCCOCCOCCOCCOCCOCCOCCOCCOCCOCCOCCOCCOCCOCCOCCOCCOCCOCCOCCOCCOCCOCCOCCOCCOCCOCCOCCOCCOCCOCCOCCOCCOCCOCCOCCOCCOCCOCCOCCOCCOCCOCCOCCOCCOCCOCCOCCOCCOCCOCCOCCOCCOCCOCCOCCOCCOCCOCCOCCOCCOCCOCCOCCOCCOCCOCCOCCOCCOCCOCCOCCOCCOCCOCCOCCOCCOCCOCCO,CC(C)CCC[C@@H](C)[C@H]1CC[C@H]2[C@@H]3CC=C4C[C@@H](O)CC[C@]4(C)[C@H]3CC[C@]12C,CCCCCCCCCCCCCCCCCC(=O)OC[C@H](COP(=O)([O-])OCC[N+](C)(C)C)OC(=O)CCCCCCCCCCCCCCCCC,0.0,80.0,5.0,3.5,11.5,0.8,0.05,0.035,0.115,33.0,
711,DLin-KC2-DMA,PEG-c-DMA,cholesterol,DOPE,80:5:3.5:11.5,32,,,0,CR:0.25(charge)[siRNA:lipid],siRNA,empty,PEG-c-DMA,DLin-KC2-DMA,DOPE,cholesterol,"synthesis_method: Microfluidic; device_used: staggered herringbone micromixer; total_flow_rate_ml_min: 2; flow_rate_ratio: 1:3 (organic:aqueous); aqueous_phase_composition: 25 mM sodium acetate buffer, pH 4.0; organic_phase_composition: ethanol; mixing_time_sec: ; temperature_condition: ; post_processing: dialysis for 4h against 50 mM MES/50 mM sodium citrate buffer (pH 6.7), then overnight against 1x PBS; sterilization: ; storage_buffer: 1x PBS, pH 7.4",,Microfluidic Mixing: A General Method for Encapsulating Macromolecules in Lipid Nanoparticle Systems,"['Alex K. K. Leung', 'Yuen Yi C. Tam', 'Sam Chen', 'Ismail M. Hafez', 'Pieter R. Cullis']",10.1021/acs.jpcb.5b02891,The Journal of Physical Chemistry B,2015.0,CCCCC/C=C\C/C=C\CCCCCCCCC1(CCCCCCCC/C=C\C/C=C\CCCCC)OCC(CCN(C)C)O1,CN(C)CCC(O)COCCOCCOCCOCCOCCOCCOCCOCCOCCOCCOCCOCCOCCOCCOCCOCCOCCOCCOCCOCCOCCOCCOCCOCCOCCOCCOCCOCCOCCOCCOCCOCCOCCOCCOCCOCCOCCOCCOCCOCCOCCOCCOCCOCCOCCOCCOCCOCCOCCOCCOCCOCCOCCOCCOCCOCCOCCOCCOCCOCCOCCOCCOCCOCCOCCOCCOCCOCCOCCOCCOCCOCCOCCOCCOCCOCCOCCOCCOCCOCCOCCOCCOCCOCCOCCOCCOCCOCCOCCOCCO,CC(C)CCC[C@@H](C)[C@H]1CC[C@H]2[C@@H]3CC=C4C[C@@H](O)CC[C@]4(C)[C@H]3CC[C@]12C,CCCCCCCC/C=C\CCCCCCCC(=O)OC[C@H](COP(=O)(O)OCCN)OC(=O)CCCCCCC/C=C\CCCCCCCC,0.0,80.0,5.0,3.5,11.5,0.8,0.05,0.035,0.115,32.0,
712,DLin-KC2-DMA,PEG-c-DMA,cholesterol,DSPC,50:1:37.5:11.5,90,,,82,OTHER:plasmid DNA/lipid charge ratio 0.17,DNA,"gfp, plasmid_dna",PEG-c-DMA,DLin-KC2-DMA,DSPC,cholesterol,"synthesis_method: Microfluidic; device_used: staggered herringbone micromixer; total_flow_rate_ml_min: 2; flow_rate_ratio: 1:3 (organic:aqueous); aqueous_phase_composition: 25 mM sodium acetate buffer, pH 4.0; organic_phase_composition: ethanol; mixing_time_sec: ; temperature_condition: ; post_processing: dialysis for 4h against 50 mM MES/50 mM sodium citrate buffer (pH 6.7), then overnight against 1x PBS; sterilization: ; storage_buffer: 1x PBS, pH 7.4",,Microfluidic Mixing: A General Method for Encapsulating Macromolecules in Lipid Nanoparticle Systems,"['Alex K. K. Leung', 'Yuen Yi C. Tam', 'Sam Chen', 'Ismail M. Hafez', 'Pieter R. Cullis']",10.1021/acs.jpcb.5b02891,The Journal of Physical Chemistry B,2015.0,CCCCC/C=C\C/C=C\CCCCCCCCC1(CCCCCCCC/C=C\C/C=C\CCCCC)OCC(CCN(C)C)O1,CN(C)CCC(O)COCCOCCOCCOCCOCCOCCOCCOCCOCCOCCOCCOCCOCCOCCOCCOCCOCCOCCOCCOCCOCCOCCOCCOCCOCCOCCOCCOCCOCCOCCOCCOCCOCCOCCOCCOCCOCCOCCOCCOCCOCCOCCOCCOCCOCCOCCOCCOCCOCCOCCOCCOCCOCCOCCOCCOCCOCCOCCOCCOCCOCCOCCOCCOCCOCCOCCOCCOCCOCCOCCOCCOCCOCCOCCOCCOCCOCCOCCOCCOCCOCCOCCOCCOCCOCCOCCOCCOCCOCCOCCO,CC(C)CCC[C@@H](C)[C@H]1CC[C@H]2[C@@H]3CC=C4C[C@@H](O)CC[C@]4(C)[C@H]3CC[C@]12C,CCCCCCCCCCCCCCCCCC(=O)OC[C@H](COP(=O)([O-])OCC[N+](C)(C)C)OC(=O)CCCCCCCCCCCCCCCCC,82.0,50.0,1.0,37.5,11.5,0.5,0.01,0.375,0.115,90.0,
713,DLin-KC2-DMA,PEG-c-DMA,cholesterol,DOPE,50:1:37.5:11.5,100,,,74,OTHER:plasmid DNA/lipid charge ratio 0.17,DNA,"gfp, plasmid_dna",PEG-c-DMA,DLin-KC2-DMA,DOPE,cholesterol,"synthesis_method: Microfluidic; device_used: staggered herringbone micromixer; total_flow_rate_ml_min: 2; flow_rate_ratio: 1:3 (organic:aqueous); aqueous_phase_composition: 25 mM sodium acetate buffer, pH 4.0; organic_phase_composition: ethanol; mixing_time_sec: ; temperature_condition: ; post_processing: dialysis for 4h against 50 mM MES/50 mM sodium citrate buffer (pH 6.7), then overnight against 1x PBS; sterilization: ; storage_buffer: 1x PBS, pH 7.4",,Microfluidic Mixing: A General Method for Encapsulating Macromolecules in Lipid Nanoparticle Systems,"['Alex K. K. Leung', 'Yuen Yi C. Tam', 'Sam Chen', 'Ismail M. Hafez', 'Pieter R. Cullis']",10.1021/acs.jpcb.5b02891,The Journal of Physical Chemistry B,2015.0,CCCCC/C=C\C/C=C\CCCCCCCCC1(CCCCCCCC/C=C\C/C=C\CCCCC)OCC(CCN(C)C)O1,CN(C)CCC(O)COCCOCCOCCOCCOCCOCCOCCOCCOCCOCCOCCOCCOCCOCCOCCOCCOCCOCCOCCOCCOCCOCCOCCOCCOCCOCCOCCOCCOCCOCCOCCOCCOCCOCCOCCOCCOCCOCCOCCOCCOCCOCCOCCOCCOCCOCCOCCOCCOCCOCCOCCOCCOCCOCCOCCOCCOCCOCCOCCOCCOCCOCCOCCOCCOCCOCCOCCOCCOCCOCCOCCOCCOCCOCCOCCOCCOCCOCCOCCOCCOCCOCCOCCOCCOCCOCCOCCOCCOCCOCCO,CC(C)CCC[C@@H](C)[C@H]1CC[C@H]2[C@@H]3CC=C4C[C@@H](O)CC[C@]4(C)[C@H]3CC[C@]12C,CCCCCCCC/C=C\CCCCCCCC(=O)OC[C@H](COP(=O)(O)OCCN)OC(=O)CCCCCCC/C=C\CCCCCCCC,74.0,50.0,1.0,37.5,11.5,0.5,0.01,0.375,0.115,100.0,
714,DLin-KC2-DMA,PEG-c-DMA,cholesterol,DSPC,80:1:7.5:11.5,95,,,8,OTHER:plasmid DNA/lipid charge ratio 0.17,DNA,"gfp, plasmid_dna",PEG-c-DMA,DLin-KC2-DMA,DSPC,cholesterol,"synthesis_method: Microfluidic; device_used: staggered herringbone micromixer; total_flow_rate_ml_min: 2; flow_rate_ratio: 1:3 (organic:aqueous); aqueous_phase_composition: 25 mM sodium acetate buffer, pH 4.0; organic_phase_composition: ethanol; mixing_time_sec: ; temperature_condition: ; post_processing: dialysis for 4h against 50 mM MES/50 mM sodium citrate buffer (pH 6.7), then overnight against 1x PBS; sterilization: ; storage_buffer: 1x PBS, pH 7.4",,Microfluidic Mixing: A General Method for Encapsulating Macromolecules in Lipid Nanoparticle Systems,"['Alex K. K. Leung', 'Yuen Yi C. Tam', 'Sam Chen', 'Ismail M. Hafez', 'Pieter R. Cullis']",10.1021/acs.jpcb.5b02891,The Journal of Physical Chemistry B,2015.0,CCCCC/C=C\C/C=C\CCCCCCCCC1(CCCCCCCC/C=C\C/C=C\CCCCC)OCC(CCN(C)C)O1,CN(C)CCC(O)COCCOCCOCCOCCOCCOCCOCCOCCOCCOCCOCCOCCOCCOCCOCCOCCOCCOCCOCCOCCOCCOCCOCCOCCOCCOCCOCCOCCOCCOCCOCCOCCOCCOCCOCCOCCOCCOCCOCCOCCOCCOCCOCCOCCOCCOCCOCCOCCOCCOCCOCCOCCOCCOCCOCCOCCOCCOCCOCCOCCOCCOCCOCCOCCOCCOCCOCCOCCOCCOCCOCCOCCOCCOCCOCCOCCOCCOCCOCCOCCOCCOCCOCCOCCOCCOCCOCCOCCOCCOCCO,CC(C)CCC[C@@H](C)[C@H]1CC[C@H]2[C@@H]3CC=C4C[C@@H](O)CC[C@]4(C)[C@H]3CC[C@]12C,CCCCCCCCCCCCCCCCCC(=O)OC[C@H](COP(=O)([O-])OCC[N+](C)(C)C)OC(=O)CCCCCCCCCCCCCCCCC,8.0,80.0,1.0,7.5,11.5,0.8,0.01,0.075,0.115,95.0,
715,DLin-KC2-DMA,PEG-c-DMA,cholesterol,DOPE,80:1:7.5:11.5,42,,,37,OTHER:plasmid DNA/lipid charge ratio 0.17,DNA,"gfp, plasmid_dna",PEG-c-DMA,DLin-KC2-DMA,DOPE,cholesterol,"synthesis_method: Microfluidic; device_used: staggered herringbone micromixer; total_flow_rate_ml_min: 2; flow_rate_ratio: 1:3 (organic:aqueous); aqueous_phase_composition: 25 mM sodium acetate buffer, pH 4.0; organic_phase_composition: ethanol; mixing_time_sec: ; temperature_condition: ; post_processing: dialysis for 4h against 50 mM MES/50 mM sodium citrate buffer (pH 6.7), then overnight against 1x PBS; sterilization: ; storage_buffer: 1x PBS, pH 7.4",,Microfluidic Mixing: A General Method for Encapsulating Macromolecules in Lipid Nanoparticle Systems,"['Alex K. K. Leung', 'Yuen Yi C. Tam', 'Sam Chen', 'Ismail M. Hafez', 'Pieter R. Cullis']",10.1021/acs.jpcb.5b02891,The Journal of Physical Chemistry B,2015.0,CCCCC/C=C\C/C=C\CCCCCCCCC1(CCCCCCCC/C=C\C/C=C\CCCCC)OCC(CCN(C)C)O1,CN(C)CCC(O)COCCOCCOCCOCCOCCOCCOCCOCCOCCOCCOCCOCCOCCOCCOCCOCCOCCOCCOCCOCCOCCOCCOCCOCCOCCOCCOCCOCCOCCOCCOCCOCCOCCOCCOCCOCCOCCOCCOCCOCCOCCOCCOCCOCCOCCOCCOCCOCCOCCOCCOCCOCCOCCOCCOCCOCCOCCOCCOCCOCCOCCOCCOCCOCCOCCOCCOCCOCCOCCOCCOCCOCCOCCOCCOCCOCCOCCOCCOCCOCCOCCOCCOCCOCCOCCOCCOCCOCCOCCOCCO,CC(C)CCC[C@@H](C)[C@H]1CC[C@H]2[C@@H]3CC=C4C[C@@H](O)CC[C@]4(C)[C@H]3CC[C@]12C,CCCCCCCC/C=C\CCCCCCCC(=O)OC[C@H](COP(=O)(O)OCCN)OC(=O)CCCCCCC/C=C\CCCCCCCC,37.0,80.0,1.0,7.5,11.5,0.8,0.01,0.075,0.115,42.0,
716,DLin-KC2-DMA,PEG-c-DMA,cholesterol,DSPC,50:1:37.5:11.5,180,,,95,CR:0.25(charge)[mRNA:lipid],mRNA,firefly_luciferase,PEG-c-DMA,DLin-KC2-DMA,DSPC,cholesterol,"synthesis_method: Microfluidic; device_used: staggered herringbone micromixer; total_flow_rate_ml_min: 2; flow_rate_ratio: 1:3 (organic:aqueous); aqueous_phase_composition: 25 mM sodium acetate buffer, pH 4.0; organic_phase_composition: ethanol; mixing_time_sec: ; temperature_condition: ; post_processing: dialysis for 4h against 50 mM MES/50 mM sodium citrate buffer (pH 6.7), then overnight against 1x PBS; sterilization: ; storage_buffer: 1x PBS, pH 7.4",,Microfluidic Mixing: A General Method for Encapsulating Macromolecules in Lipid Nanoparticle Systems,"['Alex K. K. Leung', 'Yuen Yi C. Tam', 'Sam Chen', 'Ismail M. Hafez', 'Pieter R. Cullis']",10.1021/acs.jpcb.5b02891,The Journal of Physical Chemistry B,2015.0,CCCCC/C=C\C/C=C\CCCCCCCCC1(CCCCCCCC/C=C\C/C=C\CCCCC)OCC(CCN(C)C)O1,CN(C)CCC(O)COCCOCCOCCOCCOCCOCCOCCOCCOCCOCCOCCOCCOCCOCCOCCOCCOCCOCCOCCOCCOCCOCCOCCOCCOCCOCCOCCOCCOCCOCCOCCOCCOCCOCCOCCOCCOCCOCCOCCOCCOCCOCCOCCOCCOCCOCCOCCOCCOCCOCCOCCOCCOCCOCCOCCOCCOCCOCCOCCOCCOCCOCCOCCOCCOCCOCCOCCOCCOCCOCCOCCOCCOCCOCCOCCOCCOCCOCCOCCOCCOCCOCCOCCOCCOCCOCCOCCOCCOCCOCCO,CC(C)CCC[C@@H](C)[C@H]1CC[C@H]2[C@@H]3CC=C4C[C@@H](O)CC[C@]4(C)[C@H]3CC[C@]12C,CCCCCCCCCCCCCCCCCC(=O)OC[C@H](COP(=O)([O-])OCC[N+](C)(C)C)OC(=O)CCCCCCCCCCCCCCCCC,95.0,50.0,1.0,37.5,11.5,0.5,0.01,0.375,0.115,180.0,
717,DLin-KC2-DMA,PEG-c-DMA,cholesterol,DOPE,50:1:37.5:11.5,160,,,97,CR:0.25(charge)[mRNA:lipid],mRNA,firefly_luciferase,PEG-c-DMA,DLin-KC2-DMA,DOPE,cholesterol,"synthesis_method: Microfluidic; device_used: staggered herringbone micromixer; total_flow_rate_ml_min: 2; flow_rate_ratio: 1:3 (organic:aqueous); aqueous_phase_composition: 25 mM sodium acetate buffer, pH 4.0; organic_phase_composition: ethanol; mixing_time_sec: ; temperature_condition: ; post_processing: dialysis for 4h against 50 mM MES/50 mM sodium citrate buffer (pH 6.7), then overnight against 1x PBS; sterilization: ; storage_buffer: 1x PBS, pH 7.4",,Microfluidic Mixing: A General Method for Encapsulating Macromolecules in Lipid Nanoparticle Systems,"['Alex K. K. Leung', 'Yuen Yi C. Tam', 'Sam Chen', 'Ismail M. Hafez', 'Pieter R. Cullis']",10.1021/acs.jpcb.5b02891,The Journal of Physical Chemistry B,2015.0,CCCCC/C=C\C/C=C\CCCCCCCCC1(CCCCCCCC/C=C\C/C=C\CCCCC)OCC(CCN(C)C)O1,CN(C)CCC(O)COCCOCCOCCOCCOCCOCCOCCOCCOCCOCCOCCOCCOCCOCCOCCOCCOCCOCCOCCOCCOCCOCCOCCOCCOCCOCCOCCOCCOCCOCCOCCOCCOCCOCCOCCOCCOCCOCCOCCOCCOCCOCCOCCOCCOCCOCCOCCOCCOCCOCCOCCOCCOCCOCCOCCOCCOCCOCCOCCOCCOCCOCCOCCOCCOCCOCCOCCOCCOCCOCCOCCOCCOCCOCCOCCOCCOCCOCCOCCOCCOCCOCCOCCOCCOCCOCCOCCOCCOCCOCCO,CC(C)CCC[C@@H](C)[C@H]1CC[C@H]2[C@@H]3CC=C4C[C@@H](O)CC[C@]4(C)[C@H]3CC[C@]12C,CCCCCCCC/C=C\CCCCCCCC(=O)OC[C@H](COP(=O)(O)OCCN)OC(=O)CCCCCCC/C=C\CCCCCCCC,97.0,50.0,1.0,37.5,11.5,0.5,0.01,0.375,0.115,160.0,
718,DLin-KC2-DMA,PEG-c-DMA,cholesterol,DSPC,80:1:7.5:11.5,180,,,47,CR:0.25(charge)[mRNA:lipid],mRNA,firefly_luciferase,PEG-c-DMA,DLin-KC2-DMA,DSPC,cholesterol,"synthesis_method: Microfluidic; device_used: staggered herringbone micromixer; total_flow_rate_ml_min: 2; flow_rate_ratio: 1:3 (organic:aqueous); aqueous_phase_composition: 25 mM sodium acetate buffer, pH 4.0; organic_phase_composition: ethanol; mixing_time_sec: ; temperature_condition: ; post_processing: dialysis for 4h against 50 mM MES/50 mM sodium citrate buffer (pH 6.7), then overnight against 1x PBS; sterilization: ; storage_buffer: 1x PBS, pH 7.4",,Microfluidic Mixing: A General Method for Encapsulating Macromolecules in Lipid Nanoparticle Systems,"['Alex K. K. Leung', 'Yuen Yi C. Tam', 'Sam Chen', 'Ismail M. Hafez', 'Pieter R. Cullis']",10.1021/acs.jpcb.5b02891,The Journal of Physical Chemistry B,2015.0,CCCCC/C=C\C/C=C\CCCCCCCCC1(CCCCCCCC/C=C\C/C=C\CCCCC)OCC(CCN(C)C)O1,CN(C)CCC(O)COCCOCCOCCOCCOCCOCCOCCOCCOCCOCCOCCOCCOCCOCCOCCOCCOCCOCCOCCOCCOCCOCCOCCOCCOCCOCCOCCOCCOCCOCCOCCOCCOCCOCCOCCOCCOCCOCCOCCOCCOCCOCCOCCOCCOCCOCCOCCOCCOCCOCCOCCOCCOCCOCCOCCOCCOCCOCCOCCOCCOCCOCCOCCOCCOCCOCCOCCOCCOCCOCCOCCOCCOCCOCCOCCOCCOCCOCCOCCOCCOCCOCCOCCOCCOCCOCCOCCOCCOCCOCCO,CC(C)CCC[C@@H](C)[C@H]1CC[C@H]2[C@@H]3CC=C4C[C@@H](O)CC[C@]4(C)[C@H]3CC[C@]12C,CCCCCCCCCCCCCCCCCC(=O)OC[C@H](COP(=O)([O-])OCC[N+](C)(C)C)OC(=O)CCCCCCCCCCCCCCCCC,47.0,80.0,1.0,7.5,11.5,0.8,0.01,0.075,0.115,180.0,
719,DLin-KC2-DMA,PEG-c-DMA,cholesterol,DOPE,80:1:7.5:11.5,160,,,52,CR:0.25(charge)[mRNA:lipid],mRNA,firefly_luciferase,PEG-c-DMA,DLin-KC2-DMA,DOPE,cholesterol,"synthesis_method: Microfluidic; device_used: staggered herringbone micromixer; total_flow_rate_ml_min: 2; flow_rate_ratio: 1:3 (organic:aqueous); aqueous_phase_composition: 25 mM sodium acetate buffer, pH 4.0; organic_phase_composition: ethanol; mixing_time_sec: ; temperature_condition: ; post_processing: dialysis for 4h against 50 mM MES/50 mM sodium citrate buffer (pH 6.7), then overnight against 1x PBS; sterilization: ; storage_buffer: 1x PBS, pH 7.4",,Microfluidic Mixing: A General Method for Encapsulating Macromolecules in Lipid Nanoparticle Systems,"['Alex K. K. Leung', 'Yuen Yi C. Tam', 'Sam Chen', 'Ismail M. Hafez', 'Pieter R. Cullis']",10.1021/acs.jpcb.5b02891,The Journal of Physical Chemistry B,2015.0,CCCCC/C=C\C/C=C\CCCCCCCCC1(CCCCCCCC/C=C\C/C=C\CCCCC)OCC(CCN(C)C)O1,CN(C)CCC(O)COCCOCCOCCOCCOCCOCCOCCOCCOCCOCCOCCOCCOCCOCCOCCOCCOCCOCCOCCOCCOCCOCCOCCOCCOCCOCCOCCOCCOCCOCCOCCOCCOCCOCCOCCOCCOCCOCCOCCOCCOCCOCCOCCOCCOCCOCCOCCOCCOCCOCCOCCOCCOCCOCCOCCOCCOCCOCCOCCOCCOCCOCCOCCOCCOCCOCCOCCOCCOCCOCCOCCOCCOCCOCCOCCOCCOCCOCCOCCOCCOCCOCCOCCOCCOCCOCCOCCOCCOCCOCCO,CC(C)CCC[C@@H](C)[C@H]1CC[C@H]2[C@@H]3CC=C4C[C@@H](O)CC[C@]4(C)[C@H]3CC[C@]12C,CCCCCCCC/C=C\CCCCCCCC(=O)OC[C@H](COP(=O)(O)OCCN)OC(=O)CCCCCCC/C=C\CCCCCCCC,52.0,80.0,1.0,7.5,11.5,0.8,0.01,0.075,0.115,160.0,
751,DLin-KC2-DMA,DSPE-PEG2000,cholesterol,DSPC,94:1:2.5:2.5,190,,,40,NP:1(molar),siRNA,firefly_luciferase,PEG-DSPE,KC2,DSPC,cholesterol,synthesis_method: T-junction mixer; device_used: T-junction mixer; total_flow_rate_ml_min: 20; flow_rate_ratio: 3:1 (aqueous:organic); aqueous_phase_composition: 25 mM sodium acetate pH 4 buffer containing siRNA; organic_phase_composition: ethanol; mixing_time_sec: ; temperature_condition: ; post_processing: dialysis against PBS pH 7.4; sterilization: ; storage_buffer: PBS pH 7.4,,On the role of helper lipids in lipid nanoparticle formulations of siRNA,"['Jayesh A. Kulkarni', 'Dominik Witzigmann', 'Jerry Leung', 'Yuen Yi C. Tam', 'Pieter R. Cullis']",10.1039/c9nr09347h,Nanoscale,2019.0,CCCCC/C=C\C/C=C\CCCCCCCCC1(CCCCCCCC/C=C\C/C=C\CCCCC)OCC(CCN(C)C)O1,CCCCCCCCCCCCCCCCCC(=O)OCC(COP(=O)([O-])OCCN[C@@H](CO)C(=O)NCCOCCOCCOCCOCCOCCOCCOCCOCCOCCOCCOCCOCCOCCOCCOCCOCCOCCOCCOCCOCCOCCOCCOCCOCCOCCOCCOCCOCCOCCOCCOCCOCCOCCOCCOCCOCCOCCOCCOCCOCCOCCOCCOCCOCCOCCOCCOCCOCCOCCOCCOCCOCCOCCOCCOCCOCCOCCOCCOCCOCCOCCOCCOCCOCCOCCOCCOCCOCCOCCOCCOCCOCCOCCOCCOCCOCCOCCOCCOCCOCCOCCOCCOCCOCCOCCOCCOCCOCCOCCO)OC(=O)CCCCCCCCCCCCCCCCC,CC(C)CCC[C@@H](C)[C@H]1CC[C@H]2[C@@H]3CC=C4C[C@@H](O)CC[C@]4(C)[C@H]3CC[C@]12C,CCCCCCCCCCCCCCCCCC(=O)OC[C@H](COP(=O)([O-])OCC[N+](C)(C)C)OC(=O)CCCCCCCCCCCCCCCCC,40.0,94.0,1.0,2.5,2.5,0.94,0.01,0.025,0.025,190.0,
752,DLin-KC2-DMA,DSPE-PEG2000,cholesterol,DSPC,79:1:10:10,175,,,75,NP:1(molar),siRNA,firefly_luciferase,PEG-DSPE,KC2,DSPC,cholesterol,synthesis_method: T-junction mixer; device_used: T-junction mixer; total_flow_rate_ml_min: 20; flow_rate_ratio: 3:1 (aqueous:organic); aqueous_phase_composition: 25 mM sodium acetate pH 4 buffer containing siRNA; organic_phase_composition: ethanol; mixing_time_sec: ; temperature_condition: ; post_processing: dialysis against PBS pH 7.4; sterilization: ; storage_buffer: PBS pH 7.4,,On the role of helper lipids in lipid nanoparticle formulations of siRNA,"['Jayesh A. Kulkarni', 'Dominik Witzigmann', 'Jerry Leung', 'Yuen Yi C. Tam', 'Pieter R. Cullis']",10.1039/c9nr09347h,Nanoscale,2019.0,CCCCC/C=C\C/C=C\CCCCCCCCC1(CCCCCCCC/C=C\C/C=C\CCCCC)OCC(CCN(C)C)O1,CCCCCCCCCCCCCCCCCC(=O)OCC(COP(=O)([O-])OCCN[C@@H](CO)C(=O)NCCOCCOCCOCCOCCOCCOCCOCCOCCOCCOCCOCCOCCOCCOCCOCCOCCOCCOCCOCCOCCOCCOCCOCCOCCOCCOCCOCCOCCOCCOCCOCCOCCOCCOCCOCCOCCOCCOCCOCCOCCOCCOCCOCCOCCOCCOCCOCCOCCOCCOCCOCCOCCOCCOCCOCCOCCOCCOCCOCCOCCOCCOCCOCCOCCOCCOCCOCCOCCOCCOCCOCCOCCOCCOCCOCCOCCOCCOCCOCCOCCOCCOCCOCCOCCOCCOCCOCCOCCOCCO)OC(=O)CCCCCCCCCCCCCCCCC,CC(C)CCC[C@@H](C)[C@H]1CC[C@H]2[C@@H]3CC=C4C[C@@H](O)CC[C@]4(C)[C@H]3CC[C@]12C,CCCCCCCCCCCCCCCCCC(=O)OC[C@H](COP(=O)([O-])OCC[N+](C)(C)C)OC(=O)CCCCCCCCCCCCCCCCC,75.0,79.0,1.0,10.0,10.0,0.79,0.01,0.1,0.1,175.0,
753,DLin-KC2-DMA,DSPE-PEG2000,cholesterol,DSPC,59:1:20:20,125,,,78,NP:1(molar),siRNA,firefly_luciferase,PEG-DSPE,KC2,DSPC,cholesterol,synthesis_method: T-junction mixer; device_used: T-junction mixer; total_flow_rate_ml_min: 20; flow_rate_ratio: 3:1 (aqueous:organic); aqueous_phase_composition: 25 mM sodium acetate pH 4 buffer containing siRNA; organic_phase_composition: ethanol; mixing_time_sec: ; temperature_condition: ; post_processing: dialysis against PBS pH 7.4; sterilization: ; storage_buffer: PBS pH 7.4,,On the role of helper lipids in lipid nanoparticle formulations of siRNA,"['Jayesh A. Kulkarni', 'Dominik Witzigmann', 'Jerry Leung', 'Yuen Yi C. Tam', 'Pieter R. Cullis']",10.1039/c9nr09347h,Nanoscale,2019.0,CCCCC/C=C\C/C=C\CCCCCCCCC1(CCCCCCCC/C=C\C/C=C\CCCCC)OCC(CCN(C)C)O1,CCCCCCCCCCCCCCCCCC(=O)OCC(COP(=O)([O-])OCCN[C@@H](CO)C(=O)NCCOCCOCCOCCOCCOCCOCCOCCOCCOCCOCCOCCOCCOCCOCCOCCOCCOCCOCCOCCOCCOCCOCCOCCOCCOCCOCCOCCOCCOCCOCCOCCOCCOCCOCCOCCOCCOCCOCCOCCOCCOCCOCCOCCOCCOCCOCCOCCOCCOCCOCCOCCOCCOCCOCCOCCOCCOCCOCCOCCOCCOCCOCCOCCOCCOCCOCCOCCOCCOCCOCCOCCOCCOCCOCCOCCOCCOCCOCCOCCOCCOCCOCCOCCOCCOCCOCCOCCOCCOCCO)OC(=O)CCCCCCCCCCCCCCCCC,CC(C)CCC[C@@H](C)[C@H]1CC[C@H]2[C@@H]3CC=C4C[C@@H](O)CC[C@]4(C)[C@H]3CC[C@]12C,CCCCCCCCCCCCCCCCCC(=O)OC[C@H](COP(=O)([O-])OCC[N+](C)(C)C)OC(=O)CCCCCCCCCCCCCCCCC,78.0,59.0,1.0,20.0,20.0,0.59,0.01,0.2,0.2,125.0,
754,DLin-KC2-DMA,DSPE-PEG2000,cholesterol,DSPC,39:1:30:30,78,,,80,NP:1(molar),siRNA,firefly_luciferase,PEG-DSPE,KC2,DSPC,cholesterol,synthesis_method: T-junction mixer; device_used: T-junction mixer; total_flow_rate_ml_min: 20; flow_rate_ratio: 3:1 (aqueous:organic); aqueous_phase_composition: 25 mM sodium acetate pH 4 buffer containing siRNA; organic_phase_composition: ethanol; mixing_time_sec: ; temperature_condition: ; post_processing: dialysis against PBS pH 7.4; sterilization: ; storage_buffer: PBS pH 7.4,,On the role of helper lipids in lipid nanoparticle formulations of siRNA,"['Jayesh A. Kulkarni', 'Dominik Witzigmann', 'Jerry Leung', 'Yuen Yi C. Tam', 'Pieter R. Cullis']",10.1039/c9nr09347h,Nanoscale,2019.0,CCCCC/C=C\C/C=C\CCCCCCCCC1(CCCCCCCC/C=C\C/C=C\CCCCC)OCC(CCN(C)C)O1,CCCCCCCCCCCCCCCCCC(=O)OCC(COP(=O)([O-])OCCN[C@@H](CO)C(=O)NCCOCCOCCOCCOCCOCCOCCOCCOCCOCCOCCOCCOCCOCCOCCOCCOCCOCCOCCOCCOCCOCCOCCOCCOCCOCCOCCOCCOCCOCCOCCOCCOCCOCCOCCOCCOCCOCCOCCOCCOCCOCCOCCOCCOCCOCCOCCOCCOCCOCCOCCOCCOCCOCCOCCOCCOCCOCCOCCOCCOCCOCCOCCOCCOCCOCCOCCOCCOCCOCCOCCOCCOCCOCCOCCOCCOCCOCCOCCOCCOCCOCCOCCOCCOCCOCCOCCOCCOCCOCCO)OC(=O)CCCCCCCCCCCCCCCCC,CC(C)CCC[C@@H](C)[C@H]1CC[C@H]2[C@@H]3CC=C4C[C@@H](O)CC[C@]4(C)[C@H]3CC[C@]12C,CCCCCCCCCCCCCCCCCC(=O)OC[C@H](COP(=O)([O-])OCC[N+](C)(C)C)OC(=O)CCCCCCCCCCCCCCCCC,80.0,39.0,1.0,30.0,30.0,0.39,0.01,0.3,0.3,78.0,
755,DLin-KC2-DMA,DSPE-PEG2000,cholesterol,DSPC,19:1:40:40,65,,,79,NP:1(molar),siRNA,firefly_luciferase,PEG-DSPE,KC2,DSPC,cholesterol,synthesis_method: T-junction mixer; device_used: T-junction mixer; total_flow_rate_ml_min: 20; flow_rate_ratio: 3:1 (aqueous:organic); aqueous_phase_composition: 25 mM sodium acetate pH 4 buffer containing siRNA; organic_phase_composition: ethanol; mixing_time_sec: ; temperature_condition: ; post_processing: dialysis against PBS pH 7.4; sterilization: ; storage_buffer: PBS pH 7.4,,On the role of helper lipids in lipid nanoparticle formulations of siRNA,"['Jayesh A. Kulkarni', 'Dominik Witzigmann', 'Jerry Leung', 'Yuen Yi C. Tam', 'Pieter R. Cullis']",10.1039/c9nr09347h,Nanoscale,2019.0,CCCCC/C=C\C/C=C\CCCCCCCCC1(CCCCCCCC/C=C\C/C=C\CCCCC)OCC(CCN(C)C)O1,CCCCCCCCCCCCCCCCCC(=O)OCC(COP(=O)([O-])OCCN[C@@H](CO)C(=O)NCCOCCOCCOCCOCCOCCOCCOCCOCCOCCOCCOCCOCCOCCOCCOCCOCCOCCOCCOCCOCCOCCOCCOCCOCCOCCOCCOCCOCCOCCOCCOCCOCCOCCOCCOCCOCCOCCOCCOCCOCCOCCOCCOCCOCCOCCOCCOCCOCCOCCOCCOCCOCCOCCOCCOCCOCCOCCOCCOCCOCCOCCOCCOCCOCCOCCOCCOCCOCCOCCOCCOCCOCCOCCOCCOCCOCCOCCOCCOCCOCCOCCOCCOCCOCCOCCOCCOCCOCCOCCO)OC(=O)CCCCCCCCCCCCCCCCC,CC(C)CCC[C@@H](C)[C@H]1CC[C@H]2[C@@H]3CC=C4C[C@@H](O)CC[C@]4(C)[C@H]3CC[C@]12C,CCCCCCCCCCCCCCCCCC(=O)OC[C@H](COP(=O)([O-])OCC[N+](C)(C)C)OC(=O)CCCCCCCCCCCCCCCCC,79.0,19.0,1.0,40.0,40.0,0.19,0.01,0.4,0.4,65.0,
756,AX4,DMG-PEG2000,cholesterol,DSPC,50:10:38.5:1.5,107,0.02,-3.3,96,,mRNA,firefly_luciferase,DMG-PEG2K,AX4,DSPC,cholesterol,"synthesis_method: Microfluidic mixing; device_used: INano L, Micro&Nano Technology Inc, China; total_flow_rate_ml_min: ; flow_rate_ratio: 3:1 (water:oil); aqueous_phase_composition: 10 mM citrate buffer (pH 4.0); organic_phase_composition: 100% ethanol; mixing_time_sec: ; temperature_condition: ; post_processing: dialysis with 150 mM PBS (pH 7.4) through 100 kDa MWCO; sterilization: ; storage_buffer: 150 mM PBS (pH 7.4)","animal_model: BALB/c mice (6-8 weeks old, female); administration_route: I.M. and I.T.; dose: 20 ¥ìg mRNA per mouse; gene_expression_result: Luciferase expression measured by IVIS imaging; biodistribution_result: Accumulation in liver, spleen, lungs",Optimization of formulation and atomization of lipid nanoparticles for the inhalation of mRNA,"['Hao Miao', 'Ke Huang', 'Yingwen Li', 'Renjie Li', 'Xudong Zhou', 'Jingyu Shi', 'Zhenbo Tong', 'Zhenhua Sun', 'Aibing Yu']",https://doi.org/10.1016/j.ijpharm.2023.123050,International Journal of Pharmaceutics,2023.0,CCCCCCC(CCCC)C(=O)OCCCCOC(=O)CCN(CCCN(C)CCCN(CCC(=O)OCCCCOC(=O)C(CCCC)CCCCCC)CCC(=O)OCCCCOC(=O)C(CCCC)CCCCCC)CCC(=O)OCCCCOC(=O)C(CCCC)CCCCCC,CCCCCCCCCCCCCC(=O)OCC(COP(=O)([O-])OCCOCCOCCOCCOCCOCCOCCOCCOCCOCCOCCOCCOCCOCCOCCOCCOCCOCCOCCOCCOCCOCCOCCOCCOCCOCCOCCOCCOCCOCCOCCOCCOCCOCCOCCOCCOCCOCCOCCOCCOCCOCCOCCOCCOCCOCCOCCOCCOCCOCCOCCOCCOCCOCCOCCOCCOCCOCCOCCOCCOCCOCCOCCOCCOCCOCCOCCOCCOCCOCCOCCOCCOCCOCCOCCOCCOCCOCCOCCOCCOCCOCCOCCOCCOCCOCCOCCOCCOCCOCCO)OC(=O)CCCCCCCCCCCCC,CC(C)CCC[C@@H](C)[C@H]1CC[C@H]2[C@@H]3CC=C4C[C@@H](O)CC[C@]4(C)[C@H]3CC[C@]12C,CCCCCCCCCCCCCCCCCC(=O)OC[C@H](COP(=O)([O-])OCC[N+](C)(C)C)OC(=O)CCCCCCCCCCCCCCCCC,96.0,50.0,10.0,38.5,1.5,0.5,0.1,0.385,0.015,107.0,0.02
757,AX4,DMG-PEG2000,cholesterol,DSPC,50:10:38.5:3,97,0.004,-4.2,96,,mRNA,firefly_luciferase,DMG-PEG2K,AX4,DSPC,cholesterol,"synthesis_method: Microfluidic mixing; device_used: INano L, Micro&Nano Technology Inc, China; total_flow_rate_ml_min: ; flow_rate_ratio: 3:1 (water:oil); aqueous_phase_composition: 10 mM citrate buffer (pH 4.0); organic_phase_composition: 100% ethanol; mixing_time_sec: ; temperature_condition: ; post_processing: dialysis with 150 mM PBS (pH 7.4) through 100 kDa MWCO; sterilization: ; storage_buffer: 150 mM PBS (pH 7.4)","animal_model: BALB/c mice; administration_route: I.M. and I.T.; dose: 20 ¥ìg mRNA per mouse; gene_expression_result: Luciferase expression measured by IVIS imaging; biodistribution_result: Accumulation in liver, spleen, lungs",Optimization of formulation and atomization of lipid nanoparticles for the inhalation of mRNA,"['Hao Miao', 'Ke Huang', 'Yingwen Li', 'Renjie Li', 'Xudong Zhou', 'Jingyu Shi', 'Zhenbo Tong', 'Zhenhua Sun', 'Aibing Yu']",https://doi.org/10.1016/j.ijpharm.2023.123050,International Journal of Pharmaceutics,2023.0,CCCCCCC(CCCC)C(=O)OCCCCOC(=O)CCN(CCCN(C)CCCN(CCC(=O)OCCCCOC(=O)C(CCCC)CCCCCC)CCC(=O)OCCCCOC(=O)C(CCCC)CCCCCC)CCC(=O)OCCCCOC(=O)C(CCCC)CCCCCC,CCCCCCCCCCCCCC(=O)OCC(COP(=O)([O-])OCCOCCOCCOCCOCCOCCOCCOCCOCCOCCOCCOCCOCCOCCOCCOCCOCCOCCOCCOCCOCCOCCOCCOCCOCCOCCOCCOCCOCCOCCOCCOCCOCCOCCOCCOCCOCCOCCOCCOCCOCCOCCOCCOCCOCCOCCOCCOCCOCCOCCOCCOCCOCCOCCOCCOCCOCCOCCOCCOCCOCCOCCOCCOCCOCCOCCOCCOCCOCCOCCOCCOCCOCCOCCOCCOCCOCCOCCOCCOCCOCCOCCOCCOCCOCCOCCOCCOCCOCCOCCO)OC(=O)CCCCCCCCCCCCC,CC(C)CCC[C@@H](C)[C@H]1CC[C@H]2[C@@H]3CC=C4C[C@@H](O)CC[C@]4(C)[C@H]3CC[C@]12C,CCCCCCCCCCCCCCCCCC(=O)OC[C@H](COP(=O)([O-])OCC[N+](C)(C)C)OC(=O)CCCCCCCCCCCCCCCCC,96.0,50.0,10.0,38.5,3.0,0.49261083743842365,0.09852216748768473,0.3793103448275862,0.029556650246305417,97.0,0.004
758,AX4,DMG-PEG2000,cholesterol,DSPC,50:10:38.5:5,83,0.03,-8.8,76,,mRNA,firefly_luciferase,DMG-PEG2K,AX4,DSPC,cholesterol,"synthesis_method: Microfluidic mixing; device_used: INano L, Micro&Nano Technology Inc, China; total_flow_rate_ml_min: ; flow_rate_ratio: 3:1 (water:oil); aqueous_phase_composition: 10 mM citrate buffer (pH 4.0); organic_phase_composition: 100% ethanol; mixing_time_sec: ; temperature_condition: ; post_processing: dialysis with 150 mM PBS (pH 7.4) through 100 kDa MWCO; sterilization: ; storage_buffer: 150 mM PBS (pH 7.4)","animal_model: BALB/c mice; administration_route: I.M. and I.T.; dose: 20 ¥ìg mRNA per mouse; gene_expression_result: Luciferase expression measured by IVIS imaging; biodistribution_result: Accumulation in liver, spleen, lungs",Optimization of formulation and atomization of lipid nanoparticles for the inhalation of mRNA,"['Hao Miao', 'Ke Huang', 'Yingwen Li', 'Renjie Li', 'Xudong Zhou', 'Jingyu Shi', 'Zhenbo Tong', 'Zhenhua Sun', 'Aibing Yu']",https://doi.org/10.1016/j.ijpharm.2023.123050,International Journal of Pharmaceutics,2023.0,CCCCCCC(CCCC)C(=O)OCCCCOC(=O)CCN(CCCN(C)CCCN(CCC(=O)OCCCCOC(=O)C(CCCC)CCCCCC)CCC(=O)OCCCCOC(=O)C(CCCC)CCCCCC)CCC(=O)OCCCCOC(=O)C(CCCC)CCCCCC,CCCCCCCCCCCCCC(=O)OCC(COP(=O)([O-])OCCOCCOCCOCCOCCOCCOCCOCCOCCOCCOCCOCCOCCOCCOCCOCCOCCOCCOCCOCCOCCOCCOCCOCCOCCOCCOCCOCCOCCOCCOCCOCCOCCOCCOCCOCCOCCOCCOCCOCCOCCOCCOCCOCCOCCOCCOCCOCCOCCOCCOCCOCCOCCOCCOCCOCCOCCOCCOCCOCCOCCOCCOCCOCCOCCOCCOCCOCCOCCOCCOCCOCCOCCOCCOCCOCCOCCOCCOCCOCCOCCOCCOCCOCCOCCOCCOCCOCCOCCOCCO)OC(=O)CCCCCCCCCCCCC,CC(C)CCC[C@@H](C)[C@H]1CC[C@H]2[C@@H]3CC=C4C[C@@H](O)CC[C@]4(C)[C@H]3CC[C@]12C,CCCCCCCCCCCCCCCCCC(=O)OC[C@H](COP(=O)([O-])OCC[N+](C)(C)C)OC(=O)CCCCCCCCCCCCCCCCC,76.0,50.0,10.0,38.5,5.0,0.4830917874396135,0.0966183574879227,0.3719806763285024,0.04830917874396135,83.0,0.03
759,AX4,DMG-PEG2000,cholesterol,DSPC,50:10:38.5:10,78,0.05,-3.1,42,,mRNA,firefly_luciferase,DMG-PEG2K,AX4,DSPC,cholesterol,"synthesis_method: Microfluidic mixing; device_used: INano L, Micro&Nano Technology Inc, China; total_flow_rate_ml_min: ; flow_rate_ratio: 3:1 (water:oil); aqueous_phase_composition: 10 mM citrate buffer (pH 4.0); organic_phase_composition: 100% ethanol; mixing_time_sec: ; temperature_condition: ; post_processing: dialysis with 150 mM PBS (pH 7.4) through 100 kDa MWCO; sterilization: ; storage_buffer: 150 mM PBS (pH 7.4)","animal_model: BALB/c mice; administration_route: I.M. and I.T.; dose: 20 ¥ìg mRNA per mouse; gene_expression_result: Luciferase expression measured by IVIS imaging; biodistribution_result: Accumulation in liver, spleen, lungs",Optimization of formulation and atomization of lipid nanoparticles for the inhalation of mRNA,"['Hao Miao', 'Ke Huang', 'Yingwen Li', 'Renjie Li', 'Xudong Zhou', 'Jingyu Shi', 'Zhenbo Tong', 'Zhenhua Sun', 'Aibing Yu']",https://doi.org/10.1016/j.ijpharm.2023.123050,International Journal of Pharmaceutics,2023.0,CCCCCCC(CCCC)C(=O)OCCCCOC(=O)CCN(CCCN(C)CCCN(CCC(=O)OCCCCOC(=O)C(CCCC)CCCCCC)CCC(=O)OCCCCOC(=O)C(CCCC)CCCCCC)CCC(=O)OCCCCOC(=O)C(CCCC)CCCCCC,CCCCCCCCCCCCCC(=O)OCC(COP(=O)([O-])OCCOCCOCCOCCOCCOCCOCCOCCOCCOCCOCCOCCOCCOCCOCCOCCOCCOCCOCCOCCOCCOCCOCCOCCOCCOCCOCCOCCOCCOCCOCCOCCOCCOCCOCCOCCOCCOCCOCCOCCOCCOCCOCCOCCOCCOCCOCCOCCOCCOCCOCCOCCOCCOCCOCCOCCOCCOCCOCCOCCOCCOCCOCCOCCOCCOCCOCCOCCOCCOCCOCCOCCOCCOCCOCCOCCOCCOCCOCCOCCOCCOCCOCCOCCOCCOCCOCCOCCOCCOCCO)OC(=O)CCCCCCCCCCCCC,CC(C)CCC[C@@H](C)[C@H]1CC[C@H]2[C@@H]3CC=C4C[C@@H](O)CC[C@]4(C)[C@H]3CC[C@]12C,CCCCCCCCCCCCCCCCCC(=O)OC[C@H](COP(=O)([O-])OCC[N+](C)(C)C)OC(=O)CCCCCCCCCCCCCCCCC,42.0,50.0,10.0,38.5,10.0,0.4608294930875576,0.09216589861751152,0.3548387096774194,0.09216589861751152,78.0,0.05
760,AX4,DMG-PEG2000,cholesterol,DSPC,50:10:38.5:15,77,0.09,-3.8,26,,mRNA,firefly_luciferase,DMG-PEG2K,AX4,DSPC,cholesterol,"synthesis_method: Microfluidic mixing; device_used: INano L, Micro&Nano Technology Inc, China; total_flow_rate_ml_min: ; flow_rate_ratio: 3:1 (water:oil); aqueous_phase_composition: 10 mM citrate buffer (pH 4.0); organic_phase_composition: 100% ethanol; mixing_time_sec: ; temperature_condition: ; post_processing: dialysis with 150 mM PBS (pH 7.4) through 100 kDa MWCO; sterilization: ; storage_buffer: 150 mM PBS (pH 7.4)","animal_model: BALB/c mice; administration_route: I.M. and I.T.; dose: 20 ¥ìg mRNA per mouse; gene_expression_result: Luciferase expression measured by IVIS imaging; biodistribution_result: Accumulation in liver, spleen, lungs",Optimization of formulation and atomization of lipid nanoparticles for the inhalation of mRNA,"['Hao Miao', 'Ke Huang', 'Yingwen Li', 'Renjie Li', 'Xudong Zhou', 'Jingyu Shi', 'Zhenbo Tong', 'Zhenhua Sun', 'Aibing Yu']",https://doi.org/10.1016/j.ijpharm.2023.123050,International Journal of Pharmaceutics,2023.0,CCCCCCC(CCCC)C(=O)OCCCCOC(=O)CCN(CCCN(C)CCCN(CCC(=O)OCCCCOC(=O)C(CCCC)CCCCCC)CCC(=O)OCCCCOC(=O)C(CCCC)CCCCCC)CCC(=O)OCCCCOC(=O)C(CCCC)CCCCCC,CCCCCCCCCCCCCC(=O)OCC(COP(=O)([O-])OCCOCCOCCOCCOCCOCCOCCOCCOCCOCCOCCOCCOCCOCCOCCOCCOCCOCCOCCOCCOCCOCCOCCOCCOCCOCCOCCOCCOCCOCCOCCOCCOCCOCCOCCOCCOCCOCCOCCOCCOCCOCCOCCOCCOCCOCCOCCOCCOCCOCCOCCOCCOCCOCCOCCOCCOCCOCCOCCOCCOCCOCCOCCOCCOCCOCCOCCOCCOCCOCCOCCOCCOCCOCCOCCOCCOCCOCCOCCOCCOCCOCCOCCOCCOCCOCCOCCOCCOCCOCCO)OC(=O)CCCCCCCCCCCCC,CC(C)CCC[C@@H](C)[C@H]1CC[C@H]2[C@@H]3CC=C4C[C@@H](O)CC[C@]4(C)[C@H]3CC[C@]12C,CCCCCCCCCCCCCCCCCC(=O)OC[C@H](COP(=O)([O-])OCC[N+](C)(C)C)OC(=O)CCCCCCCCCCCCCCCCC,26.0,50.0,10.0,38.5,15.0,0.44052863436123346,0.0881057268722467,0.3392070484581498,0.13215859030837004,77.0,0.09
761,AX4,DMG-PEG2000,cholesterol,DSPC,50:10:38.5:25,75,0.11,-2.5,18,,mRNA,firefly_luciferase,DMG-PEG2K,AX4,DSPC,cholesterol,"synthesis_method: Microfluidic mixing; device_used: INano L, Micro&Nano Technology Inc, China; total_flow_rate_ml_min: ; flow_rate_ratio: 3:1 (water:oil); aqueous_phase_composition: 10 mM citrate buffer (pH 4.0); organic_phase_composition: 100% ethanol; mixing_time_sec: ; temperature_condition: ; post_processing: dialysis with 150 mM PBS (pH 7.4) through 100 kDa MWCO; sterilization: ; storage_buffer: 150 mM PBS (pH 7.4)","animal_model: BALB/c mice; administration_route: I.M. and I.T.; dose: 20 ¥ìg mRNA per mouse; gene_expression_result: Luciferase expression measured by IVIS imaging; biodistribution_result: Accumulation in liver, spleen, lungs",Optimization of formulation and atomization of lipid nanoparticles for the inhalation of mRNA,"['Hao Miao', 'Ke Huang', 'Yingwen Li', 'Renjie Li', 'Xudong Zhou', 'Jingyu Shi', 'Zhenbo Tong', 'Zhenhua Sun', 'Aibing Yu']",https://doi.org/10.1016/j.ijpharm.2023.123050,International Journal of Pharmaceutics,2023.0,CCCCCCC(CCCC)C(=O)OCCCCOC(=O)CCN(CCCN(C)CCCN(CCC(=O)OCCCCOC(=O)C(CCCC)CCCCCC)CCC(=O)OCCCCOC(=O)C(CCCC)CCCCCC)CCC(=O)OCCCCOC(=O)C(CCCC)CCCCCC,CCCCCCCCCCCCCC(=O)OCC(COP(=O)([O-])OCCOCCOCCOCCOCCOCCOCCOCCOCCOCCOCCOCCOCCOCCOCCOCCOCCOCCOCCOCCOCCOCCOCCOCCOCCOCCOCCOCCOCCOCCOCCOCCOCCOCCOCCOCCOCCOCCOCCOCCOCCOCCOCCOCCOCCOCCOCCOCCOCCOCCOCCOCCOCCOCCOCCOCCOCCOCCOCCOCCOCCOCCOCCOCCOCCOCCOCCOCCOCCOCCOCCOCCOCCOCCOCCOCCOCCOCCOCCOCCOCCOCCOCCOCCOCCOCCOCCOCCOCCOCCO)OC(=O)CCCCCCCCCCCCC,CC(C)CCC[C@@H](C)[C@H]1CC[C@H]2[C@@H]3CC=C4C[C@@H](O)CC[C@]4(C)[C@H]3CC[C@]12C,CCCCCCCCCCCCCCCCCC(=O)OC[C@H](COP(=O)([O-])OCC[N+](C)(C)C)OC(=O)CCCCCCCCCCCCCCCCC,18.0,50.0,10.0,38.5,25.0,0.4048582995951417,0.08097165991902834,0.3117408906882591,0.20242914979757085,75.0,0.11
762,AX4,DMG-PEG2000,cholesterol,DSPC,50:10:38.5:50,69,0.15,-0.7,10,,mRNA,firefly_luciferase,DMG-PEG2K,AX4,DSPC,cholesterol,"synthesis_method: Microfluidic mixing; device_used: INano L, Micro&Nano Technology Inc, China; total_flow_rate_ml_min: ; flow_rate_ratio: 3:1 (water:oil); aqueous_phase_composition: 10 mM citrate buffer (pH 4.0); organic_phase_composition: 100% ethanol; mixing_time_sec: ; temperature_condition: ; post_processing: dialysis with 150 mM PBS (pH 7.4) through 100 kDa MWCO; sterilization: ; storage_buffer: 150 mM PBS (pH 7.4)","animal_model: BALB/c mice; administration_route: I.M. and I.T.; dose: 20 ¥ìg mRNA per mouse; gene_expression_result: Luciferase expression measured by IVIS imaging; biodistribution_result: Accumulation in liver, spleen, lungs",Optimization of formulation and atomization of lipid nanoparticles for the inhalation of mRNA,"['Hao Miao', 'Ke Huang', 'Yingwen Li', 'Renjie Li', 'Xudong Zhou', 'Jingyu Shi', 'Zhenbo Tong', 'Zhenhua Sun', 'Aibing Yu']",https://doi.org/10.1016/j.ijpharm.2023.123050,International Journal of Pharmaceutics,2023.0,CCCCCCC(CCCC)C(=O)OCCCCOC(=O)CCN(CCCN(C)CCCN(CCC(=O)OCCCCOC(=O)C(CCCC)CCCCCC)CCC(=O)OCCCCOC(=O)C(CCCC)CCCCCC)CCC(=O)OCCCCOC(=O)C(CCCC)CCCCCC,CCCCCCCCCCCCCC(=O)OCC(COP(=O)([O-])OCCOCCOCCOCCOCCOCCOCCOCCOCCOCCOCCOCCOCCOCCOCCOCCOCCOCCOCCOCCOCCOCCOCCOCCOCCOCCOCCOCCOCCOCCOCCOCCOCCOCCOCCOCCOCCOCCOCCOCCOCCOCCOCCOCCOCCOCCOCCOCCOCCOCCOCCOCCOCCOCCOCCOCCOCCOCCOCCOCCOCCOCCOCCOCCOCCOCCOCCOCCOCCOCCOCCOCCOCCOCCOCCOCCOCCOCCOCCOCCOCCOCCOCCOCCOCCOCCOCCOCCOCCOCCO)OC(=O)CCCCCCCCCCCCC,CC(C)CCC[C@@H](C)[C@H]1CC[C@H]2[C@@H]3CC=C4C[C@@H](O)CC[C@]4(C)[C@H]3CC[C@]12C,CCCCCCCCCCCCCCCCCC(=O)OC[C@H](COP(=O)([O-])OCC[N+](C)(C)C)OC(=O)CCCCCCCCCCCCCCCCC,10.0,50.0,10.0,38.5,50.0,0.3367003367003367,0.06734006734006734,0.25925925925925924,0.3367003367003367,69.0,0.15
763,AX4,DMG-PEG2000,cholesterol,DOPE,50:10:38.5:1.5,145,0.1,-4.3,94,,mRNA,firefly_luciferase,DMG-PEG2K,AX4,DOPE,cholesterol,"synthesis_method: Microfluidic mixing; device_used: INano L, Micro&Nano Technology Inc, China; total_flow_rate_ml_min: ; flow_rate_ratio: 3:1 (water:oil); aqueous_phase_composition: 10 mM citrate buffer (pH 4.0); organic_phase_composition: 100% ethanol; mixing_time_sec: ; temperature_condition: ; post_processing: dialysis with 150 mM PBS (pH 7.4) through 100 kDa MWCO; sterilization: ; storage_buffer: 150 mM PBS (pH 7.4)","animal_model: BALB/c mice; administration_route: I.M. and I.T.; dose: 20 ¥ìg mRNA per mouse; gene_expression_result: Luciferase expression measured by IVIS imaging; biodistribution_result: Accumulation in liver, spleen, lungs",Optimization of formulation and atomization of lipid nanoparticles for the inhalation of mRNA,"['Hao Miao', 'Ke Huang', 'Yingwen Li', 'Renjie Li', 'Xudong Zhou', 'Jingyu Shi', 'Zhenbo Tong', 'Zhenhua Sun', 'Aibing Yu']",https://doi.org/10.1016/j.ijpharm.2023.123050,International Journal of Pharmaceutics,2023.0,CCCCCCC(CCCC)C(=O)OCCCCOC(=O)CCN(CCCN(C)CCCN(CCC(=O)OCCCCOC(=O)C(CCCC)CCCCCC)CCC(=O)OCCCCOC(=O)C(CCCC)CCCCCC)CCC(=O)OCCCCOC(=O)C(CCCC)CCCCCC,CCCCCCCCCCCCCC(=O)OCC(COP(=O)([O-])OCCOCCOCCOCCOCCOCCOCCOCCOCCOCCOCCOCCOCCOCCOCCOCCOCCOCCOCCOCCOCCOCCOCCOCCOCCOCCOCCOCCOCCOCCOCCOCCOCCOCCOCCOCCOCCOCCOCCOCCOCCOCCOCCOCCOCCOCCOCCOCCOCCOCCOCCOCCOCCOCCOCCOCCOCCOCCOCCOCCOCCOCCOCCOCCOCCOCCOCCOCCOCCOCCOCCOCCOCCOCCOCCOCCOCCOCCOCCOCCOCCOCCOCCOCCOCCOCCOCCOCCOCCOCCO)OC(=O)CCCCCCCCCCCCC,CC(C)CCC[C@@H](C)[C@H]1CC[C@H]2[C@@H]3CC=C4C[C@@H](O)CC[C@]4(C)[C@H]3CC[C@]12C,CCCCCCCC/C=C\CCCCCCCC(=O)OC[C@H](COP(=O)(O)OCCN)OC(=O)CCCCCCC/C=C\CCCCCCCC,94.0,50.0,10.0,38.5,1.5,0.5,0.1,0.385,0.015,145.0,0.1
764,AX4,DMG-PEG2000,cholesterol,DOPE,50:10:38.5:3,113,0.11,-3.7,92,,mRNA,firefly_luciferase,DMG-PEG2K,AX4,DOPE,cholesterol,"synthesis_method: Microfluidic mixing; device_used: INano L, Micro&Nano Technology Inc, China; total_flow_rate_ml_min: ; flow_rate_ratio: 3:1 (water:oil); aqueous_phase_composition: 10 mM citrate buffer (pH 4.0); organic_phase_composition: 100% ethanol; mixing_time_sec: ; temperature_condition: ; post_processing: dialysis with 150 mM PBS (pH 7.4) through 100 kDa MWCO; sterilization: ; storage_buffer: 150 mM PBS (pH 7.4)","animal_model: BALB/c mice; administration_route: I.M. and I.T.; dose: 20 ¥ìg mRNA per mouse; gene_expression_result: Luciferase expression measured by IVIS imaging; biodistribution_result: Accumulation in liver, spleen, lungs",Optimization of formulation and atomization of lipid nanoparticles for the inhalation of mRNA,"['Hao Miao', 'Ke Huang', 'Yingwen Li', 'Renjie Li', 'Xudong Zhou', 'Jingyu Shi', 'Zhenbo Tong', 'Zhenhua Sun', 'Aibing Yu']",https://doi.org/10.1016/j.ijpharm.2023.123050,International Journal of Pharmaceutics,2023.0,CCCCCCC(CCCC)C(=O)OCCCCOC(=O)CCN(CCCN(C)CCCN(CCC(=O)OCCCCOC(=O)C(CCCC)CCCCCC)CCC(=O)OCCCCOC(=O)C(CCCC)CCCCCC)CCC(=O)OCCCCOC(=O)C(CCCC)CCCCCC,CCCCCCCCCCCCCC(=O)OCC(COP(=O)([O-])OCCOCCOCCOCCOCCOCCOCCOCCOCCOCCOCCOCCOCCOCCOCCOCCOCCOCCOCCOCCOCCOCCOCCOCCOCCOCCOCCOCCOCCOCCOCCOCCOCCOCCOCCOCCOCCOCCOCCOCCOCCOCCOCCOCCOCCOCCOCCOCCOCCOCCOCCOCCOCCOCCOCCOCCOCCOCCOCCOCCOCCOCCOCCOCCOCCOCCOCCOCCOCCOCCOCCOCCOCCOCCOCCOCCOCCOCCOCCOCCOCCOCCOCCOCCOCCOCCOCCOCCOCCOCCO)OC(=O)CCCCCCCCCCCCC,CC(C)CCC[C@@H](C)[C@H]1CC[C@H]2[C@@H]3CC=C4C[C@@H](O)CC[C@]4(C)[C@H]3CC[C@]12C,CCCCCCCC/C=C\CCCCCCCC(=O)OC[C@H](COP(=O)(O)OCCN)OC(=O)CCCCCCC/C=C\CCCCCCCC,92.0,50.0,10.0,38.5,3.0,0.49261083743842365,0.09852216748768473,0.3793103448275862,0.029556650246305417,113.0,0.11
765,AX4,DMG-PEG2000,cholesterol,DOPE,50:10:38.5:5,98,0.04,-4,82,,mRNA,firefly_luciferase,DMG-PEG2K,AX4,DOPE,cholesterol,"synthesis_method: Microfluidic mixing; device_used: INano L, Micro&Nano Technology Inc, China; total_flow_rate_ml_min: ; flow_rate_ratio: 3:1 (water:oil); aqueous_phase_composition: 10 mM citrate buffer (pH 4.0); organic_phase_composition: 100% ethanol; mixing_time_sec: ; temperature_condition: ; post_processing: dialysis with 150 mM PBS (pH 7.4) through 100 kDa MWCO; sterilization: ; storage_buffer: 150 mM PBS (pH 7.4)","animal_model: BALB/c mice; administration_route: I.M. and I.T.; dose: 20 ¥ìg mRNA per mouse; gene_expression_result: Luciferase expression measured by IVIS imaging; biodistribution_result: Accumulation in liver, spleen, lungs",Optimization of formulation and atomization of lipid nanoparticles for the inhalation of mRNA,"['Hao Miao', 'Ke Huang', 'Yingwen Li', 'Renjie Li', 'Xudong Zhou', 'Jingyu Shi', 'Zhenbo Tong', 'Zhenhua Sun', 'Aibing Yu']",https://doi.org/10.1016/j.ijpharm.2023.123050,International Journal of Pharmaceutics,2023.0,CCCCCCC(CCCC)C(=O)OCCCCOC(=O)CCN(CCCN(C)CCCN(CCC(=O)OCCCCOC(=O)C(CCCC)CCCCCC)CCC(=O)OCCCCOC(=O)C(CCCC)CCCCCC)CCC(=O)OCCCCOC(=O)C(CCCC)CCCCCC,CCCCCCCCCCCCCC(=O)OCC(COP(=O)([O-])OCCOCCOCCOCCOCCOCCOCCOCCOCCOCCOCCOCCOCCOCCOCCOCCOCCOCCOCCOCCOCCOCCOCCOCCOCCOCCOCCOCCOCCOCCOCCOCCOCCOCCOCCOCCOCCOCCOCCOCCOCCOCCOCCOCCOCCOCCOCCOCCOCCOCCOCCOCCOCCOCCOCCOCCOCCOCCOCCOCCOCCOCCOCCOCCOCCOCCOCCOCCOCCOCCOCCOCCOCCOCCOCCOCCOCCOCCOCCOCCOCCOCCOCCOCCOCCOCCOCCOCCOCCOCCO)OC(=O)CCCCCCCCCCCCC,CC(C)CCC[C@@H](C)[C@H]1CC[C@H]2[C@@H]3CC=C4C[C@@H](O)CC[C@]4(C)[C@H]3CC[C@]12C,CCCCCCCC/C=C\CCCCCCCC(=O)OC[C@H](COP(=O)(O)OCCN)OC(=O)CCCCCCC/C=C\CCCCCCCC,82.0,50.0,10.0,38.5,5.0,0.4830917874396135,0.0966183574879227,0.3719806763285024,0.04830917874396135,98.0,0.04
766,AX4,DMG-PEG2000,cholesterol,DOPE,50:10:38.5:10,78,0.07,-4.6,45,,mRNA,firefly_luciferase,DMG-PEG2K,AX4,DOPE,cholesterol,"synthesis_method: Microfluidic mixing; device_used: INano L, Micro&Nano Technology Inc, China; total_flow_rate_ml_min: ; flow_rate_ratio: 3:1 (water:oil); aqueous_phase_composition: 10 mM citrate buffer (pH 4.0); organic_phase_composition: 100% ethanol; mixing_time_sec: ; temperature_condition: ; post_processing: dialysis with 150 mM PBS (pH 7.4) through 100 kDa MWCO; sterilization: ; storage_buffer: 150 mM PBS (pH 7.4)","animal_model: BALB/c mice; administration_route: I.M. and I.T.; dose: 20 ¥ìg mRNA per mouse; gene_expression_result: Luciferase expression measured by IVIS imaging; biodistribution_result: Accumulation in liver, spleen, lungs",Optimization of formulation and atomization of lipid nanoparticles for the inhalation of mRNA,"['Hao Miao', 'Ke Huang', 'Yingwen Li', 'Renjie Li', 'Xudong Zhou', 'Jingyu Shi', 'Zhenbo Tong', 'Zhenhua Sun', 'Aibing Yu']",https://doi.org/10.1016/j.ijpharm.2023.123050,International Journal of Pharmaceutics,2023.0,CCCCCCC(CCCC)C(=O)OCCCCOC(=O)CCN(CCCN(C)CCCN(CCC(=O)OCCCCOC(=O)C(CCCC)CCCCCC)CCC(=O)OCCCCOC(=O)C(CCCC)CCCCCC)CCC(=O)OCCCCOC(=O)C(CCCC)CCCCCC,CCCCCCCCCCCCCC(=O)OCC(COP(=O)([O-])OCCOCCOCCOCCOCCOCCOCCOCCOCCOCCOCCOCCOCCOCCOCCOCCOCCOCCOCCOCCOCCOCCOCCOCCOCCOCCOCCOCCOCCOCCOCCOCCOCCOCCOCCOCCOCCOCCOCCOCCOCCOCCOCCOCCOCCOCCOCCOCCOCCOCCOCCOCCOCCOCCOCCOCCOCCOCCOCCOCCOCCOCCOCCOCCOCCOCCOCCOCCOCCOCCOCCOCCOCCOCCOCCOCCOCCOCCOCCOCCOCCOCCOCCOCCOCCOCCOCCOCCOCCOCCO)OC(=O)CCCCCCCCCCCCC,CC(C)CCC[C@@H](C)[C@H]1CC[C@H]2[C@@H]3CC=C4C[C@@H](O)CC[C@]4(C)[C@H]3CC[C@]12C,CCCCCCCC/C=C\CCCCCCCC(=O)OC[C@H](COP(=O)(O)OCCN)OC(=O)CCCCCCC/C=C\CCCCCCCC,45.0,50.0,10.0,38.5,10.0,0.4608294930875576,0.09216589861751152,0.3548387096774194,0.09216589861751152,78.0,0.07
767,AX4,DMG-PEG2000,cholesterol,DOPE,50:10:38.5:15,71,0.12,-5,29,,mRNA,firefly_luciferase,DMG-PEG2K,AX4,DOPE,cholesterol,"synthesis_method: Microfluidic mixing; device_used: INano L, Micro&Nano Technology Inc, China; total_flow_rate_ml_min: ; flow_rate_ratio: 3:1 (water:oil); aqueous_phase_composition: 10 mM citrate buffer (pH 4.0); organic_phase_composition: 100% ethanol; mixing_time_sec: ; temperature_condition: ; post_processing: dialysis with 150 mM PBS (pH 7.4) through 100 kDa MWCO; sterilization: ; storage_buffer: 150 mM PBS (pH 7.4)","animal_model: BALB/c mice; administration_route: I.M. and I.T.; dose: 20 ¥ìg mRNA per mouse; gene_expression_result: Luciferase expression measured by IVIS imaging; biodistribution_result: Accumulation in liver, spleen, lungs",Optimization of formulation and atomization of lipid nanoparticles for the inhalation of mRNA,"['Hao Miao', 'Ke Huang', 'Yingwen Li', 'Renjie Li', 'Xudong Zhou', 'Jingyu Shi', 'Zhenbo Tong', 'Zhenhua Sun', 'Aibing Yu']",https://doi.org/10.1016/j.ijpharm.2023.123050,International Journal of Pharmaceutics,2023.0,CCCCCCC(CCCC)C(=O)OCCCCOC(=O)CCN(CCCN(C)CCCN(CCC(=O)OCCCCOC(=O)C(CCCC)CCCCCC)CCC(=O)OCCCCOC(=O)C(CCCC)CCCCCC)CCC(=O)OCCCCOC(=O)C(CCCC)CCCCCC,CCCCCCCCCCCCCC(=O)OCC(COP(=O)([O-])OCCOCCOCCOCCOCCOCCOCCOCCOCCOCCOCCOCCOCCOCCOCCOCCOCCOCCOCCOCCOCCOCCOCCOCCOCCOCCOCCOCCOCCOCCOCCOCCOCCOCCOCCOCCOCCOCCOCCOCCOCCOCCOCCOCCOCCOCCOCCOCCOCCOCCOCCOCCOCCOCCOCCOCCOCCOCCOCCOCCOCCOCCOCCOCCOCCOCCOCCOCCOCCOCCOCCOCCOCCOCCOCCOCCOCCOCCOCCOCCOCCOCCOCCOCCOCCOCCOCCOCCOCCOCCO)OC(=O)CCCCCCCCCCCCC,CC(C)CCC[C@@H](C)[C@H]1CC[C@H]2[C@@H]3CC=C4C[C@@H](O)CC[C@]4(C)[C@H]3CC[C@]12C,CCCCCCCC/C=C\CCCCCCCC(=O)OC[C@H](COP(=O)(O)OCCN)OC(=O)CCCCCCC/C=C\CCCCCCCC,29.0,50.0,10.0,38.5,15.0,0.44052863436123346,0.0881057268722467,0.3392070484581498,0.13215859030837004,71.0,0.12
768,AX4,DMG-PEG2000,cholesterol,DOPE,50:10:38.5:25,67,0.14,-0.9,19,,mRNA,firefly_luciferase,DMG-PEG2K,AX4,DOPE,cholesterol,"synthesis_method: Microfluidic mixing; device_used: INano L, Micro&Nano Technology Inc, China; total_flow_rate_ml_min: ; flow_rate_ratio: 3:1 (water:oil); aqueous_phase_composition: 10 mM citrate buffer (pH 4.0); organic_phase_composition: 100% ethanol; mixing_time_sec: ; temperature_condition: ; post_processing: dialysis with 150 mM PBS (pH 7.4) through 100 kDa MWCO; sterilization: ; storage_buffer: 150 mM PBS (pH 7.4)","animal_model: BALB/c mice; administration_route: I.M. and I.T.; dose: 20 ¥ìg mRNA per mouse; gene_expression_result: Luciferase expression measured by IVIS imaging; biodistribution_result: Accumulation in liver, spleen, lungs",Optimization of formulation and atomization of lipid nanoparticles for the inhalation of mRNA,"['Hao Miao', 'Ke Huang', 'Yingwen Li', 'Renjie Li', 'Xudong Zhou', 'Jingyu Shi', 'Zhenbo Tong', 'Zhenhua Sun', 'Aibing Yu']",https://doi.org/10.1016/j.ijpharm.2023.123050,International Journal of Pharmaceutics,2023.0,CCCCCCC(CCCC)C(=O)OCCCCOC(=O)CCN(CCCN(C)CCCN(CCC(=O)OCCCCOC(=O)C(CCCC)CCCCCC)CCC(=O)OCCCCOC(=O)C(CCCC)CCCCCC)CCC(=O)OCCCCOC(=O)C(CCCC)CCCCCC,CCCCCCCCCCCCCC(=O)OCC(COP(=O)([O-])OCCOCCOCCOCCOCCOCCOCCOCCOCCOCCOCCOCCOCCOCCOCCOCCOCCOCCOCCOCCOCCOCCOCCOCCOCCOCCOCCOCCOCCOCCOCCOCCOCCOCCOCCOCCOCCOCCOCCOCCOCCOCCOCCOCCOCCOCCOCCOCCOCCOCCOCCOCCOCCOCCOCCOCCOCCOCCOCCOCCOCCOCCOCCOCCOCCOCCOCCOCCOCCOCCOCCOCCOCCOCCOCCOCCOCCOCCOCCOCCOCCOCCOCCOCCOCCOCCOCCOCCOCCOCCO)OC(=O)CCCCCCCCCCCCC,CC(C)CCC[C@@H](C)[C@H]1CC[C@H]2[C@@H]3CC=C4C[C@@H](O)CC[C@]4(C)[C@H]3CC[C@]12C,CCCCCCCC/C=C\CCCCCCCC(=O)OC[C@H](COP(=O)(O)OCCN)OC(=O)CCCCCCC/C=C\CCCCCCCC,19.0,50.0,10.0,38.5,25.0,0.4048582995951417,0.08097165991902834,0.3117408906882591,0.20242914979757085,67.0,0.14
769,AX4,DMG-PEG2000,cholesterol,DOPE,50:10:38.5:50,63,0.09,-2.3,10,,mRNA,firefly_luciferase,DMG-PEG2K,AX4,DOPE,cholesterol,"synthesis_method: Microfluidic mixing; device_used: INano L, Micro&Nano Technology Inc, China; total_flow_rate_ml_min: ; flow_rate_ratio: 3:1 (water:oil); aqueous_phase_composition: 10 mM citrate buffer (pH 4.0); organic_phase_composition: 100% ethanol; mixing_time_sec: ; temperature_condition: ; post_processing: dialysis with 150 mM PBS (pH 7.4) through 100 kDa MWCO; sterilization: ; storage_buffer: 150 mM PBS (pH 7.4)","animal_model: BALB/c mice; administration_route: I.M. and I.T.; dose: 20 ¥ìg mRNA per mouse; gene_expression_result: Luciferase expression measured by IVIS imaging; biodistribution_result: Accumulation in liver, spleen, lungs",Optimization of formulation and atomization of lipid nanoparticles for the inhalation of mRNA,"['Hao Miao', 'Ke Huang', 'Yingwen Li', 'Renjie Li', 'Xudong Zhou', 'Jingyu Shi', 'Zhenbo Tong', 'Zhenhua Sun', 'Aibing Yu']",https://doi.org/10.1016/j.ijpharm.2023.123050,International Journal of Pharmaceutics,2023.0,CCCCCCC(CCCC)C(=O)OCCCCOC(=O)CCN(CCCN(C)CCCN(CCC(=O)OCCCCOC(=O)C(CCCC)CCCCCC)CCC(=O)OCCCCOC(=O)C(CCCC)CCCCCC)CCC(=O)OCCCCOC(=O)C(CCCC)CCCCCC,CCCCCCCCCCCCCC(=O)OCC(COP(=O)([O-])OCCOCCOCCOCCOCCOCCOCCOCCOCCOCCOCCOCCOCCOCCOCCOCCOCCOCCOCCOCCOCCOCCOCCOCCOCCOCCOCCOCCOCCOCCOCCOCCOCCOCCOCCOCCOCCOCCOCCOCCOCCOCCOCCOCCOCCOCCOCCOCCOCCOCCOCCOCCOCCOCCOCCOCCOCCOCCOCCOCCOCCOCCOCCOCCOCCOCCOCCOCCOCCOCCOCCOCCOCCOCCOCCOCCOCCOCCOCCOCCOCCOCCOCCOCCOCCOCCOCCOCCOCCOCCO)OC(=O)CCCCCCCCCCCCC,CC(C)CCC[C@@H](C)[C@H]1CC[C@H]2[C@@H]3CC=C4C[C@@H](O)CC[C@]4(C)[C@H]3CC[C@]12C,CCCCCCCC/C=C\CCCCCCCC(=O)OC[C@H](COP(=O)(O)OCCN)OC(=O)CCCCCCC/C=C\CCCCCCCC,10.0,50.0,10.0,38.5,50.0,0.3367003367003367,0.06734006734006734,0.25925925925925924,0.3367003367003367,63.0,0.09
770,AX4,DMG-PEG2000,cholesterol,DSPC,50:10:5:5,147,0.12,-16.6,19,NP:9(molar)/1,mRNA,firefly_luciferase,DMG-PEG2K,AX4,DSPC,cholesterol,"synthesis_method: Microfluidic mixing; device_used: INano L, Micro&Nano Technology Inc, China; total_flow_rate_ml_min: ; flow_rate_ratio: 3:1 (water:oil); aqueous_phase_composition: 10 mM citrate buffer (pH 4.0); organic_phase_composition: 100% ethanol; mixing_time_sec: ; temperature_condition: ; post_processing: dialysis with 150 mM PBS (pH 7.4) through 100 kDa MWCO; sterilization: ; storage_buffer: 150 mM PBS (pH 7.4)","animal_model: BALB/c mice; administration_route: I.M. and I.T.; dose: 20 ¥ìg mRNA per mouse; gene_expression_result: Luciferase expression measured by IVIS imaging; biodistribution_result: Accumulation in liver, spleen, lungs",Optimization of formulation and atomization of lipid nanoparticles for the inhalation of mRNA,"['Hao Miao', 'Ke Huang', 'Yingwen Li', 'Renjie Li', 'Xudong Zhou', 'Jingyu Shi', 'Zhenbo Tong', 'Zhenhua Sun', 'Aibing Yu']",https://doi.org/10.1016/j.ijpharm.2023.123050,International Journal of Pharmaceutics,2023.0,CCCCCCC(CCCC)C(=O)OCCCCOC(=O)CCN(CCCN(C)CCCN(CCC(=O)OCCCCOC(=O)C(CCCC)CCCCCC)CCC(=O)OCCCCOC(=O)C(CCCC)CCCCCC)CCC(=O)OCCCCOC(=O)C(CCCC)CCCCCC,CCCCCCCCCCCCCC(=O)OCC(COP(=O)([O-])OCCOCCOCCOCCOCCOCCOCCOCCOCCOCCOCCOCCOCCOCCOCCOCCOCCOCCOCCOCCOCCOCCOCCOCCOCCOCCOCCOCCOCCOCCOCCOCCOCCOCCOCCOCCOCCOCCOCCOCCOCCOCCOCCOCCOCCOCCOCCOCCOCCOCCOCCOCCOCCOCCOCCOCCOCCOCCOCCOCCOCCOCCOCCOCCOCCOCCOCCOCCOCCOCCOCCOCCOCCOCCOCCOCCOCCOCCOCCOCCOCCOCCOCCOCCOCCOCCOCCOCCOCCOCCO)OC(=O)CCCCCCCCCCCCC,CC(C)CCC[C@@H](C)[C@H]1CC[C@H]2[C@@H]3CC=C4C[C@@H](O)CC[C@]4(C)[C@H]3CC[C@]12C,CCCCCCCCCCCCCCCCCC(=O)OC[C@H](COP(=O)([O-])OCC[N+](C)(C)C)OC(=O)CCCCCCCCCCCCCCCCC,19.0,50.0,10.0,5.0,5.0,0.7142857142857143,0.14285714285714285,0.07142857142857142,0.07142857142857142,147.0,0.12
771,AX4,DMG-PEG2000,cholesterol,DSPC,50:10:100:5,70,0.13,-7.4,95,,mRNA,firefly_luciferase,DMG-PEG2K,AX4,DSPC,cholesterol,"synthesis_method: Microfluidic mixing; device_used: INano L, Micro&Nano Technology Inc, China; total_flow_rate_ml_min: ; flow_rate_ratio: 3:1 (water:oil); aqueous_phase_composition: 10 mM citrate buffer (pH 4.0); organic_phase_composition: 100% ethanol; mixing_time_sec: ; temperature_condition: ; post_processing: dialysis with 150 mM PBS (pH 7.4) through 100 kDa MWCO; sterilization: ; storage_buffer: 150 mM PBS (pH 7.4)","animal_model: BALB/c mice; administration_route: I.M. and I.T.; dose: 20 ¥ìg mRNA per mouse; gene_expression_result: Luciferase expression measured by IVIS imaging; biodistribution_result: Accumulation in liver, spleen, lungs",Optimization of formulation and atomization of lipid nanoparticles for the inhalation of mRNA,"['Hao Miao', 'Ke Huang', 'Yingwen Li', 'Renjie Li', 'Xudong Zhou', 'Jingyu Shi', 'Zhenbo Tong', 'Zhenhua Sun', 'Aibing Yu']",https://doi.org/10.1016/j.ijpharm.2023.123050,International Journal of Pharmaceutics,2023.0,CCCCCCC(CCCC)C(=O)OCCCCOC(=O)CCN(CCCN(C)CCCN(CCC(=O)OCCCCOC(=O)C(CCCC)CCCCCC)CCC(=O)OCCCCOC(=O)C(CCCC)CCCCCC)CCC(=O)OCCCCOC(=O)C(CCCC)CCCCCC,CCCCCCCCCCCCCC(=O)OCC(COP(=O)([O-])OCCOCCOCCOCCOCCOCCOCCOCCOCCOCCOCCOCCOCCOCCOCCOCCOCCOCCOCCOCCOCCOCCOCCOCCOCCOCCOCCOCCOCCOCCOCCOCCOCCOCCOCCOCCOCCOCCOCCOCCOCCOCCOCCOCCOCCOCCOCCOCCOCCOCCOCCOCCOCCOCCOCCOCCOCCOCCOCCOCCOCCOCCOCCOCCOCCOCCOCCOCCOCCOCCOCCOCCOCCOCCOCCOCCOCCOCCOCCOCCOCCOCCOCCOCCOCCOCCOCCOCCOCCOCCO)OC(=O)CCCCCCCCCCCCC,CC(C)CCC[C@@H](C)[C@H]1CC[C@H]2[C@@H]3CC=C4C[C@@H](O)CC[C@]4(C)[C@H]3CC[C@]12C,CCCCCCCCCCCCCCCCCC(=O)OC[C@H](COP(=O)([O-])OCC[N+](C)(C)C)OC(=O)CCCCCCCCCCCCCCCCC,95.0,50.0,10.0,100.0,5.0,0.30303030303030304,0.06060606060606061,0.6060606060606061,0.030303030303030304,70.0,0.13
772,AX4,DMG-PEG2000,cholesterol,DSPC,20:10:100:5,61,0.23,-3.8,95,,mRNA,firefly_luciferase,DMG-PEG2K,AX4,DSPC,cholesterol,"synthesis_method: Microfluidic mixing; device_used: INano L, Micro&Nano Technology Inc, China; total_flow_rate_ml_min: ; flow_rate_ratio: 3:1 (water:oil); aqueous_phase_composition: 10 mM citrate buffer (pH 4.0); organic_phase_composition: 100% ethanol; mixing_time_sec: ; temperature_condition: ; post_processing: dialysis with 150 mM PBS (pH 7.4) through 100 kDa MWCO; sterilization: ; storage_buffer: 150 mM PBS (pH 7.4)","animal_model: BALB/c mice; administration_route: I.M. and I.T.; dose: 20 ¥ìg mRNA per mouse; gene_expression_result: Luciferase expression measured by IVIS imaging; biodistribution_result: Accumulation in liver, spleen, lungs",Optimization of formulation and atomization of lipid nanoparticles for the inhalation of mRNA,"['Hao Miao', 'Ke Huang', 'Yingwen Li', 'Renjie Li', 'Xudong Zhou', 'Jingyu Shi', 'Zhenbo Tong', 'Zhenhua Sun', 'Aibing Yu']",https://doi.org/10.1016/j.ijpharm.2023.123050,International Journal of Pharmaceutics,2023.0,CCCCCCC(CCCC)C(=O)OCCCCOC(=O)CCN(CCCN(C)CCCN(CCC(=O)OCCCCOC(=O)C(CCCC)CCCCCC)CCC(=O)OCCCCOC(=O)C(CCCC)CCCCCC)CCC(=O)OCCCCOC(=O)C(CCCC)CCCCCC,CCCCCCCCCCCCCC(=O)OCC(COP(=O)([O-])OCCOCCOCCOCCOCCOCCOCCOCCOCCOCCOCCOCCOCCOCCOCCOCCOCCOCCOCCOCCOCCOCCOCCOCCOCCOCCOCCOCCOCCOCCOCCOCCOCCOCCOCCOCCOCCOCCOCCOCCOCCOCCOCCOCCOCCOCCOCCOCCOCCOCCOCCOCCOCCOCCOCCOCCOCCOCCOCCOCCOCCOCCOCCOCCOCCOCCOCCOCCOCCOCCOCCOCCOCCOCCOCCOCCOCCOCCOCCOCCOCCOCCOCCOCCOCCOCCOCCOCCOCCOCCO)OC(=O)CCCCCCCCCCCCC,CC(C)CCC[C@@H](C)[C@H]1CC[C@H]2[C@@H]3CC=C4C[C@@H](O)CC[C@]4(C)[C@H]3CC[C@]12C,CCCCCCCCCCCCCCCCCC(=O)OC[C@H](COP(=O)([O-])OCC[N+](C)(C)C)OC(=O)CCCCCCCCCCCCCCCCC,95.0,20.0,10.0,100.0,5.0,0.14814814814814814,0.07407407407407407,0.7407407407407407,0.037037037037037035,61.0,0.23
773,AX4,DMG-PEG2000,cholesterol,DSPC,35:16:46.5:2.5,71,0.05,-1.6,96,,mRNA,firefly_luciferase,DMG-PEG2K,AX4,DSPC,cholesterol,"synthesis_method: Microfluidic mixing; device_used: INano L, Micro&Nano Technology Inc, China; total_flow_rate_ml_min: ; flow_rate_ratio: 3:1 (water:oil); aqueous_phase_composition: 10 mM citrate buffer (pH 4.0); organic_phase_composition: 100% ethanol; mixing_time_sec: ; temperature_condition: ; post_processing: dialysis with 150 mM PBS (pH 7.4) through 100 kDa MWCO; sterilization: ; storage_buffer: 150 mM PBS (pH 7.4) or 20 mM Tris-HCl (pH 7.4) with trehalose","animal_model: BALB/c mice; administration_route: I.M. and I.T.; dose: 20 ¥ìg mRNA per mouse; gene_expression_result: Superior luciferase expression after SMI atomization compared to vibrating mesh nebulizer; biodistribution_result: Lung targeting after I.T., liver accumulation after I.M.",Optimization of formulation and atomization of lipid nanoparticles for the inhalation of mRNA,"['Hao Miao', 'Ke Huang', 'Yingwen Li', 'Renjie Li', 'Xudong Zhou', 'Jingyu Shi', 'Zhenbo Tong', 'Zhenhua Sun', 'Aibing Yu']",https://doi.org/10.1016/j.ijpharm.2023.123050,International Journal of Pharmaceutics,2023.0,CCCCCCC(CCCC)C(=O)OCCCCOC(=O)CCN(CCCN(C)CCCN(CCC(=O)OCCCCOC(=O)C(CCCC)CCCCCC)CCC(=O)OCCCCOC(=O)C(CCCC)CCCCCC)CCC(=O)OCCCCOC(=O)C(CCCC)CCCCCC,CCCCCCCCCCCCCC(=O)OCC(COP(=O)([O-])OCCOCCOCCOCCOCCOCCOCCOCCOCCOCCOCCOCCOCCOCCOCCOCCOCCOCCOCCOCCOCCOCCOCCOCCOCCOCCOCCOCCOCCOCCOCCOCCOCCOCCOCCOCCOCCOCCOCCOCCOCCOCCOCCOCCOCCOCCOCCOCCOCCOCCOCCOCCOCCOCCOCCOCCOCCOCCOCCOCCOCCOCCOCCOCCOCCOCCOCCOCCOCCOCCOCCOCCOCCOCCOCCOCCOCCOCCOCCOCCOCCOCCOCCOCCOCCOCCOCCOCCOCCOCCO)OC(=O)CCCCCCCCCCCCC,CC(C)CCC[C@@H](C)[C@H]1CC[C@H]2[C@@H]3CC=C4C[C@@H](O)CC[C@]4(C)[C@H]3CC[C@]12C,CCCCCCCCCCCCCCCCCC(=O)OC[C@H](COP(=O)([O-])OCC[N+](C)(C)C)OC(=O)CCCCCCCCCCCCCCCCC,96.0,35.0,16.0,46.5,2.5,0.35,0.16,0.465,0.025,71.0,0.05
774,AX4,DMG-PEG2000,cholesterol,DSPC,35:16:46.5:5,62,0.11,-4.2,95,NP:9(molar)/1,mRNA,firefly_luciferase,DMG-PEG2K,AX4,DSPC,cholesterol,"synthesis_method: Microfluidic mixing; device_used: INano L, Micro&Nano Technology Inc, China; total_flow_rate_ml_min: ; flow_rate_ratio: 3:1 (water:oil); aqueous_phase_composition: 10 mM citrate buffer (pH 4.0); organic_phase_composition: 100% ethanol; mixing_time_sec: ; temperature_condition: ; post_processing: dialysis with 150 mM PBS (pH 7.4) through 100 kDa MWCO; sterilization: ; storage_buffer: 150 mM PBS (pH 7.4)","animal_model: BALB/c mice; administration_route: I.M. and I.T.; dose: 20 ¥ìg mRNA per mouse; gene_expression_result: Luciferase expression measured by IVIS imaging; biodistribution_result: Accumulation in liver, spleen, lungs",Optimization of formulation and atomization of lipid nanoparticles for the inhalation of mRNA,"['Hao Miao', 'Ke Huang', 'Yingwen Li', 'Renjie Li', 'Xudong Zhou', 'Jingyu Shi', 'Zhenbo Tong', 'Zhenhua Sun', 'Aibing Yu']",https://doi.org/10.1016/j.ijpharm.2023.123050,International Journal of Pharmaceutics,2023.0,CCCCCCC(CCCC)C(=O)OCCCCOC(=O)CCN(CCCN(C)CCCN(CCC(=O)OCCCCOC(=O)C(CCCC)CCCCCC)CCC(=O)OCCCCOC(=O)C(CCCC)CCCCCC)CCC(=O)OCCCCOC(=O)C(CCCC)CCCCCC,CCCCCCCCCCCCCC(=O)OCC(COP(=O)([O-])OCCOCCOCCOCCOCCOCCOCCOCCOCCOCCOCCOCCOCCOCCOCCOCCOCCOCCOCCOCCOCCOCCOCCOCCOCCOCCOCCOCCOCCOCCOCCOCCOCCOCCOCCOCCOCCOCCOCCOCCOCCOCCOCCOCCOCCOCCOCCOCCOCCOCCOCCOCCOCCOCCOCCOCCOCCOCCOCCOCCOCCOCCOCCOCCOCCOCCOCCOCCOCCOCCOCCOCCOCCOCCOCCOCCOCCOCCOCCOCCOCCOCCOCCOCCOCCOCCOCCOCCOCCOCCO)OC(=O)CCCCCCCCCCCCC,CC(C)CCC[C@@H](C)[C@H]1CC[C@H]2[C@@H]3CC=C4C[C@@H](O)CC[C@]4(C)[C@H]3CC[C@]12C,CCCCCCCCCCCCCCCCCC(=O)OC[C@H](COP(=O)([O-])OCC[N+](C)(C)C)OC(=O)CCCCCCCCCCCCCCCCC,95.0,35.0,16.0,46.5,5.0,0.34146341463414637,0.15609756097560976,0.45365853658536587,0.04878048780487805,62.0,0.11
775,AX4,DMG-PEG2000,cholesterol,DSPC,35:16:46.5:5,61,0.15,-3.4,95,NP:18(molar)/1,mRNA,firefly_luciferase,DMG-PEG2K,AX4,DSPC,cholesterol,"synthesis_method: Microfluidic mixing; device_used: INano L, Micro&Nano Technology Inc, China; total_flow_rate_ml_min: ; flow_rate_ratio: 3:1 (water:oil); aqueous_phase_composition: 10 mM citrate buffer (pH 4.0); organic_phase_composition: 100% ethanol; mixing_time_sec: ; temperature_condition: ; post_processing: dialysis with 150 mM PBS (pH 7.4) through 100 kDa MWCO; sterilization: ; storage_buffer: 150 mM PBS (pH 7.4)","animal_model: BALB/c mice; administration_route: I.M. and I.T.; dose: 20 ¥ìg mRNA per mouse; gene_expression_result: Luciferase expression measured by IVIS imaging; biodistribution_result: Accumulation in liver, spleen, lungs",Optimization of formulation and atomization of lipid nanoparticles for the inhalation of mRNA,"['Hao Miao', 'Ke Huang', 'Yingwen Li', 'Renjie Li', 'Xudong Zhou', 'Jingyu Shi', 'Zhenbo Tong', 'Zhenhua Sun', 'Aibing Yu']",https://doi.org/10.1016/j.ijpharm.2023.123050,International Journal of Pharmaceutics,2023.0,CCCCCCC(CCCC)C(=O)OCCCCOC(=O)CCN(CCCN(C)CCCN(CCC(=O)OCCCCOC(=O)C(CCCC)CCCCCC)CCC(=O)OCCCCOC(=O)C(CCCC)CCCCCC)CCC(=O)OCCCCOC(=O)C(CCCC)CCCCCC,CCCCCCCCCCCCCC(=O)OCC(COP(=O)([O-])OCCOCCOCCOCCOCCOCCOCCOCCOCCOCCOCCOCCOCCOCCOCCOCCOCCOCCOCCOCCOCCOCCOCCOCCOCCOCCOCCOCCOCCOCCOCCOCCOCCOCCOCCOCCOCCOCCOCCOCCOCCOCCOCCOCCOCCOCCOCCOCCOCCOCCOCCOCCOCCOCCOCCOCCOCCOCCOCCOCCOCCOCCOCCOCCOCCOCCOCCOCCOCCOCCOCCOCCOCCOCCOCCOCCOCCOCCOCCOCCOCCOCCOCCOCCOCCOCCOCCOCCOCCOCCO)OC(=O)CCCCCCCCCCCCC,CC(C)CCC[C@@H](C)[C@H]1CC[C@H]2[C@@H]3CC=C4C[C@@H](O)CC[C@]4(C)[C@H]3CC[C@]12C,CCCCCCCCCCCCCCCCCC(=O)OC[C@H](COP(=O)([O-])OCC[N+](C)(C)C)OC(=O)CCCCCCCCCCCCCCCCC,95.0,35.0,16.0,46.5,5.0,0.34146341463414637,0.15609756097560976,0.45365853658536587,0.04878048780487805,61.0,0.15
776,AX4,DMG-PEG2000,cholesterol,DSPC,35:16:46.5:5,54,0.07,-5.7,94,NP:27(molar)/1,mRNA,firefly_luciferase,DMG-PEG2K,AX4,DSPC,cholesterol,"synthesis_method: Microfluidic mixing; device_used: INano L, Micro&Nano Technology Inc, China; total_flow_rate_ml_min: ; flow_rate_ratio: 3:1 (water:oil); aqueous_phase_composition: 10 mM citrate buffer (pH 4.0); organic_phase_composition: 100% ethanol; mixing_time_sec: ; temperature_condition: ; post_processing: dialysis with 150 mM PBS (pH 7.4) through 100 kDa MWCO; sterilization: ; storage_buffer: 150 mM PBS (pH 7.4)","animal_model: BALB/c mice; administration_route: I.M. and I.T.; dose: 20 ¥ìg mRNA per mouse; gene_expression_result: Luciferase expression measured by IVIS imaging; biodistribution_result: Accumulation in liver, spleen, lungs",Optimization of formulation and atomization of lipid nanoparticles for the inhalation of mRNA,"['Hao Miao', 'Ke Huang', 'Yingwen Li', 'Renjie Li', 'Xudong Zhou', 'Jingyu Shi', 'Zhenbo Tong', 'Zhenhua Sun', 'Aibing Yu']",https://doi.org/10.1016/j.ijpharm.2023.123050,International Journal of Pharmaceutics,2023.0,CCCCCCC(CCCC)C(=O)OCCCCOC(=O)CCN(CCCN(C)CCCN(CCC(=O)OCCCCOC(=O)C(CCCC)CCCCCC)CCC(=O)OCCCCOC(=O)C(CCCC)CCCCCC)CCC(=O)OCCCCOC(=O)C(CCCC)CCCCCC,CCCCCCCCCCCCCC(=O)OCC(COP(=O)([O-])OCCOCCOCCOCCOCCOCCOCCOCCOCCOCCOCCOCCOCCOCCOCCOCCOCCOCCOCCOCCOCCOCCOCCOCCOCCOCCOCCOCCOCCOCCOCCOCCOCCOCCOCCOCCOCCOCCOCCOCCOCCOCCOCCOCCOCCOCCOCCOCCOCCOCCOCCOCCOCCOCCOCCOCCOCCOCCOCCOCCOCCOCCOCCOCCOCCOCCOCCOCCOCCOCCOCCOCCOCCOCCOCCOCCOCCOCCOCCOCCOCCOCCOCCOCCOCCOCCOCCOCCOCCOCCO)OC(=O)CCCCCCCCCCCCC,CC(C)CCC[C@@H](C)[C@H]1CC[C@H]2[C@@H]3CC=C4C[C@@H](O)CC[C@]4(C)[C@H]3CC[C@]12C,CCCCCCCCCCCCCCCCCC(=O)OC[C@H](COP(=O)([O-])OCC[N+](C)(C)C)OC(=O)CCCCCCCCCCCCCCCCC,94.0,35.0,16.0,46.5,5.0,0.34146341463414637,0.15609756097560976,0.45365853658536587,0.04878048780487805,54.0,0.07
778,DLin-MC3-DMA,DMPE-PEG2000,cholesterol,DPPC,60:20:19:1,118.9,0.168,5.5,91.5,"NP:5.67(molar), 15 ng/¥ìL for in vitro/vivo, 100 ng/¥ìL for TEM/NGI",mRNA,nanoluciferase,DMPE-PEG 2000,MC3,DPPC,cholesterol,"synthesis_method: Microfluidic; device_used: NanoAssemblr microfluidic mixer (Precision Nanosystems); total_flow_rate_ml_min: 9; flow_rate_ratio: 3:1 (organic:aqueous); aqueous_phase_composition: 50 mM sodium citrate buffer (pH 3.0); organic_phase_composition: 100% ethanol with lipids at 10 mg/mL; mixing_time_sec: ; temperature_condition: ; post_processing: Dialyzed against 1¡¿ PBS pH 7.4 overnight using 10-kDa MWCO Slide-A-Lyzer G2 Dialysis Cassettes; sterilization: ; storage_buffer: 1¡¿ PBS, stored at 4¡ÆC","cell_line: ALI Calu-3 cells; animal_model: BALB/c mice (female, 6-8 weeks); administration_route: Intratracheal (after aerosolization); dose: 1000 ng NLuc mRNA (ALI), 750 ng NLuc mRNA (in vivo); gene_expression_result: ~30,000 RLU (ALI), 4.8¡¿10^5 photons/sec/cm©÷/sr (in vivo); biodistribution_result: Distributed across all lung lobes",Optimization of ionizable lipids for aerosolizable mRNA lipid nanoparticles,"['Mae M. Lewis', 'Melissa R. Soto', 'Esther Y. Maier', 'Steven D. Wulfe', 'Sandy Bakheet', 'Hannah Obregon', 'Debadyuti Ghosh']",10.1002/btm2.10580,Bioengineering & Translational Medicine,2023.0,CCCCC/C=C\C/C=C\CCCCCCCCC(CCCCCCCC/C=C\C/C=C\CCCCC)OC(=O)CCCN(C)C,CCCCCCCCCCCCCC(=O)OCC(COP(=O)([O-])OCCN[C@@H](CO)C(=O)NCCOCCOCCOCCOCCOCCOCCOCCOCCOCCOCCOCCOCCOCCOCCOCCOCCOCCOCCOCCOCCOCCOCCOCCOCCOCCOCCOCCOCCOCCOCCOCCOCCOCCOCCOCCOCCOCCOCCOCCOCCOCCOCCOCCOCCOCCOCCOCCOCCOCCOCCOCCOCCOCCOCCOCCOCCOCCOCCOCCOCCOCCOCCOCCOCCOCCOCCOCCOCCOCCOCCOCCOCCOCCOCCOCCOCCOCCOCCOCCOCCOCCOCCOCCOCCOCCOCCOCCOCCOCCO)OC(=O)CCCCCCCCCCCCC,CC(C)CCC[C@@H](C)[C@H]1CC[C@H]2[C@@H]3CC=C4C[C@@H](O)CC[C@]4(C)[C@H]3CC[C@]12C,CCCCCCCCCCCCCCCC(=O)OC[C@H](COP(=O)([O-])OCC[N+](C)(C)C)OC(=O)CCCCCCCCCCCCCCC,91.5,60.0,20.0,19.0,1.0,0.6,0.2,0.19,0.01,118.9,0.168
779,DLin-MC3-DMA,DMPE-PEG2000,cholesterol,DPPC,45:20:34:1,109.9,0.154,7,92.8,"NP:5.67(molar), 15 ng/¥ìL for in vitro/vivo, 100 ng/¥ìL for TEM/NGI",mRNA,nanoluciferase,DMPE-PEG 2000,MC3,DPPC,cholesterol,"synthesis_method: Microfluidic; device_used: NanoAssemblr microfluidic mixer (Precision Nanosystems); total_flow_rate_ml_min: 9; flow_rate_ratio: 3:1 (organic:aqueous); aqueous_phase_composition: 50 mM sodium citrate buffer (pH 3.0); organic_phase_composition: 100% ethanol with lipids at 10 mg/mL; mixing_time_sec: ; temperature_condition: ; post_processing: Dialyzed against 1¡¿ PBS pH 7.4 overnight using 10-kDa MWCO Slide-A-Lyzer G2 Dialysis Cassettes; sterilization: ; storage_buffer: 1¡¿ PBS, stored at 4¡ÆC","cell_line: ALI Calu-3 cells; animal_model: BALB/c mice (female, 6-8 weeks); administration_route: Intratracheal (after aerosolization); dose: 1000 ng NLuc mRNA (ALI), 750 ng NLuc mRNA (in vivo); gene_expression_result: ~120,000 RLU (ALI), 1.4¡¿10^6 photons/sec/cm©÷/sr (in vivo); biodistribution_result: Distributed across all lung lobes",Optimization of ionizable lipids for aerosolizable mRNA lipid nanoparticles,"['Mae M. Lewis', 'Melissa R. Soto', 'Esther Y. Maier', 'Steven D. Wulfe', 'Sandy Bakheet', 'Hannah Obregon', 'Debadyuti Ghosh']",10.1002/btm2.10580,Bioengineering & Translational Medicine,2023.0,CCCCC/C=C\C/C=C\CCCCCCCCC(CCCCCCCC/C=C\C/C=C\CCCCC)OC(=O)CCCN(C)C,CCCCCCCCCCCCCC(=O)OCC(COP(=O)([O-])OCCN[C@@H](CO)C(=O)NCCOCCOCCOCCOCCOCCOCCOCCOCCOCCOCCOCCOCCOCCOCCOCCOCCOCCOCCOCCOCCOCCOCCOCCOCCOCCOCCOCCOCCOCCOCCOCCOCCOCCOCCOCCOCCOCCOCCOCCOCCOCCOCCOCCOCCOCCOCCOCCOCCOCCOCCOCCOCCOCCOCCOCCOCCOCCOCCOCCOCCOCCOCCOCCOCCOCCOCCOCCOCCOCCOCCOCCOCCOCCOCCOCCOCCOCCOCCOCCOCCOCCOCCOCCOCCOCCOCCOCCOCCOCCO)OC(=O)CCCCCCCCCCCCC,CC(C)CCC[C@@H](C)[C@H]1CC[C@H]2[C@@H]3CC=C4C[C@@H](O)CC[C@]4(C)[C@H]3CC[C@]12C,CCCCCCCCCCCCCCCC(=O)OC[C@H](COP(=O)([O-])OCC[N+](C)(C)C)OC(=O)CCCCCCCCCCCCCCC,92.8,45.0,20.0,34.0,1.0,0.45,0.2,0.34,0.01,109.9,0.154
780,DLin-MC3-DMA,DMPE-PEG2000,cholesterol,DPPC,45:5:49:1,112.9,0.152,6.7,93.4,"NP:5.67(molar), 15 ng/¥ìL for in vitro/vivo, 100 ng/¥ìL for TEM/NGI",mRNA,nanoluciferase,DMPE-PEG 2000,MC3,DPPC,cholesterol,"synthesis_method: Microfluidic; device_used: NanoAssemblr microfluidic mixer (Precision Nanosystems); total_flow_rate_ml_min: 9; flow_rate_ratio: 3:1 (organic:aqueous); aqueous_phase_composition: 50 mM sodium citrate buffer (pH 3.0); organic_phase_composition: 100% ethanol with lipids at 10 mg/mL; mixing_time_sec: ; temperature_condition: ; post_processing: Dialyzed against 1¡¿ PBS pH 7.4 overnight using 10-kDa MWCO Slide-A-Lyzer G2 Dialysis Cassettes; sterilization: ; storage_buffer: 1¡¿ PBS, stored at 4¡ÆC","cell_line: ALI Calu-3 cells; administration_route: Intratracheal (after aerosolization); dose: 1000 ng NLuc mRNA (ALI); gene_expression_result: ~80,000 RLU (ALI)",Optimization of ionizable lipids for aerosolizable mRNA lipid nanoparticles,"['Mae M. Lewis', 'Melissa R. Soto', 'Esther Y. Maier', 'Steven D. Wulfe', 'Sandy Bakheet', 'Hannah Obregon', 'Debadyuti Ghosh']",10.1002/btm2.10580,Bioengineering & Translational Medicine,2023.0,CCCCC/C=C\C/C=C\CCCCCCCCC(CCCCCCCC/C=C\C/C=C\CCCCC)OC(=O)CCCN(C)C,CCCCCCCCCCCCCC(=O)OCC(COP(=O)([O-])OCCN[C@@H](CO)C(=O)NCCOCCOCCOCCOCCOCCOCCOCCOCCOCCOCCOCCOCCOCCOCCOCCOCCOCCOCCOCCOCCOCCOCCOCCOCCOCCOCCOCCOCCOCCOCCOCCOCCOCCOCCOCCOCCOCCOCCOCCOCCOCCOCCOCCOCCOCCOCCOCCOCCOCCOCCOCCOCCOCCOCCOCCOCCOCCOCCOCCOCCOCCOCCOCCOCCOCCOCCOCCOCCOCCOCCOCCOCCOCCOCCOCCOCCOCCOCCOCCOCCOCCOCCOCCOCCOCCOCCOCCOCCOCCO)OC(=O)CCCCCCCCCCCCC,CC(C)CCC[C@@H](C)[C@H]1CC[C@H]2[C@@H]3CC=C4C[C@@H](O)CC[C@]4(C)[C@H]3CC[C@]12C,CCCCCCCCCCCCCCCC(=O)OC[C@H](COP(=O)([O-])OCC[N+](C)(C)C)OC(=O)CCCCCCCCCCCCCCC,93.4,45.0,5.0,49.0,1.0,0.45,0.05,0.49,0.01,112.9,0.152
781,DLin-MC3-DMA,DMG-PEG2000,cholesterol,DSPC,50:10:38.5:1.5,123.3,0.153,1.7,87.2,"NP:5.67(molar), 15 ng/¥ìL for in vitro/vivo, 100 ng/¥ìL for TEM/NGI",mRNA,nanoluciferase,DMG-PEG 2000,MC3,DSPC,cholesterol,"synthesis_method: Microfluidic; device_used: NanoAssemblr microfluidic mixer (Precision Nanosystems); total_flow_rate_ml_min: 9; flow_rate_ratio: 3:1 (organic:aqueous); aqueous_phase_composition: 50 mM sodium citrate buffer (pH 3.0); organic_phase_composition: 100% ethanol with lipids at 10 mg/mL; mixing_time_sec: ; temperature_condition: ; post_processing: Dialyzed against 1¡¿ PBS pH 7.4 overnight using 10-kDa MWCO Slide-A-Lyzer G2 Dialysis Cassettes; sterilization: ; storage_buffer: 1¡¿ PBS, stored at 4¡ÆC","cell_line: ALI Calu-3 cells; animal_model: BALB/c mice (female, 6-8 weeks); administration_route: Intratracheal (after aerosolization); dose: 1000 ng NLuc mRNA (ALI), 750 ng NLuc mRNA (in vivo); gene_expression_result: ~90,000 RLU (ALI), 1.2¡¿10^6 photons/sec/cm©÷/sr (in vivo); biodistribution_result: Distributed across all lung lobes",Optimization of ionizable lipids for aerosolizable mRNA lipid nanoparticles,"['Mae M. Lewis', 'Melissa R. Soto', 'Esther Y. Maier', 'Steven D. Wulfe', 'Sandy Bakheet', 'Hannah Obregon', 'Debadyuti Ghosh']",10.1002/btm2.10580,Bioengineering & Translational Medicine,2023.0,CCCCC/C=C\C/C=C\CCCCCCCCC(CCCCCCCC/C=C\C/C=C\CCCCC)OC(=O)CCCN(C)C,CCCCCCCCCCCCCC(=O)OCC(COP(=O)([O-])OCCOCCOCCOCCOCCOCCOCCOCCOCCOCCOCCOCCOCCOCCOCCOCCOCCOCCOCCOCCOCCOCCOCCOCCOCCOCCOCCOCCOCCOCCOCCOCCOCCOCCOCCOCCOCCOCCOCCOCCOCCOCCOCCOCCOCCOCCOCCOCCOCCOCCOCCOCCOCCOCCOCCOCCOCCOCCOCCOCCOCCOCCOCCOCCOCCOCCOCCOCCOCCOCCOCCOCCOCCOCCOCCOCCOCCOCCOCCOCCOCCOCCOCCOCCOCCOCCOCCOCCOCCOCCO)OC(=O)CCCCCCCCCCCCC,CC(C)CCC[C@@H](C)[C@H]1CC[C@H]2[C@@H]3CC=C4C[C@@H](O)CC[C@]4(C)[C@H]3CC[C@]12C,CCCCCCCCCCCCCCCCCC(=O)OC[C@H](COP(=O)([O-])OCC[N+](C)(C)C)OC(=O)CCCCCCCCCCCCCCCCC,87.2,50.0,10.0,38.5,1.5,0.5,0.1,0.385,0.015,123.3,0.153
782,SM-102,DMPE-PEG2000,cholesterol,DPPC,45:20:34:1,109.8,0.162,10.3,93.9,"NP:5.67(molar), 15 ng/¥ìL for in vitro/vivo (NLuc), 150 ng/¥ìL for Cre, 100 ng/¥ìL for TEM/NGI",mRNA,"nanoluciferase, cre_recombinase",DMPE-PEG 2000,SM-102,DPPC,cholesterol,"synthesis_method: Microfluidic; device_used: NanoAssemblr microfluidic mixer (Precision Nanosystems); total_flow_rate_ml_min: 9; flow_rate_ratio: 3:1 (organic:aqueous); aqueous_phase_composition: 50 mM sodium citrate buffer (pH 3.0); organic_phase_composition: 100% ethanol with lipids at 10 mg/mL; mixing_time_sec: ; temperature_condition: ; post_processing: Dialyzed against 1¡¿ PBS pH 7.4 overnight using 10-kDa MWCO Slide-A-Lyzer G2 Dialysis Cassettes; sterilization: ; storage_buffer: 1¡¿ PBS, stored at 4¡ÆC","cell_line: ALI Calu-3 cells; animal_model: BALB/c mice (female, 6-8 weeks), Ai9 mice (female, 6-8 weeks); administration_route: Intratracheal (after aerosolization); dose: 1000 ng NLuc mRNA (ALI), 750 ng NLuc mRNA (in vivo), 0.5 mg/kg Cre mRNA; gene_expression_result: ~150,000 RLU (ALI), 8.1¡¿10^6 photons/sec/cm©÷/sr (in vivo); biodistribution_result: Distributed across all lung lobes with highest expression",Optimization of ionizable lipids for aerosolizable mRNA lipid nanoparticles,"['Mae M. Lewis', 'Melissa R. Soto', 'Esther Y. Maier', 'Steven D. Wulfe', 'Sandy Bakheet', 'Hannah Obregon', 'Debadyuti Ghosh']",10.1002/btm2.10580,Bioengineering & Translational Medicine,2023.0,CCCCCCCCCCCOC(=O)CCCCCN(CCO)CCCCCCCC(=O)OC(CCCCCCCC)CCCCCCCC,CCCCCCCCCCCCCC(=O)OCC(COP(=O)([O-])OCCN[C@@H](CO)C(=O)NCCOCCOCCOCCOCCOCCOCCOCCOCCOCCOCCOCCOCCOCCOCCOCCOCCOCCOCCOCCOCCOCCOCCOCCOCCOCCOCCOCCOCCOCCOCCOCCOCCOCCOCCOCCOCCOCCOCCOCCOCCOCCOCCOCCOCCOCCOCCOCCOCCOCCOCCOCCOCCOCCOCCOCCOCCOCCOCCOCCOCCOCCOCCOCCOCCOCCOCCOCCOCCOCCOCCOCCOCCOCCOCCOCCOCCOCCOCCOCCOCCOCCOCCOCCOCCOCCOCCOCCOCCOCCO)OC(=O)CCCCCCCCCCCCC,CC(C)CCC[C@@H](C)[C@H]1CC[C@H]2[C@@H]3CC=C4C[C@@H](O)CC[C@]4(C)[C@H]3CC[C@]12C,CCCCCCCCCCCCCCCC(=O)OC[C@H](COP(=O)([O-])OCC[N+](C)(C)C)OC(=O)CCCCCCCCCCCCCCC,93.9,45.0,20.0,34.0,1.0,0.45,0.2,0.34,0.01,109.8,0.162
783,SM-102,DMG-PEG2000,cholesterol,DSPC,50:10:38.5:1.5,111.2,0.172,3.8,89.8,"NP:5.67(molar), 15 ng/¥ìL for in vitro/vivo, 100 ng/¥ìL for TEM/NGI",mRNA,nanoluciferase,DMG-PEG 2000,SM-102,DSPC,cholesterol,"synthesis_method: Microfluidic; device_used: NanoAssemblr microfluidic mixer (Precision Nanosystems); total_flow_rate_ml_min: 9; flow_rate_ratio: 3:1 (organic:aqueous); aqueous_phase_composition: 50 mM sodium citrate buffer (pH 3.0); organic_phase_composition: 100% ethanol with lipids at 10 mg/mL; mixing_time_sec: ; temperature_condition: ; post_processing: Dialyzed against 1¡¿ PBS pH 7.4 overnight using 10-kDa MWCO Slide-A-Lyzer G2 Dialysis Cassettes; sterilization: ; storage_buffer: 1¡¿ PBS, stored at 4¡ÆC","cell_line: ALI Calu-3 cells; administration_route: Intratracheal (after aerosolization); dose: 1000 ng NLuc mRNA (ALI); gene_expression_result: ~50,000 RLU (ALI)",Optimization of ionizable lipids for aerosolizable mRNA lipid nanoparticles,"['Mae M. Lewis', 'Melissa R. Soto', 'Esther Y. Maier', 'Steven D. Wulfe', 'Sandy Bakheet', 'Hannah Obregon', 'Debadyuti Ghosh']",10.1002/btm2.10580,Bioengineering & Translational Medicine,2023.0,CCCCCCCCCCCOC(=O)CCCCCN(CCO)CCCCCCCC(=O)OC(CCCCCCCC)CCCCCCCC,CCCCCCCCCCCCCC(=O)OCC(COP(=O)([O-])OCCOCCOCCOCCOCCOCCOCCOCCOCCOCCOCCOCCOCCOCCOCCOCCOCCOCCOCCOCCOCCOCCOCCOCCOCCOCCOCCOCCOCCOCCOCCOCCOCCOCCOCCOCCOCCOCCOCCOCCOCCOCCOCCOCCOCCOCCOCCOCCOCCOCCOCCOCCOCCOCCOCCOCCOCCOCCOCCOCCOCCOCCOCCOCCOCCOCCOCCOCCOCCOCCOCCOCCOCCOCCOCCOCCOCCOCCOCCOCCOCCOCCOCCOCCOCCOCCOCCOCCOCCOCCO)OC(=O)CCCCCCCCCCCCC,CC(C)CCC[C@@H](C)[C@H]1CC[C@H]2[C@@H]3CC=C4C[C@@H](O)CC[C@]4(C)[C@H]3CC[C@]12C,CCCCCCCCCCCCCCCCCC(=O)OC[C@H](COP(=O)([O-])OCC[N+](C)(C)C)OC(=O)CCCCCCCCCCCCCCCCC,89.8,50.0,10.0,38.5,1.5,0.5,0.1,0.385,0.015,111.2,0.172
784,ALC-0315,DMPE-PEG2000,cholesterol,DPPC,45:20:34:1,108.1,0.166,8.7,91.2,"NP:5.67(molar), 15 ng/¥ìL for in vitro/vivo, 100 ng/¥ìL for TEM/NGI",mRNA,nanoluciferase,DMPE-PEG 2000,ALC-0315,DPPC,cholesterol,"synthesis_method: Microfluidic; device_used: NanoAssemblr microfluidic mixer (Precision Nanosystems); total_flow_rate_ml_min: 9; flow_rate_ratio: 3:1 (organic:aqueous); aqueous_phase_composition: 50 mM sodium citrate buffer (pH 3.0); organic_phase_composition: 100% ethanol with lipids at 10 mg/mL; mixing_time_sec: ; temperature_condition: ; post_processing: Dialyzed against 1¡¿ PBS pH 7.4 overnight using 10-kDa MWCO Slide-A-Lyzer G2 Dialysis Cassettes; sterilization: ; storage_buffer: 1¡¿ PBS, stored at 4¡ÆC","cell_line: ALI Calu-3 cells; administration_route: Intratracheal (after aerosolization); dose: 1000 ng NLuc mRNA (ALI); gene_expression_result: ~40,000 RLU (ALI)",Optimization of ionizable lipids for aerosolizable mRNA lipid nanoparticles,"['Mae M. Lewis', 'Melissa R. Soto', 'Esther Y. Maier', 'Steven D. Wulfe', 'Sandy Bakheet', 'Hannah Obregon', 'Debadyuti Ghosh']",10.1002/btm2.10580,Bioengineering & Translational Medicine,2023.0,CCCCCCCCC(CCCCCC)C(=O)OCCCCCCN(CCCCO)CCCCCCOC(=O)C(CCCCCC)CCCCCCCC,CCCCCCCCCCCCCC(=O)OCC(COP(=O)([O-])OCCN[C@@H](CO)C(=O)NCCOCCOCCOCCOCCOCCOCCOCCOCCOCCOCCOCCOCCOCCOCCOCCOCCOCCOCCOCCOCCOCCOCCOCCOCCOCCOCCOCCOCCOCCOCCOCCOCCOCCOCCOCCOCCOCCOCCOCCOCCOCCOCCOCCOCCOCCOCCOCCOCCOCCOCCOCCOCCOCCOCCOCCOCCOCCOCCOCCOCCOCCOCCOCCOCCOCCOCCOCCOCCOCCOCCOCCOCCOCCOCCOCCOCCOCCOCCOCCOCCOCCOCCOCCOCCOCCOCCOCCOCCOCCO)OC(=O)CCCCCCCCCCCCC,CC(C)CCC[C@@H](C)[C@H]1CC[C@H]2[C@@H]3CC=C4C[C@@H](O)CC[C@]4(C)[C@H]3CC[C@]12C,CCCCCCCCCCCCCCCC(=O)OC[C@H](COP(=O)([O-])OCC[N+](C)(C)C)OC(=O)CCCCCCCCCCCCCCC,91.2,45.0,20.0,34.0,1.0,0.45,0.2,0.34,0.01,108.1,0.166
785,ALC-0315,ALC-0159,cholesterol,DSPC,46.3:9.4:42.7:1.6,113.9,0.174,4.2,88.7,"NP:5.67(molar), 15 ng/¥ìL for in vitro/vivo, 100 ng/¥ìL for TEM/NGI",mRNA,nanoluciferase,ALC-0159,ALC-0315,DSPC,cholesterol,"synthesis_method: Microfluidic; device_used: NanoAssemblr microfluidic mixer (Precision Nanosystems); total_flow_rate_ml_min: 9; flow_rate_ratio: 3:1 (organic:aqueous); aqueous_phase_composition: 50 mM sodium citrate buffer (pH 3.0); organic_phase_composition: 100% ethanol with lipids at 10 mg/mL; mixing_time_sec: ; temperature_condition: ; post_processing: Dialyzed against 1¡¿ PBS pH 7.4 overnight using 10-kDa MWCO Slide-A-Lyzer G2 Dialysis Cassettes; sterilization: ; storage_buffer: 1¡¿ PBS, stored at 4¡ÆC","cell_line: ALI Calu-3 cells; administration_route: Intratracheal (after aerosolization); dose: 1000 ng NLuc mRNA (ALI); gene_expression_result: ~25,000 RLU (ALI)",Optimization of ionizable lipids for aerosolizable mRNA lipid nanoparticles,"['Mae M. Lewis', 'Melissa R. Soto', 'Esther Y. Maier', 'Steven D. Wulfe', 'Sandy Bakheet', 'Hannah Obregon', 'Debadyuti Ghosh']",10.1002/btm2.10580,Bioengineering & Translational Medicine,2023.0,CCCCCCCCC(CCCCCC)C(=O)OCCCCCCN(CCCCO)CCCCCCOC(=O)C(CCCCCC)CCCCCCCC,CCCCCCCCCCCCCCCCCCCCCCCCCCCCCCCCCCCCCCCCCCCCCCCCCCCCCCCCCCN(CCCCCCCCCC(=O)OC)CC(O)COC(=O)CCCCCCCCC,CC(C)CCC[C@@H](C)[C@H]1CC[C@H]2[C@@H]3CC=C4C[C@@H](O)CC[C@]4(C)[C@H]3CC[C@]12C,CCCCCCCCCCCCCCCCCC(=O)OC[C@H](COP(=O)([O-])OCC[N+](C)(C)C)OC(=O)CCCCCCCCCCCCCCCCC,88.7,46.3,9.4,42.7,1.6,0.46299999999999997,0.094,0.42700000000000005,0.016,113.9,0.174
790,4A3-SC8,DMG-PEG2000,cholesterol,DOPE,38.5:1.5:30:30,95,0.17,-1.7,93,OTHER:23:1 weight ratio (4A3-SC8:mRNA),mRNA,firefly_luciferase,DMG-PEG2000,4A3-SC8,DOPE,cholesterol,synthesis_method: Rapid hand mixing; device_used: ; total_flow_rate_ml_min: ; flow_rate_ratio: 3:1 (ethanol:aqueous); aqueous_phase_composition: 100 mM citrate buffer pH 3.0; organic_phase_composition: Ethanol solution; mixing_time_sec: 30; temperature_condition: Room temperature; post_processing: Dialysis in sterile PBS with 3.5 kDa cut-off for 2 hours; sterilization: ; storage_buffer: PBS,"cell_line: HEK293T, HeLa; animal_model: C57BL/6 female mice; administration_route: IV; dose: 0.03 mg/kg; gene_expression_result: High luciferase expression in liver; biodistribution_result: Liver predominant targeting",Optimization of phospholipid chemistry for improved lipid nanoparticle (LNP) delivery of messenger RNA (mRNA),"['Ester Alvarez-Benedicto', 'Lukas Farbiak', 'Martha Marquez Ramirez', 'Xu Wang', 'Lindsay T. Johnson', 'Osamah Mian', 'Erick D. Guerrero', 'Daniel J. Siegwart']",10.1039/d1bm01454d,Biomaterials Science,2022.0,CCCCCCCCSCC(C)C(=O)OCCOC(=O)CCN(CCCN(C)CCCN(CCC(=O)OCCOC(=O)C(C)CSCCCCCCCC)CCC(=O)OCCOC(=O)C(C)CSCCCCCCCC)CCC(=O)OCCOC(=O)C(C)CSCCCCCCCC,CCCCCCCCCCCCCC(=O)OCC(COP(=O)([O-])OCCOCCOCCOCCOCCOCCOCCOCCOCCOCCOCCOCCOCCOCCOCCOCCOCCOCCOCCOCCOCCOCCOCCOCCOCCOCCOCCOCCOCCOCCOCCOCCOCCOCCOCCOCCOCCOCCOCCOCCOCCOCCOCCOCCOCCOCCOCCOCCOCCOCCOCCOCCOCCOCCOCCOCCOCCOCCOCCOCCOCCOCCOCCOCCOCCOCCOCCOCCOCCOCCOCCOCCOCCOCCOCCOCCOCCOCCOCCOCCOCCOCCOCCOCCOCCOCCOCCOCCOCCOCCO)OC(=O)CCCCCCCCCCCCC,CC(C)CCC[C@@H](C)[C@H]1CC[C@H]2[C@@H]3CC=C4C[C@@H](O)CC[C@]4(C)[C@H]3CC[C@]12C,CCCCCCCC/C=C\CCCCCCCC(=O)OC[C@H](COP(=O)(O)OCCN)OC(=O)CCCCCCC/C=C\CCCCCCCC,93.0,38.5,1.5,30.0,30.0,0.385,0.015,0.3,0.3,95.0,0.17
791,4A3-SC8,DMG-PEG2000,cholesterol,POPE,38.5:1.5:30:30,102,0.1,-4.5,65,OTHER:23:1 weight ratio (4A3-SC8:mRNA),mRNA,firefly_luciferase,DMG-PEG2000,4A3-SC8,POPE,cholesterol,synthesis_method: Rapid hand mixing; device_used: ; total_flow_rate_ml_min: ; flow_rate_ratio: 3:1 (ethanol:aqueous); aqueous_phase_composition: 100 mM citrate buffer pH 3.0; organic_phase_composition: Ethanol solution; mixing_time_sec: 30; temperature_condition: Room temperature; post_processing: Dialysis in sterile PBS with 3.5 kDa cut-off for 2 hours; sterilization: ; storage_buffer: PBS,"cell_line: HEK293T, HeLa; animal_model: C57BL/6 female mice; administration_route: IV; dose: 0.03 mg/kg; gene_expression_result: High luciferase expression in liver; biodistribution_result: Liver predominant targeting",Optimization of phospholipid chemistry for improved lipid nanoparticle (LNP) delivery of messenger RNA (mRNA),"['Ester Alvarez-Benedicto', 'Lukas Farbiak', 'Martha Marquez Ramirez', 'Xu Wang', 'Lindsay T. Johnson', 'Osamah Mian', 'Erick D. Guerrero', 'Daniel J. Siegwart']",10.1039/d1bm01454d,Biomaterials Science,2022.0,CCCCCCCCSCC(C)C(=O)OCCOC(=O)CCN(CCCN(C)CCCN(CCC(=O)OCCOC(=O)C(C)CSCCCCCCCC)CCC(=O)OCCOC(=O)C(C)CSCCCCCCCC)CCC(=O)OCCOC(=O)C(C)CSCCCCCCCC,CCCCCCCCCCCCCC(=O)OCC(COP(=O)([O-])OCCOCCOCCOCCOCCOCCOCCOCCOCCOCCOCCOCCOCCOCCOCCOCCOCCOCCOCCOCCOCCOCCOCCOCCOCCOCCOCCOCCOCCOCCOCCOCCOCCOCCOCCOCCOCCOCCOCCOCCOCCOCCOCCOCCOCCOCCOCCOCCOCCOCCOCCOCCOCCOCCOCCOCCOCCOCCOCCOCCOCCOCCOCCOCCOCCOCCOCCOCCOCCOCCOCCOCCOCCOCCOCCOCCOCCOCCOCCOCCOCCOCCOCCOCCOCCOCCOCCOCCOCCOCCO)OC(=O)CCCCCCCCCCCCC,CC(C)CCC[C@@H](C)[C@H]1CC[C@H]2[C@@H]3CC=C4C[C@@H](O)CC[C@]4(C)[C@H]3CC[C@]12C,CCCCCCCCC=CCCCCCCC(=O)OC(COC(=O)CCCCCCCCCCCCCCC)COP(=O)([O-])OCCN,65.0,38.5,1.5,30.0,30.0,0.385,0.015,0.3,0.3,102.0,0.1
795,4A3-SC8,DMG-PEG2000,cholesterol,DSPC,38.5:1.5:30:30,115,0.13,-2,72,OTHER:23:1 weight ratio (4A3-SC8:mRNA),mRNA,firefly_luciferase,DMG-PEG2000,4A3-SC8,DSPC,cholesterol,synthesis_method: Rapid hand mixing; device_used: ; total_flow_rate_ml_min: ; flow_rate_ratio: 3:1 (ethanol:aqueous); aqueous_phase_composition: 100 mM citrate buffer pH 3.0; organic_phase_composition: Ethanol solution; mixing_time_sec: 30; temperature_condition: Room temperature; post_processing: Dialysis in sterile PBS with 3.5 kDa cut-off for 2 hours; sterilization: ; storage_buffer: PBS,"cell_line: HEK293T, HeLa; animal_model: C57BL/6 female mice; administration_route: IV; dose: 0.03 mg/kg; gene_expression_result: Low luciferase expression; biodistribution_result: Limited targeting",Optimization of phospholipid chemistry for improved lipid nanoparticle (LNP) delivery of messenger RNA (mRNA),"['Ester Alvarez-Benedicto', 'Lukas Farbiak', 'Martha Marquez Ramirez', 'Xu Wang', 'Lindsay T. Johnson', 'Osamah Mian', 'Erick D. Guerrero', 'Daniel J. Siegwart']",10.1039/d1bm01454d,Biomaterials Science,2022.0,CCCCCCCCSCC(C)C(=O)OCCOC(=O)CCN(CCCN(C)CCCN(CCC(=O)OCCOC(=O)C(C)CSCCCCCCCC)CCC(=O)OCCOC(=O)C(C)CSCCCCCCCC)CCC(=O)OCCOC(=O)C(C)CSCCCCCCCC,CCCCCCCCCCCCCC(=O)OCC(COP(=O)([O-])OCCOCCOCCOCCOCCOCCOCCOCCOCCOCCOCCOCCOCCOCCOCCOCCOCCOCCOCCOCCOCCOCCOCCOCCOCCOCCOCCOCCOCCOCCOCCOCCOCCOCCOCCOCCOCCOCCOCCOCCOCCOCCOCCOCCOCCOCCOCCOCCOCCOCCOCCOCCOCCOCCOCCOCCOCCOCCOCCOCCOCCOCCOCCOCCOCCOCCOCCOCCOCCOCCOCCOCCOCCOCCOCCOCCOCCOCCOCCOCCOCCOCCOCCOCCOCCOCCOCCOCCOCCOCCO)OC(=O)CCCCCCCCCCCCC,CC(C)CCC[C@@H](C)[C@H]1CC[C@H]2[C@@H]3CC=C4C[C@@H](O)CC[C@]4(C)[C@H]3CC[C@]12C,CCCCCCCCCCCCCCCCCC(=O)OC[C@H](COP(=O)([O-])OCC[N+](C)(C)C)OC(=O)CCCCCCCCCCCCCCCCC,72.0,38.5,1.5,30.0,30.0,0.385,0.015,0.3,0.3,115.0,0.13
799,4A3-SC8,DMG-PEG2000,cholesterol,DPPE,38.5:1.5:30:30,135,0.13,-2.5,68,OTHER:23:1 weight ratio (4A3-SC8:mRNA),mRNA,firefly_luciferase,DMG-PEG2000,4A3-SC8,DPPE,cholesterol,synthesis_method: Rapid hand mixing; device_used: ; total_flow_rate_ml_min: ; flow_rate_ratio: 3:1 (ethanol:aqueous); aqueous_phase_composition: 100 mM citrate buffer pH 3.0; organic_phase_composition: Ethanol solution; mixing_time_sec: 30; temperature_condition: Room temperature; post_processing: Dialysis in sterile PBS with 3.5 kDa cut-off for 2 hours; sterilization: ; storage_buffer: PBS,"cell_line: HEK293T, HeLa; animal_model: C57BL/6 female mice; administration_route: IV; dose: 0.03 mg/kg; gene_expression_result: Moderate luciferase expression; biodistribution_result: Moderate targeting",Optimization of phospholipid chemistry for improved lipid nanoparticle (LNP) delivery of messenger RNA (mRNA),"['Ester Alvarez-Benedicto', 'Lukas Farbiak', 'Martha Marquez Ramirez', 'Xu Wang', 'Lindsay T. Johnson', 'Osamah Mian', 'Erick D. Guerrero', 'Daniel J. Siegwart']",10.1039/d1bm01454d,Biomaterials Science,2022.0,CCCCCCCCSCC(C)C(=O)OCCOC(=O)CCN(CCCN(C)CCCN(CCC(=O)OCCOC(=O)C(C)CSCCCCCCCC)CCC(=O)OCCOC(=O)C(C)CSCCCCCCCC)CCC(=O)OCCOC(=O)C(C)CSCCCCCCCC,CCCCCCCCCCCCCC(=O)OCC(COP(=O)([O-])OCCOCCOCCOCCOCCOCCOCCOCCOCCOCCOCCOCCOCCOCCOCCOCCOCCOCCOCCOCCOCCOCCOCCOCCOCCOCCOCCOCCOCCOCCOCCOCCOCCOCCOCCOCCOCCOCCOCCOCCOCCOCCOCCOCCOCCOCCOCCOCCOCCOCCOCCOCCOCCOCCOCCOCCOCCOCCOCCOCCOCCOCCOCCOCCOCCOCCOCCOCCOCCOCCOCCOCCOCCOCCOCCOCCOCCOCCOCCOCCOCCOCCOCCOCCOCCOCCOCCOCCOCCOCCO)OC(=O)CCCCCCCCCCCCC,CC(C)CCC[C@@H](C)[C@H]1CC[C@H]2[C@@H]3CC=C4C[C@@H](O)CC[C@]4(C)[C@H]3CC[C@]12C,CCCCCCCCCCCCCCCC(=O)OCC(COP(=O)([O-])OCCN)OC(=O)CCCCCCCCCCCCCCC,68.0,38.5,1.5,30.0,30.0,0.385,0.015,0.3,0.3,135.0,0.13
802,4A3-SC8,DMG-PEG2000,cholesterol,POPC,38.5:1.5:30:30,232,0.21,-0.5,78,OTHER:23:1 weight ratio (4A3-SC8:mRNA),mRNA,firefly_luciferase,DMG-PEG2000,4A3-SC8,POPC,cholesterol,synthesis_method: Rapid hand mixing; device_used: ; total_flow_rate_ml_min: ; flow_rate_ratio: 3:1 (ethanol:aqueous); aqueous_phase_composition: 100 mM citrate buffer pH 3.0; organic_phase_composition: Ethanol solution; mixing_time_sec: 30; temperature_condition: Room temperature; post_processing: Dialysis in sterile PBS with 3.5 kDa cut-off for 2 hours; sterilization: ; storage_buffer: PBS,"cell_line: HEK293T, HeLa; animal_model: C57BL/6 female mice; administration_route: IV; dose: 0.03 mg/kg; gene_expression_result: Low luciferase expression; biodistribution_result: Limited targeting",Optimization of phospholipid chemistry for improved lipid nanoparticle (LNP) delivery of messenger RNA (mRNA),"['Ester Alvarez-Benedicto', 'Lukas Farbiak', 'Martha Marquez Ramirez', 'Xu Wang', 'Lindsay T. Johnson', 'Osamah Mian', 'Erick D. Guerrero', 'Daniel J. Siegwart']",10.1039/d1bm01454d,Biomaterials Science,2022.0,CCCCCCCCSCC(C)C(=O)OCCOC(=O)CCN(CCCN(C)CCCN(CCC(=O)OCCOC(=O)C(C)CSCCCCCCCC)CCC(=O)OCCOC(=O)C(C)CSCCCCCCCC)CCC(=O)OCCOC(=O)C(C)CSCCCCCCCC,CCCCCCCCCCCCCC(=O)OCC(COP(=O)([O-])OCCOCCOCCOCCOCCOCCOCCOCCOCCOCCOCCOCCOCCOCCOCCOCCOCCOCCOCCOCCOCCOCCOCCOCCOCCOCCOCCOCCOCCOCCOCCOCCOCCOCCOCCOCCOCCOCCOCCOCCOCCOCCOCCOCCOCCOCCOCCOCCOCCOCCOCCOCCOCCOCCOCCOCCOCCOCCOCCOCCOCCOCCOCCOCCOCCOCCOCCOCCOCCOCCOCCOCCOCCOCCOCCOCCOCCOCCOCCOCCOCCOCCOCCOCCOCCOCCOCCOCCOCCOCCO)OC(=O)CCCCCCCCCCCCC,CC(C)CCC[C@@H](C)[C@H]1CC[C@H]2[C@@H]3CC=C4C[C@@H](O)CC[C@]4(C)[C@H]3CC[C@]12C,CCCCCCCCC=CCCCCCCC(=O)OC(COC(=O)CCCCCCCCCCCCCCC)COP(=O)([O-])OCC[N+](C)(C)C,78.0,38.5,1.5,30.0,30.0,0.385,0.015,0.3,0.3,232.0,0.21
803,DLin-MC3-DMA,DMG-PEG2000,cholesterol,DSPC,50:1.5:38.5:10,120.5 ¡¾ 6.0,,-6.3 ¡¾ 1.3,94.2 ¡¾ 3.6,"29 ¥ìg mRNA per ¥ìmol total lipid, NP:6(molar)",mRNA,luciferase,DMG-PEG2000,DLin-MC3-DMA,DSPC (18:0 PC),cholesterol,"synthesis_method: T-junction microfluidic mixing; device_used: T-junction (IDEX Health and Science); total_flow_rate_ml_min: 4.0; flow_rate_ratio: 3:1 (aqueous:organic); aqueous_phase_composition: 25 mM sodium acetate buffer (pH 4.0); organic_phase_composition: pure ethanol; mixing_time_sec: ; temperature_condition: 4¡ÆC during dialysis; post_processing: dialysis against 25 mM sodium acetate buffer (pH 4.0) or PBS (pH 7.4) for 12h using MWCO 3,500; sterilization: ; storage_buffer: PBS (pH 7.4)","animal_model: Balb/cJ mice (female, 8 weeks old); administration_route: intravenous (i.v.); dose: 0.5 mg mRNA/kg; gene_expression_result: luciferase expression measured by IVIS imaging at 12h post-injection; biodistribution_result: primarily liver and spleen distribution",Payload distribution and capacity of mRNA lipid nanoparticles,"['Sixuan Li', 'Yizong Hu', 'Andrew Li', 'Jinghan Lin', 'Kuangwen Hsieh', 'Zachary Schneiderman', 'Pengfei Zhang', 'Yining Zhu', 'Chenhu Qiu', 'Efrosini Kokkoli', 'Tza-Huei Wang', 'Hai-Quan Mao']",https://doi.org/10.1038/s41467-022-33157-4,Nature Communications,2022.0,CCCCC/C=C\C/C=C\CCCCCCCCC(CCCCCCCC/C=C\C/C=C\CCCCC)OC(=O)CCCN(C)C,CCCCCCCCCCCCCC(=O)OCC(COP(=O)([O-])OCCOCCOCCOCCOCCOCCOCCOCCOCCOCCOCCOCCOCCOCCOCCOCCOCCOCCOCCOCCOCCOCCOCCOCCOCCOCCOCCOCCOCCOCCOCCOCCOCCOCCOCCOCCOCCOCCOCCOCCOCCOCCOCCOCCOCCOCCOCCOCCOCCOCCOCCOCCOCCOCCOCCOCCOCCOCCOCCOCCOCCOCCOCCOCCOCCOCCOCCOCCOCCOCCOCCOCCOCCOCCOCCOCCOCCOCCOCCOCCOCCOCCOCCOCCOCCOCCOCCOCCOCCOCCO)OC(=O)CCCCCCCCCCCCC,CC(C)CCC[C@@H](C)[C@H]1CC[C@H]2[C@@H]3CC=C4C[C@@H](O)CC[C@]4(C)[C@H]3CC[C@]12C,CCCCCCCCCCCCCCCCCC(=O)OC[C@H](COP(=O)([O-])OCC[N+](C)(C)C)OC(=O)CCCCCCCCCCCCCCCCC,94.2,50.0,1.5,38.5,10.0,0.5,0.015,0.385,0.1,120.5,
807,DLin-MC3-DMA,DMG-PEG2000,cholesterol,DSPC + TMR-PC,50:1.5:38.5:10.5,120.5 ¡¾ 6.0,,-6.3 ¡¾ 1.3,94.2 ¡¾ 3.6,"mRNA concentration 20 ¥ìg/mL, NP:6(molar)",mRNA,luciferase,DMG-PEG2000,DLin-MC3-DMA,DSPC + TMR-PC,cholesterol,"synthesis_method: T-junction microfluidic mixing; device_used: T-junction (IDEX Health and Science); total_flow_rate_ml_min: 4.0; flow_rate_ratio: 3:1 (aqueous:organic); aqueous_phase_composition: 25 mM sodium acetate buffer (pH 4.0); organic_phase_composition: pure ethanol; mixing_time_sec: ; temperature_condition: 4¡ÆC during dialysis; post_processing: dialysis for 12h using MWCO 3,500; sterilization: ; storage_buffer: PBS (pH 7.4)",animal_model: Balb/cJ mice; administration_route: intravenous; dose: 0.5 mg mRNA/kg; gene_expression_result: luciferase expression measured; biodistribution_result: liver and spleen distribution,Payload distribution and capacity of mRNA lipid nanoparticles,"['Sixuan Li', 'Yizong Hu', 'Andrew Li', 'Jinghan Lin', 'Kuangwen Hsieh', 'Zachary Schneiderman', 'Pengfei Zhang', 'Yining Zhu', 'Chenhu Qiu', 'Efrosini Kokkoli', 'Tza-Huei Wang', 'Hai-Quan Mao']",https://doi.org/10.1038/s41467-022-33157-4,Nature Communications,2022.0,CCCCC/C=C\C/C=C\CCCCCCCCC(CCCCCCCC/C=C\C/C=C\CCCCC)OC(=O)CCCN(C)C,CCCCCCCCCCCCCC(=O)OCC(COP(=O)([O-])OCCOCCOCCOCCOCCOCCOCCOCCOCCOCCOCCOCCOCCOCCOCCOCCOCCOCCOCCOCCOCCOCCOCCOCCOCCOCCOCCOCCOCCOCCOCCOCCOCCOCCOCCOCCOCCOCCOCCOCCOCCOCCOCCOCCOCCOCCOCCOCCOCCOCCOCCOCCOCCOCCOCCOCCOCCOCCOCCOCCOCCOCCOCCOCCOCCOCCOCCOCCOCCOCCOCCOCCOCCOCCOCCOCCOCCOCCOCCOCCOCCOCCOCCOCCOCCOCCOCCOCCOCCOCCO)OC(=O)CCCCCCCCCCCCC,CC(C)CCC[C@@H](C)[C@H]1CC[C@H]2[C@@H]3CC=C4C[C@@H](O)CC[C@]4(C)[C@H]3CC[C@]12C,CCCCCCCCCCCCCCCCCC(=O)OC[C@H](COP(=O)([O-])OCC[N+](C)(C)C)OC(=O)CCCCCCCCCCCCCCCCC,94.2,50.0,1.5,38.5,10.5,0.4975124378109453,0.014925373134328358,0.38308457711442784,0.1044776119402985,120.5,
812,DLin-MC3-DMA,DMG-PEG2000,cholesterol,DSPC,50:1.5:38.5:10,113.0 ¡¾ 1.4,,-3.2 ¡¾ 1.4,95.6 ¡¾ 0.6,"NP:6(molar), mRNA concentration 20 ¥ìg/mL",mRNA,luciferase,DMG-PEG2000,DLin-MC3-DMA,DSPC (non-fluorescent),cholesterol,"synthesis_method: T-junction microfluidic mixing; device_used: T-junction (IDEX Health and Science); total_flow_rate_ml_min: 4.0; flow_rate_ratio: 3:1 (aqueous:organic); aqueous_phase_composition: 25 mM sodium acetate buffer (pH 4.0); organic_phase_composition: pure ethanol; mixing_time_sec: ; temperature_condition: 4¡ÆC during dialysis; post_processing: dialysis for 12h using MWCO 3,500; sterilization: ; storage_buffer: PBS (pH 7.4)",,Payload distribution and capacity of mRNA lipid nanoparticles,"['Sixuan Li', 'Yizong Hu', 'Andrew Li', 'Jinghan Lin', 'Kuangwen Hsieh', 'Zachary Schneiderman', 'Pengfei Zhang', 'Yining Zhu', 'Chenhu Qiu', 'Efrosini Kokkoli', 'Tza-Huei Wang', 'Hai-Quan Mao']",https://doi.org/10.1038/s41467-022-33157-4,Nature Communications,2022.0,CCCCC/C=C\C/C=C\CCCCCCCCC(CCCCCCCC/C=C\C/C=C\CCCCC)OC(=O)CCCN(C)C,CCCCCCCCCCCCCC(=O)OCC(COP(=O)([O-])OCCOCCOCCOCCOCCOCCOCCOCCOCCOCCOCCOCCOCCOCCOCCOCCOCCOCCOCCOCCOCCOCCOCCOCCOCCOCCOCCOCCOCCOCCOCCOCCOCCOCCOCCOCCOCCOCCOCCOCCOCCOCCOCCOCCOCCOCCOCCOCCOCCOCCOCCOCCOCCOCCOCCOCCOCCOCCOCCOCCOCCOCCOCCOCCOCCOCCOCCOCCOCCOCCOCCOCCOCCOCCOCCOCCOCCOCCOCCOCCOCCOCCOCCOCCOCCOCCOCCOCCOCCOCCO)OC(=O)CCCCCCCCCCCCC,CC(C)CCC[C@@H](C)[C@H]1CC[C@H]2[C@@H]3CC=C4C[C@@H](O)CC[C@]4(C)[C@H]3CC[C@]12C,CCCCCCCCCCCCCCCCCC(=O)OC[C@H](COP(=O)([O-])OCC[N+](C)(C)C)OC(=O)CCCCCCCCCCCCCCCCC,95.6,50.0,1.5,38.5,10.0,0.5,0.015,0.385,0.1,113.0,
845,DLin-KC2-DMA,PEG-c-DMA,cholesterol,DPPC,57.1:7.1:34.3:1.4,75-85,,,90-95,OTHER:siRNA/lipid ratio ~0.15 (wt/wt),siRNA,factor_vii,PEG-C-DMA,DLin-KC2-DMA,DPPC,cholesterol,"synthesis_method: Controlled step-wise dilution method; device_used: ; total_flow_rate_ml_min: ; flow_rate_ratio: ; aqueous_phase_composition: ; organic_phase_composition: ; mixing_time_sec: ; temperature_condition: ; post_processing: dialysis against PBS, filter sterilized through 0.2 ¥ìm filter; sterilization: 0.2 ¥ìm filter; storage_buffer: PBS","animal_model: C57BL/6 mice, rats, cynomolgus monkeys; administration_route: intravenous; dose: 0.01-1 mg/kg in rodents, 0.03-1 mg/kg in NHP; gene_expression_result: ED50 ~0.02 mg/kg in mice, ~0.3 mg/kg in NHP (TTR); toxicity_profile: well tolerated at doses up to 50-fold higher than ED50",Rational design of cationic lipids for siRNA delivery,"['Sean C Semple', 'Akin Akinc', 'Jianxin Chen', 'Ammen P Sandhu', 'Barbara L Mui', 'Connie K Cho', 'Dinah W Y Sah', 'Derrick Stebbing', 'Erin J Crosley', 'Ed Yaworski', 'Ismail M Hafez', 'J Robert Dorkin', 'June Qin', 'Kieu Lam', 'Kallanthottathil G Rajeev', 'Kim F Wong', 'Lloyd B Jeffs', 'Lubomir Nechev', 'Merete L Eisenhardt', 'Muthusamy Jayaraman', 'Mikameh Kazem', 'Martin A Maier', 'Masuna Srinivasulu', 'Michael J Weinstein', 'Qingmin Chen', 'Rene Alvarez', 'Scott A Barros', 'Soma De', 'Sandra K Klimuk', 'Todd Borland', 'Verbena Kosovrasti', 'William L Cantley', 'Ying K Tam', 'Muthiah Manoharan', 'Marco A Ciufolini', 'Mark A Tracy', 'Antonin de Fougerolles', 'Ian MacLachlan', 'Pieter R Cullis', 'Thomas D Madden', 'Michael J Hope']",10.1038/nbt.1602,Nature Biotechnology,2010.0,CCCCC/C=C\C/C=C\CCCCCCCCC1(CCCCCCCC/C=C\C/C=C\CCCCC)OCC(CCN(C)C)O1,CN(C)CCC(O)COCCOCCOCCOCCOCCOCCOCCOCCOCCOCCOCCOCCOCCOCCOCCOCCOCCOCCOCCOCCOCCOCCOCCOCCOCCOCCOCCOCCOCCOCCOCCOCCOCCOCCOCCOCCOCCOCCOCCOCCOCCOCCOCCOCCOCCOCCOCCOCCOCCOCCOCCOCCOCCOCCOCCOCCOCCOCCOCCOCCOCCOCCOCCOCCOCCOCCOCCOCCOCCOCCOCCOCCOCCOCCOCCOCCOCCOCCOCCOCCOCCOCCOCCOCCOCCOCCOCCOCCOCCOCCO,CC(C)CCC[C@@H](C)[C@H]1CC[C@H]2[C@@H]3CC=C4C[C@@H](O)CC[C@]4(C)[C@H]3CC[C@]12C,CCCCCCCCCCCCCCCC(=O)OC[C@H](COP(=O)([O-])OCC[N+](C)(C)C)OC(=O)CCCCCCCCCCCCCCC,90.0,57.1,7.1,34.3,1.4,0.5715715715715716,0.07107107107107107,0.3433433433433433,0.014014014014014012,75.0,
870,ALC-0315,DSPE-PEG2000,cholesterol,DSPC,46.3:9.4:42.7:1.6,92.8,,,60,NP:6(molar),mRNA,firefly_luciferase,DSPE-PEG,ALC-0315,DSPC,cholesterol,"synthesis_method: Microfluidic mixing; device_used: NanoAssemblr Benchtop; total_flow_rate_ml_min: 12; flow_rate_ratio: 3:1 (aqueous:organic); aqueous_phase_composition: 1 mM sodium acetate buffer at pH 5.2; organic_phase_composition: Lipids dissolved in ethanol solution; mixing_time_sec: ; temperature_condition: Room temperature; post_processing: Diluted 40 times with PBS, concentrated by ultracentrifugation; sterilization: ; storage_buffer: PBS, stored at 4¡ÆC","cell_line: HepG2, A549; animal_model: BALB/c mice; administration_route: Subcutaneous; dose: 1 ¥ìg mRNA per mouse (in vivo), 100 ng mRNA per well (in vitro); gene_expression_result: Lowest among all tested PEG-lipids; biodistribution_result: Lower liver accumulation, higher lymph node specificity; toxicity_profile: No significant toxicity in mice; cytokine_response: Highest anti-PEG IgM production among tested formulations",Role of PEGylated lipid in lipid nanoparticle formulation for in vitro and in vivo delivery of mRNA vaccines,"['Li Zhang', 'Brandon Yi Loong Seow', 'Ki Hyun Bae', 'Yue Zhang', 'Kuo-Chieh Liao', 'Yue Wan', 'Yi Yan Yang']",https://doi.org/10.1016/j.jconrel.2025.01.071,Journal of Controlled Release,2025.0,CCCCCCCCC(CCCCCC)C(=O)OCCCCCCN(CCCCO)CCCCCCOC(=O)C(CCCCCC)CCCCCCCC,CCCCCCCCCCCCCCCCCC(=O)OCC(COP(=O)([O-])OCCN[C@@H](CO)C(=O)NCCOCCOCCOCCOCCOCCOCCOCCOCCOCCOCCOCCOCCOCCOCCOCCOCCOCCOCCOCCOCCOCCOCCOCCOCCOCCOCCOCCOCCOCCOCCOCCOCCOCCOCCOCCOCCOCCOCCOCCOCCOCCOCCOCCOCCOCCOCCOCCOCCOCCOCCOCCOCCOCCOCCOCCOCCOCCOCCOCCOCCOCCOCCOCCOCCOCCOCCOCCOCCOCCOCCOCCOCCOCCOCCOCCOCCOCCOCCOCCOCCOCCOCCOCCOCCOCCOCCOCCOCCOCCO)OC(=O)CCCCCCCCCCCCCCCCC,CC(C)CCC[C@@H](C)[C@H]1CC[C@H]2[C@@H]3CC=C4C[C@@H](O)CC[C@]4(C)[C@H]3CC[C@]12C,CCCCCCCCCCCCCCCCCC(=O)OC[C@H](COP(=O)([O-])OCC[N+](C)(C)C)OC(=O)CCCCCCCCCCCCCCCCC,60.0,46.3,9.4,42.7,1.6,0.46299999999999997,0.094,0.42700000000000005,0.016,92.8,
875,SM-102,DMPE-PEG2000,cholesterol,DPPC,45:20:34:1,78.7,,,88,"NP:5.67(molar), mRNA concentration 10 ng/¥ìL",mRNA,nanoluciferase,DMPE-PEG 2000,SM-102,DPPC,cholesterol,"synthesis_method: Microfluidic; device_used: NanoAssemblr; total_flow_rate_ml_min: ; flow_rate_ratio: 1:3 (organic:aqueous); aqueous_phase_composition: 50 mM sodium citrate buffer (pH 3.0); organic_phase_composition: 100% EtOH; mixing_time_sec: ; temperature_condition: ; post_processing: dialysis against 1x PBS for 4 hours using 10 kDa MWCO; sterilization: ; storage_buffer: 1x PBS, stored at 4¡ÆC","cell_line: HEK293T, A549; dose: 100 ng mRNA per well; gene_expression_result: 6.0¡¿10^7 RLU (HEK293T), 3.0¡¿10^7 RLU (A549)",Applying machine learning to identify ionizable lipids for nanoparticle-mediated delivery of mRNA,"['Mae M. Lewis', 'Travis J. Beck', 'Debadyuti Ghosh']",https://doi.org/10.1101/2023.11.09.565872,bioRxiv,2023.0,CCCCCCCCCCCOC(=O)CCCCCN(CCO)CCCCCCCC(=O)OC(CCCCCCCC)CCCCCCCC,CCCCCCCCCCCCCC(=O)OCC(COP(=O)([O-])OCCN[C@@H](CO)C(=O)NCCOCCOCCOCCOCCOCCOCCOCCOCCOCCOCCOCCOCCOCCOCCOCCOCCOCCOCCOCCOCCOCCOCCOCCOCCOCCOCCOCCOCCOCCOCCOCCOCCOCCOCCOCCOCCOCCOCCOCCOCCOCCOCCOCCOCCOCCOCCOCCOCCOCCOCCOCCOCCOCCOCCOCCOCCOCCOCCOCCOCCOCCOCCOCCOCCOCCOCCOCCOCCOCCOCCOCCOCCOCCOCCOCCOCCOCCOCCOCCOCCOCCOCCOCCOCCOCCOCCOCCOCCOCCO)OC(=O)CCCCCCCCCCCCC,CC(C)CCC[C@@H](C)[C@H]1CC[C@H]2[C@@H]3CC=C4C[C@@H](O)CC[C@]4(C)[C@H]3CC[C@]12C,CCCCCCCCCCCCCCCC(=O)OC[C@H](COP(=O)([O-])OCC[N+](C)(C)C)OC(=O)CCCCCCCCCCCCCCC,88.0,45.0,20.0,34.0,1.0,0.45,0.2,0.34,0.01,78.7,
876,ALC-0315,DMPE-PEG2000,cholesterol,DPPC,45:20:34:1,92.16,,,84,"NP:5.67(molar), mRNA concentration 10 ng/¥ìL",mRNA,nanoluciferase,DMPE-PEG 2000,ALC-0315,DPPC,cholesterol,"synthesis_method: Microfluidic; device_used: NanoAssemblr; total_flow_rate_ml_min: ; flow_rate_ratio: 1:3 (organic:aqueous); aqueous_phase_composition: 50 mM sodium citrate buffer (pH 3.0); organic_phase_composition: 100% EtOH; mixing_time_sec: ; temperature_condition: ; post_processing: dialysis against 1x PBS for 4 hours using 10 kDa MWCO; sterilization: ; storage_buffer: 1x PBS, stored at 4¡ÆC","cell_line: HEK293T, A549; dose: 100 ng mRNA per well; gene_expression_result: 6.0¡¿10^7 RLU (HEK293T), 1.0¡¿10^7 RLU (A549)",Applying machine learning to identify ionizable lipids for nanoparticle-mediated delivery of mRNA,"['Mae M. Lewis', 'Travis J. Beck', 'Debadyuti Ghosh']",https://doi.org/10.1101/2023.11.09.565872,bioRxiv,2023.0,CCCCCCCCC(CCCCCC)C(=O)OCCCCCCN(CCCCO)CCCCCCOC(=O)C(CCCCCC)CCCCCCCC,CCCCCCCCCCCCCC(=O)OCC(COP(=O)([O-])OCCN[C@@H](CO)C(=O)NCCOCCOCCOCCOCCOCCOCCOCCOCCOCCOCCOCCOCCOCCOCCOCCOCCOCCOCCOCCOCCOCCOCCOCCOCCOCCOCCOCCOCCOCCOCCOCCOCCOCCOCCOCCOCCOCCOCCOCCOCCOCCOCCOCCOCCOCCOCCOCCOCCOCCOCCOCCOCCOCCOCCOCCOCCOCCOCCOCCOCCOCCOCCOCCOCCOCCOCCOCCOCCOCCOCCOCCOCCOCCOCCOCCOCCOCCOCCOCCOCCOCCOCCOCCOCCOCCOCCOCCOCCOCCO)OC(=O)CCCCCCCCCCCCC,CC(C)CCC[C@@H](C)[C@H]1CC[C@H]2[C@@H]3CC=C4C[C@@H](O)CC[C@]4(C)[C@H]3CC[C@]12C,CCCCCCCCCCCCCCCC(=O)OC[C@H](COP(=O)([O-])OCC[N+](C)(C)C)OC(=O)CCCCCCCCCCCCCCC,84.0,45.0,20.0,34.0,1.0,0.45,0.2,0.34,0.01,92.16,
884,C12-200,PE-PEG2000,cholesterol,DSPC,50:1.5:38.5:10,67.3-82.2 (microfluidic); 124.4 (bulk mixed),0.066-0.068 (microfluidic); 0.083 (bulk mixed),,95.0-95.6,WR:5(wt/wt)[C12-200:RNA],siRNA,factor_vii,PEG2000-PE,C12-200,DSPC,cholesterol,"synthesis_method: Microfluidic; device_used: Parallelized Microfluidic Device (PMD), single row PMD, or single channel; total_flow_rate_ml_min: ; flow_rate_ratio: 3:1 (aqueous:ethanol); aqueous_phase_composition: siRNA in buffer; organic_phase_composition: lipids in ethanol; mixing_time_sec: ; temperature_condition: ; post_processing: dialyzed against 1X PBS for two hours, concentrated using 50K MWCO centrifugal filters, filtered by 0.22 ¥ìm filters; sterilization: 0.22 ¥ìm filtration; storage_buffer: 1X PBS","animal_model: C57BL/6 mice; administration_route: IV (tail vein injection); dose: 0.2 mg/kg; gene_expression_result: >90% Factor VII knockdown (microfluidic), ~20% (bulk mixed); biodistribution_result: Hepatic targeting; toxicity_profile: No significant differences in liver histopathology between formulations",Scalable mRNA and siRNA Lipid Nanoparticle Production Using a Parallelized Microfluidic Device,"['Sarah J. Shepherd', 'Claude C. Warzecha', 'Sagar Yadavali', 'Rakan El-Mayta', 'Mohamad-Gabriel Alameh', 'Lili Wang', 'Drew Weissman', 'James M. Wilson', 'David Issadore', 'Michael J. Mitchell']",https://doi.org/10.1021/acs.nanolett.1c01353,Nano Letters,2021.0,CCCCCCCCCCCCC(O)CN(CCN1CCN(CCN)C(CN(CC(O)CCCCCCCCCCCC)CN(CC(O)CCCCCCCCCCCC)CC(O)CCCCCCCCCCCC)C1)CC(O)CCCCCCCCCCCC,CCCCCCCCCCCCCCCC(=O)OCC(COP(=O)([O-])OCCN[C@@H](CO)C(=O)NCCOCCOCCOCCOCCOCCOCCOCCOCCOCCOCCOCCOCCOCCOCCOCCOCCOCCOCCOCCOCCOCCOCCOCCOCCOCCOCCOCCOCCOCCOCCOCCOCCOCCOCCOCCOCCOCCOCCOCCOCCOCCOCCOCCOCCOCCOCCOCCOCCOCCOCCOCCOCCOCCOCCOCCOCCOCCOCCOCCOCCOCCOCCOCCOCCOCCOCCOCCOCCOCCOCCOCCOCCOCCOCCOCCOCCOCCOCCOCCOCCOCCOCCOCCOCCOCCOCCOCCOCCOCCO)OC(=O)CCCCCCCCCCCCCCC,CC(C)CCC[C@@H](C)[C@H]1CC[C@H]2[C@@H]3CC=C4C[C@@H](O)CC[C@]4(C)[C@H]3CC[C@]12C,CCCCCCCCCCCCCCCCCC(=O)OC[C@H](COP(=O)([O-])OCC[N+](C)(C)C)OC(=O)CCCCCCCCCCCCCCCCC,95.0,50.0,1.5,38.5,10.0,0.5,0.015,0.385,0.1,67.3,0.066
911,SM-102,DMG-PEG2000,cholesterol,DSPC,50:38.5:10:1.5,63.5 ¡¾ 0.6,,,95.0 ¡¾ 2.0,NP:6(molar),mRNA,"firefly_luciferase, gfp",DMG-PEG2000,SM-102,DSPC,cholesterol,"synthesis_method: Microfluidic; device_used: NanoGenerator Flex; total_flow_rate_ml_min: 4; flow_rate_ratio: 3:1; aqueous_phase_composition: 100 mM citrate buffer (pH 4.0); organic_phase_composition: anhydrous ethanol; mixing_time_sec: ; temperature_condition: room temperature; post_processing: ultrafiltration at 3,000 rpm using 100 kDa MWCO Millipore filter; sterilization: ; storage_buffer: Tris buffer (pH 7.4)",cell_line: HEK293T; dose: 20 ¥ìL of mRNA-LNP suspension per well; gene_expression_result: 4.0¡¿10^8 normalized RLU,Structural Characterization of mRNA Lipid Nanoparticles in the Presence of Intrinsic Drug-free Lipid Nanoparticles,"['Xiaoxia Chen', 'Yongfeng Ye', 'Mengrong Li', 'Taisen Zuo', 'Zhenhua Xie', 'Yubin Ke', 'He Cheng', 'Liang Hong', 'Zhuo Liu']",https://doi.org/10.1101/2024.09.27.614859,bioRxiv,2024.0,CCCCCCCCCCCOC(=O)CCCCCN(CCO)CCCCCCCC(=O)OC(CCCCCCCC)CCCCCCCC,CCCCCCCCCCCCCC(=O)OCC(COP(=O)([O-])OCCOCCOCCOCCOCCOCCOCCOCCOCCOCCOCCOCCOCCOCCOCCOCCOCCOCCOCCOCCOCCOCCOCCOCCOCCOCCOCCOCCOCCOCCOCCOCCOCCOCCOCCOCCOCCOCCOCCOCCOCCOCCOCCOCCOCCOCCOCCOCCOCCOCCOCCOCCOCCOCCOCCOCCOCCOCCOCCOCCOCCOCCOCCOCCOCCOCCOCCOCCOCCOCCOCCOCCOCCOCCOCCOCCOCCOCCOCCOCCOCCOCCOCCOCCOCCOCCOCCOCCOCCOCCO)OC(=O)CCCCCCCCCCCCC,CC(C)CCC[C@@H](C)[C@H]1CC[C@H]2[C@@H]3CC=C4C[C@@H](O)CC[C@]4(C)[C@H]3CC[C@]12C,CCCCCCCCCCCCCCCCCC(=O)OC[C@H](COP(=O)([O-])OCC[N+](C)(C)C)OC(=O)CCCCCCCCCCCCCCCCC,95.0,50.0,38.5,10.0,1.5,0.5,0.385,0.1,0.015,63.5,
922,DLin-MC3-DMA,DMG-PEG2000,cholesterol,DSPC,50:1.5:38.5:10,~70,,,>85,OTHER:ionizable lipid to mRNA weight ratio 10:1,mRNA,firefly_luciferase,DMG-PEG 2000,D-Lin-MC3-DMA (MC3),"DSPC (1,2-distearoyl-sn-glycero-3-phosphocholine)",cholesterol,"synthesis_method: Microfluidic; device_used: SCALAR 1x chip; total_flow_rate_ml_min: 1.1-1.2; flow_rate_ratio: 3:1 (aqueous:ethanol); aqueous_phase_composition: mRNA (74 ¥ìg/mL) in 10 mM citrate buffer; organic_phase_composition: lipids in ethanol; mixing_time_sec: ; temperature_condition: ; post_processing: dialyzed against 1x PBS in 20-kDa MWCO dialysis cassettes for 2h, filtered by 0.22-¥ìm PES filters; sterilization: 0.22-¥ìm PES filtration; storage_buffer: 1x PBS, stored at 4¡ÆC","cell_line: HepG2 cells; animal_model: C57BL/6 mice; administration_route: intramuscular; dose: 50 ng per 5,000 cells (in vitro), 5 ¥ìg per mouse (in vivo); gene_expression_result: normalized luminescence ~150 (HepG2); biodistribution_result: injection site and inguinal lymph nodes, some liver transfection",Throughput-scalable manufacturing of SARS-CoV-2 mRNA lipid nanoparticle vaccines,"['Sarah J. Shepherd', 'Xuexiang Han', 'Alvin J. Mukalel', 'Rakan El-Mayta', 'Ajay S. Thatte', 'Jingyu Wu', 'Marshall S. Padilla', 'Mohamad-Gabriel Alameh', 'Neha Srikumar', 'Daeyeon Lee', 'Drew Weissman', 'David Issadore', 'Michael J. Mitchell']",https://doi.org/10.1073/pnas.2303567120,PNAS,2023.0,CCCCC/C=C\C/C=C\CCCCCCCCC(CCCCCCCC/C=C\C/C=C\CCCCC)OC(=O)CCCN(C)C,CCCCCCCCCCCCCC(=O)OCC(COP(=O)([O-])OCCOCCOCCOCCOCCOCCOCCOCCOCCOCCOCCOCCOCCOCCOCCOCCOCCOCCOCCOCCOCCOCCOCCOCCOCCOCCOCCOCCOCCOCCOCCOCCOCCOCCOCCOCCOCCOCCOCCOCCOCCOCCOCCOCCOCCOCCOCCOCCOCCOCCOCCOCCOCCOCCOCCOCCOCCOCCOCCOCCOCCOCCOCCOCCOCCOCCOCCOCCOCCOCCOCCOCCOCCOCCOCCOCCOCCOCCOCCOCCOCCOCCOCCOCCOCCOCCOCCOCCOCCOCCO)OC(=O)CCCCCCCCCCCCC,CC(C)CCC[C@@H](C)[C@H]1CC[C@H]2[C@@H]3CC=C4C[C@@H](O)CC[C@]4(C)[C@H]3CC[C@]12C,CCCCCCCCCCCCCCCCCC(=O)OC[C@H](COP(=O)([O-])OCC[N+](C)(C)C)OC(=O)CCCCCCCCCCCCCCCCC,85.0,50.0,1.5,38.5,10.0,0.5,0.015,0.385,0.1,70.0,
923,DLin-MC3-DMA,DMG-PEG2000,cholesterol,DSPC,50:1.5:38.5:10,~70,,,>85,OTHER:ionizable lipid to mRNA weight ratio 10:1,mRNA,firefly_luciferase,DMG-PEG 2000,D-Lin-MC3-DMA (MC3),"DSPC (1,2-distearoyl-sn-glycero-3-phosphocholine)",cholesterol,"synthesis_method: Microfluidic; device_used: SCALAR 10x chip; total_flow_rate_ml_min: 0.72; flow_rate_ratio: 3:1 (aqueous:ethanol); aqueous_phase_composition: mRNA (diluted 3x) in 10 mM citrate buffer; organic_phase_composition: lipids (diluted 3x) in ethanol; mixing_time_sec: ; temperature_condition: ; post_processing: dialyzed against 1x PBS in 20-kDa MWCO dialysis cassettes for 2h, filtered by 0.22-¥ìm PES filters; sterilization: 0.22-¥ìm PES filtration; storage_buffer: 1x PBS, stored at 4¡ÆC","cell_line: HepG2 cells; animal_model: C57BL/6 mice; administration_route: intramuscular; dose: 50 ng per 5,000 cells (in vitro), 5 ¥ìg per mouse (in vivo); gene_expression_result: normalized luminescence ~150 (HepG2); biodistribution_result: injection site and inguinal lymph nodes, some liver transfection",Throughput-scalable manufacturing of SARS-CoV-2 mRNA lipid nanoparticle vaccines,"['Sarah J. Shepherd', 'Xuexiang Han', 'Alvin J. Mukalel', 'Rakan El-Mayta', 'Ajay S. Thatte', 'Jingyu Wu', 'Marshall S. Padilla', 'Mohamad-Gabriel Alameh', 'Neha Srikumar', 'Daeyeon Lee', 'Drew Weissman', 'David Issadore', 'Michael J. Mitchell']",https://doi.org/10.1073/pnas.2303567120,PNAS,2023.0,CCCCC/C=C\C/C=C\CCCCCCCCC(CCCCCCCC/C=C\C/C=C\CCCCC)OC(=O)CCCN(C)C,CCCCCCCCCCCCCC(=O)OCC(COP(=O)([O-])OCCOCCOCCOCCOCCOCCOCCOCCOCCOCCOCCOCCOCCOCCOCCOCCOCCOCCOCCOCCOCCOCCOCCOCCOCCOCCOCCOCCOCCOCCOCCOCCOCCOCCOCCOCCOCCOCCOCCOCCOCCOCCOCCOCCOCCOCCOCCOCCOCCOCCOCCOCCOCCOCCOCCOCCOCCOCCOCCOCCOCCOCCOCCOCCOCCOCCOCCOCCOCCOCCOCCOCCOCCOCCOCCOCCOCCOCCOCCOCCOCCOCCOCCOCCOCCOCCOCCOCCOCCOCCO)OC(=O)CCCCCCCCCCCCC,CC(C)CCC[C@@H](C)[C@H]1CC[C@H]2[C@@H]3CC=C4C[C@@H](O)CC[C@]4(C)[C@H]3CC[C@]12C,CCCCCCCCCCCCCCCCCC(=O)OC[C@H](COP(=O)([O-])OCC[N+](C)(C)C)OC(=O)CCCCCCCCCCCCCCCCC,85.0,50.0,1.5,38.5,10.0,0.5,0.015,0.385,0.1,70.0,
928,DLin-MC3-DMA,DMG-PEG2000,cholesterol,DSPC,50:1.5:38.5:10,,,,>85,OTHER:ionizable lipid to mRNA weight ratio 10:1,mRNA,mcherry,DMG-PEG 2000,D-Lin-MC3-DMA (MC3),"DSPC (1,2-distearoyl-sn-glycero-3-phosphocholine)",cholesterol,"synthesis_method: Microfluidic; device_used: SCALAR 1x chip (reuse experiment); total_flow_rate_ml_min: 1.1-1.2; flow_rate_ratio: 3:1 (aqueous:ethanol); aqueous_phase_composition: mRNA in 10 mM citrate buffer; organic_phase_composition: lipids in ethanol; mixing_time_sec: ; temperature_condition: ; post_processing: dialyzed against 1x PBS, filtered, chip cleaned with 1% triton X 100; sterilization: 0.22-¥ìm PES filtration; storage_buffer: 1x PBS, stored at 4¡ÆC","cell_line: Jurkat cells; dose: 60 ng per 60,000 cells; gene_expression_result: mCherry positive cells ~100%",Throughput-scalable manufacturing of SARS-CoV-2 mRNA lipid nanoparticle vaccines,"['Sarah J. Shepherd', 'Xuexiang Han', 'Alvin J. Mukalel', 'Rakan El-Mayta', 'Ajay S. Thatte', 'Jingyu Wu', 'Marshall S. Padilla', 'Mohamad-Gabriel Alameh', 'Neha Srikumar', 'Daeyeon Lee', 'Drew Weissman', 'David Issadore', 'Michael J. Mitchell']",https://doi.org/10.1073/pnas.2303567120,PNAS,2023.0,CCCCC/C=C\C/C=C\CCCCCCCCC(CCCCCCCC/C=C\C/C=C\CCCCC)OC(=O)CCCN(C)C,CCCCCCCCCCCCCC(=O)OCC(COP(=O)([O-])OCCOCCOCCOCCOCCOCCOCCOCCOCCOCCOCCOCCOCCOCCOCCOCCOCCOCCOCCOCCOCCOCCOCCOCCOCCOCCOCCOCCOCCOCCOCCOCCOCCOCCOCCOCCOCCOCCOCCOCCOCCOCCOCCOCCOCCOCCOCCOCCOCCOCCOCCOCCOCCOCCOCCOCCOCCOCCOCCOCCOCCOCCOCCOCCOCCOCCOCCOCCOCCOCCOCCOCCOCCOCCOCCOCCOCCOCCOCCOCCOCCOCCOCCOCCOCCOCCOCCOCCOCCOCCO)OC(=O)CCCCCCCCCCCCC,CC(C)CCC[C@@H](C)[C@H]1CC[C@H]2[C@@H]3CC=C4C[C@@H](O)CC[C@]4(C)[C@H]3CC[C@]12C,CCCCCCCCCCCCCCCCCC(=O)OC[C@H](COP(=O)([O-])OCC[N+](C)(C)C)OC(=O)CCCCCCCCCCCCCCCCC,85.0,50.0,1.5,38.5,10.0,0.5,0.015,0.385,0.1,,
929,DLin-MC3-DMA,DMG-PEG2000,cholesterol,DSPC,50:1.5:38.5:10,,,,>85,OTHER:ionizable lipid to mRNA weight ratio 10:1,mRNA,gfp,DMG-PEG 2000,D-Lin-MC3-DMA (MC3),"DSPC (1,2-distearoyl-sn-glycero-3-phosphocholine)",cholesterol,"synthesis_method: Microfluidic; device_used: SCALAR 1x chip (reuse experiment); total_flow_rate_ml_min: 1.1-1.2; flow_rate_ratio: 3:1 (aqueous:ethanol); aqueous_phase_composition: mRNA in 10 mM citrate buffer; organic_phase_composition: lipids in ethanol; mixing_time_sec: ; temperature_condition: ; post_processing: dialyzed against 1x PBS, filtered, chip cleaned with 1% triton X 100; sterilization: 0.22-¥ìm PES filtration; storage_buffer: 1x PBS, stored at 4¡ÆC","cell_line: Jurkat cells; dose: 60 ng per 60,000 cells; gene_expression_result: GFP positive cells ~100%",Throughput-scalable manufacturing of SARS-CoV-2 mRNA lipid nanoparticle vaccines,"['Sarah J. Shepherd', 'Xuexiang Han', 'Alvin J. Mukalel', 'Rakan El-Mayta', 'Ajay S. Thatte', 'Jingyu Wu', 'Marshall S. Padilla', 'Mohamad-Gabriel Alameh', 'Neha Srikumar', 'Daeyeon Lee', 'Drew Weissman', 'David Issadore', 'Michael J. Mitchell']",https://doi.org/10.1073/pnas.2303567120,PNAS,2023.0,CCCCC/C=C\C/C=C\CCCCCCCCC(CCCCCCCC/C=C\C/C=C\CCCCC)OC(=O)CCCN(C)C,CCCCCCCCCCCCCC(=O)OCC(COP(=O)([O-])OCCOCCOCCOCCOCCOCCOCCOCCOCCOCCOCCOCCOCCOCCOCCOCCOCCOCCOCCOCCOCCOCCOCCOCCOCCOCCOCCOCCOCCOCCOCCOCCOCCOCCOCCOCCOCCOCCOCCOCCOCCOCCOCCOCCOCCOCCOCCOCCOCCOCCOCCOCCOCCOCCOCCOCCOCCOCCOCCOCCOCCOCCOCCOCCOCCOCCOCCOCCOCCOCCOCCOCCOCCOCCOCCOCCOCCOCCOCCOCCOCCOCCOCCOCCOCCOCCOCCOCCOCCOCCO)OC(=O)CCCCCCCCCCCCC,CC(C)CCC[C@@H](C)[C@H]1CC[C@H]2[C@@H]3CC=C4C[C@@H](O)CC[C@]4(C)[C@H]3CC[C@]12C,CCCCCCCCCCCCCCCCCC(=O)OC[C@H](COP(=O)([O-])OCC[N+](C)(C)C)OC(=O)CCCCCCCCCCCCCCCCC,85.0,50.0,1.5,38.5,10.0,0.5,0.015,0.385,0.1,,
932,L202,DMG-PEG2000,cholesterol,DSPC,50:10:38.5:1.5,77-350,0.05-0.39,,35-98,WR:0.05(wt/wt)[mRNA:lipi],mRNA,firefly_luciferase,mPEG2000-DMG,L202,DSPC,cholesterol,"synthesis_method: Microfluidic; device_used: NanoAssemblr (Precision Nanosystems); total_flow_rate_ml_min: 1-4; flow_rate_ratio: 1:1 to 3:1 (aqueous:ethanol); aqueous_phase_composition: 50 mM sodium citrate buffer, pH 3.5; organic_phase_composition: EtOH with dissolved lipids; mixing_time_sec: ; temperature_condition: 2-8¡ÆC during dialysis; post_processing: Two-stage dialysis: first against PBS (pH 7.5) for 6h at 2-8¡ÆC, then against 8% sucrose/20 mM Tris buffer (pH 7.5) overnight at 2-8¡ÆC. Concentration via ultrafiltration (100 kDa MWCO); sterilization: ; storage_buffer: 8% sucrose/20 mM Tris buffer (pH 7.5)","cell_line: Hep3B, Huh7; dose: 100 ng/mL and 500 ng/mL mRNA; gene_expression_result: Luciferase expression varied by particle size, with medium-sized LNPs (105 nm) showing highest expression",Understanding the Manufacturing Process of Lipid Nanoparticles for mRNA Delivery Using Machine Learning,"['Shinya Sato', 'Syusuke Sano', 'Hiroki Muto', 'Kenji Kubara', 'Keita Kondo', 'Takayuki Miyazaki', 'Yuta Suzuki', 'Yoshifumi Uemoto', 'Koji Ukai']",https://doi.org/10.1248/cpb.c24-00089,Chemical and Pharmaceutical Bulletin,2024.0,CCCCCCCCCCC(CCCCCCCCC(=O)OCCC(CCCCC)CCCCC)COC(=O)C1CCN(C)CC1,CCCCCCCCCCCCCC(=O)OCC(COP(=O)([O-])OCCOCCOCCOCCOCCOCCOCCOCCOCCOCCOCCOCCOCCOCCOCCOCCOCCOCCOCCOCCOCCOCCOCCOCCOCCOCCOCCOCCOCCOCCOCCOCCOCCOCCOCCOCCOCCOCCOCCOCCOCCOCCOCCOCCOCCOCCOCCOCCOCCOCCOCCOCCOCCOCCOCCOCCOCCOCCOCCOCCOCCOCCOCCOCCOCCOCCOCCOCCOCCOCCOCCOCCOCCOCCOCCOCCOCCOCCOCCOCCOCCOCCOCCOCCOCCOCCOCCOCCOCCOCCO)OC(=O)CCCCCCCCCCCCC,CC(C)CCC[C@@H](C)[C@H]1CC[C@H]2[C@@H]3CC=C4C[C@@H](O)CC[C@]4(C)[C@H]3CC[C@]12C,CCCCCCCCCCCCCCCCCC(=O)OC[C@H](COP(=O)([O-])OCC[N+](C)(C)C)OC(=O)CCCCCCCCCCCCCCCCC,35.0,50.0,10.0,38.5,1.5,0.5,0.1,0.385,0.015,77.0,0.05
933,L202,DMG-PEG2000,cholesterol,DSPC,50:10:38.5:1.5,83,0.121,,96,WR:0.05(wt/wt)[mRNA:lipi],mRNA,firefly_luciferase,mPEG2000-DMG,L202,DSPC,cholesterol,"synthesis_method: Microfluidic; device_used: NanoAssemblr; total_flow_rate_ml_min: 4.0; flow_rate_ratio: 25% EtOH (flow rate ratio 3:1); aqueous_phase_composition: 50 mM sodium citrate buffer, pH 4.0; organic_phase_composition: EtOH; mixing_time_sec: ; temperature_condition: 2-8¡ÆC; post_processing: Two-stage dialysis with Method C (dilution with citrate buffer then dialysis); sterilization: ; storage_buffer: 8% sucrose/20 mM Tris buffer (pH 7.5)","cell_line: Hep3B, Huh7; dose: 100 ng/mL and 500 ng/mL mRNA; gene_expression_result: Target ~80 nm particle size achieved via Bayesian optimization",Understanding the Manufacturing Process of Lipid Nanoparticles for mRNA Delivery Using Machine Learning,"['Shinya Sato', 'Syusuke Sano', 'Hiroki Muto', 'Kenji Kubara', 'Keita Kondo', 'Takayuki Miyazaki', 'Yuta Suzuki', 'Yoshifumi Uemoto', 'Koji Ukai']",https://doi.org/10.1248/cpb.c24-00089,Chemical and Pharmaceutical Bulletin,2024.0,CCCCCCCCCCC(CCCCCCCCC(=O)OCCC(CCCCC)CCCCC)COC(=O)C1CCN(C)CC1,CCCCCCCCCCCCCC(=O)OCC(COP(=O)([O-])OCCOCCOCCOCCOCCOCCOCCOCCOCCOCCOCCOCCOCCOCCOCCOCCOCCOCCOCCOCCOCCOCCOCCOCCOCCOCCOCCOCCOCCOCCOCCOCCOCCOCCOCCOCCOCCOCCOCCOCCOCCOCCOCCOCCOCCOCCOCCOCCOCCOCCOCCOCCOCCOCCOCCOCCOCCOCCOCCOCCOCCOCCOCCOCCOCCOCCOCCOCCOCCOCCOCCOCCOCCOCCOCCOCCOCCOCCOCCOCCOCCOCCOCCOCCOCCOCCOCCOCCOCCOCCO)OC(=O)CCCCCCCCCCCCC,CC(C)CCC[C@@H](C)[C@H]1CC[C@H]2[C@@H]3CC=C4C[C@@H](O)CC[C@]4(C)[C@H]3CC[C@]12C,CCCCCCCCCCCCCCCCCC(=O)OC[C@H](COP(=O)([O-])OCC[N+](C)(C)C)OC(=O)CCCCCCCCCCCCCCCCC,96.0,50.0,10.0,38.5,1.5,0.5,0.1,0.385,0.015,83.0,0.121
934,L202,DMG-PEG2000,cholesterol,DSPC,50:10:38.5:1.5,77,0.081,,96,WR:0.05(wt/wt)[mRNA:lipi],mRNA,firefly_luciferase,mPEG2000-DMG,L202,DSPC,cholesterol,"synthesis_method: Microfluidic; device_used: NanoAssemblr; total_flow_rate_ml_min: 4.0; flow_rate_ratio: 25% EtOH (flow rate ratio 3:1); aqueous_phase_composition: 50 mM sodium citrate buffer, pH 3.5; organic_phase_composition: EtOH; mixing_time_sec: ; temperature_condition: 2-8¡ÆC; post_processing: Two-stage dialysis with Method C; sterilization: ; storage_buffer: 8% sucrose/20 mM Tris buffer (pH 7.5)","cell_line: Hep3B, Huh7; dose: 100 ng/mL and 500 ng/mL mRNA; gene_expression_result: Target ~80 nm particle size achieved via Bayesian optimization",Understanding the Manufacturing Process of Lipid Nanoparticles for mRNA Delivery Using Machine Learning,"['Shinya Sato', 'Syusuke Sano', 'Hiroki Muto', 'Kenji Kubara', 'Keita Kondo', 'Takayuki Miyazaki', 'Yuta Suzuki', 'Yoshifumi Uemoto', 'Koji Ukai']",https://doi.org/10.1248/cpb.c24-00089,Chemical and Pharmaceutical Bulletin,2024.0,CCCCCCCCCCC(CCCCCCCCC(=O)OCCC(CCCCC)CCCCC)COC(=O)C1CCN(C)CC1,CCCCCCCCCCCCCC(=O)OCC(COP(=O)([O-])OCCOCCOCCOCCOCCOCCOCCOCCOCCOCCOCCOCCOCCOCCOCCOCCOCCOCCOCCOCCOCCOCCOCCOCCOCCOCCOCCOCCOCCOCCOCCOCCOCCOCCOCCOCCOCCOCCOCCOCCOCCOCCOCCOCCOCCOCCOCCOCCOCCOCCOCCOCCOCCOCCOCCOCCOCCOCCOCCOCCOCCOCCOCCOCCOCCOCCOCCOCCOCCOCCOCCOCCOCCOCCOCCOCCOCCOCCOCCOCCOCCOCCOCCOCCOCCOCCOCCOCCOCCOCCO)OC(=O)CCCCCCCCCCCCC,CC(C)CCC[C@@H](C)[C@H]1CC[C@H]2[C@@H]3CC=C4C[C@@H](O)CC[C@]4(C)[C@H]3CC[C@]12C,CCCCCCCCCCCCCCCCCC(=O)OC[C@H](COP(=O)([O-])OCC[N+](C)(C)C)OC(=O)CCCCCCCCCCCCCCCCC,96.0,50.0,10.0,38.5,1.5,0.5,0.1,0.385,0.015,77.0,0.081
935,L202,DMG-PEG2000,cholesterol,DSPC,50:10:38.5:1.5,200,0.058,,97,WR:0.05(wt/wt)[mRNA:lipi],mRNA,firefly_luciferase,mPEG2000-DMG,L202,DSPC,cholesterol,"synthesis_method: Microfluidic; device_used: NanoAssemblr; total_flow_rate_ml_min: 2.5; flow_rate_ratio: 44% EtOH; aqueous_phase_composition: 50 mM sodium citrate buffer, pH 3.5; organic_phase_composition: EtOH; mixing_time_sec: ; temperature_condition: 2-8¡ÆC; post_processing: Two-stage dialysis with Method C; sterilization: ; storage_buffer: 8% sucrose/20 mM Tris buffer (pH 7.5)","cell_line: Hep3B, Huh7; dose: 100 ng/mL and 500 ng/mL mRNA; gene_expression_result: Target ~200 nm particle size achieved via Bayesian optimization",Understanding the Manufacturing Process of Lipid Nanoparticles for mRNA Delivery Using Machine Learning,"['Shinya Sato', 'Syusuke Sano', 'Hiroki Muto', 'Kenji Kubara', 'Keita Kondo', 'Takayuki Miyazaki', 'Yuta Suzuki', 'Yoshifumi Uemoto', 'Koji Ukai']",https://doi.org/10.1248/cpb.c24-00089,Chemical and Pharmaceutical Bulletin,2024.0,CCCCCCCCCCC(CCCCCCCCC(=O)OCCC(CCCCC)CCCCC)COC(=O)C1CCN(C)CC1,CCCCCCCCCCCCCC(=O)OCC(COP(=O)([O-])OCCOCCOCCOCCOCCOCCOCCOCCOCCOCCOCCOCCOCCOCCOCCOCCOCCOCCOCCOCCOCCOCCOCCOCCOCCOCCOCCOCCOCCOCCOCCOCCOCCOCCOCCOCCOCCOCCOCCOCCOCCOCCOCCOCCOCCOCCOCCOCCOCCOCCOCCOCCOCCOCCOCCOCCOCCOCCOCCOCCOCCOCCOCCOCCOCCOCCOCCOCCOCCOCCOCCOCCOCCOCCOCCOCCOCCOCCOCCOCCOCCOCCOCCOCCOCCOCCOCCOCCOCCOCCO)OC(=O)CCCCCCCCCCCCC,CC(C)CCC[C@@H](C)[C@H]1CC[C@H]2[C@@H]3CC=C4C[C@@H](O)CC[C@]4(C)[C@H]3CC[C@]12C,CCCCCCCCCCCCCCCCCC(=O)OC[C@H](COP(=O)([O-])OCC[N+](C)(C)C)OC(=O)CCCCCCCCCCCCCCCCC,97.0,50.0,10.0,38.5,1.5,0.5,0.1,0.385,0.015,200.0,0.058
936,L202,DMG-PEG2000,cholesterol,DSPC,50:10:38.5:1.5,186,0.072,,97,WR:0.05(wt/wt)[mRNA:lipi],mRNA,firefly_luciferase,mPEG2000-DMG,L202,DSPC,cholesterol,"synthesis_method: Microfluidic; device_used: NanoAssemblr; total_flow_rate_ml_min: 2.5; flow_rate_ratio: 45% EtOH; aqueous_phase_composition: 50 mM sodium citrate buffer, pH 3.5; organic_phase_composition: EtOH; mixing_time_sec: ; temperature_condition: 2-8¡ÆC; post_processing: Two-stage dialysis with Method C; sterilization: ; storage_buffer: 8% sucrose/20 mM Tris buffer (pH 7.5)","cell_line: Hep3B, Huh7; dose: 100 ng/mL and 500 ng/mL mRNA; gene_expression_result: Target ~200 nm particle size achieved via Bayesian optimization",Understanding the Manufacturing Process of Lipid Nanoparticles for mRNA Delivery Using Machine Learning,"['Shinya Sato', 'Syusuke Sano', 'Hiroki Muto', 'Kenji Kubara', 'Keita Kondo', 'Takayuki Miyazaki', 'Yuta Suzuki', 'Yoshifumi Uemoto', 'Koji Ukai']",https://doi.org/10.1248/cpb.c24-00089,Chemical and Pharmaceutical Bulletin,2024.0,CCCCCCCCCCC(CCCCCCCCC(=O)OCCC(CCCCC)CCCCC)COC(=O)C1CCN(C)CC1,CCCCCCCCCCCCCC(=O)OCC(COP(=O)([O-])OCCOCCOCCOCCOCCOCCOCCOCCOCCOCCOCCOCCOCCOCCOCCOCCOCCOCCOCCOCCOCCOCCOCCOCCOCCOCCOCCOCCOCCOCCOCCOCCOCCOCCOCCOCCOCCOCCOCCOCCOCCOCCOCCOCCOCCOCCOCCOCCOCCOCCOCCOCCOCCOCCOCCOCCOCCOCCOCCOCCOCCOCCOCCOCCOCCOCCOCCOCCOCCOCCOCCOCCOCCOCCOCCOCCOCCOCCOCCOCCOCCOCCOCCOCCOCCOCCOCCOCCOCCOCCO)OC(=O)CCCCCCCCCCCCC,CC(C)CCC[C@@H](C)[C@H]1CC[C@H]2[C@@H]3CC=C4C[C@@H](O)CC[C@]4(C)[C@H]3CC[C@]12C,CCCCCCCCCCCCCCCCCC(=O)OC[C@H](COP(=O)([O-])OCC[N+](C)(C)C)OC(=O)CCCCCCCCCCCCCCCCC,97.0,50.0,10.0,38.5,1.5,0.5,0.1,0.385,0.015,186.0,0.072
937,L202,DMG-PEG2000,cholesterol,DSPC,50:10:38.5:1.5,81,0.109,,96,WR:0.05(wt/wt)[mRNA:lipi],mRNA,firefly_luciferase,mPEG2000-DMG,L202,DSPC,cholesterol,"synthesis_method: Microfluidic; device_used: NanoAssemblr; total_flow_rate_ml_min: ; flow_rate_ratio: ; aqueous_phase_composition: 50 mM sodium citrate buffer, pH 3.5; organic_phase_composition: EtOH; mixing_time_sec: ; temperature_condition: 2-8¡ÆC; post_processing: Two-stage dialysis with Method C; sterilization: ; storage_buffer: 8% sucrose/20 mM Tris buffer (pH 7.5)","cell_line: Hep3B, Huh7; dose: 100 ng/mL and 500 ng/mL mRNA; gene_expression_result: Small size category for protein expression studies",Understanding the Manufacturing Process of Lipid Nanoparticles for mRNA Delivery Using Machine Learning,"['Shinya Sato', 'Syusuke Sano', 'Hiroki Muto', 'Kenji Kubara', 'Keita Kondo', 'Takayuki Miyazaki', 'Yuta Suzuki', 'Yoshifumi Uemoto', 'Koji Ukai']",https://doi.org/10.1248/cpb.c24-00089,Chemical and Pharmaceutical Bulletin,2024.0,CCCCCCCCCCC(CCCCCCCCC(=O)OCCC(CCCCC)CCCCC)COC(=O)C1CCN(C)CC1,CCCCCCCCCCCCCC(=O)OCC(COP(=O)([O-])OCCOCCOCCOCCOCCOCCOCCOCCOCCOCCOCCOCCOCCOCCOCCOCCOCCOCCOCCOCCOCCOCCOCCOCCOCCOCCOCCOCCOCCOCCOCCOCCOCCOCCOCCOCCOCCOCCOCCOCCOCCOCCOCCOCCOCCOCCOCCOCCOCCOCCOCCOCCOCCOCCOCCOCCOCCOCCOCCOCCOCCOCCOCCOCCOCCOCCOCCOCCOCCOCCOCCOCCOCCOCCOCCOCCOCCOCCOCCOCCOCCOCCOCCOCCOCCOCCOCCOCCOCCOCCO)OC(=O)CCCCCCCCCCCCC,CC(C)CCC[C@@H](C)[C@H]1CC[C@H]2[C@@H]3CC=C4C[C@@H](O)CC[C@]4(C)[C@H]3CC[C@]12C,CCCCCCCCCCCCCCCCCC(=O)OC[C@H](COP(=O)([O-])OCC[N+](C)(C)C)OC(=O)CCCCCCCCCCCCCCCCC,96.0,50.0,10.0,38.5,1.5,0.5,0.1,0.385,0.015,81.0,0.109
938,L202,DMG-PEG2000,cholesterol,DSPC,50:10:38.5:1.5,109,0.053,,96,WR:0.05(wt/wt)[mRNA:lipi],mRNA,firefly_luciferase,mPEG2000-DMG,L202,DSPC,cholesterol,"synthesis_method: Microfluidic; device_used: NanoAssemblr; total_flow_rate_ml_min: ; flow_rate_ratio: ; aqueous_phase_composition: 50 mM sodium citrate buffer, pH 3.5; organic_phase_composition: EtOH; mixing_time_sec: ; temperature_condition: 2-8¡ÆC; post_processing: Two-stage dialysis with Method C; sterilization: ; storage_buffer: 8% sucrose/20 mM Tris buffer (pH 7.5)","cell_line: Hep3B, Huh7; dose: 100 ng/mL and 500 ng/mL mRNA; gene_expression_result: Medium size category showed highest protein expression levels",Understanding the Manufacturing Process of Lipid Nanoparticles for mRNA Delivery Using Machine Learning,"['Shinya Sato', 'Syusuke Sano', 'Hiroki Muto', 'Kenji Kubara', 'Keita Kondo', 'Takayuki Miyazaki', 'Yuta Suzuki', 'Yoshifumi Uemoto', 'Koji Ukai']",https://doi.org/10.1248/cpb.c24-00089,Chemical and Pharmaceutical Bulletin,2024.0,CCCCCCCCCCC(CCCCCCCCC(=O)OCCC(CCCCC)CCCCC)COC(=O)C1CCN(C)CC1,CCCCCCCCCCCCCC(=O)OCC(COP(=O)([O-])OCCOCCOCCOCCOCCOCCOCCOCCOCCOCCOCCOCCOCCOCCOCCOCCOCCOCCOCCOCCOCCOCCOCCOCCOCCOCCOCCOCCOCCOCCOCCOCCOCCOCCOCCOCCOCCOCCOCCOCCOCCOCCOCCOCCOCCOCCOCCOCCOCCOCCOCCOCCOCCOCCOCCOCCOCCOCCOCCOCCOCCOCCOCCOCCOCCOCCOCCOCCOCCOCCOCCOCCOCCOCCOCCOCCOCCOCCOCCOCCOCCOCCOCCOCCOCCOCCOCCOCCOCCOCCO)OC(=O)CCCCCCCCCCCCC,CC(C)CCC[C@@H](C)[C@H]1CC[C@H]2[C@@H]3CC=C4C[C@@H](O)CC[C@]4(C)[C@H]3CC[C@]12C,CCCCCCCCCCCCCCCCCC(=O)OC[C@H](COP(=O)([O-])OCC[N+](C)(C)C)OC(=O)CCCCCCCCCCCCCCCCC,96.0,50.0,10.0,38.5,1.5,0.5,0.1,0.385,0.015,109.0,0.053
939,L202,DMG-PEG2000,cholesterol,DSPC,50:10:38.5:1.5,139,0.057,,92,WR:0.05(wt/wt)[mRNA:lipi],mRNA,firefly_luciferase,mPEG2000-DMG,L202,DSPC,cholesterol,"synthesis_method: Microfluidic; device_used: NanoAssemblr; total_flow_rate_ml_min: ; flow_rate_ratio: ; aqueous_phase_composition: 50 mM sodium citrate buffer, pH 3.5; organic_phase_composition: EtOH; mixing_time_sec: ; temperature_condition: 2-8¡ÆC; post_processing: Two-stage dialysis with Method C; sterilization: ; storage_buffer: 8% sucrose/20 mM Tris buffer (pH 7.5)","cell_line: Hep3B, Huh7; dose: 100 ng/mL and 500 ng/mL mRNA; gene_expression_result: Large size category for protein expression studies",Understanding the Manufacturing Process of Lipid Nanoparticles for mRNA Delivery Using Machine Learning,"['Shinya Sato', 'Syusuke Sano', 'Hiroki Muto', 'Kenji Kubara', 'Keita Kondo', 'Takayuki Miyazaki', 'Yuta Suzuki', 'Yoshifumi Uemoto', 'Koji Ukai']",https://doi.org/10.1248/cpb.c24-00089,Chemical and Pharmaceutical Bulletin,2024.0,CCCCCCCCCCC(CCCCCCCCC(=O)OCCC(CCCCC)CCCCC)COC(=O)C1CCN(C)CC1,CCCCCCCCCCCCCC(=O)OCC(COP(=O)([O-])OCCOCCOCCOCCOCCOCCOCCOCCOCCOCCOCCOCCOCCOCCOCCOCCOCCOCCOCCOCCOCCOCCOCCOCCOCCOCCOCCOCCOCCOCCOCCOCCOCCOCCOCCOCCOCCOCCOCCOCCOCCOCCOCCOCCOCCOCCOCCOCCOCCOCCOCCOCCOCCOCCOCCOCCOCCOCCOCCOCCOCCOCCOCCOCCOCCOCCOCCOCCOCCOCCOCCOCCOCCOCCOCCOCCOCCOCCOCCOCCOCCOCCOCCOCCOCCOCCOCCOCCOCCOCCO)OC(=O)CCCCCCCCCCCCC,CC(C)CCC[C@@H](C)[C@H]1CC[C@H]2[C@@H]3CC=C4C[C@@H](O)CC[C@]4(C)[C@H]3CC[C@]12C,CCCCCCCCCCCCCCCCCC(=O)OC[C@H](COP(=O)([O-])OCC[N+](C)(C)C)OC(=O)CCCCCCCCCCCCCCCCC,92.0,50.0,10.0,38.5,1.5,0.5,0.1,0.385,0.015,139.0,0.057
940,L202,DMG-PEG2000,cholesterol,DSPC,50:10:38.5:1.5,199,0.062,,97,WR:0.05(wt/wt)[mRNA:lipi],mRNA,firefly_luciferase,mPEG2000-DMG,L202,DSPC,cholesterol,"synthesis_method: Microfluidic; device_used: NanoAssemblr; total_flow_rate_ml_min: ; flow_rate_ratio: ; aqueous_phase_composition: 50 mM sodium citrate buffer, pH 3.5; organic_phase_composition: EtOH; mixing_time_sec: ; temperature_condition: 2-8¡ÆC; post_processing: Two-stage dialysis with Method C; sterilization: ; storage_buffer: 8% sucrose/20 mM Tris buffer (pH 7.5)","cell_line: Hep3B, Huh7; dose: 100 ng/mL and 500 ng/mL mRNA; gene_expression_result: Extra-large size category showed lowest protein expression levels",Understanding the Manufacturing Process of Lipid Nanoparticles for mRNA Delivery Using Machine Learning,"['Shinya Sato', 'Syusuke Sano', 'Hiroki Muto', 'Kenji Kubara', 'Keita Kondo', 'Takayuki Miyazaki', 'Yuta Suzuki', 'Yoshifumi Uemoto', 'Koji Ukai']",https://doi.org/10.1248/cpb.c24-00089,Chemical and Pharmaceutical Bulletin,2024.0,CCCCCCCCCCC(CCCCCCCCC(=O)OCCC(CCCCC)CCCCC)COC(=O)C1CCN(C)CC1,CCCCCCCCCCCCCC(=O)OCC(COP(=O)([O-])OCCOCCOCCOCCOCCOCCOCCOCCOCCOCCOCCOCCOCCOCCOCCOCCOCCOCCOCCOCCOCCOCCOCCOCCOCCOCCOCCOCCOCCOCCOCCOCCOCCOCCOCCOCCOCCOCCOCCOCCOCCOCCOCCOCCOCCOCCOCCOCCOCCOCCOCCOCCOCCOCCOCCOCCOCCOCCOCCOCCOCCOCCOCCOCCOCCOCCOCCOCCOCCOCCOCCOCCOCCOCCOCCOCCOCCOCCOCCOCCOCCOCCOCCOCCOCCOCCOCCOCCOCCOCCO)OC(=O)CCCCCCCCCCCCC,CC(C)CCC[C@@H](C)[C@H]1CC[C@H]2[C@@H]3CC=C4C[C@@H](O)CC[C@]4(C)[C@H]3CC[C@]12C,CCCCCCCCCCCCCCCCCC(=O)OC[C@H](COP(=O)([O-])OCC[N+](C)(C)C)OC(=O)CCCCCCCCCCCCCCCCC,97.0,50.0,10.0,38.5,1.5,0.5,0.1,0.385,0.015,199.0,0.062
942,Custom lipid,C14-PEG2000,cholesterol,DOPE,35:16:46.5:2.5,92,0.147,,74,WR:10(wt/wt)[ionizable_lipid:mRNA],mRNA,epo,C14-PEG2000,OF-00,DOPE,cholesterol,"synthesis_method: Microfluidic; device_used: microfluidic chip device; total_flow_rate_ml_min: ; flow_rate_ratio: 3:1 (ethanol:aqueous); aqueous_phase_composition: 10 mM citrate buffer (pH 3); organic_phase_composition: ethanol with lipids at 10 mg/mL; mixing_time_sec: ; temperature_condition: ; post_processing: dialyzed against 1X PBS in 20,000 MWCO cassette at 4¡ÆC for 2 hours; sterilization: ; storage_buffer: 1X PBS, stored at 4¡ÆC","animal_model: C57BL/6 mice (female, 18-22g); administration_route: IV (tail vein); dose: 0.75 mg/kg EPO mRNA; gene_expression_result: 2100 ¡¾ 500 ng/mL serum EPO at 6h; biodistribution_result: predominantly liver with minimal spleen translation; toxicity_profile: no animal mortality, similar weight loss profiles",Bioinspired Alkenyl Amino Alcohol Ionizable Lipid Materials for Highly Potent In Vivo mRNA Delivery,"['Owen S. Fenton', 'Kevin J. Kauffman', 'Rebecca L. McClellan', 'Eric A. Appel', 'J. Robert Dorkin', 'Mark W. Tibbitt', 'Michael W. Heartlein', 'Frank DeRosa', 'Robert Langer', 'Daniel G. Anderson']",10.1002/adma.201505822,Advanced Materials,2016.0,CCCCCCCCC/C=C\CCCCCCCC(O)CN(CCCCC1NN(CC(O)CCCCCCC/C=C\CCCCCCCCC)C(=O)C(CCCCN(CC(O)CCCCCCC/C=C\CCCCCCCCC)CC(O)CCCCCCC/C=C\CCCCCCCCC)NC1=O)CC(O)CCCCCCC/C=C\CCCCCCCCC,CCCCCCCCCCCCCCOC(=O)CCOCCOCCOCCOCCOCCOCCOCCOCCOCCOCCOCCOCCOCCOCCOCCOCCOCCOCCOCCOCCOCCOCCOCCOCCOCCOCCOCCOCCOCCOCCOCCOCCOCCOCCOCCOCCOCCOCCOCCOCCOCCOCCOCCOCCOCCOCCOCCOCCOCCOCCOCCOCCOCCOCCOCCOCCOCCOCCOCCOCCOCCOCCOCCOCCOCCOCCOCCOCCOCCOCCOCCOCCOCCOCCOCCOCCOCCOCCOCCOCCOCCOCCOCCOCCOCCOCCOCCOCCOCCO,CC(C)CCC[C@@H](C)[C@H]1CC[C@H]2[C@@H]3CC=C4C[C@@H](O)CC[C@]4(C)[C@H]3CC[C@]12C,CCCCCCCC/C=C\CCCCCCCC(=O)OC[C@H](COP(=O)(O)OCCN)OC(=O)CCCCCCC/C=C\CCCCCCCC,74.0,35.0,16.0,46.5,2.5,0.35,0.16,0.465,0.025,92.0,0.147
943,Custom lipid,C14-PEG2000,cholesterol,DOPE,35:16:46.5:2.5,78,0.194,,81,WR:10(wt/wt)[ionizable_lipid:mRNA],mRNA,epo,C14-PEG2000,OF-01,DOPE,cholesterol,"synthesis_method: Microfluidic; device_used: microfluidic chip device; total_flow_rate_ml_min: ; flow_rate_ratio: 3:1 (ethanol:aqueous); aqueous_phase_composition: 10 mM citrate buffer (pH 3); organic_phase_composition: ethanol with lipids at 10 mg/mL; mixing_time_sec: ; temperature_condition: ; post_processing: dialyzed against 1X PBS in 20,000 MWCO cassette at 4¡ÆC for 2 hours; sterilization: ; storage_buffer: 1X PBS, stored at 4¡ÆC","animal_model: C57BL/6 mice (female, 18-22g); administration_route: IV (tail vein); dose: 0.75 mg/kg EPO mRNA; gene_expression_result: 500 ¡¾ 200 ng/mL serum EPO at 6h; biodistribution_result: predominantly liver with minimal spleen translation; toxicity_profile: no animal mortality, similar weight loss profiles",Bioinspired Alkenyl Amino Alcohol Ionizable Lipid Materials for Highly Potent In Vivo mRNA Delivery,"['Owen S. Fenton', 'Kevin J. Kauffman', 'Rebecca L. McClellan', 'Eric A. Appel', 'J. Robert Dorkin', 'Mark W. Tibbitt', 'Michael W. Heartlein', 'Frank DeRosa', 'Robert Langer', 'Daniel G. Anderson']",10.1002/adma.201505822,Advanced Materials,2016.0,CCCCCCCCC/C=C/CCCCCCCC(O)CN(CCCCC1NN(CC(O)CCCCCCC/C=C/CCCCCCCCC)C(=O)C(CCCCN(CC(O)CCCCCCC/C=C/CCCCCCCCC)CC(O)CCCCCCC/C=C/CCCCCCCCC)NC1=O)CC(O)CCCCCCC/C=C/CCCCCCCCC,CCCCCCCCCCCCCCOC(=O)CCOCCOCCOCCOCCOCCOCCOCCOCCOCCOCCOCCOCCOCCOCCOCCOCCOCCOCCOCCOCCOCCOCCOCCOCCOCCOCCOCCOCCOCCOCCOCCOCCOCCOCCOCCOCCOCCOCCOCCOCCOCCOCCOCCOCCOCCOCCOCCOCCOCCOCCOCCOCCOCCOCCOCCOCCOCCOCCOCCOCCOCCOCCOCCOCCOCCOCCOCCOCCOCCOCCOCCOCCOCCOCCOCCOCCOCCOCCOCCOCCOCCOCCOCCOCCOCCOCCOCCOCCOCCO,CC(C)CCC[C@@H](C)[C@H]1CC[C@H]2[C@@H]3CC=C4C[C@@H](O)CC[C@]4(C)[C@H]3CC[C@]12C,CCCCCCCC/C=C\CCCCCCCC(=O)OC[C@H](COP(=O)(O)OCCN)OC(=O)CCCCCCC/C=C\CCCCCCCC,81.0,35.0,16.0,46.5,2.5,0.35,0.16,0.465,0.025,78.0,0.194
944,OF-02,C14-PEG2000,cholesterol,DOPE,35:16:46.5:2.5,122,0.13,,55,WR:10(wt/wt)[ionizable_lipid:mRNA],mRNA,epo,C14-PEG2000,OF-02,DOPE,cholesterol,"synthesis_method: Microfluidic; device_used: microfluidic chip device; total_flow_rate_ml_min: ; flow_rate_ratio: 3:1 (ethanol:aqueous); aqueous_phase_composition: 10 mM citrate buffer (pH 3); organic_phase_composition: ethanol with lipids at 10 mg/mL; mixing_time_sec: ; temperature_condition: ; post_processing: dialyzed against 1X PBS in 20,000 MWCO cassette at 4¡ÆC for 2 hours; sterilization: ; storage_buffer: 1X PBS, stored at 4¡ÆC","animal_model: C57BL/6 mice (female, 18-22g); administration_route: IV (tail vein); dose: 0.75 mg/kg EPO mRNA; gene_expression_result: 14200 ¡¾ 1500 ng/mL serum EPO at 6h; biodistribution_result: predominantly liver with minimal spleen translation; toxicity_profile: no animal mortality, similar weight loss profiles",Bioinspired Alkenyl Amino Alcohol Ionizable Lipid Materials for Highly Potent In Vivo mRNA Delivery,"['Owen S. Fenton', 'Kevin J. Kauffman', 'Rebecca L. McClellan', 'Eric A. Appel', 'J. Robert Dorkin', 'Mark W. Tibbitt', 'Michael W. Heartlein', 'Frank DeRosa', 'Robert Langer', 'Daniel G. Anderson']",10.1002/adma.201505822,Advanced Materials,2016.0,CCCCC/C=C\C/C=C\CCCCCCC(O)CN(CCCCC1NC(=O)C(CCCCN(CC(O)CCCCCC/C=C\C/C=C\CCCCC)CC(O)CCCCCC/C=C\C/C=C\CCCCC)NC1=O)CC(O)CCCCCC/C=C\C/C=C\CCCCC,CCCCCCCCCCCCCCOC(=O)CCOCCOCCOCCOCCOCCOCCOCCOCCOCCOCCOCCOCCOCCOCCOCCOCCOCCOCCOCCOCCOCCOCCOCCOCCOCCOCCOCCOCCOCCOCCOCCOCCOCCOCCOCCOCCOCCOCCOCCOCCOCCOCCOCCOCCOCCOCCOCCOCCOCCOCCOCCOCCOCCOCCOCCOCCOCCOCCOCCOCCOCCOCCOCCOCCOCCOCCOCCOCCOCCOCCOCCOCCOCCOCCOCCOCCOCCOCCOCCOCCOCCOCCOCCOCCOCCOCCOCCOCCOCCO,CC(C)CCC[C@@H](C)[C@H]1CC[C@H]2[C@@H]3CC=C4C[C@@H](O)CC[C@]4(C)[C@H]3CC[C@]12C,CCCCCCCC/C=C\CCCCCCCC(=O)OC[C@H](COP(=O)(O)OCCN)OC(=O)CCCCCCC/C=C\CCCCCCCC,55.0,35.0,16.0,46.5,2.5,0.35,0.16,0.465,0.025,122.0,0.13
945,Custom lipid,C14-PEG2000,cholesterol,DOPE,35:16:46.5:2.5,75,0.239,,76,WR:10(wt/wt)[ionizable_lipid:mRNA],mRNA,epo,C14-PEG2000,OF-03,DOPE,cholesterol,"synthesis_method: Microfluidic; device_used: microfluidic chip device; total_flow_rate_ml_min: ; flow_rate_ratio: 3:1 (ethanol:aqueous); aqueous_phase_composition: 10 mM citrate buffer (pH 3); organic_phase_composition: ethanol with lipids at 10 mg/mL; mixing_time_sec: ; temperature_condition: ; post_processing: dialyzed against 1X PBS in 20,000 MWCO cassette at 4¡ÆC for 2 hours; sterilization: ; storage_buffer: 1X PBS, stored at 4¡ÆC","animal_model: C57BL/6 mice (female, 18-22g); administration_route: IV (tail vein); dose: 0.75 mg/kg EPO mRNA; gene_expression_result: 140 ¡¾ 3 ng/mL serum EPO at 6h; biodistribution_result: predominantly liver with minimal spleen translation; toxicity_profile: no animal mortality, similar weight loss profiles",Bioinspired Alkenyl Amino Alcohol Ionizable Lipid Materials for Highly Potent In Vivo mRNA Delivery,"['Owen S. Fenton', 'Kevin J. Kauffman', 'Rebecca L. McClellan', 'Eric A. Appel', 'J. Robert Dorkin', 'Mark W. Tibbitt', 'Michael W. Heartlein', 'Frank DeRosa', 'Robert Langer', 'Daniel G. Anderson']",10.1002/adma.201505822,Advanced Materials,2016.0,CCC/C=C\C/C=C\C/C=C\CCCCCCCC(O)CN(CCCCC1NN(CC(O)CCCCCCC/C=C\C/C=C\C/C=C\CCC)C(=O)C(CCCCN(CC(O)CCCCCCC/C=C\C/C=C\C/C=C\CCC)CC(O)CCCCCCC/C=C\C/C=C\C/C=C\CCC)NC1=O)CC(O)CCCCCCC/C=C\C/C=C\C/C=C\CCC,CCCCCCCCCCCCCCOC(=O)CCOCCOCCOCCOCCOCCOCCOCCOCCOCCOCCOCCOCCOCCOCCOCCOCCOCCOCCOCCOCCOCCOCCOCCOCCOCCOCCOCCOCCOCCOCCOCCOCCOCCOCCOCCOCCOCCOCCOCCOCCOCCOCCOCCOCCOCCOCCOCCOCCOCCOCCOCCOCCOCCOCCOCCOCCOCCOCCOCCOCCOCCOCCOCCOCCOCCOCCOCCOCCOCCOCCOCCOCCOCCOCCOCCOCCOCCOCCOCCOCCOCCOCCOCCOCCOCCOCCOCCOCCOCCO,CC(C)CCC[C@@H](C)[C@H]1CC[C@H]2[C@@H]3CC=C4C[C@@H](O)CC[C@]4(C)[C@H]3CC[C@]12C,CCCCCCCC/C=C\CCCCCCCC(=O)OC[C@H](COP(=O)(O)OCCN)OC(=O)CCCCCCC/C=C\CCCCCCCC,76.0,35.0,16.0,46.5,2.5,0.35,0.16,0.465,0.025,75.0,0.239
958,DLin-MC3-DMA,C14-PEG2000,cholesterol,DOPE,35:2.5:37.5:16,80-150,<0.3,,50-70,WR:10(wt/wt)[lipid:mRNA],mRNA,"firefly_luciferase, ova, e7, trp2",C14-PEG2000,MC3,DOPE,cholesterol,"synthesis_method: Microfluidic; device_used: microfluidic chip device; total_flow_rate_ml_min: ; flow_rate_ratio: 3:1 (ethanol:aqueous); aqueous_phase_composition: 10mM citrate buffer (pH 3.0); organic_phase_composition: ethanol; mixing_time_sec: ; temperature_condition: room temperature; post_processing: dialysis against 1X PBS in 20,000 MWCO cassette at 4¡ÆC for 1h; sterilization: ; storage_buffer: 1X PBS, stored at 4¡ÆC","cell_line: HeLa, BMDCs, BMDMs, B16F10, TC-1, B16-OVA; animal_model: C57BL/6 mice; administration_route: subcutaneous; dose: 15 ¥ìg mRNA per mouse; gene_expression_result: control lipid for comparison; biodistribution_result: local injection site and draining lymph nodes; toxicity_profile: no observable toxicity; cytokine_response: minimal immune activation compared to cyclic lipids",Delivery of mRNA vaccines with heterocyclic lipids increases anti-tumor efficacy by STING-mediated immune cell activation,"['Lei Miao', 'Linxian Li', 'Yuxuan Huang', 'Derfogail Delcassian', 'Jasdave Chahal', 'Jinsong Han', 'Yunhua Shi', 'Kaitlyn Sadtler', 'Wenting Gao', 'Jiaqi Lin', 'Joshua C. Doloff', 'Robert Langer', 'Daniel G. Anderson']",https://doi.org/10.1038/s41587-019-0247-3,Nature Biotechnology,2019.0,CCCCC/C=C\C/C=C\CCCCCCCCC(CCCCCCCC/C=C\C/C=C\CCCCC)OC(=O)CCCN(C)C,CCCCCCCCCCCCCCOC(=O)CCOCCOCCOCCOCCOCCOCCOCCOCCOCCOCCOCCOCCOCCOCCOCCOCCOCCOCCOCCOCCOCCOCCOCCOCCOCCOCCOCCOCCOCCOCCOCCOCCOCCOCCOCCOCCOCCOCCOCCOCCOCCOCCOCCOCCOCCOCCOCCOCCOCCOCCOCCOCCOCCOCCOCCOCCOCCOCCOCCOCCOCCOCCOCCOCCOCCOCCOCCOCCOCCOCCOCCOCCOCCOCCOCCOCCOCCOCCOCCOCCOCCOCCOCCOCCOCCOCCOCCOCCOCCO,CC(C)CCC[C@@H](C)[C@H]1CC[C@H]2[C@@H]3CC=C4C[C@@H](O)CC[C@]4(C)[C@H]3CC[C@]12C,CCCCCCCC/C=C\CCCCCCCC(=O)OC[C@H](COP(=O)(O)OCCN)OC(=O)CCCCCCC/C=C\CCCCCCCC,50.0,35.0,2.5,37.5,16.0,0.38461538461538464,0.027472527472527472,0.41208791208791207,0.17582417582417584,80.0,0.3
959,A2-Iso5-2DC18,C14-PEG2000,cholesterol,DOPE,45:2.5:42.5:10,87.6,0.2,,45.5,WR:10(wt/wt)[lipid:mRNA],mRNA,firefly_luciferase,C14-PEG2000,A2-Iso5-2DC18,DOPE,cholesterol,"synthesis_method: Microfluidic; device_used: microfluidic chip device; total_flow_rate_ml_min: ; flow_rate_ratio: 3:1 (ethanol:aqueous); aqueous_phase_composition: 10mM citrate buffer (pH 3.0); organic_phase_composition: ethanol; mixing_time_sec: ; temperature_condition: room temperature; post_processing: dialysis against 1X PBS in 20,000 MWCO cassette at 4¡ÆC for 1h; sterilization: ; storage_buffer: 1X PBS, stored at 4¡ÆC",animal_model: C57BL/6 mice; administration_route: subcutaneous; gene_expression_result: 6.0E+07 (optimized formulation),Delivery of mRNA vaccines with heterocyclic lipids increases anti-tumor efficacy by STING-mediated immune cell activation,"['Lei Miao', 'Linxian Li', 'Yuxuan Huang', 'Derfogail Delcassian', 'Jasdave Chahal', 'Jinsong Han', 'Yunhua Shi', 'Kaitlyn Sadtler', 'Wenting Gao', 'Jiaqi Lin', 'Joshua C. Doloff', 'Robert Langer', 'Daniel G. Anderson']",https://doi.org/10.1038/s41587-019-0247-3,Nature Biotechnology,2019.0,CCCCCCCC/C=C\CCCCCCCC1(CCCCCCC/C=C\CCCCCCCC)C=NC(C(=O)OCC)N1CCCN1CCCC1,CCCCCCCCCCCCCCOC(=O)CCOCCOCCOCCOCCOCCOCCOCCOCCOCCOCCOCCOCCOCCOCCOCCOCCOCCOCCOCCOCCOCCOCCOCCOCCOCCOCCOCCOCCOCCOCCOCCOCCOCCOCCOCCOCCOCCOCCOCCOCCOCCOCCOCCOCCOCCOCCOCCOCCOCCOCCOCCOCCOCCOCCOCCOCCOCCOCCOCCOCCOCCOCCOCCOCCOCCOCCOCCOCCOCCOCCOCCOCCOCCOCCOCCOCCOCCOCCOCCOCCOCCOCCOCCOCCOCCOCCOCCOCCOCCO,CC(C)CCC[C@@H](C)[C@H]1CC[C@H]2[C@@H]3CC=C4C[C@@H](O)CC[C@]4(C)[C@H]3CC[C@]12C,CCCCCCCC/C=C\CCCCCCCC(=O)OC[C@H](COP(=O)(O)OCCN)OC(=O)CCCCCCC/C=C\CCCCCCCC,45.5,45.0,2.5,42.5,10.0,0.45,0.025,0.425,0.1,87.6,0.2
960,A2-Iso5-2DC18,C14-PEG2000,cholesterol,DOPE,35:2.5:37.5:25,99.9,0.1,,61.3,WR:15(wt/wt)[lipid:mRNA],mRNA,firefly_luciferase,C14-PEG2000,A2-Iso5-2DC18,DOPE,cholesterol,"synthesis_method: Microfluidic; device_used: microfluidic chip device; total_flow_rate_ml_min: ; flow_rate_ratio: 3:1 (ethanol:aqueous); aqueous_phase_composition: 10mM citrate buffer (pH 3.0); organic_phase_composition: ethanol; mixing_time_sec: ; temperature_condition: room temperature; post_processing: dialysis against 1X PBS; sterilization: ; storage_buffer: 1X PBS, stored at 4¡ÆC","cell_line: HeLa, B16F10; animal_model: C57BL/6 mice; administration_route: intramuscular; gene_expression_result: 3.9E+07 RLU (in vivo i.m.), 2.2E+07 RLU (HeLa), 2.0E+06 RLU (B16F10)",Delivery of mRNA vaccines with heterocyclic lipids increases anti-tumor efficacy by STING-mediated immune cell activation,"['Lei Miao', 'Linxian Li', 'Yuxuan Huang', 'Derfogail Delcassian', 'Jasdave Chahal', 'Jinsong Han', 'Yunhua Shi', 'Kaitlyn Sadtler', 'Wenting Gao', 'Jiaqi Lin', 'Joshua C. Doloff', 'Robert Langer', 'Daniel G. Anderson']",https://doi.org/10.1038/s41587-019-0247-3,Nature Biotechnology,2019.0,CCCCCCCC/C=C\CCCCCCCC1(CCCCCCC/C=C\CCCCCCCC)C=NC(C(=O)OCC)N1CCCN1CCCC1,CCCCCCCCCCCCCCOC(=O)CCOCCOCCOCCOCCOCCOCCOCCOCCOCCOCCOCCOCCOCCOCCOCCOCCOCCOCCOCCOCCOCCOCCOCCOCCOCCOCCOCCOCCOCCOCCOCCOCCOCCOCCOCCOCCOCCOCCOCCOCCOCCOCCOCCOCCOCCOCCOCCOCCOCCOCCOCCOCCOCCOCCOCCOCCOCCOCCOCCOCCOCCOCCOCCOCCOCCOCCOCCOCCOCCOCCOCCOCCOCCOCCOCCOCCOCCOCCOCCOCCOCCOCCOCCOCCOCCOCCOCCOCCOCCO,CC(C)CCC[C@@H](C)[C@H]1CC[C@H]2[C@@H]3CC=C4C[C@@H](O)CC[C@]4(C)[C@H]3CC[C@]12C,CCCCCCCC/C=C\CCCCCCCC(=O)OC[C@H](COP(=O)(O)OCCN)OC(=O)CCCCCCC/C=C\CCCCCCCC,61.3,35.0,2.5,37.5,25.0,0.35,0.025,0.375,0.25,99.9,0.1
961,A2-Iso5-2DC18,C14-PEG2000,cholesterol,DOPE,50:1.5:32.5:16,76.9,0.2,,55.3,WR:10(wt/wt)[lipid:mRNA],mRNA,firefly_luciferase,C14-PEG2000,A2-Iso5-2DC18,DOPE,cholesterol,"synthesis_method: Microfluidic; device_used: microfluidic chip device; total_flow_rate_ml_min: ; flow_rate_ratio: 3:1 (ethanol:aqueous); aqueous_phase_composition: 10mM citrate buffer (pH 3.0); organic_phase_composition: ethanol; mixing_time_sec: ; temperature_condition: room temperature; post_processing: dialysis against 1X PBS; sterilization: ; storage_buffer: 1X PBS, stored at 4¡ÆC","cell_line: HeLa, B16F10; animal_model: C57BL/6 mice; administration_route: intramuscular; gene_expression_result: 3.5E+07 RLU (in vivo i.m.), 1.7E+07 RLU (HeLa), 2.0E+06 RLU (B16F10)",Delivery of mRNA vaccines with heterocyclic lipids increases anti-tumor efficacy by STING-mediated immune cell activation,"['Lei Miao', 'Linxian Li', 'Yuxuan Huang', 'Derfogail Delcassian', 'Jasdave Chahal', 'Jinsong Han', 'Yunhua Shi', 'Kaitlyn Sadtler', 'Wenting Gao', 'Jiaqi Lin', 'Joshua C. Doloff', 'Robert Langer', 'Daniel G. Anderson']",https://doi.org/10.1038/s41587-019-0247-3,Nature Biotechnology,2019.0,CCCCCCCC/C=C\CCCCCCCC1(CCCCCCC/C=C\CCCCCCCC)C=NC(C(=O)OCC)N1CCCN1CCCC1,CCCCCCCCCCCCCCOC(=O)CCOCCOCCOCCOCCOCCOCCOCCOCCOCCOCCOCCOCCOCCOCCOCCOCCOCCOCCOCCOCCOCCOCCOCCOCCOCCOCCOCCOCCOCCOCCOCCOCCOCCOCCOCCOCCOCCOCCOCCOCCOCCOCCOCCOCCOCCOCCOCCOCCOCCOCCOCCOCCOCCOCCOCCOCCOCCOCCOCCOCCOCCOCCOCCOCCOCCOCCOCCOCCOCCOCCOCCOCCOCCOCCOCCOCCOCCOCCOCCOCCOCCOCCOCCOCCOCCOCCOCCOCCOCCO,CC(C)CCC[C@@H](C)[C@H]1CC[C@H]2[C@@H]3CC=C4C[C@@H](O)CC[C@]4(C)[C@H]3CC[C@]12C,CCCCCCCC/C=C\CCCCCCCC(=O)OC[C@H](COP(=O)(O)OCCN)OC(=O)CCCCCCC/C=C\CCCCCCCC,55.3,50.0,1.5,32.5,16.0,0.5,0.015,0.325,0.16,76.9,0.2
962,A2-Iso5-2DC18,C14-PEG2000,cholesterol,DOPE,50:2.9:31.1:16,101,0.2,,60.6,WR:10(wt/wt)[lipid:mRNA],mRNA,firefly_luciferase,C14-PEG2000,A2-Iso5-2DC18,DOPE,cholesterol,"synthesis_method: Microfluidic; device_used: microfluidic chip device; total_flow_rate_ml_min: ; flow_rate_ratio: 3:1 (ethanol:aqueous); aqueous_phase_composition: 10mM citrate buffer (pH 3.0); organic_phase_composition: ethanol; mixing_time_sec: ; temperature_condition: room temperature; post_processing: dialysis against 1X PBS; sterilization: ; storage_buffer: 1X PBS, stored at 4¡ÆC","cell_line: HeLa, B16F10; animal_model: C57BL/6 mice; administration_route: intramuscular; gene_expression_result: 5.9E+07 RLU (in vivo i.m.), 6.9E+06 RLU (HeLa), 1.3E+06 RLU (B16F10)",Delivery of mRNA vaccines with heterocyclic lipids increases anti-tumor efficacy by STING-mediated immune cell activation,"['Lei Miao', 'Linxian Li', 'Yuxuan Huang', 'Derfogail Delcassian', 'Jasdave Chahal', 'Jinsong Han', 'Yunhua Shi', 'Kaitlyn Sadtler', 'Wenting Gao', 'Jiaqi Lin', 'Joshua C. Doloff', 'Robert Langer', 'Daniel G. Anderson']",https://doi.org/10.1038/s41587-019-0247-3,Nature Biotechnology,2019.0,CCCCCCCC/C=C\CCCCCCCC1(CCCCCCC/C=C\CCCCCCCC)C=NC(C(=O)OCC)N1CCCN1CCCC1,CCCCCCCCCCCCCCOC(=O)CCOCCOCCOCCOCCOCCOCCOCCOCCOCCOCCOCCOCCOCCOCCOCCOCCOCCOCCOCCOCCOCCOCCOCCOCCOCCOCCOCCOCCOCCOCCOCCOCCOCCOCCOCCOCCOCCOCCOCCOCCOCCOCCOCCOCCOCCOCCOCCOCCOCCOCCOCCOCCOCCOCCOCCOCCOCCOCCOCCOCCOCCOCCOCCOCCOCCOCCOCCOCCOCCOCCOCCOCCOCCOCCOCCOCCOCCOCCOCCOCCOCCOCCOCCOCCOCCOCCOCCOCCOCCO,CC(C)CCC[C@@H](C)[C@H]1CC[C@H]2[C@@H]3CC=C4C[C@@H](O)CC[C@]4(C)[C@H]3CC[C@]12C,CCCCCCCC/C=C\CCCCCCCC(=O)OC[C@H](COP(=O)(O)OCCN)OC(=O)CCCCCCC/C=C\CCCCCCCC,60.6,50.0,2.9,31.1,16.0,0.5,0.028999999999999998,0.311,0.16,101.0,0.2
963,A2-Iso5-2DC18,C14-PEG2000,cholesterol,DOPE,50:1.5:32.5:16,259.6,0.3,,25.5,WR:2.9(wt/wt)[lipid:mRNA],mRNA,firefly_luciferase,C14-PEG2000,A2-Iso5-2DC18,DOPE,cholesterol,"synthesis_method: Microfluidic; device_used: microfluidic chip device; total_flow_rate_ml_min: ; flow_rate_ratio: 3:1 (ethanol:aqueous); aqueous_phase_composition: 10mM citrate buffer (pH 3.0); organic_phase_composition: ethanol; mixing_time_sec: ; temperature_condition: room temperature; post_processing: dialysis against 1X PBS; sterilization: ; storage_buffer: 1X PBS, stored at 4¡ÆC","cell_line: HeLa, B16F10; animal_model: C57BL/6 mice; administration_route: intramuscular; gene_expression_result: 2.1E+07 RLU (in vivo i.m.), 1.2E+07 RLU (HeLa), 2.2E+06 RLU (B16F10)",Delivery of mRNA vaccines with heterocyclic lipids increases anti-tumor efficacy by STING-mediated immune cell activation,"['Lei Miao', 'Linxian Li', 'Yuxuan Huang', 'Derfogail Delcassian', 'Jasdave Chahal', 'Jinsong Han', 'Yunhua Shi', 'Kaitlyn Sadtler', 'Wenting Gao', 'Jiaqi Lin', 'Joshua C. Doloff', 'Robert Langer', 'Daniel G. Anderson']",https://doi.org/10.1038/s41587-019-0247-3,Nature Biotechnology,2019.0,CCCCCCCC/C=C\CCCCCCCC1(CCCCCCC/C=C\CCCCCCCC)C=NC(C(=O)OCC)N1CCCN1CCCC1,CCCCCCCCCCCCCCOC(=O)CCOCCOCCOCCOCCOCCOCCOCCOCCOCCOCCOCCOCCOCCOCCOCCOCCOCCOCCOCCOCCOCCOCCOCCOCCOCCOCCOCCOCCOCCOCCOCCOCCOCCOCCOCCOCCOCCOCCOCCOCCOCCOCCOCCOCCOCCOCCOCCOCCOCCOCCOCCOCCOCCOCCOCCOCCOCCOCCOCCOCCOCCOCCOCCOCCOCCOCCOCCOCCOCCOCCOCCOCCOCCOCCOCCOCCOCCOCCOCCOCCOCCOCCOCCOCCOCCOCCOCCOCCOCCO,CC(C)CCC[C@@H](C)[C@H]1CC[C@H]2[C@@H]3CC=C4C[C@@H](O)CC[C@]4(C)[C@H]3CC[C@]12C,CCCCCCCC/C=C\CCCCCCCC(=O)OC[C@H](COP(=O)(O)OCCN)OC(=O)CCCCCCC/C=C\CCCCCCCC,25.5,50.0,1.5,32.5,16.0,0.5,0.015,0.325,0.16,259.6,0.3
964,A2-Iso5-2DC18,C14-PEG2000,cholesterol,DOPE,35:0.5:57.5:7,115.9,0.3,,64.7,WR:5(wt/wt)[lipid:mRNA],mRNA,firefly_luciferase,C14-PEG2000,A2-Iso5-2DC18,DOPE,cholesterol,"synthesis_method: Microfluidic; device_used: microfluidic chip device; total_flow_rate_ml_min: ; flow_rate_ratio: 3:1 (ethanol:aqueous); aqueous_phase_composition: 10mM citrate buffer (pH 3.0); organic_phase_composition: ethanol; mixing_time_sec: ; temperature_condition: room temperature; post_processing: dialysis against 1X PBS; sterilization: ; storage_buffer: 1X PBS, stored at 4¡ÆC","cell_line: HeLa, B16F10; animal_model: C57BL/6 mice; administration_route: intramuscular; gene_expression_result: 7.5E+06 RLU (in vivo i.m.), 1.2E+07 RLU (HeLa), 6.1E+06 RLU (B16F10)",Delivery of mRNA vaccines with heterocyclic lipids increases anti-tumor efficacy by STING-mediated immune cell activation,"['Lei Miao', 'Linxian Li', 'Yuxuan Huang', 'Derfogail Delcassian', 'Jasdave Chahal', 'Jinsong Han', 'Yunhua Shi', 'Kaitlyn Sadtler', 'Wenting Gao', 'Jiaqi Lin', 'Joshua C. Doloff', 'Robert Langer', 'Daniel G. Anderson']",https://doi.org/10.1038/s41587-019-0247-3,Nature Biotechnology,2019.0,CCCCCCCC/C=C\CCCCCCCC1(CCCCCCC/C=C\CCCCCCCC)C=NC(C(=O)OCC)N1CCCN1CCCC1,CCCCCCCCCCCCCCOC(=O)CCOCCOCCOCCOCCOCCOCCOCCOCCOCCOCCOCCOCCOCCOCCOCCOCCOCCOCCOCCOCCOCCOCCOCCOCCOCCOCCOCCOCCOCCOCCOCCOCCOCCOCCOCCOCCOCCOCCOCCOCCOCCOCCOCCOCCOCCOCCOCCOCCOCCOCCOCCOCCOCCOCCOCCOCCOCCOCCOCCOCCOCCOCCOCCOCCOCCOCCOCCOCCOCCOCCOCCOCCOCCOCCOCCOCCOCCOCCOCCOCCOCCOCCOCCOCCOCCOCCOCCOCCOCCO,CC(C)CCC[C@@H](C)[C@H]1CC[C@H]2[C@@H]3CC=C4C[C@@H](O)CC[C@]4(C)[C@H]3CC[C@]12C,CCCCCCCC/C=C\CCCCCCCC(=O)OC[C@H](COP(=O)(O)OCCN)OC(=O)CCCCCCC/C=C\CCCCCCCC,64.7,35.0,0.5,57.5,7.0,0.35,0.005,0.575,0.07,115.9,0.3
965,A2-Iso5-2DC18,C14-PEG2000,cholesterol,DOPE,65:0.5:27.5:7,137.9,0.2,,57.9,WR:15(wt/wt)[lipid:mRNA],mRNA,firefly_luciferase,C14-PEG2000,A2-Iso5-2DC18,DOPE,cholesterol,"synthesis_method: Microfluidic; device_used: microfluidic chip device; total_flow_rate_ml_min: ; flow_rate_ratio: 3:1 (ethanol:aqueous); aqueous_phase_composition: 10mM citrate buffer (pH 3.0); organic_phase_composition: ethanol; mixing_time_sec: ; temperature_condition: room temperature; post_processing: dialysis against 1X PBS; sterilization: ; storage_buffer: 1X PBS, stored at 4¡ÆC","cell_line: HeLa, B16F10; animal_model: C57BL/6 mice; administration_route: intramuscular; gene_expression_result: 7.9E+06 RLU (in vivo i.m.), 1.4E+04 RLU (HeLa), 4.8E+03 RLU (B16F10)",Delivery of mRNA vaccines with heterocyclic lipids increases anti-tumor efficacy by STING-mediated immune cell activation,"['Lei Miao', 'Linxian Li', 'Yuxuan Huang', 'Derfogail Delcassian', 'Jasdave Chahal', 'Jinsong Han', 'Yunhua Shi', 'Kaitlyn Sadtler', 'Wenting Gao', 'Jiaqi Lin', 'Joshua C. Doloff', 'Robert Langer', 'Daniel G. Anderson']",https://doi.org/10.1038/s41587-019-0247-3,Nature Biotechnology,2019.0,CCCCCCCC/C=C\CCCCCCCC1(CCCCCCC/C=C\CCCCCCCC)C=NC(C(=O)OCC)N1CCCN1CCCC1,CCCCCCCCCCCCCCOC(=O)CCOCCOCCOCCOCCOCCOCCOCCOCCOCCOCCOCCOCCOCCOCCOCCOCCOCCOCCOCCOCCOCCOCCOCCOCCOCCOCCOCCOCCOCCOCCOCCOCCOCCOCCOCCOCCOCCOCCOCCOCCOCCOCCOCCOCCOCCOCCOCCOCCOCCOCCOCCOCCOCCOCCOCCOCCOCCOCCOCCOCCOCCOCCOCCOCCOCCOCCOCCOCCOCCOCCOCCOCCOCCOCCOCCOCCOCCOCCOCCOCCOCCOCCOCCOCCOCCOCCOCCOCCOCCO,CC(C)CCC[C@@H](C)[C@H]1CC[C@H]2[C@@H]3CC=C4C[C@@H](O)CC[C@]4(C)[C@H]3CC[C@]12C,CCCCCCCC/C=C\CCCCCCCC(=O)OC[C@H](COP(=O)(O)OCCN)OC(=O)CCCCCCC/C=C\CCCCCCCC,57.9,65.0,0.5,27.5,7.0,0.65,0.005,0.275,0.07,137.9,0.2
966,A2-Iso5-2DC18,C14-PEG2000,cholesterol,DOPE,65:2.5:7.5:25,167.9,0.2,,22.5,WR:5(wt/wt)[lipid:mRNA],mRNA,firefly_luciferase,C14-PEG2000,A2-Iso5-2DC18,DOPE,cholesterol,"synthesis_method: Microfluidic; device_used: microfluidic chip device; total_flow_rate_ml_min: ; flow_rate_ratio: 3:1 (ethanol:aqueous); aqueous_phase_composition: 10mM citrate buffer (pH 3.0); organic_phase_composition: ethanol; mixing_time_sec: ; temperature_condition: room temperature; post_processing: dialysis against 1X PBS; sterilization: ; storage_buffer: 1X PBS, stored at 4¡ÆC","cell_line: HeLa, B16F10; animal_model: C57BL/6 mice; administration_route: intramuscular; gene_expression_result: 1.1E+07 RLU (in vivo i.m.), 4.9E+06 RLU (HeLa), 2.7E+06 RLU (B16F10)",Delivery of mRNA vaccines with heterocyclic lipids increases anti-tumor efficacy by STING-mediated immune cell activation,"['Lei Miao', 'Linxian Li', 'Yuxuan Huang', 'Derfogail Delcassian', 'Jasdave Chahal', 'Jinsong Han', 'Yunhua Shi', 'Kaitlyn Sadtler', 'Wenting Gao', 'Jiaqi Lin', 'Joshua C. Doloff', 'Robert Langer', 'Daniel G. Anderson']",https://doi.org/10.1038/s41587-019-0247-3,Nature Biotechnology,2019.0,CCCCCCCC/C=C\CCCCCCCC1(CCCCCCC/C=C\CCCCCCCC)C=NC(C(=O)OCC)N1CCCN1CCCC1,CCCCCCCCCCCCCCOC(=O)CCOCCOCCOCCOCCOCCOCCOCCOCCOCCOCCOCCOCCOCCOCCOCCOCCOCCOCCOCCOCCOCCOCCOCCOCCOCCOCCOCCOCCOCCOCCOCCOCCOCCOCCOCCOCCOCCOCCOCCOCCOCCOCCOCCOCCOCCOCCOCCOCCOCCOCCOCCOCCOCCOCCOCCOCCOCCOCCOCCOCCOCCOCCOCCOCCOCCOCCOCCOCCOCCOCCOCCOCCOCCOCCOCCOCCOCCOCCOCCOCCOCCOCCOCCOCCOCCOCCOCCOCCOCCO,CC(C)CCC[C@@H](C)[C@H]1CC[C@H]2[C@@H]3CC=C4C[C@@H](O)CC[C@]4(C)[C@H]3CC[C@]12C,CCCCCCCC/C=C\CCCCCCCC(=O)OC[C@H](COP(=O)(O)OCCN)OC(=O)CCCCCCC/C=C\CCCCCCCC,22.5,65.0,2.5,7.5,25.0,0.65,0.025,0.075,0.25,167.9,0.2
967,A2-Iso5-2DC18,C14-PEG2000,cholesterol,DOPE,50:1.5:32.5:16,122.4,0.3,,96.4,WR:17.1(wt/wt)[lipid:mRNA],mRNA,firefly_luciferase,C14-PEG2000,A2-Iso5-2DC18,DOPE,cholesterol,"synthesis_method: Microfluidic; device_used: microfluidic chip device; total_flow_rate_ml_min: ; flow_rate_ratio: 3:1 (ethanol:aqueous); aqueous_phase_composition: 10mM citrate buffer (pH 3.0); organic_phase_composition: ethanol; mixing_time_sec: ; temperature_condition: room temperature; post_processing: dialysis against 1X PBS; sterilization: ; storage_buffer: 1X PBS, stored at 4¡ÆC","cell_line: HeLa, B16F10; animal_model: C57BL/6 mice; administration_route: intramuscular; gene_expression_result: 9.6E+06 RLU (in vivo i.m.), 3.5E+06 RLU (HeLa), 9.7E+05 RLU (B16F10)",Delivery of mRNA vaccines with heterocyclic lipids increases anti-tumor efficacy by STING-mediated immune cell activation,"['Lei Miao', 'Linxian Li', 'Yuxuan Huang', 'Derfogail Delcassian', 'Jasdave Chahal', 'Jinsong Han', 'Yunhua Shi', 'Kaitlyn Sadtler', 'Wenting Gao', 'Jiaqi Lin', 'Joshua C. Doloff', 'Robert Langer', 'Daniel G. Anderson']",https://doi.org/10.1038/s41587-019-0247-3,Nature Biotechnology,2019.0,CCCCCCCC/C=C\CCCCCCCC1(CCCCCCC/C=C\CCCCCCCC)C=NC(C(=O)OCC)N1CCCN1CCCC1,CCCCCCCCCCCCCCOC(=O)CCOCCOCCOCCOCCOCCOCCOCCOCCOCCOCCOCCOCCOCCOCCOCCOCCOCCOCCOCCOCCOCCOCCOCCOCCOCCOCCOCCOCCOCCOCCOCCOCCOCCOCCOCCOCCOCCOCCOCCOCCOCCOCCOCCOCCOCCOCCOCCOCCOCCOCCOCCOCCOCCOCCOCCOCCOCCOCCOCCOCCOCCOCCOCCOCCOCCOCCOCCOCCOCCOCCOCCOCCOCCOCCOCCOCCOCCOCCOCCOCCOCCOCCOCCOCCOCCOCCOCCOCCOCCO,CC(C)CCC[C@@H](C)[C@H]1CC[C@H]2[C@@H]3CC=C4C[C@@H](O)CC[C@]4(C)[C@H]3CC[C@]12C,CCCCCCCC/C=C\CCCCCCCC(=O)OC[C@H](COP(=O)(O)OCCN)OC(=O)CCCCCCC/C=C\CCCCCCCC,96.4,50.0,1.5,32.5,16.0,0.5,0.015,0.325,0.16,122.4,0.3
968,A2-Iso5-2DC18,C14-PEG2000,cholesterol,DOPE,50:1.5:32.5:16,95.9,0.2,,59.5,WR:10(wt/wt)[lipid:mRNA],mRNA,firefly_luciferase,C14-PEG2000,A2-Iso5-2DC18,DOPE,cholesterol,"synthesis_method: Microfluidic; device_used: microfluidic chip device; total_flow_rate_ml_min: ; flow_rate_ratio: 3:1 (ethanol:aqueous); aqueous_phase_composition: 10mM citrate buffer (pH 3.0); organic_phase_composition: ethanol; mixing_time_sec: ; temperature_condition: room temperature; post_processing: dialysis against 1X PBS; sterilization: ; storage_buffer: 1X PBS, stored at 4¡ÆC","cell_line: HeLa, B16F10; animal_model: C57BL/6 mice; administration_route: intramuscular; gene_expression_result: 3.2E+07 RLU (in vivo i.m.), 1.7E+07 RLU (HeLa), 1.6E+06 RLU (B16F10)",Delivery of mRNA vaccines with heterocyclic lipids increases anti-tumor efficacy by STING-mediated immune cell activation,"['Lei Miao', 'Linxian Li', 'Yuxuan Huang', 'Derfogail Delcassian', 'Jasdave Chahal', 'Jinsong Han', 'Yunhua Shi', 'Kaitlyn Sadtler', 'Wenting Gao', 'Jiaqi Lin', 'Joshua C. Doloff', 'Robert Langer', 'Daniel G. Anderson']",https://doi.org/10.1038/s41587-019-0247-3,Nature Biotechnology,2019.0,CCCCCCCC/C=C\CCCCCCCC1(CCCCCCC/C=C\CCCCCCCC)C=NC(C(=O)OCC)N1CCCN1CCCC1,CCCCCCCCCCCCCCOC(=O)CCOCCOCCOCCOCCOCCOCCOCCOCCOCCOCCOCCOCCOCCOCCOCCOCCOCCOCCOCCOCCOCCOCCOCCOCCOCCOCCOCCOCCOCCOCCOCCOCCOCCOCCOCCOCCOCCOCCOCCOCCOCCOCCOCCOCCOCCOCCOCCOCCOCCOCCOCCOCCOCCOCCOCCOCCOCCOCCOCCOCCOCCOCCOCCOCCOCCOCCOCCOCCOCCOCCOCCOCCOCCOCCOCCOCCOCCOCCOCCOCCOCCOCCOCCOCCOCCOCCOCCOCCOCCO,CC(C)CCC[C@@H](C)[C@H]1CC[C@H]2[C@@H]3CC=C4C[C@@H](O)CC[C@]4(C)[C@H]3CC[C@]12C,CCCCCCCC/C=C\CCCCCCCC(=O)OC[C@H](COP(=O)(O)OCCN)OC(=O)CCCCCCC/C=C\CCCCCCCC,59.5,50.0,1.5,32.5,16.0,0.5,0.015,0.325,0.16,95.9,0.2
969,A2-Iso5-2DC18,C14-PEG2000,cholesterol,DOPE,71.2:1.5:11.3:16,72.3,0.2,,56.4,WR:10(wt/wt)[lipid:mRNA],mRNA,firefly_luciferase,C14-PEG2000,A2-Iso5-2DC18,DOPE,cholesterol,"synthesis_method: Microfluidic; device_used: microfluidic chip device; total_flow_rate_ml_min: ; flow_rate_ratio: 3:1 (ethanol:aqueous); aqueous_phase_composition: 10mM citrate buffer (pH 3.0); organic_phase_composition: ethanol; mixing_time_sec: ; temperature_condition: room temperature; post_processing: dialysis against 1X PBS; sterilization: ; storage_buffer: 1X PBS, stored at 4¡ÆC","cell_line: HeLa, B16F10; animal_model: C57BL/6 mice; administration_route: intramuscular; gene_expression_result: 2.0E+06 RLU (in vivo i.m.), 4.2E+06 RLU (HeLa), 9.2E+05 RLU (B16F10)",Delivery of mRNA vaccines with heterocyclic lipids increases anti-tumor efficacy by STING-mediated immune cell activation,"['Lei Miao', 'Linxian Li', 'Yuxuan Huang', 'Derfogail Delcassian', 'Jasdave Chahal', 'Jinsong Han', 'Yunhua Shi', 'Kaitlyn Sadtler', 'Wenting Gao', 'Jiaqi Lin', 'Joshua C. Doloff', 'Robert Langer', 'Daniel G. Anderson']",https://doi.org/10.1038/s41587-019-0247-3,Nature Biotechnology,2019.0,CCCCCCCC/C=C\CCCCCCCC1(CCCCCCC/C=C\CCCCCCCC)C=NC(C(=O)OCC)N1CCCN1CCCC1,CCCCCCCCCCCCCCOC(=O)CCOCCOCCOCCOCCOCCOCCOCCOCCOCCOCCOCCOCCOCCOCCOCCOCCOCCOCCOCCOCCOCCOCCOCCOCCOCCOCCOCCOCCOCCOCCOCCOCCOCCOCCOCCOCCOCCOCCOCCOCCOCCOCCOCCOCCOCCOCCOCCOCCOCCOCCOCCOCCOCCOCCOCCOCCOCCOCCOCCOCCOCCOCCOCCOCCOCCOCCOCCOCCOCCOCCOCCOCCOCCOCCOCCOCCOCCOCCOCCOCCOCCOCCOCCOCCOCCOCCOCCOCCOCCO,CC(C)CCC[C@@H](C)[C@H]1CC[C@H]2[C@@H]3CC=C4C[C@@H](O)CC[C@]4(C)[C@H]3CC[C@]12C,CCCCCCCC/C=C\CCCCCCCC(=O)OC[C@H](COP(=O)(O)OCCN)OC(=O)CCCCCCC/C=C\CCCCCCCC,56.4,71.2,1.5,11.3,16.0,0.7120000000000001,0.015,0.113,0.16,72.3,0.2
970,A2-Iso5-2DC18,C14-PEG2000,cholesterol,DOPE,50:1.5:32.5:16,94,0.2,,68.1,WR:10(wt/wt)[lipid:mRNA],mRNA,firefly_luciferase,C14-PEG2000,A2-Iso5-2DC18,DOPE,cholesterol,"synthesis_method: Microfluidic; device_used: microfluidic chip device; total_flow_rate_ml_min: ; flow_rate_ratio: 3:1 (ethanol:aqueous); aqueous_phase_composition: 10mM citrate buffer (pH 3.0); organic_phase_composition: ethanol; mixing_time_sec: ; temperature_condition: room temperature; post_processing: dialysis against 1X PBS; sterilization: ; storage_buffer: 1X PBS, stored at 4¡ÆC","cell_line: HeLa, B16F10; animal_model: C57BL/6 mice; administration_route: intramuscular; gene_expression_result: 2.2E+07 RLU (in vivo i.m.), 2.5E+07 RLU (HeLa), 1.6E+06 RLU (B16F10)",Delivery of mRNA vaccines with heterocyclic lipids increases anti-tumor efficacy by STING-mediated immune cell activation,"['Lei Miao', 'Linxian Li', 'Yuxuan Huang', 'Derfogail Delcassian', 'Jasdave Chahal', 'Jinsong Han', 'Yunhua Shi', 'Kaitlyn Sadtler', 'Wenting Gao', 'Jiaqi Lin', 'Joshua C. Doloff', 'Robert Langer', 'Daniel G. Anderson']",https://doi.org/10.1038/s41587-019-0247-3,Nature Biotechnology,2019.0,CCCCCCCC/C=C\CCCCCCCC1(CCCCCCC/C=C\CCCCCCCC)C=NC(C(=O)OCC)N1CCCN1CCCC1,CCCCCCCCCCCCCCOC(=O)CCOCCOCCOCCOCCOCCOCCOCCOCCOCCOCCOCCOCCOCCOCCOCCOCCOCCOCCOCCOCCOCCOCCOCCOCCOCCOCCOCCOCCOCCOCCOCCOCCOCCOCCOCCOCCOCCOCCOCCOCCOCCOCCOCCOCCOCCOCCOCCOCCOCCOCCOCCOCCOCCOCCOCCOCCOCCOCCOCCOCCOCCOCCOCCOCCOCCOCCOCCOCCOCCOCCOCCOCCOCCOCCOCCOCCOCCOCCOCCOCCOCCOCCOCCOCCOCCOCCOCCOCCOCCO,CC(C)CCC[C@@H](C)[C@H]1CC[C@H]2[C@@H]3CC=C4C[C@@H](O)CC[C@]4(C)[C@H]3CC[C@]12C,CCCCCCCC/C=C\CCCCCCCC(=O)OC[C@H](COP(=O)(O)OCCN)OC(=O)CCCCCCC/C=C\CCCCCCCC,68.1,50.0,1.5,32.5,16.0,0.5,0.015,0.325,0.16,94.0,0.2
971,A2-Iso5-2DC18,C14-PEG2000,cholesterol,DOPE,28.8:1.5:53.7:16,84.9,0.2,,64.3,WR:10(wt/wt)[lipid:mRNA],mRNA,firefly_luciferase,C14-PEG2000,A2-Iso5-2DC18,DOPE,cholesterol,"synthesis_method: Microfluidic; device_used: microfluidic chip device; total_flow_rate_ml_min: ; flow_rate_ratio: 3:1 (ethanol:aqueous); aqueous_phase_composition: 10mM citrate buffer (pH 3.0); organic_phase_composition: ethanol; mixing_time_sec: ; temperature_condition: room temperature; post_processing: dialysis against 1X PBS; sterilization: ; storage_buffer: 1X PBS, stored at 4¡ÆC","cell_line: HeLa, B16F10; animal_model: C57BL/6 mice; administration_route: intramuscular; gene_expression_result: 4.2E+07 RLU (in vivo i.m.), 1.5E+07 RLU (HeLa), 2.0E+06 RLU (B16F10)",Delivery of mRNA vaccines with heterocyclic lipids increases anti-tumor efficacy by STING-mediated immune cell activation,"['Lei Miao', 'Linxian Li', 'Yuxuan Huang', 'Derfogail Delcassian', 'Jasdave Chahal', 'Jinsong Han', 'Yunhua Shi', 'Kaitlyn Sadtler', 'Wenting Gao', 'Jiaqi Lin', 'Joshua C. Doloff', 'Robert Langer', 'Daniel G. Anderson']",https://doi.org/10.1038/s41587-019-0247-3,Nature Biotechnology,2019.0,CCCCCCCC/C=C\CCCCCCCC1(CCCCCCC/C=C\CCCCCCCC)C=NC(C(=O)OCC)N1CCCN1CCCC1,CCCCCCCCCCCCCCOC(=O)CCOCCOCCOCCOCCOCCOCCOCCOCCOCCOCCOCCOCCOCCOCCOCCOCCOCCOCCOCCOCCOCCOCCOCCOCCOCCOCCOCCOCCOCCOCCOCCOCCOCCOCCOCCOCCOCCOCCOCCOCCOCCOCCOCCOCCOCCOCCOCCOCCOCCOCCOCCOCCOCCOCCOCCOCCOCCOCCOCCOCCOCCOCCOCCOCCOCCOCCOCCOCCOCCOCCOCCOCCOCCOCCOCCOCCOCCOCCOCCOCCOCCOCCOCCOCCOCCOCCOCCOCCOCCO,CC(C)CCC[C@@H](C)[C@H]1CC[C@H]2[C@@H]3CC=C4C[C@@H](O)CC[C@]4(C)[C@H]3CC[C@]12C,CCCCCCCC/C=C\CCCCCCCC(=O)OC[C@H](COP(=O)(O)OCCN)OC(=O)CCCCCCC/C=C\CCCCCCCC,64.3,28.8,1.5,53.7,16.0,0.28800000000000003,0.015,0.537,0.16,84.9,0.2
972,A2-Iso5-2DC18,C14-PEG2000,cholesterol,DOPE,65:2.5:25.5:7,127.8,0.2,,57.2,WR:5(wt/wt)[lipid:mRNA],mRNA,firefly_luciferase,C14-PEG2000,A2-Iso5-2DC18,DOPE,cholesterol,"synthesis_method: Microfluidic; device_used: microfluidic chip device; total_flow_rate_ml_min: ; flow_rate_ratio: 3:1 (ethanol:aqueous); aqueous_phase_composition: 10mM citrate buffer (pH 3.0); organic_phase_composition: ethanol; mixing_time_sec: ; temperature_condition: room temperature; post_processing: dialysis against 1X PBS; sterilization: ; storage_buffer: 1X PBS, stored at 4¡ÆC","cell_line: HeLa, B16F10; animal_model: C57BL/6 mice; administration_route: intramuscular; gene_expression_result: 1.9E+07 RLU (in vivo i.m.), 4.0E+06 RLU (HeLa), 5.5E+05 RLU (B16F10)",Delivery of mRNA vaccines with heterocyclic lipids increases anti-tumor efficacy by STING-mediated immune cell activation,"['Lei Miao', 'Linxian Li', 'Yuxuan Huang', 'Derfogail Delcassian', 'Jasdave Chahal', 'Jinsong Han', 'Yunhua Shi', 'Kaitlyn Sadtler', 'Wenting Gao', 'Jiaqi Lin', 'Joshua C. Doloff', 'Robert Langer', 'Daniel G. Anderson']",https://doi.org/10.1038/s41587-019-0247-3,Nature Biotechnology,2019.0,CCCCCCCC/C=C\CCCCCCCC1(CCCCCCC/C=C\CCCCCCCC)C=NC(C(=O)OCC)N1CCCN1CCCC1,CCCCCCCCCCCCCCOC(=O)CCOCCOCCOCCOCCOCCOCCOCCOCCOCCOCCOCCOCCOCCOCCOCCOCCOCCOCCOCCOCCOCCOCCOCCOCCOCCOCCOCCOCCOCCOCCOCCOCCOCCOCCOCCOCCOCCOCCOCCOCCOCCOCCOCCOCCOCCOCCOCCOCCOCCOCCOCCOCCOCCOCCOCCOCCOCCOCCOCCOCCOCCOCCOCCOCCOCCOCCOCCOCCOCCOCCOCCOCCOCCOCCOCCOCCOCCOCCOCCOCCOCCOCCOCCOCCOCCOCCOCCOCCOCCO,CC(C)CCC[C@@H](C)[C@H]1CC[C@H]2[C@@H]3CC=C4C[C@@H](O)CC[C@]4(C)[C@H]3CC[C@]12C,CCCCCCCC/C=C\CCCCCCCC(=O)OC[C@H](COP(=O)(O)OCCN)OC(=O)CCCCCCC/C=C\CCCCCCCC,57.2,65.0,2.5,25.5,7.0,0.65,0.025,0.255,0.07,127.8,0.2
973,A2-Iso5-2DC18,C14-PEG2000,cholesterol,DOPE,50:1.5:32.5:16,84.9,0.2,,57.5,WR:10(wt/wt)[lipid:mRNA],mRNA,firefly_luciferase,C14-PEG2000,A2-Iso5-2DC18,DOPE,cholesterol,"synthesis_method: Microfluidic; device_used: microfluidic chip device; total_flow_rate_ml_min: ; flow_rate_ratio: 3:1 (ethanol:aqueous); aqueous_phase_composition: 10mM citrate buffer (pH 3.0); organic_phase_composition: ethanol; mixing_time_sec: ; temperature_condition: room temperature; post_processing: dialysis against 1X PBS; sterilization: ; storage_buffer: 1X PBS, stored at 4¡ÆC","cell_line: HeLa, B16F10; animal_model: C57BL/6 mice; administration_route: intramuscular; gene_expression_result: 3.1E+07 RLU (in vivo i.m.), 1.4E+07 RLU (HeLa), 1.8E+06 RLU (B16F10)",Delivery of mRNA vaccines with heterocyclic lipids increases anti-tumor efficacy by STING-mediated immune cell activation,"['Lei Miao', 'Linxian Li', 'Yuxuan Huang', 'Derfogail Delcassian', 'Jasdave Chahal', 'Jinsong Han', 'Yunhua Shi', 'Kaitlyn Sadtler', 'Wenting Gao', 'Jiaqi Lin', 'Joshua C. Doloff', 'Robert Langer', 'Daniel G. Anderson']",https://doi.org/10.1038/s41587-019-0247-3,Nature Biotechnology,2019.0,CCCCCCCC/C=C\CCCCCCCC1(CCCCCCC/C=C\CCCCCCCC)C=NC(C(=O)OCC)N1CCCN1CCCC1,CCCCCCCCCCCCCCOC(=O)CCOCCOCCOCCOCCOCCOCCOCCOCCOCCOCCOCCOCCOCCOCCOCCOCCOCCOCCOCCOCCOCCOCCOCCOCCOCCOCCOCCOCCOCCOCCOCCOCCOCCOCCOCCOCCOCCOCCOCCOCCOCCOCCOCCOCCOCCOCCOCCOCCOCCOCCOCCOCCOCCOCCOCCOCCOCCOCCOCCOCCOCCOCCOCCOCCOCCOCCOCCOCCOCCOCCOCCOCCOCCOCCOCCOCCOCCOCCOCCOCCOCCOCCOCCOCCOCCOCCOCCOCCOCCO,CC(C)CCC[C@@H](C)[C@H]1CC[C@H]2[C@@H]3CC=C4C[C@@H](O)CC[C@]4(C)[C@H]3CC[C@]12C,CCCCCCCC/C=C\CCCCCCCC(=O)OC[C@H](COP(=O)(O)OCCN)OC(=O)CCCCCCC/C=C\CCCCCCCC,57.5,50.0,1.5,32.5,16.0,0.5,0.015,0.325,0.16,84.9,0.2
974,A2-Iso5-2DC18,C14-PEG2000,cholesterol,DOPE,35:2.5:55.5:7,108.7,0.1,,65.2,WR:15(wt/wt)[lipid:mRNA],mRNA,firefly_luciferase,C14-PEG2000,A2-Iso5-2DC18,DOPE,cholesterol,"synthesis_method: Microfluidic; device_used: microfluidic chip device; total_flow_rate_ml_min: ; flow_rate_ratio: 3:1 (ethanol:aqueous); aqueous_phase_composition: 10mM citrate buffer (pH 3.0); organic_phase_composition: ethanol; mixing_time_sec: ; temperature_condition: room temperature; post_processing: dialysis against 1X PBS; sterilization: ; storage_buffer: 1X PBS, stored at 4¡ÆC","cell_line: HeLa, B16F10; animal_model: C57BL/6 mice; administration_route: intramuscular; gene_expression_result: 1.9E+07 RLU (in vivo i.m.), 9.9E+06 RLU (HeLa), 1.7E+06 RLU (B16F10)",Delivery of mRNA vaccines with heterocyclic lipids increases anti-tumor efficacy by STING-mediated immune cell activation,"['Lei Miao', 'Linxian Li', 'Yuxuan Huang', 'Derfogail Delcassian', 'Jasdave Chahal', 'Jinsong Han', 'Yunhua Shi', 'Kaitlyn Sadtler', 'Wenting Gao', 'Jiaqi Lin', 'Joshua C. Doloff', 'Robert Langer', 'Daniel G. Anderson']",https://doi.org/10.1038/s41587-019-0247-3,Nature Biotechnology,2019.0,CCCCCCCC/C=C\CCCCCCCC1(CCCCCCC/C=C\CCCCCCCC)C=NC(C(=O)OCC)N1CCCN1CCCC1,CCCCCCCCCCCCCCOC(=O)CCOCCOCCOCCOCCOCCOCCOCCOCCOCCOCCOCCOCCOCCOCCOCCOCCOCCOCCOCCOCCOCCOCCOCCOCCOCCOCCOCCOCCOCCOCCOCCOCCOCCOCCOCCOCCOCCOCCOCCOCCOCCOCCOCCOCCOCCOCCOCCOCCOCCOCCOCCOCCOCCOCCOCCOCCOCCOCCOCCOCCOCCOCCOCCOCCOCCOCCOCCOCCOCCOCCOCCOCCOCCOCCOCCOCCOCCOCCOCCOCCOCCOCCOCCOCCOCCOCCOCCOCCOCCO,CC(C)CCC[C@@H](C)[C@H]1CC[C@H]2[C@@H]3CC=C4C[C@@H](O)CC[C@]4(C)[C@H]3CC[C@]12C,CCCCCCCC/C=C\CCCCCCCC(=O)OC[C@H](COP(=O)(O)OCCN)OC(=O)CCCCCCC/C=C\CCCCCCCC,65.2,35.0,2.5,55.5,7.0,0.35,0.025,0.555,0.07,108.7,0.1
975,A2-Iso5-2DC18,C14-PEG2000,cholesterol,DOPE,50:1.5:45.2:3.3,94.9,0.3,,21.7,WR:10(wt/wt)[lipid:mRNA],mRNA,firefly_luciferase,C14-PEG2000,A2-Iso5-2DC18,DOPE,cholesterol,"synthesis_method: Microfluidic; device_used: microfluidic chip device; total_flow_rate_ml_min: ; flow_rate_ratio: 3:1 (ethanol:aqueous); aqueous_phase_composition: 10mM citrate buffer (pH 3.0); organic_phase_composition: ethanol; mixing_time_sec: ; temperature_condition: room temperature; post_processing: dialysis against 1X PBS; sterilization: ; storage_buffer: 1X PBS, stored at 4¡ÆC","cell_line: HeLa, B16F10; animal_model: C57BL/6 mice; administration_route: intramuscular; gene_expression_result: 3.0E+07 RLU (in vivo i.m.), 7.6E+06 RLU (HeLa), 3.8E+05 RLU (B16F10)",Delivery of mRNA vaccines with heterocyclic lipids increases anti-tumor efficacy by STING-mediated immune cell activation,"['Lei Miao', 'Linxian Li', 'Yuxuan Huang', 'Derfogail Delcassian', 'Jasdave Chahal', 'Jinsong Han', 'Yunhua Shi', 'Kaitlyn Sadtler', 'Wenting Gao', 'Jiaqi Lin', 'Joshua C. Doloff', 'Robert Langer', 'Daniel G. Anderson']",https://doi.org/10.1038/s41587-019-0247-3,Nature Biotechnology,2019.0,CCCCCCCC/C=C\CCCCCCCC1(CCCCCCC/C=C\CCCCCCCC)C=NC(C(=O)OCC)N1CCCN1CCCC1,CCCCCCCCCCCCCCOC(=O)CCOCCOCCOCCOCCOCCOCCOCCOCCOCCOCCOCCOCCOCCOCCOCCOCCOCCOCCOCCOCCOCCOCCOCCOCCOCCOCCOCCOCCOCCOCCOCCOCCOCCOCCOCCOCCOCCOCCOCCOCCOCCOCCOCCOCCOCCOCCOCCOCCOCCOCCOCCOCCOCCOCCOCCOCCOCCOCCOCCOCCOCCOCCOCCOCCOCCOCCOCCOCCOCCOCCOCCOCCOCCOCCOCCOCCOCCOCCOCCOCCOCCOCCOCCOCCOCCOCCOCCOCCOCCO,CC(C)CCC[C@@H](C)[C@H]1CC[C@H]2[C@@H]3CC=C4C[C@@H](O)CC[C@]4(C)[C@H]3CC[C@]12C,CCCCCCCC/C=C\CCCCCCCC(=O)OC[C@H](COP(=O)(O)OCCN)OC(=O)CCCCCCC/C=C\CCCCCCCC,21.7,50.0,1.5,45.2,3.3,0.5,0.015,0.452,0.033,94.9,0.3
976,A2-Iso5-2DC18,C14-PEG2000,cholesterol,DOPE,50:1.5:32.5:16,91.8,0.2,,70.2,WR:10(wt/wt)[lipid:mRNA],mRNA,firefly_luciferase,C14-PEG2000,A2-Iso5-2DC18,DOPE,cholesterol,"synthesis_method: Microfluidic; device_used: microfluidic chip device; total_flow_rate_ml_min: ; flow_rate_ratio: 3:1 (ethanol:aqueous); aqueous_phase_composition: 10mM citrate buffer (pH 3.0); organic_phase_composition: ethanol; mixing_time_sec: ; temperature_condition: room temperature; post_processing: dialysis against 1X PBS; sterilization: ; storage_buffer: 1X PBS, stored at 4¡ÆC","cell_line: HeLa, B16F10; animal_model: C57BL/6 mice; administration_route: intramuscular; gene_expression_result: 2.2E+07 RLU (in vivo i.m.), 1.9E+07 RLU (HeLa), 1.8E+06 RLU (B16F10)",Delivery of mRNA vaccines with heterocyclic lipids increases anti-tumor efficacy by STING-mediated immune cell activation,"['Lei Miao', 'Linxian Li', 'Yuxuan Huang', 'Derfogail Delcassian', 'Jasdave Chahal', 'Jinsong Han', 'Yunhua Shi', 'Kaitlyn Sadtler', 'Wenting Gao', 'Jiaqi Lin', 'Joshua C. Doloff', 'Robert Langer', 'Daniel G. Anderson']",https://doi.org/10.1038/s41587-019-0247-3,Nature Biotechnology,2019.0,CCCCCCCC/C=C\CCCCCCCC1(CCCCCCC/C=C\CCCCCCCC)C=NC(C(=O)OCC)N1CCCN1CCCC1,CCCCCCCCCCCCCCOC(=O)CCOCCOCCOCCOCCOCCOCCOCCOCCOCCOCCOCCOCCOCCOCCOCCOCCOCCOCCOCCOCCOCCOCCOCCOCCOCCOCCOCCOCCOCCOCCOCCOCCOCCOCCOCCOCCOCCOCCOCCOCCOCCOCCOCCOCCOCCOCCOCCOCCOCCOCCOCCOCCOCCOCCOCCOCCOCCOCCOCCOCCOCCOCCOCCOCCOCCOCCOCCOCCOCCOCCOCCOCCOCCOCCOCCOCCOCCOCCOCCOCCOCCOCCOCCOCCOCCOCCOCCOCCOCCO,CC(C)CCC[C@@H](C)[C@H]1CC[C@H]2[C@@H]3CC=C4C[C@@H](O)CC[C@]4(C)[C@H]3CC[C@]12C,CCCCCCCC/C=C\CCCCCCCC(=O)OC[C@H](COP(=O)(O)OCCN)OC(=O)CCCCCCC/C=C\CCCCCCCC,70.2,50.0,1.5,32.5,16.0,0.5,0.015,0.325,0.16,91.8,0.2
977,A2-Iso5-2DC18,C14-PEG2000,cholesterol,DOPE,35:0.5:39.5:25,129.4,0.2,,53.9,WR:5(wt/wt)[lipid:mRNA],mRNA,firefly_luciferase,C14-PEG2000,A2-Iso5-2DC18,DOPE,cholesterol,"synthesis_method: Microfluidic; device_used: microfluidic chip device; total_flow_rate_ml_min: ; flow_rate_ratio: 3:1 (ethanol:aqueous); aqueous_phase_composition: 10mM citrate buffer (pH 3.0); organic_phase_composition: ethanol; mixing_time_sec: ; temperature_condition: room temperature; post_processing: dialysis against 1X PBS; sterilization: ; storage_buffer: 1X PBS, stored at 4¡ÆC","cell_line: HeLa, B16F10; animal_model: C57BL/6 mice; administration_route: intramuscular; gene_expression_result: 3.2E+06 RLU (in vivo i.m.), 2.0E+07 RLU (HeLa), 3.7E+06 RLU (B16F10)",Delivery of mRNA vaccines with heterocyclic lipids increases anti-tumor efficacy by STING-mediated immune cell activation,"['Lei Miao', 'Linxian Li', 'Yuxuan Huang', 'Derfogail Delcassian', 'Jasdave Chahal', 'Jinsong Han', 'Yunhua Shi', 'Kaitlyn Sadtler', 'Wenting Gao', 'Jiaqi Lin', 'Joshua C. Doloff', 'Robert Langer', 'Daniel G. Anderson']",https://doi.org/10.1038/s41587-019-0247-3,Nature Biotechnology,2019.0,CCCCCCCC/C=C\CCCCCCCC1(CCCCCCC/C=C\CCCCCCCC)C=NC(C(=O)OCC)N1CCCN1CCCC1,CCCCCCCCCCCCCCOC(=O)CCOCCOCCOCCOCCOCCOCCOCCOCCOCCOCCOCCOCCOCCOCCOCCOCCOCCOCCOCCOCCOCCOCCOCCOCCOCCOCCOCCOCCOCCOCCOCCOCCOCCOCCOCCOCCOCCOCCOCCOCCOCCOCCOCCOCCOCCOCCOCCOCCOCCOCCOCCOCCOCCOCCOCCOCCOCCOCCOCCOCCOCCOCCOCCOCCOCCOCCOCCOCCOCCOCCOCCOCCOCCOCCOCCOCCOCCOCCOCCOCCOCCOCCOCCOCCOCCOCCOCCOCCOCCO,CC(C)CCC[C@@H](C)[C@H]1CC[C@H]2[C@@H]3CC=C4C[C@@H](O)CC[C@]4(C)[C@H]3CC[C@]12C,CCCCCCCC/C=C\CCCCCCCC(=O)OC[C@H](COP(=O)(O)OCCN)OC(=O)CCCCCCC/C=C\CCCCCCCC,53.9,35.0,0.5,39.5,25.0,0.35,0.005,0.395,0.25,129.4,0.2
978,A2-Iso5-2DC18,C14-PEG2000,cholesterol,DOPE,50:1.5:19.8:28.7,83.2,0.3,,41.3,WR:10(wt/wt)[lipid:mRNA],mRNA,firefly_luciferase,C14-PEG2000,A2-Iso5-2DC18,DOPE,cholesterol,"synthesis_method: Microfluidic; device_used: microfluidic chip device; total_flow_rate_ml_min: ; flow_rate_ratio: 3:1 (ethanol:aqueous); aqueous_phase_composition: 10mM citrate buffer (pH 3.0); organic_phase_composition: ethanol; mixing_time_sec: ; temperature_condition: room temperature; post_processing: dialysis against 1X PBS; sterilization: ; storage_buffer: 1X PBS, stored at 4¡ÆC","cell_line: HeLa, B16F10; animal_model: C57BL/6 mice; administration_route: intramuscular; gene_expression_result: 7.7E+06 RLU (in vivo i.m.), 5.2E+06 RLU (HeLa), 8.6E+05 RLU (B16F10)",Delivery of mRNA vaccines with heterocyclic lipids increases anti-tumor efficacy by STING-mediated immune cell activation,"['Lei Miao', 'Linxian Li', 'Yuxuan Huang', 'Derfogail Delcassian', 'Jasdave Chahal', 'Jinsong Han', 'Yunhua Shi', 'Kaitlyn Sadtler', 'Wenting Gao', 'Jiaqi Lin', 'Joshua C. Doloff', 'Robert Langer', 'Daniel G. Anderson']",https://doi.org/10.1038/s41587-019-0247-3,Nature Biotechnology,2019.0,CCCCCCCC/C=C\CCCCCCCC1(CCCCCCC/C=C\CCCCCCCC)C=NC(C(=O)OCC)N1CCCN1CCCC1,CCCCCCCCCCCCCCOC(=O)CCOCCOCCOCCOCCOCCOCCOCCOCCOCCOCCOCCOCCOCCOCCOCCOCCOCCOCCOCCOCCOCCOCCOCCOCCOCCOCCOCCOCCOCCOCCOCCOCCOCCOCCOCCOCCOCCOCCOCCOCCOCCOCCOCCOCCOCCOCCOCCOCCOCCOCCOCCOCCOCCOCCOCCOCCOCCOCCOCCOCCOCCOCCOCCOCCOCCOCCOCCOCCOCCOCCOCCOCCOCCOCCOCCOCCOCCOCCOCCOCCOCCOCCOCCOCCOCCOCCOCCOCCOCCO,CC(C)CCC[C@@H](C)[C@H]1CC[C@H]2[C@@H]3CC=C4C[C@@H](O)CC[C@]4(C)[C@H]3CC[C@]12C,CCCCCCCC/C=C\CCCCCCCC(=O)OC[C@H](COP(=O)(O)OCCN)OC(=O)CCCCCCC/C=C\CCCCCCCC,41.3,50.0,1.5,19.8,28.7,0.5,0.015,0.198,0.287,83.2,0.3
979,A2-Iso5-2DC18,C14-PEG2000,cholesterol,DOPE,65:0.5:9.5:25,110.7,0.1,,98.9,WR:15(wt/wt)[lipid:mRNA],mRNA,firefly_luciferase,C14-PEG2000,A2-Iso5-2DC18,DOPE,cholesterol,"synthesis_method: Microfluidic; device_used: microfluidic chip device; total_flow_rate_ml_min: ; flow_rate_ratio: 3:1 (ethanol:aqueous); aqueous_phase_composition: 10mM citrate buffer (pH 3.0); organic_phase_composition: ethanol; mixing_time_sec: ; temperature_condition: room temperature; post_processing: dialysis against 1X PBS; sterilization: ; storage_buffer: 1X PBS, stored at 4¡ÆC","cell_line: HeLa, B16F10; animal_model: C57BL/6 mice; administration_route: intramuscular; gene_expression_result: 9.8E+05 RLU (in vivo i.m.), 1.1E+04 RLU (HeLa), 3.5E+04 RLU (B16F10)",Delivery of mRNA vaccines with heterocyclic lipids increases anti-tumor efficacy by STING-mediated immune cell activation,"['Lei Miao', 'Linxian Li', 'Yuxuan Huang', 'Derfogail Delcassian', 'Jasdave Chahal', 'Jinsong Han', 'Yunhua Shi', 'Kaitlyn Sadtler', 'Wenting Gao', 'Jiaqi Lin', 'Joshua C. Doloff', 'Robert Langer', 'Daniel G. Anderson']",https://doi.org/10.1038/s41587-019-0247-3,Nature Biotechnology,2019.0,CCCCCCCC/C=C\CCCCCCCC1(CCCCCCC/C=C\CCCCCCCC)C=NC(C(=O)OCC)N1CCCN1CCCC1,CCCCCCCCCCCCCCOC(=O)CCOCCOCCOCCOCCOCCOCCOCCOCCOCCOCCOCCOCCOCCOCCOCCOCCOCCOCCOCCOCCOCCOCCOCCOCCOCCOCCOCCOCCOCCOCCOCCOCCOCCOCCOCCOCCOCCOCCOCCOCCOCCOCCOCCOCCOCCOCCOCCOCCOCCOCCOCCOCCOCCOCCOCCOCCOCCOCCOCCOCCOCCOCCOCCOCCOCCOCCOCCOCCOCCOCCOCCOCCOCCOCCOCCOCCOCCOCCOCCOCCOCCOCCOCCOCCOCCOCCOCCOCCOCCO,CC(C)CCC[C@@H](C)[C@H]1CC[C@H]2[C@@H]3CC=C4C[C@@H](O)CC[C@]4(C)[C@H]3CC[C@]12C,CCCCCCCC/C=C\CCCCCCCC(=O)OC[C@H](COP(=O)(O)OCCN)OC(=O)CCCCCCC/C=C\CCCCCCCC,98.9,65.0,0.5,9.5,25.0,0.65,0.005,0.095,0.25,110.7,0.1
980,A2-Iso5-2DC18,C14-PEG2000,cholesterol,DOPE,50:0.1:33.9:16,154.9,0.1,,9.4,WR:10(wt/wt)[lipid:mRNA],mRNA,firefly_luciferase,C14-PEG2000,A2-Iso5-2DC18,DOPE,cholesterol,"synthesis_method: Microfluidic; device_used: microfluidic chip device; total_flow_rate_ml_min: ; flow_rate_ratio: 3:1 (ethanol:aqueous); aqueous_phase_composition: 10mM citrate buffer (pH 3.0); organic_phase_composition: ethanol; mixing_time_sec: ; temperature_condition: room temperature; post_processing: dialysis against 1X PBS; sterilization: ; storage_buffer: 1X PBS, stored at 4¡ÆC","cell_line: HeLa, B16F10; animal_model: C57BL/6 mice; administration_route: intramuscular; gene_expression_result: 3.9E+05 RLU (in vivo i.m.), 3.7E+06 RLU (HeLa), 2.2E+06 RLU (B16F10)",Delivery of mRNA vaccines with heterocyclic lipids increases anti-tumor efficacy by STING-mediated immune cell activation,"['Lei Miao', 'Linxian Li', 'Yuxuan Huang', 'Derfogail Delcassian', 'Jasdave Chahal', 'Jinsong Han', 'Yunhua Shi', 'Kaitlyn Sadtler', 'Wenting Gao', 'Jiaqi Lin', 'Joshua C. Doloff', 'Robert Langer', 'Daniel G. Anderson']",https://doi.org/10.1038/s41587-019-0247-3,Nature Biotechnology,2019.0,CCCCCCCC/C=C\CCCCCCCC1(CCCCCCC/C=C\CCCCCCCC)C=NC(C(=O)OCC)N1CCCN1CCCC1,CCCCCCCCCCCCCCOC(=O)CCOCCOCCOCCOCCOCCOCCOCCOCCOCCOCCOCCOCCOCCOCCOCCOCCOCCOCCOCCOCCOCCOCCOCCOCCOCCOCCOCCOCCOCCOCCOCCOCCOCCOCCOCCOCCOCCOCCOCCOCCOCCOCCOCCOCCOCCOCCOCCOCCOCCOCCOCCOCCOCCOCCOCCOCCOCCOCCOCCOCCOCCOCCOCCOCCOCCOCCOCCOCCOCCOCCOCCOCCOCCOCCOCCOCCOCCOCCOCCOCCOCCOCCOCCOCCOCCOCCOCCOCCOCCO,CC(C)CCC[C@@H](C)[C@H]1CC[C@H]2[C@@H]3CC=C4C[C@@H](O)CC[C@]4(C)[C@H]3CC[C@]12C,CCCCCCCC/C=C\CCCCCCCC(=O)OC[C@H](COP(=O)(O)OCCN)OC(=O)CCCCCCC/C=C\CCCCCCCC,9.4,50.0,0.1,33.9,16.0,0.5,0.001,0.33899999999999997,0.16,154.9,0.1
981,A2-Iso5-2DC18,C14-PEG2000,cholesterol,DOPE,35:2.5:46.5:16,102.5,0.2,,60.3,WR:10(wt/wt)[lipid:mRNA],mRNA,firefly_luciferase,C14-PEG2000,A2-Iso5-2DC18,DOPE,cholesterol,"synthesis_method: Microfluidic; device_used: microfluidic chip device; total_flow_rate_ml_min: ; flow_rate_ratio: 3:1 (ethanol:aqueous); aqueous_phase_composition: 10mM citrate buffer (pH 3.0); organic_phase_composition: ethanol; mixing_time_sec: ; temperature_condition: room temperature; post_processing: dialysis against 1X PBS; sterilization: ; storage_buffer: 1X PBS, stored at 4¡ÆC","cell_line: HeLa, B16F10; animal_model: C57BL/6 mice; administration_route: intramuscular; gene_expression_result: 5.3E+07 RLU (in vivo i.m.), 6.3E+06 RLU (HeLa), 1.1E+06 RLU (B16F10)",Delivery of mRNA vaccines with heterocyclic lipids increases anti-tumor efficacy by STING-mediated immune cell activation,"['Lei Miao', 'Linxian Li', 'Yuxuan Huang', 'Derfogail Delcassian', 'Jasdave Chahal', 'Jinsong Han', 'Yunhua Shi', 'Kaitlyn Sadtler', 'Wenting Gao', 'Jiaqi Lin', 'Joshua C. Doloff', 'Robert Langer', 'Daniel G. Anderson']",https://doi.org/10.1038/s41587-019-0247-3,Nature Biotechnology,2019.0,CCCCCCCC/C=C\CCCCCCCC1(CCCCCCC/C=C\CCCCCCCC)C=NC(C(=O)OCC)N1CCCN1CCCC1,CCCCCCCCCCCCCCOC(=O)CCOCCOCCOCCOCCOCCOCCOCCOCCOCCOCCOCCOCCOCCOCCOCCOCCOCCOCCOCCOCCOCCOCCOCCOCCOCCOCCOCCOCCOCCOCCOCCOCCOCCOCCOCCOCCOCCOCCOCCOCCOCCOCCOCCOCCOCCOCCOCCOCCOCCOCCOCCOCCOCCOCCOCCOCCOCCOCCOCCOCCOCCOCCOCCOCCOCCOCCOCCOCCOCCOCCOCCOCCOCCOCCOCCOCCOCCOCCOCCOCCOCCOCCOCCOCCOCCOCCOCCOCCOCCO,CC(C)CCC[C@@H](C)[C@H]1CC[C@H]2[C@@H]3CC=C4C[C@@H](O)CC[C@]4(C)[C@H]3CC[C@]12C,CCCCCCCC/C=C\CCCCCCCC(=O)OC[C@H](COP(=O)(O)OCCN)OC(=O)CCCCCCC/C=C\CCCCCCCC,60.3,35.0,2.5,46.5,16.0,0.35,0.025,0.465,0.16,102.5,0.2
982,A2-Iso5-2DC18,C14-PEG2000,cholesterol,DOPE,50:1.5:23.5:25,119.8,0.3,,79,WR:10(wt/wt)[lipid:mRNA],mRNA,firefly_luciferase,C14-PEG2000,A2-Iso5-2DC18,DOPE,cholesterol,"synthesis_method: Microfluidic; device_used: microfluidic chip device; total_flow_rate_ml_min: ; flow_rate_ratio: 3:1 (ethanol:aqueous); aqueous_phase_composition: 10mM citrate buffer (pH 3.0); organic_phase_composition: ethanol; mixing_time_sec: ; temperature_condition: room temperature; post_processing: dialysis against 1X PBS; sterilization: ; storage_buffer: 1X PBS, stored at 4¡ÆC",animal_model: C57BL/6 mice; administration_route: intramuscular; gene_expression_result: 2.2E+07 RLU (in vivo i.m.),Delivery of mRNA vaccines with heterocyclic lipids increases anti-tumor efficacy by STING-mediated immune cell activation,"['Lei Miao', 'Linxian Li', 'Yuxuan Huang', 'Derfogail Delcassian', 'Jasdave Chahal', 'Jinsong Han', 'Yunhua Shi', 'Kaitlyn Sadtler', 'Wenting Gao', 'Jiaqi Lin', 'Joshua C. Doloff', 'Robert Langer', 'Daniel G. Anderson']",https://doi.org/10.1038/s41587-019-0247-3,Nature Biotechnology,2019.0,CCCCCCCC/C=C\CCCCCCCC1(CCCCCCC/C=C\CCCCCCCC)C=NC(C(=O)OCC)N1CCCN1CCCC1,CCCCCCCCCCCCCCOC(=O)CCOCCOCCOCCOCCOCCOCCOCCOCCOCCOCCOCCOCCOCCOCCOCCOCCOCCOCCOCCOCCOCCOCCOCCOCCOCCOCCOCCOCCOCCOCCOCCOCCOCCOCCOCCOCCOCCOCCOCCOCCOCCOCCOCCOCCOCCOCCOCCOCCOCCOCCOCCOCCOCCOCCOCCOCCOCCOCCOCCOCCOCCOCCOCCOCCOCCOCCOCCOCCOCCOCCOCCOCCOCCOCCOCCOCCOCCOCCOCCOCCOCCOCCOCCOCCOCCOCCOCCOCCOCCO,CC(C)CCC[C@@H](C)[C@H]1CC[C@H]2[C@@H]3CC=C4C[C@@H](O)CC[C@]4(C)[C@H]3CC[C@]12C,CCCCCCCC/C=C\CCCCCCCC(=O)OC[C@H](COP(=O)(O)OCCN)OC(=O)CCCCCCC/C=C\CCCCCCCC,79.0,50.0,1.5,23.5,25.0,0.5,0.015,0.235,0.25,119.8,0.3
983,A2-Iso5-2DC18,C14-PEG2000,cholesterol,DOPE,35:2.5:46.5:16,102.5,0.2,,60.3,WR:10(wt/wt)[lipid:mRNA],mRNA,firefly_luciferase,C14-PEG2000,A2-Iso5-2DC18,DOPE,cholesterol,"synthesis_method: Microfluidic; device_used: microfluidic chip device; total_flow_rate_ml_min: ; flow_rate_ratio: 3:1 (ethanol:aqueous); aqueous_phase_composition: 10mM citrate buffer (pH 3.0); organic_phase_composition: ethanol; mixing_time_sec: ; temperature_condition: room temperature; post_processing: dialysis against 1X PBS; sterilization: ; storage_buffer: 1X PBS, stored at 4¡ÆC",animal_model: C57BL/6 mice; administration_route: intramuscular; gene_expression_result: 5.5E+07 RLU (in vivo i.m.),Delivery of mRNA vaccines with heterocyclic lipids increases anti-tumor efficacy by STING-mediated immune cell activation,"['Lei Miao', 'Linxian Li', 'Yuxuan Huang', 'Derfogail Delcassian', 'Jasdave Chahal', 'Jinsong Han', 'Yunhua Shi', 'Kaitlyn Sadtler', 'Wenting Gao', 'Jiaqi Lin', 'Joshua C. Doloff', 'Robert Langer', 'Daniel G. Anderson']",https://doi.org/10.1038/s41587-019-0247-3,Nature Biotechnology,2019.0,CCCCCCCC/C=C\CCCCCCCC1(CCCCCCC/C=C\CCCCCCCC)C=NC(C(=O)OCC)N1CCCN1CCCC1,CCCCCCCCCCCCCCOC(=O)CCOCCOCCOCCOCCOCCOCCOCCOCCOCCOCCOCCOCCOCCOCCOCCOCCOCCOCCOCCOCCOCCOCCOCCOCCOCCOCCOCCOCCOCCOCCOCCOCCOCCOCCOCCOCCOCCOCCOCCOCCOCCOCCOCCOCCOCCOCCOCCOCCOCCOCCOCCOCCOCCOCCOCCOCCOCCOCCOCCOCCOCCOCCOCCOCCOCCOCCOCCOCCOCCOCCOCCOCCOCCOCCOCCOCCOCCOCCOCCOCCOCCOCCOCCOCCOCCOCCOCCOCCOCCO,CC(C)CCC[C@@H](C)[C@H]1CC[C@H]2[C@@H]3CC=C4C[C@@H](O)CC[C@]4(C)[C@H]3CC[C@]12C,CCCCCCCC/C=C\CCCCCCCC(=O)OC[C@H](COP(=O)(O)OCCN)OC(=O)CCCCCCC/C=C\CCCCCCCC,60.3,35.0,2.5,46.5,16.0,0.35,0.025,0.465,0.16,102.5,0.2
984,A2-Iso5-2DC18,C14-PEG2000,cholesterol,DOPE,35:2.5:46.5:16,110.6,0.1,,50.4,WR:15(wt/wt)[lipid:mRNA],mRNA,firefly_luciferase,C14-PEG2000,A2-Iso5-2DC18,DOPE,cholesterol,"synthesis_method: Microfluidic; device_used: microfluidic chip device; total_flow_rate_ml_min: ; flow_rate_ratio: 3:1 (ethanol:aqueous); aqueous_phase_composition: 10mM citrate buffer (pH 3.0); organic_phase_composition: ethanol; mixing_time_sec: ; temperature_condition: room temperature; post_processing: dialysis against 1X PBS; sterilization: ; storage_buffer: 1X PBS, stored at 4¡ÆC",animal_model: C57BL/6 mice; administration_route: intramuscular; gene_expression_result: 3.15E+07 RLU (in vivo i.m.),Delivery of mRNA vaccines with heterocyclic lipids increases anti-tumor efficacy by STING-mediated immune cell activation,"['Lei Miao', 'Linxian Li', 'Yuxuan Huang', 'Derfogail Delcassian', 'Jasdave Chahal', 'Jinsong Han', 'Yunhua Shi', 'Kaitlyn Sadtler', 'Wenting Gao', 'Jiaqi Lin', 'Joshua C. Doloff', 'Robert Langer', 'Daniel G. Anderson']",https://doi.org/10.1038/s41587-019-0247-3,Nature Biotechnology,2019.0,CCCCCCCC/C=C\CCCCCCCC1(CCCCCCC/C=C\CCCCCCCC)C=NC(C(=O)OCC)N1CCCN1CCCC1,CCCCCCCCCCCCCCOC(=O)CCOCCOCCOCCOCCOCCOCCOCCOCCOCCOCCOCCOCCOCCOCCOCCOCCOCCOCCOCCOCCOCCOCCOCCOCCOCCOCCOCCOCCOCCOCCOCCOCCOCCOCCOCCOCCOCCOCCOCCOCCOCCOCCOCCOCCOCCOCCOCCOCCOCCOCCOCCOCCOCCOCCOCCOCCOCCOCCOCCOCCOCCOCCOCCOCCOCCOCCOCCOCCOCCOCCOCCOCCOCCOCCOCCOCCOCCOCCOCCOCCOCCOCCOCCOCCOCCOCCOCCOCCOCCO,CC(C)CCC[C@@H](C)[C@H]1CC[C@H]2[C@@H]3CC=C4C[C@@H](O)CC[C@]4(C)[C@H]3CC[C@]12C,CCCCCCCC/C=C\CCCCCCCC(=O)OC[C@H](COP(=O)(O)OCCN)OC(=O)CCCCCCC/C=C\CCCCCCCC,50.4,35.0,2.5,46.5,16.0,0.35,0.025,0.465,0.16,110.6,0.1
985,A2-Iso5-2DC18,C14-PEG2000,cholesterol,DOPE,35:2.5:37.5:25,105.5,0.2,,60.3,WR:10(wt/wt)[lipid:mRNA],mRNA,firefly_luciferase,C14-PEG2000,A2-Iso5-2DC18,DOPE,cholesterol,"synthesis_method: Microfluidic; device_used: microfluidic chip device; total_flow_rate_ml_min: ; flow_rate_ratio: 3:1 (ethanol:aqueous); aqueous_phase_composition: 10mM citrate buffer (pH 3.0); organic_phase_composition: ethanol; mixing_time_sec: ; temperature_condition: room temperature; post_processing: dialysis against 1X PBS; sterilization: ; storage_buffer: 1X PBS, stored at 4¡ÆC",animal_model: C57BL/6 mice; administration_route: intramuscular; gene_expression_result: 3.13E+07 RLU (in vivo i.m.),Delivery of mRNA vaccines with heterocyclic lipids increases anti-tumor efficacy by STING-mediated immune cell activation,"['Lei Miao', 'Linxian Li', 'Yuxuan Huang', 'Derfogail Delcassian', 'Jasdave Chahal', 'Jinsong Han', 'Yunhua Shi', 'Kaitlyn Sadtler', 'Wenting Gao', 'Jiaqi Lin', 'Joshua C. Doloff', 'Robert Langer', 'Daniel G. Anderson']",https://doi.org/10.1038/s41587-019-0247-3,Nature Biotechnology,2019.0,CCCCCCCC/C=C\CCCCCCCC1(CCCCCCC/C=C\CCCCCCCC)C=NC(C(=O)OCC)N1CCCN1CCCC1,CCCCCCCCCCCCCCOC(=O)CCOCCOCCOCCOCCOCCOCCOCCOCCOCCOCCOCCOCCOCCOCCOCCOCCOCCOCCOCCOCCOCCOCCOCCOCCOCCOCCOCCOCCOCCOCCOCCOCCOCCOCCOCCOCCOCCOCCOCCOCCOCCOCCOCCOCCOCCOCCOCCOCCOCCOCCOCCOCCOCCOCCOCCOCCOCCOCCOCCOCCOCCOCCOCCOCCOCCOCCOCCOCCOCCOCCOCCOCCOCCOCCOCCOCCOCCOCCOCCOCCOCCOCCOCCOCCOCCOCCOCCOCCOCCO,CC(C)CCC[C@@H](C)[C@H]1CC[C@H]2[C@@H]3CC=C4C[C@@H](O)CC[C@]4(C)[C@H]3CC[C@]12C,CCCCCCCC/C=C\CCCCCCCC(=O)OC[C@H](COP(=O)(O)OCCN)OC(=O)CCCCCCC/C=C\CCCCCCCC,60.3,35.0,2.5,37.5,25.0,0.35,0.025,0.375,0.25,105.5,0.2
986,A2-Iso5-2DC18,C14-PEG2000,cholesterol,DOPE,35:2.5:34.5:28,108.6,0.2,,45.5,WR:10(wt/wt)[lipid:mRNA],mRNA,firefly_luciferase,C14-PEG2000,A2-Iso5-2DC18,DOPE,cholesterol,"synthesis_method: Microfluidic; device_used: microfluidic chip device; total_flow_rate_ml_min: ; flow_rate_ratio: 3:1 (ethanol:aqueous); aqueous_phase_composition: 10mM citrate buffer (pH 3.0); organic_phase_composition: ethanol; mixing_time_sec: ; temperature_condition: room temperature; post_processing: dialysis against 1X PBS; sterilization: ; storage_buffer: 1X PBS, stored at 4¡ÆC",animal_model: C57BL/6 mice; administration_route: intramuscular; gene_expression_result: 2.58E+07 RLU (in vivo i.m.),Delivery of mRNA vaccines with heterocyclic lipids increases anti-tumor efficacy by STING-mediated immune cell activation,"['Lei Miao', 'Linxian Li', 'Yuxuan Huang', 'Derfogail Delcassian', 'Jasdave Chahal', 'Jinsong Han', 'Yunhua Shi', 'Kaitlyn Sadtler', 'Wenting Gao', 'Jiaqi Lin', 'Joshua C. Doloff', 'Robert Langer', 'Daniel G. Anderson']",https://doi.org/10.1038/s41587-019-0247-3,Nature Biotechnology,2019.0,CCCCCCCC/C=C\CCCCCCCC1(CCCCCCC/C=C\CCCCCCCC)C=NC(C(=O)OCC)N1CCCN1CCCC1,CCCCCCCCCCCCCCOC(=O)CCOCCOCCOCCOCCOCCOCCOCCOCCOCCOCCOCCOCCOCCOCCOCCOCCOCCOCCOCCOCCOCCOCCOCCOCCOCCOCCOCCOCCOCCOCCOCCOCCOCCOCCOCCOCCOCCOCCOCCOCCOCCOCCOCCOCCOCCOCCOCCOCCOCCOCCOCCOCCOCCOCCOCCOCCOCCOCCOCCOCCOCCOCCOCCOCCOCCOCCOCCOCCOCCOCCOCCOCCOCCOCCOCCOCCOCCOCCOCCOCCOCCOCCOCCOCCOCCOCCOCCOCCOCCO,CC(C)CCC[C@@H](C)[C@H]1CC[C@H]2[C@@H]3CC=C4C[C@@H](O)CC[C@]4(C)[C@H]3CC[C@]12C,CCCCCCCC/C=C\CCCCCCCC(=O)OC[C@H](COP(=O)(O)OCCN)OC(=O)CCCCCCC/C=C\CCCCCCCC,45.5,35.0,2.5,34.5,28.0,0.35,0.025,0.345,0.28,108.6,0.2
987,A2-Iso5-2DC18,C14-PEG2000,cholesterol,DOPE,35:2.5:42.5:20,112.5,0.1,,54.5,WR:10(wt/wt)[lipid:mRNA],mRNA,firefly_luciferase,C14-PEG2000,A2-Iso5-2DC18,DOPE,cholesterol,"synthesis_method: Microfluidic; device_used: microfluidic chip device; total_flow_rate_ml_min: ; flow_rate_ratio: 3:1 (ethanol:aqueous); aqueous_phase_composition: 10mM citrate buffer (pH 3.0); organic_phase_composition: ethanol; mixing_time_sec: ; temperature_condition: room temperature; post_processing: dialysis against 1X PBS; sterilization: ; storage_buffer: 1X PBS, stored at 4¡ÆC",animal_model: C57BL/6 mice; administration_route: intramuscular; gene_expression_result: 2.67E+07 RLU (in vivo i.m.),Delivery of mRNA vaccines with heterocyclic lipids increases anti-tumor efficacy by STING-mediated immune cell activation,"['Lei Miao', 'Linxian Li', 'Yuxuan Huang', 'Derfogail Delcassian', 'Jasdave Chahal', 'Jinsong Han', 'Yunhua Shi', 'Kaitlyn Sadtler', 'Wenting Gao', 'Jiaqi Lin', 'Joshua C. Doloff', 'Robert Langer', 'Daniel G. Anderson']",https://doi.org/10.1038/s41587-019-0247-3,Nature Biotechnology,2019.0,CCCCCCCC/C=C\CCCCCCCC1(CCCCCCC/C=C\CCCCCCCC)C=NC(C(=O)OCC)N1CCCN1CCCC1,CCCCCCCCCCCCCCOC(=O)CCOCCOCCOCCOCCOCCOCCOCCOCCOCCOCCOCCOCCOCCOCCOCCOCCOCCOCCOCCOCCOCCOCCOCCOCCOCCOCCOCCOCCOCCOCCOCCOCCOCCOCCOCCOCCOCCOCCOCCOCCOCCOCCOCCOCCOCCOCCOCCOCCOCCOCCOCCOCCOCCOCCOCCOCCOCCOCCOCCOCCOCCOCCOCCOCCOCCOCCOCCOCCOCCOCCOCCOCCOCCOCCOCCOCCOCCOCCOCCOCCOCCOCCOCCOCCOCCOCCOCCOCCOCCO,CC(C)CCC[C@@H](C)[C@H]1CC[C@H]2[C@@H]3CC=C4C[C@@H](O)CC[C@]4(C)[C@H]3CC[C@]12C,CCCCCCCC/C=C\CCCCCCCC(=O)OC[C@H](COP(=O)(O)OCCN)OC(=O)CCCCCCC/C=C\CCCCCCCC,54.5,35.0,2.5,42.5,20.0,0.35,0.025,0.425,0.2,112.5,0.1
988,A2-Iso5-2DC18,C14-PEG2000,cholesterol,DOPE,50:2.5:37.5:10,94.8,0.1,,75.5,WR:10(wt/wt)[lipid:mRNA],mRNA,firefly_luciferase,C14-PEG2000,A2-Iso5-2DC18,DOPE,cholesterol,"synthesis_method: Microfluidic; device_used: microfluidic chip device; total_flow_rate_ml_min: ; flow_rate_ratio: 3:1 (ethanol:aqueous); aqueous_phase_composition: 10mM citrate buffer (pH 3.0); organic_phase_composition: ethanol; mixing_time_sec: ; temperature_condition: room temperature; post_processing: dialysis against 1X PBS; sterilization: ; storage_buffer: 1X PBS, stored at 4¡ÆC",animal_model: C57BL/6 mice; administration_route: intramuscular; gene_expression_result: 7.70E+06 RLU (in vivo i.m.),Delivery of mRNA vaccines with heterocyclic lipids increases anti-tumor efficacy by STING-mediated immune cell activation,"['Lei Miao', 'Linxian Li', 'Yuxuan Huang', 'Derfogail Delcassian', 'Jasdave Chahal', 'Jinsong Han', 'Yunhua Shi', 'Kaitlyn Sadtler', 'Wenting Gao', 'Jiaqi Lin', 'Joshua C. Doloff', 'Robert Langer', 'Daniel G. Anderson']",https://doi.org/10.1038/s41587-019-0247-3,Nature Biotechnology,2019.0,CCCCCCCC/C=C\CCCCCCCC1(CCCCCCC/C=C\CCCCCCCC)C=NC(C(=O)OCC)N1CCCN1CCCC1,CCCCCCCCCCCCCCOC(=O)CCOCCOCCOCCOCCOCCOCCOCCOCCOCCOCCOCCOCCOCCOCCOCCOCCOCCOCCOCCOCCOCCOCCOCCOCCOCCOCCOCCOCCOCCOCCOCCOCCOCCOCCOCCOCCOCCOCCOCCOCCOCCOCCOCCOCCOCCOCCOCCOCCOCCOCCOCCOCCOCCOCCOCCOCCOCCOCCOCCOCCOCCOCCOCCOCCOCCOCCOCCOCCOCCOCCOCCOCCOCCOCCOCCOCCOCCOCCOCCOCCOCCOCCOCCOCCOCCOCCOCCOCCOCCO,CC(C)CCC[C@@H](C)[C@H]1CC[C@H]2[C@@H]3CC=C4C[C@@H](O)CC[C@]4(C)[C@H]3CC[C@]12C,CCCCCCCC/C=C\CCCCCCCC(=O)OC[C@H](COP(=O)(O)OCCN)OC(=O)CCCCCCC/C=C\CCCCCCCC,75.5,50.0,2.5,37.5,10.0,0.5,0.025,0.375,0.1,94.8,0.1
989,A2-Iso5-2DC18,C14-PEG2000,cholesterol,DOPE,45:2.5:36.5:16,115.6,0.2,,76.5,WR:10(wt/wt)[lipid:mRNA],mRNA,firefly_luciferase,C14-PEG2000,A2-Iso5-2DC18,DOPE,cholesterol,"synthesis_method: Microfluidic; device_used: microfluidic chip device; total_flow_rate_ml_min: ; flow_rate_ratio: 3:1 (ethanol:aqueous); aqueous_phase_composition: 10mM citrate buffer (pH 3.0); organic_phase_composition: ethanol; mixing_time_sec: ; temperature_condition: room temperature; post_processing: dialysis against 1X PBS; sterilization: ; storage_buffer: 1X PBS, stored at 4¡ÆC",animal_model: C57BL/6 mice; administration_route: intramuscular; gene_expression_result: 1.96E+07 RLU (in vivo i.m.),Delivery of mRNA vaccines with heterocyclic lipids increases anti-tumor efficacy by STING-mediated immune cell activation,"['Lei Miao', 'Linxian Li', 'Yuxuan Huang', 'Derfogail Delcassian', 'Jasdave Chahal', 'Jinsong Han', 'Yunhua Shi', 'Kaitlyn Sadtler', 'Wenting Gao', 'Jiaqi Lin', 'Joshua C. Doloff', 'Robert Langer', 'Daniel G. Anderson']",https://doi.org/10.1038/s41587-019-0247-3,Nature Biotechnology,2019.0,CCCCCCCC/C=C\CCCCCCCC1(CCCCCCC/C=C\CCCCCCCC)C=NC(C(=O)OCC)N1CCCN1CCCC1,CCCCCCCCCCCCCCOC(=O)CCOCCOCCOCCOCCOCCOCCOCCOCCOCCOCCOCCOCCOCCOCCOCCOCCOCCOCCOCCOCCOCCOCCOCCOCCOCCOCCOCCOCCOCCOCCOCCOCCOCCOCCOCCOCCOCCOCCOCCOCCOCCOCCOCCOCCOCCOCCOCCOCCOCCOCCOCCOCCOCCOCCOCCOCCOCCOCCOCCOCCOCCOCCOCCOCCOCCOCCOCCOCCOCCOCCOCCOCCOCCOCCOCCOCCOCCOCCOCCOCCOCCOCCOCCOCCOCCOCCOCCOCCOCCO,CC(C)CCC[C@@H](C)[C@H]1CC[C@H]2[C@@H]3CC=C4C[C@@H](O)CC[C@]4(C)[C@H]3CC[C@]12C,CCCCCCCC/C=C\CCCCCCCC(=O)OC[C@H](COP(=O)(O)OCCN)OC(=O)CCCCCCC/C=C\CCCCCCCC,76.5,45.0,2.5,36.5,16.0,0.45,0.025,0.365,0.16,115.6,0.2
990,A2-Iso5-2DC18,C14-PEG2000,cholesterol,DOPE,45:2.5:42.5:10,87.6,0.2,,45.5,WR:10(wt/wt)[lipid:mRNA],mRNA,firefly_luciferase,C14-PEG2000,A2-Iso5-2DC18,DOPE,cholesterol,"synthesis_method: Microfluidic; device_used: microfluidic chip device; total_flow_rate_ml_min: ; flow_rate_ratio: 3:1 (ethanol:aqueous); aqueous_phase_composition: 10mM citrate buffer (pH 3.0); organic_phase_composition: ethanol; mixing_time_sec: ; temperature_condition: room temperature; post_processing: dialysis against 1X PBS; sterilization: ; storage_buffer: 1X PBS, stored at 4¡ÆC",animal_model: C57BL/6 mice; administration_route: intramuscular; gene_expression_result: 6.0E+07 RLU (in vivo i.m.),Delivery of mRNA vaccines with heterocyclic lipids increases anti-tumor efficacy by STING-mediated immune cell activation,"['Lei Miao', 'Linxian Li', 'Yuxuan Huang', 'Derfogail Delcassian', 'Jasdave Chahal', 'Jinsong Han', 'Yunhua Shi', 'Kaitlyn Sadtler', 'Wenting Gao', 'Jiaqi Lin', 'Joshua C. Doloff', 'Robert Langer', 'Daniel G. Anderson']",https://doi.org/10.1038/s41587-019-0247-3,Nature Biotechnology,2019.0,CCCCCCCC/C=C\CCCCCCCC1(CCCCCCC/C=C\CCCCCCCC)C=NC(C(=O)OCC)N1CCCN1CCCC1,CCCCCCCCCCCCCCOC(=O)CCOCCOCCOCCOCCOCCOCCOCCOCCOCCOCCOCCOCCOCCOCCOCCOCCOCCOCCOCCOCCOCCOCCOCCOCCOCCOCCOCCOCCOCCOCCOCCOCCOCCOCCOCCOCCOCCOCCOCCOCCOCCOCCOCCOCCOCCOCCOCCOCCOCCOCCOCCOCCOCCOCCOCCOCCOCCOCCOCCOCCOCCOCCOCCOCCOCCOCCOCCOCCOCCOCCOCCOCCOCCOCCOCCOCCOCCOCCOCCOCCOCCOCCOCCOCCOCCOCCOCCOCCOCCO,CC(C)CCC[C@@H](C)[C@H]1CC[C@H]2[C@@H]3CC=C4C[C@@H](O)CC[C@]4(C)[C@H]3CC[C@]12C,CCCCCCCC/C=C\CCCCCCCC(=O)OC[C@H](COP(=O)(O)OCCN)OC(=O)CCCCCCC/C=C\CCCCCCCC,45.5,45.0,2.5,42.5,10.0,0.45,0.025,0.425,0.1,87.6,0.2
991,A2-Iso5-2DC18,C14-PEG2000,cholesterol,DOPE,35:1.5:47.5:16,140.6,0.1,,55.5,WR:10(wt/wt)[lipid:mRNA],mRNA,firefly_luciferase,C14-PEG2000,A2-Iso5-2DC18,DOPE,cholesterol,"synthesis_method: Microfluidic; device_used: microfluidic chip device; total_flow_rate_ml_min: ; flow_rate_ratio: 3:1 (ethanol:aqueous); aqueous_phase_composition: 10mM citrate buffer (pH 3.0); organic_phase_composition: ethanol; mixing_time_sec: ; temperature_condition: room temperature; post_processing: dialysis against 1X PBS; sterilization: ; storage_buffer: 1X PBS, stored at 4¡ÆC",animal_model: C57BL/6 mice; administration_route: intramuscular; gene_expression_result: 3.04E+07 RLU (in vivo i.m.),Delivery of mRNA vaccines with heterocyclic lipids increases anti-tumor efficacy by STING-mediated immune cell activation,"['Lei Miao', 'Linxian Li', 'Yuxuan Huang', 'Derfogail Delcassian', 'Jasdave Chahal', 'Jinsong Han', 'Yunhua Shi', 'Kaitlyn Sadtler', 'Wenting Gao', 'Jiaqi Lin', 'Joshua C. Doloff', 'Robert Langer', 'Daniel G. Anderson']",https://doi.org/10.1038/s41587-019-0247-3,Nature Biotechnology,2019.0,CCCCCCCC/C=C\CCCCCCCC1(CCCCCCC/C=C\CCCCCCCC)C=NC(C(=O)OCC)N1CCCN1CCCC1,CCCCCCCCCCCCCCOC(=O)CCOCCOCCOCCOCCOCCOCCOCCOCCOCCOCCOCCOCCOCCOCCOCCOCCOCCOCCOCCOCCOCCOCCOCCOCCOCCOCCOCCOCCOCCOCCOCCOCCOCCOCCOCCOCCOCCOCCOCCOCCOCCOCCOCCOCCOCCOCCOCCOCCOCCOCCOCCOCCOCCOCCOCCOCCOCCOCCOCCOCCOCCOCCOCCOCCOCCOCCOCCOCCOCCOCCOCCOCCOCCOCCOCCOCCOCCOCCOCCOCCOCCOCCOCCOCCOCCOCCOCCOCCOCCO,CC(C)CCC[C@@H](C)[C@H]1CC[C@H]2[C@@H]3CC=C4C[C@@H](O)CC[C@]4(C)[C@H]3CC[C@]12C,CCCCCCCC/C=C\CCCCCCCC(=O)OC[C@H](COP(=O)(O)OCCN)OC(=O)CCCCCCC/C=C\CCCCCCCC,55.5,35.0,1.5,47.5,16.0,0.35,0.015,0.475,0.16,140.6,0.1
992,A2-Iso5-2DC18,C14-PEG2000,cholesterol,DOPE,35:2.8:46.2:16,88.6,0.2,,65.6,WR:10(wt/wt)[lipid:mRNA],mRNA,firefly_luciferase,C14-PEG2000,A2-Iso5-2DC18,DOPE,cholesterol,"synthesis_method: Microfluidic; device_used: microfluidic chip device; total_flow_rate_ml_min: ; flow_rate_ratio: 3:1 (ethanol:aqueous); aqueous_phase_composition: 10mM citrate buffer (pH 3.0); organic_phase_composition: ethanol; mixing_time_sec: ; temperature_condition: room temperature; post_processing: dialysis against 1X PBS; sterilization: ; storage_buffer: 1X PBS, stored at 4¡ÆC",animal_model: C57BL/6 mice; administration_route: intramuscular; gene_expression_result: 4.91E+07 RLU (in vivo i.m.),Delivery of mRNA vaccines with heterocyclic lipids increases anti-tumor efficacy by STING-mediated immune cell activation,"['Lei Miao', 'Linxian Li', 'Yuxuan Huang', 'Derfogail Delcassian', 'Jasdave Chahal', 'Jinsong Han', 'Yunhua Shi', 'Kaitlyn Sadtler', 'Wenting Gao', 'Jiaqi Lin', 'Joshua C. Doloff', 'Robert Langer', 'Daniel G. Anderson']",https://doi.org/10.1038/s41587-019-0247-3,Nature Biotechnology,2019.0,CCCCCCCC/C=C\CCCCCCCC1(CCCCCCC/C=C\CCCCCCCC)C=NC(C(=O)OCC)N1CCCN1CCCC1,CCCCCCCCCCCCCCOC(=O)CCOCCOCCOCCOCCOCCOCCOCCOCCOCCOCCOCCOCCOCCOCCOCCOCCOCCOCCOCCOCCOCCOCCOCCOCCOCCOCCOCCOCCOCCOCCOCCOCCOCCOCCOCCOCCOCCOCCOCCOCCOCCOCCOCCOCCOCCOCCOCCOCCOCCOCCOCCOCCOCCOCCOCCOCCOCCOCCOCCOCCOCCOCCOCCOCCOCCOCCOCCOCCOCCOCCOCCOCCOCCOCCOCCOCCOCCOCCOCCOCCOCCOCCOCCOCCOCCOCCOCCOCCOCCO,CC(C)CCC[C@@H](C)[C@H]1CC[C@H]2[C@@H]3CC=C4C[C@@H](O)CC[C@]4(C)[C@H]3CC[C@]12C,CCCCCCCC/C=C\CCCCCCCC(=O)OC[C@H](COP(=O)(O)OCCN)OC(=O)CCCCCCC/C=C\CCCCCCCC,65.6,35.0,2.8,46.2,16.0,0.35,0.027999999999999997,0.462,0.16,88.6,0.2
995,C12-200,DMG-PEG2000,cholesterol,DSPC,50:10:38.5:1.5,80,,,90,OTHER:7:1 total lipid to siRNA ratio (wt:wt),siRNA,factor_vii,mPEG2000-DMG,C12-200,DSPC,cholesterol,"synthesis_method: T-junction mixing; device_used: peristaltic pump with dual pump heads; total_flow_rate_ml_min: equivalent volumetric flow rates; flow_rate_ratio: 1:1 (organic:aqueous); aqueous_phase_composition: 10 mM citrate, pH 3 buffer; organic_phase_composition: 90% ethanol; mixing_time_sec: ; temperature_condition: ; post_processing: dialysis against PBS (155 mM NaCl, 3 mM Na2HPO4, 1 mM KH2PO4, pH 7.5); sterilization: ; storage_buffer: PBS (155 mM NaCl, 3 mM Na2HPO4, 1 mM KH2PO4, pH 7.5)","cell_line: HeLa-derived luciferase expressing cells; animal_model: C57BL/6 mice; administration_route: intravenous (tail vein); dose: 0.003-6 mg/kg entrapped siRNA; gene_expression_result: >90% silencing at 0.01 mg/kg, two orders-of-magnitude higher potency than LNP01; biodistribution_result: liver-specific delivery; toxicity_profile: no toxicity at 1 mg/kg (ALT: 37.0¡¾7.8 U/L, AST: 77.7¡¾25.5 U/L, ALP: 123.3¡¾25.6 U/L)","Lipid-like materials for low-dose, in vivo gene silencing","['Kevin T. Love', 'Kerry P. Mahon', 'Christopher G. Levins', 'Kathryn A. Whitehead', 'William Querbes', 'J. Robert Dorkin', 'June Qin', 'William Cantley', 'Liu Liang Qin', 'Timothy Racie', 'Maria Frank-Kamenetsky', 'Ka Ning Yip', 'Rene Alvarez', 'Dinah W. Y. Sah', 'Antonin de Fougerolles', 'Kevin Fitzgerald', 'Victor Koteliansky', 'Akin Akinc', 'Robert Langer', 'Daniel G. Anderson']",10.1073/pnas.0910603106,PNAS,2010.0,CCCCCCCCCCCCC(O)CN(CCN1CCN(CCN)C(CN(CC(O)CCCCCCCCCCCC)CN(CC(O)CCCCCCCCCCCC)CC(O)CCCCCCCCCCCC)C1)CC(O)CCCCCCCCCCCC,CCCCCCCCCCCCCC(=O)OCC(COP(=O)([O-])OCCOCCOCCOCCOCCOCCOCCOCCOCCOCCOCCOCCOCCOCCOCCOCCOCCOCCOCCOCCOCCOCCOCCOCCOCCOCCOCCOCCOCCOCCOCCOCCOCCOCCOCCOCCOCCOCCOCCOCCOCCOCCOCCOCCOCCOCCOCCOCCOCCOCCOCCOCCOCCOCCOCCOCCOCCOCCOCCOCCOCCOCCOCCOCCOCCOCCOCCOCCOCCOCCOCCOCCOCCOCCOCCOCCOCCOCCOCCOCCOCCOCCOCCOCCOCCOCCOCCOCCOCCOCCO)OC(=O)CCCCCCCCCCCCC,CC(C)CCC[C@@H](C)[C@H]1CC[C@H]2[C@@H]3CC=C4C[C@@H](O)CC[C@]4(C)[C@H]3CC[C@]12C,CCCCCCCCCCCCCCCCCC(=O)OC[C@H](COP(=O)([O-])OCC[N+](C)(C)C)OC(=O)CCCCCCCCCCCCCCCCC,90.0,50.0,10.0,38.5,1.5,0.5,0.1,0.385,0.015,80.0,
996,C12-200,DMG-PEG2000,cholesterol,DSPC,50:10:38.5:1.5,80,,,90,OTHER:7:1 total lipid to siRNA ratio (wt:wt),siRNA,factor_vii,mPEG2000-DMG,C12-200,DSPC,cholesterol,"synthesis_method: T-junction mixing; device_used: peristaltic pump with dual pump heads; total_flow_rate_ml_min: equivalent volumetric flow rates; flow_rate_ratio: 1:1 (organic:aqueous); aqueous_phase_composition: 10 mM citrate, pH 3 buffer; organic_phase_composition: 90% ethanol; mixing_time_sec: ; temperature_condition: ; post_processing: dialysis against PBS; sterilization: ; storage_buffer: PBS",animal_model: C57BL/6 mice; administration_route: intravenous (tail vein); dose: 0.005-0.2 mg/kg per siRNA (1 mg/kg total siRNA); gene_expression_result: >65% silencing of all five genes at 0.2 mg/kg per siRNA; biodistribution_result: liver-specific delivery; toxicity_profile: no adverse side effects observed,"Lipid-like materials for low-dose, in vivo gene silencing","['Kevin T. Love', 'Kerry P. Mahon', 'Christopher G. Levins', 'Kathryn A. Whitehead', 'William Querbes', 'J. Robert Dorkin', 'June Qin', 'William Cantley', 'Liu Liang Qin', 'Timothy Racie', 'Maria Frank-Kamenetsky', 'Ka Ning Yip', 'Rene Alvarez', 'Dinah W. Y. Sah', 'Antonin de Fougerolles', 'Kevin Fitzgerald', 'Victor Koteliansky', 'Akin Akinc', 'Robert Langer', 'Daniel G. Anderson']",10.1073/pnas.0910603106,PNAS,2010.0,CCCCCCCCCCCCC(O)CN(CCN1CCN(CCN)C(CN(CC(O)CCCCCCCCCCCC)CN(CC(O)CCCCCCCCCCCC)CC(O)CCCCCCCCCCCC)C1)CC(O)CCCCCCCCCCCC,CCCCCCCCCCCCCC(=O)OCC(COP(=O)([O-])OCCOCCOCCOCCOCCOCCOCCOCCOCCOCCOCCOCCOCCOCCOCCOCCOCCOCCOCCOCCOCCOCCOCCOCCOCCOCCOCCOCCOCCOCCOCCOCCOCCOCCOCCOCCOCCOCCOCCOCCOCCOCCOCCOCCOCCOCCOCCOCCOCCOCCOCCOCCOCCOCCOCCOCCOCCOCCOCCOCCOCCOCCOCCOCCOCCOCCOCCOCCOCCOCCOCCOCCOCCOCCOCCOCCOCCOCCOCCOCCOCCOCCOCCOCCOCCOCCOCCOCCOCCOCCO)OC(=O)CCCCCCCCCCCCC,CC(C)CCC[C@@H](C)[C@H]1CC[C@H]2[C@@H]3CC=C4C[C@@H](O)CC[C@]4(C)[C@H]3CC[C@]12C,CCCCCCCCCCCCCCCCCC(=O)OC[C@H](COP(=O)([O-])OCC[N+](C)(C)C)OC(=O)CCCCCCCCCCCCCCCCC,90.0,50.0,10.0,38.5,1.5,0.5,0.1,0.385,0.015,80.0,
997,C12-200,DMG-PEG2000,cholesterol,DSPC,50:10:38.5:1.5,80,,,90,OTHER:7:1 total lipid to siRNA ratio (wt:wt),siRNA,not_specified,mPEG2000-DMG,C12-200,DSPC,cholesterol,"synthesis_method: T-junction mixing; device_used: peristaltic pump with dual pump heads; total_flow_rate_ml_min: equivalent volumetric flow rates; flow_rate_ratio: 1:1 (organic:aqueous); aqueous_phase_composition: 10 mM citrate, pH 3 buffer; organic_phase_composition: 90% ethanol; mixing_time_sec: ; temperature_condition: ; post_processing: dialysis against PBS; sterilization: ; storage_buffer: PBS","animal_model: Cynomolgus monkeys; administration_route: intravenous (cephalic vein); dose: 0.03-0.3 mg/kg siTTR; gene_expression_result: high levels of specific knockdown at all doses, most efficacious knockdown yet reported in primates; biodistribution_result: liver-specific delivery","Lipid-like materials for low-dose, in vivo gene silencing","['Kevin T. Love', 'Kerry P. Mahon', 'Christopher G. Levins', 'Kathryn A. Whitehead', 'William Querbes', 'J. Robert Dorkin', 'June Qin', 'William Cantley', 'Liu Liang Qin', 'Timothy Racie', 'Maria Frank-Kamenetsky', 'Ka Ning Yip', 'Rene Alvarez', 'Dinah W. Y. Sah', 'Antonin de Fougerolles', 'Kevin Fitzgerald', 'Victor Koteliansky', 'Akin Akinc', 'Robert Langer', 'Daniel G. Anderson']",10.1073/pnas.0910603106,PNAS,2010.0,CCCCCCCCCCCCC(O)CN(CCN1CCN(CCN)C(CN(CC(O)CCCCCCCCCCCC)CN(CC(O)CCCCCCCCCCCC)CC(O)CCCCCCCCCCCC)C1)CC(O)CCCCCCCCCCCC,CCCCCCCCCCCCCC(=O)OCC(COP(=O)([O-])OCCOCCOCCOCCOCCOCCOCCOCCOCCOCCOCCOCCOCCOCCOCCOCCOCCOCCOCCOCCOCCOCCOCCOCCOCCOCCOCCOCCOCCOCCOCCOCCOCCOCCOCCOCCOCCOCCOCCOCCOCCOCCOCCOCCOCCOCCOCCOCCOCCOCCOCCOCCOCCOCCOCCOCCOCCOCCOCCOCCOCCOCCOCCOCCOCCOCCOCCOCCOCCOCCOCCOCCOCCOCCOCCOCCOCCOCCOCCOCCOCCOCCOCCOCCOCCOCCOCCOCCOCCOCCO)OC(=O)CCCCCCCCCCCCC,CC(C)CCC[C@@H](C)[C@H]1CC[C@H]2[C@@H]3CC=C4C[C@@H](O)CC[C@]4(C)[C@H]3CC[C@]12C,CCCCCCCCCCCCCCCCCC(=O)OC[C@H](COP(=O)([O-])OCC[N+](C)(C)C)OC(=O)CCCCCCCCCCCCCCCCC,90.0,50.0,10.0,38.5,1.5,0.5,0.1,0.385,0.015,80.0,
1005,Custom lipid,C14-PEG2000,cholesterol,DOPE,35:16:46.5:2.5,149.2,0.106,,31.1,WR:10(wt/wt)[lipidoid:mRNA],mRNA,firefly_luciferase,C14-mPEG2000,"306O6 (3,3'-diamino-N-methyldipropylamine + hexyl acrylate)","DOPE (1,2-dioleoyl-sn-glycero-3-phosphoethanolamine)",cholesterol,"synthesis_method: nanoprecipitation; device_used: ; total_flow_rate_ml_min: ; flow_rate_ratio: 1:1 (lipid solution:mRNA solution); aqueous_phase_composition: 10 mM sodium citrate buffer; organic_phase_composition: 90% ethanol and 10% 10 mM sodium citrate (by volume); mixing_time_sec: ; temperature_condition: ; post_processing: dialysis against PBS for 60-90 minutes in 3,500 molecular weight cut-off cassettes; sterilization: ; storage_buffer: PBS","cell_line: HeLa; animal_model: female C57BL/6 mice; administration_route: IV (tail vein injection); dose: 0.75 mg/kg mRNA; gene_expression_result: minimal luciferase expression; biodistribution_result: liver, spleen, kidneys, lungs (similar to other LNPs)",Branched-Tail Lipid Nanoparticles Potently Deliver mRNA In Vivo due to Enhanced Ionization at Endosomal pH,"['Khalid A. Hajj', 'Rebecca L. Ball', 'Sarah B. Deluty', 'Shridhar R. Singh', 'Daria Strelkova', 'Christopher M. Knapp', 'Kathryn A. Whitehead']",10.1002/smll.201805097,Small,2019.0,CCCCCCOC(=O)CCN(CCCN(C)CCCN(CCC(=O)OCCCCCC)CCC(=O)OCCCCCC)CCC(=O)OCCCCCC,CCCCCCCCCCCCCCOC(=O)CCOCCOCCOCCOCCOCCOCCOCCOCCOCCOCCOCCOCCOCCOCCOCCOCCOCCOCCOCCOCCOCCOCCOCCOCCOCCOCCOCCOCCOCCOCCOCCOCCOCCOCCOCCOCCOCCOCCOCCOCCOCCOCCOCCOCCOCCOCCOCCOCCOCCOCCOCCOCCOCCOCCOCCOCCOCCOCCOCCOCCOCCOCCOCCOCCOCCOCCOCCOCCOCCOCCOCCOCCOCCOCCOCCOCCOCCOCCOCCOCCOCCOCCOCCOCCOCCOCCOCCOCCOCCO,CC(C)CCC[C@@H](C)[C@H]1CC[C@H]2[C@@H]3CC=C4C[C@@H](O)CC[C@]4(C)[C@H]3CC[C@]12C,CCCCCCCC/C=C\CCCCCCCC(=O)OC[C@H](COP(=O)(O)OCCN)OC(=O)CCCCCCC/C=C\CCCCCCCC,31.1,35.0,16.0,46.5,2.5,0.35,0.16,0.465,0.025,149.2,0.106
1006,Custom lipid,C14-PEG2000,cholesterol,DOPE,35:16:46.5:2.5,161.6,0.129,,89.7,WR:10(wt/wt)[lipidoid:mRNA],mRNA,firefly_luciferase,C14-mPEG2000,"306O8 (3,3'-diamino-N-methyldipropylamine + octyl acrylate)",DOPE,cholesterol,synthesis_method: nanoprecipitation; device_used: ; total_flow_rate_ml_min: ; flow_rate_ratio: 1:1; aqueous_phase_composition: 10 mM sodium citrate buffer; organic_phase_composition: 90% ethanol and 10% 10 mM sodium citrate; mixing_time_sec: ; temperature_condition: ; post_processing: dialysis against PBS for 60-90 minutes; sterilization: ; storage_buffer: PBS,"cell_line: HeLa; animal_model: female C57BL/6 mice; administration_route: IV; dose: 0.75 mg/kg mRNA; gene_expression_result: modest luciferase expression; biodistribution_result: liver, spleen, kidneys, lungs",Branched-Tail Lipid Nanoparticles Potently Deliver mRNA In Vivo due to Enhanced Ionization at Endosomal pH,"['Khalid A. Hajj', 'Rebecca L. Ball', 'Sarah B. Deluty', 'Shridhar R. Singh', 'Daria Strelkova', 'Christopher M. Knapp', 'Kathryn A. Whitehead']",10.1002/smll.201805097,Small,2019.0,CCCCCCCCOC(=O)CCN(CCCN(N)CCCN(CCC(=O)OCCCCCCCC)CCC(=O)OCCCCCCCC)CCC(=O)OCCCCCCCC,CCCCCCCCCCCCCCOC(=O)CCOCCOCCOCCOCCOCCOCCOCCOCCOCCOCCOCCOCCOCCOCCOCCOCCOCCOCCOCCOCCOCCOCCOCCOCCOCCOCCOCCOCCOCCOCCOCCOCCOCCOCCOCCOCCOCCOCCOCCOCCOCCOCCOCCOCCOCCOCCOCCOCCOCCOCCOCCOCCOCCOCCOCCOCCOCCOCCOCCOCCOCCOCCOCCOCCOCCOCCOCCOCCOCCOCCOCCOCCOCCOCCOCCOCCOCCOCCOCCOCCOCCOCCOCCOCCOCCOCCOCCOCCOCCO,CC(C)CCC[C@@H](C)[C@H]1CC[C@H]2[C@@H]3CC=C4C[C@@H](O)CC[C@]4(C)[C@H]3CC[C@]12C,CCCCCCCC/C=C\CCCCCCCC(=O)OC[C@H](COP(=O)(O)OCCN)OC(=O)CCCCCCC/C=C\CCCCCCCC,89.7,35.0,16.0,46.5,2.5,0.35,0.16,0.465,0.025,161.6,0.129
1007,Custom lipid,C14-PEG2000,cholesterol,DOPE,35:16:46.5:2.5,166.6,0.135,,93.6,WR:10(wt/wt)[lipidoid:mRNA],mRNA,firefly_luciferase,C14-mPEG2000,"306O9 (3,3'-diamino-N-methyldipropylamine + nonyl acrylate)",DOPE,cholesterol,synthesis_method: nanoprecipitation; device_used: ; total_flow_rate_ml_min: ; flow_rate_ratio: 1:1; aqueous_phase_composition: 10 mM sodium citrate buffer; organic_phase_composition: 90% ethanol and 10% 10 mM sodium citrate; mixing_time_sec: ; temperature_condition: ; post_processing: dialysis against PBS for 60-90 minutes; sterilization: ; storage_buffer: PBS,"cell_line: HeLa; animal_model: female C57BL/6 mice; administration_route: IV; dose: 0.75 mg/kg mRNA; gene_expression_result: modest luciferase expression; biodistribution_result: liver, spleen, kidneys, lungs",Branched-Tail Lipid Nanoparticles Potently Deliver mRNA In Vivo due to Enhanced Ionization at Endosomal pH,"['Khalid A. Hajj', 'Rebecca L. Ball', 'Sarah B. Deluty', 'Shridhar R. Singh', 'Daria Strelkova', 'Christopher M. Knapp', 'Kathryn A. Whitehead']",10.1002/smll.201805097,Small,2019.0,CCCCCCCCCOC(=O)CCN(CCCN(C)CCCN(CCC(=O)OCCCCCCCCC)CCC(=O)OCCCCCCCCC)CCC(=O)OCCCCCCCCC,CCCCCCCCCCCCCCOC(=O)CCOCCOCCOCCOCCOCCOCCOCCOCCOCCOCCOCCOCCOCCOCCOCCOCCOCCOCCOCCOCCOCCOCCOCCOCCOCCOCCOCCOCCOCCOCCOCCOCCOCCOCCOCCOCCOCCOCCOCCOCCOCCOCCOCCOCCOCCOCCOCCOCCOCCOCCOCCOCCOCCOCCOCCOCCOCCOCCOCCOCCOCCOCCOCCOCCOCCOCCOCCOCCOCCOCCOCCOCCOCCOCCOCCOCCOCCOCCOCCOCCOCCOCCOCCOCCOCCOCCOCCOCCOCCO,CC(C)CCC[C@@H](C)[C@H]1CC[C@H]2[C@@H]3CC=C4C[C@@H](O)CC[C@]4(C)[C@H]3CC[C@]12C,CCCCCCCC/C=C\CCCCCCCC(=O)OC[C@H](COP(=O)(O)OCCN)OC(=O)CCCCCCC/C=C\CCCCCCCC,93.6,35.0,16.0,46.5,2.5,0.35,0.16,0.465,0.025,166.6,0.135
1008,Custom lipid,C14-PEG2000,cholesterol,DOPE,35:16:46.5:2.5,173.9,0.138,,89.3,WR:10(wt/wt)[lipidoid:mRNA],mRNA,"firefly_luciferase, epo",C14-mPEG2000,"306Oi10 (3,3'-diamino-N-methyldipropylamine + branched decyl acrylate with one-carbon branch)",DOPE,cholesterol,synthesis_method: nanoprecipitation; device_used: ; total_flow_rate_ml_min: ; flow_rate_ratio: 1:1; aqueous_phase_composition: 10 mM sodium citrate buffer; organic_phase_composition: 90% ethanol and 10% 10 mM sodium citrate; mixing_time_sec: ; temperature_condition: ; post_processing: dialysis against PBS for 60-90 minutes; sterilization: ; storage_buffer: PBS,"cell_line: HeLa; animal_model: female C57BL/6 mice; administration_route: IV; dose: 0.75 mg/kg mRNA (dose range tested: 0.25-1.5 mg/kg); gene_expression_result: tenfold more potent than 306O10; ~92% expression in liver; dose-dependent expression; biodistribution_result: liver, spleen, kidneys, lungs; predominantly liver accumulation",Branched-Tail Lipid Nanoparticles Potently Deliver mRNA In Vivo due to Enhanced Ionization at Endosomal pH,"['Khalid A. Hajj', 'Rebecca L. Ball', 'Sarah B. Deluty', 'Shridhar R. Singh', 'Daria Strelkova', 'Christopher M. Knapp', 'Kathryn A. Whitehead']",10.1002/smll.201805097,Small,2019.0,CCCCCCCCC(C)COC(=O)CCN(CCCN(C)CCCN(CCC(=O)OCC(C)CCCCCCCC)CCC(=O)OCC(C)CCCCCCCC)CCC(=O)OCC(C)CCCCCCC,CCCCCCCCCCCCCCOC(=O)CCOCCOCCOCCOCCOCCOCCOCCOCCOCCOCCOCCOCCOCCOCCOCCOCCOCCOCCOCCOCCOCCOCCOCCOCCOCCOCCOCCOCCOCCOCCOCCOCCOCCOCCOCCOCCOCCOCCOCCOCCOCCOCCOCCOCCOCCOCCOCCOCCOCCOCCOCCOCCOCCOCCOCCOCCOCCOCCOCCOCCOCCOCCOCCOCCOCCOCCOCCOCCOCCOCCOCCOCCOCCOCCOCCOCCOCCOCCOCCOCCOCCOCCOCCOCCOCCOCCOCCOCCOCCO,CC(C)CCC[C@@H](C)[C@H]1CC[C@H]2[C@@H]3CC=C4C[C@@H](O)CC[C@]4(C)[C@H]3CC[C@]12C,CCCCCCCC/C=C\CCCCCCCC(=O)OC[C@H](COP(=O)(O)OCCN)OC(=O)CCCCCCC/C=C\CCCCCCCC,89.3,35.0,16.0,46.5,2.5,0.35,0.16,0.465,0.025,173.9,0.138
1009,Custom lipid,C14-PEG2000,cholesterol,DOPE,35:16:46.5:2.5,160,0.141,,89.7,WR:10(wt/wt)[lipidoid:mRNA],mRNA,"firefly_luciferase, epo",C14-mPEG2000,"306O10 (3,3'-diamino-N-methyldipropylamine + straight decyl acrylate)",DOPE,cholesterol,synthesis_method: nanoprecipitation; device_used: ; total_flow_rate_ml_min: ; flow_rate_ratio: 1:1; aqueous_phase_composition: 10 mM sodium citrate buffer; organic_phase_composition: 90% ethanol and 10% 10 mM sodium citrate; mixing_time_sec: ; temperature_condition: ; post_processing: dialysis against PBS for 60-90 minutes; sterilization: ; storage_buffer: PBS,"cell_line: HeLa; animal_model: female C57BL/6 mice; administration_route: IV; dose: 0.75 mg/kg mRNA (dose range tested: 0.25-1.5 mg/kg); gene_expression_result: potent luciferase delivery; ~63% spleen and ~34% liver expression; dose-dependent; biodistribution_result: liver, spleen, kidneys, lungs; higher spleen accumulation than 306Oi10",Branched-Tail Lipid Nanoparticles Potently Deliver mRNA In Vivo due to Enhanced Ionization at Endosomal pH,"['Khalid A. Hajj', 'Rebecca L. Ball', 'Sarah B. Deluty', 'Shridhar R. Singh', 'Daria Strelkova', 'Christopher M. Knapp', 'Kathryn A. Whitehead']",10.1002/smll.201805097,Small,2019.0,CCCCCCCCCCOC(=O)CCN(CCCN(C)CCCN(CCC(=O)OCCCCCCCCCC)CCC(=O)OCCCCCCCCCC)CCC(=O)OCCCCCCCCCC,CCCCCCCCCCCCCCOC(=O)CCOCCOCCOCCOCCOCCOCCOCCOCCOCCOCCOCCOCCOCCOCCOCCOCCOCCOCCOCCOCCOCCOCCOCCOCCOCCOCCOCCOCCOCCOCCOCCOCCOCCOCCOCCOCCOCCOCCOCCOCCOCCOCCOCCOCCOCCOCCOCCOCCOCCOCCOCCOCCOCCOCCOCCOCCOCCOCCOCCOCCOCCOCCOCCOCCOCCOCCOCCOCCOCCOCCOCCOCCOCCOCCOCCOCCOCCOCCOCCOCCOCCOCCOCCOCCOCCOCCOCCOCCOCCO,CC(C)CCC[C@@H](C)[C@H]1CC[C@H]2[C@@H]3CC=C4C[C@@H](O)CC[C@]4(C)[C@H]3CC[C@]12C,CCCCCCCC/C=C\CCCCCCCC(=O)OC[C@H](COP(=O)(O)OCCN)OC(=O)CCCCCCC/C=C\CCCCCCCC,89.7,35.0,16.0,46.5,2.5,0.35,0.16,0.465,0.025,160.0,0.141
1010,Custom lipid,C14-PEG2000,cholesterol,DOPE,35:16:46.5:2.5,163.2,0.117,,84.7,WR:10(wt/wt)[lipidoid:mRNA],mRNA,firefly_luciferase,C14-mPEG2000,"306O11 (3,3'-diamino-N-methyldipropylamine + undecyl acrylate)",DOPE,cholesterol,synthesis_method: nanoprecipitation; device_used: ; total_flow_rate_ml_min: ; flow_rate_ratio: 1:1; aqueous_phase_composition: 10 mM sodium citrate buffer; organic_phase_composition: 90% ethanol and 10% 10 mM sodium citrate; mixing_time_sec: ; temperature_condition: ; post_processing: dialysis against PBS for 60-90 minutes; sterilization: ; storage_buffer: PBS,"cell_line: HeLa; animal_model: female C57BL/6 mice; administration_route: IV; dose: 0.75 mg/kg mRNA; gene_expression_result: modest luciferase expression; biodistribution_result: liver, spleen, kidneys, lungs",Branched-Tail Lipid Nanoparticles Potently Deliver mRNA In Vivo due to Enhanced Ionization at Endosomal pH,"['Khalid A. Hajj', 'Rebecca L. Ball', 'Sarah B. Deluty', 'Shridhar R. Singh', 'Daria Strelkova', 'Christopher M. Knapp', 'Kathryn A. Whitehead']",10.1002/smll.201805097,Small,2019.0,CCCCCCCCCCCOC(=O)CCN(CCCN(C)CCCN(CCC(=O)OCCCCCCCCCCC)CCC(=O)OCCCCCCCCCCC)CCC(=O)OCCCCCCCCCCC,CCCCCCCCCCCCCCOC(=O)CCOCCOCCOCCOCCOCCOCCOCCOCCOCCOCCOCCOCCOCCOCCOCCOCCOCCOCCOCCOCCOCCOCCOCCOCCOCCOCCOCCOCCOCCOCCOCCOCCOCCOCCOCCOCCOCCOCCOCCOCCOCCOCCOCCOCCOCCOCCOCCOCCOCCOCCOCCOCCOCCOCCOCCOCCOCCOCCOCCOCCOCCOCCOCCOCCOCCOCCOCCOCCOCCOCCOCCOCCOCCOCCOCCOCCOCCOCCOCCOCCOCCOCCOCCOCCOCCOCCOCCOCCOCCO,CC(C)CCC[C@@H](C)[C@H]1CC[C@H]2[C@@H]3CC=C4C[C@@H](O)CC[C@]4(C)[C@H]3CC[C@]12C,CCCCCCCC/C=C\CCCCCCCC(=O)OC[C@H](COP(=O)(O)OCCN)OC(=O)CCCCCCC/C=C\CCCCCCCC,84.7,35.0,16.0,46.5,2.5,0.35,0.16,0.465,0.025,163.2,0.117
1011,Custom lipid,C14-PEG2000,cholesterol,DOPE,35:16:46.5:2.5,138.9,0.19,,88.1,WR:10(wt/wt)[lipidoid:mRNA],mRNA,firefly_luciferase,C14-mPEG2000,"306O12 (3,3'-diamino-N-methyldipropylamine + dodecyl acrylate)",DOPE,cholesterol,synthesis_method: nanoprecipitation; device_used: ; total_flow_rate_ml_min: ; flow_rate_ratio: 1:1; aqueous_phase_composition: 10 mM sodium citrate buffer; organic_phase_composition: 90% ethanol and 10% 10 mM sodium citrate; mixing_time_sec: ; temperature_condition: ; post_processing: dialysis against PBS for 60-90 minutes; sterilization: ; storage_buffer: PBS,"cell_line: HeLa; animal_model: female C57BL/6 mice; administration_route: IV; dose: 0.75 mg/kg mRNA; gene_expression_result: modest luciferase expression; biodistribution_result: liver, spleen, kidneys, lungs",Branched-Tail Lipid Nanoparticles Potently Deliver mRNA In Vivo due to Enhanced Ionization at Endosomal pH,"['Khalid A. Hajj', 'Rebecca L. Ball', 'Sarah B. Deluty', 'Shridhar R. Singh', 'Daria Strelkova', 'Christopher M. Knapp', 'Kathryn A. Whitehead']",10.1002/smll.201805097,Small,2019.0,CCCCCCCCCCCCOC(=O)CCN(CCCN(C)CCCN(CCC(=O)OCCCCCCCCCCCC)CCC(=O)OCCCCCCCCCCCC)CCC(=O)OCCCCCCCCCCC,CCCCCCCCCCCCCCOC(=O)CCOCCOCCOCCOCCOCCOCCOCCOCCOCCOCCOCCOCCOCCOCCOCCOCCOCCOCCOCCOCCOCCOCCOCCOCCOCCOCCOCCOCCOCCOCCOCCOCCOCCOCCOCCOCCOCCOCCOCCOCCOCCOCCOCCOCCOCCOCCOCCOCCOCCOCCOCCOCCOCCOCCOCCOCCOCCOCCOCCOCCOCCOCCOCCOCCOCCOCCOCCOCCOCCOCCOCCOCCOCCOCCOCCOCCOCCOCCOCCOCCOCCOCCOCCOCCOCCOCCOCCOCCOCCO,CC(C)CCC[C@@H](C)[C@H]1CC[C@H]2[C@@H]3CC=C4C[C@@H](O)CC[C@]4(C)[C@H]3CC[C@]12C,CCCCCCCC/C=C\CCCCCCCC(=O)OC[C@H](COP(=O)(O)OCCN)OC(=O)CCCCCCC/C=C\CCCCCCCC,88.1,35.0,16.0,46.5,2.5,0.35,0.16,0.465,0.025,138.9,0.19
1012,Custom lipid,C14-PEG2000,cholesterol,DOPE,35:16:46.5:2.5,139.5,0.127,,86.2,WR:10(wt/wt)[lipidoid:mRNA],mRNA,firefly_luciferase,C14-mPEG2000,"306O13 (3,3'-diamino-N-methyldipropylamine + tridecyl acrylate)",DOPE,cholesterol,synthesis_method: nanoprecipitation; device_used: ; total_flow_rate_ml_min: ; flow_rate_ratio: 1:1; aqueous_phase_composition: 10 mM sodium citrate buffer; organic_phase_composition: 90% ethanol and 10% 10 mM sodium citrate; mixing_time_sec: ; temperature_condition: ; post_processing: dialysis against PBS for 60-90 minutes; sterilization: ; storage_buffer: PBS,"cell_line: HeLa; animal_model: female C57BL/6 mice; administration_route: IV; dose: 0.75 mg/kg mRNA; gene_expression_result: modest luciferase expression; biodistribution_result: liver, spleen, kidneys, lungs",Branched-Tail Lipid Nanoparticles Potently Deliver mRNA In Vivo due to Enhanced Ionization at Endosomal pH,"['Khalid A. Hajj', 'Rebecca L. Ball', 'Sarah B. Deluty', 'Shridhar R. Singh', 'Daria Strelkova', 'Christopher M. Knapp', 'Kathryn A. Whitehead']",10.1002/smll.201805097,Small,2019.0,CCCCCCCCCCCCCOC(=O)CCN(CCCN(C)CCCN(CCC(=O)OCCCCCCCCCCCCC)CCC(=O)OCCCCCCCCCCCCC)CCC(=O)OCCCCCCCCCCCCC,CCCCCCCCCCCCCCOC(=O)CCOCCOCCOCCOCCOCCOCCOCCOCCOCCOCCOCCOCCOCCOCCOCCOCCOCCOCCOCCOCCOCCOCCOCCOCCOCCOCCOCCOCCOCCOCCOCCOCCOCCOCCOCCOCCOCCOCCOCCOCCOCCOCCOCCOCCOCCOCCOCCOCCOCCOCCOCCOCCOCCOCCOCCOCCOCCOCCOCCOCCOCCOCCOCCOCCOCCOCCOCCOCCOCCOCCOCCOCCOCCOCCOCCOCCOCCOCCOCCOCCOCCOCCOCCOCCOCCOCCOCCOCCOCCO,CC(C)CCC[C@@H](C)[C@H]1CC[C@H]2[C@@H]3CC=C4C[C@@H](O)CC[C@]4(C)[C@H]3CC[C@]12C,CCCCCCCC/C=C\CCCCCCCC(=O)OC[C@H](COP(=O)(O)OCCN)OC(=O)CCCCCCC/C=C\CCCCCCCC,86.2,35.0,16.0,46.5,2.5,0.35,0.16,0.465,0.025,139.5,0.127
1013,Custom lipid,C14-PEG2000,cholesterol,DOPE,35:16:46.5:2.5,118.5,0.216,,82.1,WR:10(wt/wt)[lipidoid:mRNA],mRNA,firefly_luciferase,C14-mPEG2000,"306O14 (3,3'-diamino-N-methyldipropylamine + tetradecyl acrylate)",DOPE,cholesterol,synthesis_method: nanoprecipitation; device_used: ; total_flow_rate_ml_min: ; flow_rate_ratio: 1:1; aqueous_phase_composition: 10 mM sodium citrate buffer; organic_phase_composition: 90% ethanol and 10% 10 mM sodium citrate; mixing_time_sec: ; temperature_condition: ; post_processing: dialysis against PBS for 60-90 minutes; sterilization: ; storage_buffer: PBS,"cell_line: HeLa; animal_model: female C57BL/6 mice; administration_route: IV; dose: 0.75 mg/kg mRNA; gene_expression_result: modest luciferase expression; biodistribution_result: liver, spleen, kidneys, lungs",Branched-Tail Lipid Nanoparticles Potently Deliver mRNA In Vivo due to Enhanced Ionization at Endosomal pH,"['Khalid A. Hajj', 'Rebecca L. Ball', 'Sarah B. Deluty', 'Shridhar R. Singh', 'Daria Strelkova', 'Christopher M. Knapp', 'Kathryn A. Whitehead']",10.1002/smll.201805097,Small,2019.0,CCCCCCCCCCCCCCOC(=O)CCN(CCCN(C)CCCN(CCC(=O)OCCCCCCCCCCCCCC)CCC(=O)OCCCCCCCCCCCCCC)CCC(=O)OCCCCCCCCCCCCCC,CCCCCCCCCCCCCCOC(=O)CCOCCOCCOCCOCCOCCOCCOCCOCCOCCOCCOCCOCCOCCOCCOCCOCCOCCOCCOCCOCCOCCOCCOCCOCCOCCOCCOCCOCCOCCOCCOCCOCCOCCOCCOCCOCCOCCOCCOCCOCCOCCOCCOCCOCCOCCOCCOCCOCCOCCOCCOCCOCCOCCOCCOCCOCCOCCOCCOCCOCCOCCOCCOCCOCCOCCOCCOCCOCCOCCOCCOCCOCCOCCOCCOCCOCCOCCOCCOCCOCCOCCOCCOCCOCCOCCOCCOCCOCCOCCO,CC(C)CCC[C@@H](C)[C@H]1CC[C@H]2[C@@H]3CC=C4C[C@@H](O)CC[C@]4(C)[C@H]3CC[C@]12C,CCCCCCCC/C=C\CCCCCCCC(=O)OC[C@H](COP(=O)(O)OCCN)OC(=O)CCCCCCC/C=C\CCCCCCCC,82.1,35.0,16.0,46.5,2.5,0.35,0.16,0.465,0.025,118.5,0.216
1014,Custom lipid,C14-PEG2000,cholesterol,DOPE,35:16:46.5:2.5,180.7,0.17,,69,WR:10(wt/wt)[lipidoid:mRNA],mRNA,firefly_luciferase,C14-mPEG2000,"306O16 (3,3'-diamino-N-methyldipropylamine + hexadecyl acrylate)",DOPE,cholesterol,synthesis_method: nanoprecipitation; device_used: ; total_flow_rate_ml_min: ; flow_rate_ratio: 1:1; aqueous_phase_composition: 10 mM sodium citrate buffer; organic_phase_composition: 90% ethanol and 10% 10 mM sodium citrate; mixing_time_sec: ; temperature_condition: ; post_processing: dialysis against PBS for 60-90 minutes; sterilization: ; storage_buffer: PBS,"cell_line: HeLa; animal_model: female C57BL/6 mice; administration_route: IV; dose: 0.75 mg/kg mRNA; gene_expression_result: modest luciferase expression; biodistribution_result: liver, spleen, kidneys, lungs",Branched-Tail Lipid Nanoparticles Potently Deliver mRNA In Vivo due to Enhanced Ionization at Endosomal pH,"['Khalid A. Hajj', 'Rebecca L. Ball', 'Sarah B. Deluty', 'Shridhar R. Singh', 'Daria Strelkova', 'Christopher M. Knapp', 'Kathryn A. Whitehead']",10.1002/smll.201805097,Small,2019.0,CCCCCCCCCCCCCCCCOC(=O)CCN(CCCN(C)CCCN(CCC(=O)OCCCCCCCCCCCCCCCC)CCC(=O)OCCCCCCCCCCCCCCCC)CCC(=O)OCCCCCCCCCCCCCCCC,CCCCCCCCCCCCCCOC(=O)CCOCCOCCOCCOCCOCCOCCOCCOCCOCCOCCOCCOCCOCCOCCOCCOCCOCCOCCOCCOCCOCCOCCOCCOCCOCCOCCOCCOCCOCCOCCOCCOCCOCCOCCOCCOCCOCCOCCOCCOCCOCCOCCOCCOCCOCCOCCOCCOCCOCCOCCOCCOCCOCCOCCOCCOCCOCCOCCOCCOCCOCCOCCOCCOCCOCCOCCOCCOCCOCCOCCOCCOCCOCCOCCOCCOCCOCCOCCOCCOCCOCCOCCOCCOCCOCCOCCOCCOCCOCCO,CC(C)CCC[C@@H](C)[C@H]1CC[C@H]2[C@@H]3CC=C4C[C@@H](O)CC[C@]4(C)[C@H]3CC[C@]12C,CCCCCCCC/C=C\CCCCCCCC(=O)OC[C@H](COP(=O)(O)OCCN)OC(=O)CCCCCCC/C=C\CCCCCCCC,69.0,35.0,16.0,46.5,2.5,0.35,0.16,0.465,0.025,180.7,0.17
1015,Custom lipid,C14-PEG2000,cholesterol,DOPE,35:16:46.5:2.5,190.7,0.324,,64.4,WR:10(wt/wt)[lipidoid:mRNA],mRNA,firefly_luciferase,C14-mPEG2000,"306O18 (3,3'-diamino-N-methyldipropylamine + octadecyl acrylate)",DOPE,cholesterol,synthesis_method: nanoprecipitation; device_used: ; total_flow_rate_ml_min: ; flow_rate_ratio: 1:1; aqueous_phase_composition: 10 mM sodium citrate buffer; organic_phase_composition: 90% ethanol and 10% 10 mM sodium citrate; mixing_time_sec: ; temperature_condition: ; post_processing: dialysis against PBS for 60-90 minutes; sterilization: ; storage_buffer: PBS,"cell_line: HeLa; animal_model: female C57BL/6 mice; administration_route: IV; dose: 0.75 mg/kg mRNA; gene_expression_result: modest luciferase expression; biodistribution_result: liver, spleen, kidneys, lungs",Branched-Tail Lipid Nanoparticles Potently Deliver mRNA In Vivo due to Enhanced Ionization at Endosomal pH,"['Khalid A. Hajj', 'Rebecca L. Ball', 'Sarah B. Deluty', 'Shridhar R. Singh', 'Daria Strelkova', 'Christopher M. Knapp', 'Kathryn A. Whitehead']",10.1002/smll.201805097,Small,2019.0,CCCCCCCCCCCCCCCCCCOC(=O)CCN(CCCN(C)CCCN(CCC(=O)OCCCCCCCCCCCCCCCCCC)CCC(=O)OCCCCCCCCCCCCCCCCCC)CCC(=O)OCCCCCCCCCCCCCCCCCC,CCCCCCCCCCCCCCOC(=O)CCOCCOCCOCCOCCOCCOCCOCCOCCOCCOCCOCCOCCOCCOCCOCCOCCOCCOCCOCCOCCOCCOCCOCCOCCOCCOCCOCCOCCOCCOCCOCCOCCOCCOCCOCCOCCOCCOCCOCCOCCOCCOCCOCCOCCOCCOCCOCCOCCOCCOCCOCCOCCOCCOCCOCCOCCOCCOCCOCCOCCOCCOCCOCCOCCOCCOCCOCCOCCOCCOCCOCCOCCOCCOCCOCCOCCOCCOCCOCCOCCOCCOCCOCCOCCOCCOCCOCCOCCOCCO,CC(C)CCC[C@@H](C)[C@H]1CC[C@H]2[C@@H]3CC=C4C[C@@H](O)CC[C@]4(C)[C@H]3CC[C@]12C,CCCCCCCC/C=C\CCCCCCCC(=O)OC[C@H](COP(=O)(O)OCCN)OC(=O)CCCCCCC/C=C\CCCCCCCC,64.4,35.0,16.0,46.5,2.5,0.35,0.16,0.465,0.025,190.7,0.324
1020,DLinDMA,DMG-PEG2000,cholesterol,DSPC,40:2:48:10,162,0.13,,85.3,NP:8(molar) (nitrogen on DLinDMA to phosphate on RNA),mRNA,not_specified,PEG-DMG 2000,"DLinDMA (1,2-dilinoleyloxy-3-dimethylaminopropane)","DSPC (1,2-Diastearoyl-sn-glycero-3-phosphocholine)",cholesterol,"synthesis_method: Ethanol dilution process; device_used: KDS-220 syringe pump (kdScientific) with T-junction mixing; total_flow_rate_ml_min: ; flow_rate_ratio: 1:1:1 (lipid in ethanol:RNA in buffer:buffer); aqueous_phase_composition: 100 mM citrate buffer (pH 6); organic_phase_composition: ethanol; mixing_time_sec: ; temperature_condition: room temperature equilibration for 1 hour; post_processing: concentrated and dialyzed against 1¡¿ PBS using tangential flow filtration (TFF) with polyethersulfone (PES) hollow fiber membranes (100-kDa pore size cutoff, 20 cm©÷ surface area); sterilization: ; storage_buffer: 1¡¿ PBS",animal_model: BALB/c mice; administration_route: intramuscular (i.m.); dose: 0.1 ¥ìg RNA; gene_expression_result: SEAP expression measured by serum SEAP concentration,Nonviral delivery of self-amplifying RNA vaccines,"['Andrew J. Geall', 'Ayush Verma', 'Gillis R. Otten', 'Christine A. Shaw', 'Armin Hekele', 'Kaustuv Banerjee', 'Yen Cu', 'Clayton W. Beard', 'Luis A. Brito', 'Thomas Krucker', ""Derek T. O'Hagan"", 'Manmohan Singh', 'Peter W. Mason', 'Nicholas M. Valiente', 'Philip R. Dormitzer', 'Susan W. Barnett', 'Rino Rappuoli', 'Jeffrey B. Ulmer', 'Christian W. Mandl']",10.1073/pnas.1209367109,PNAS,2012.0,CCCCC/C=C\C/C=C\CCCCCCCCOCC(CN(C)C)OCCCCCCCC/C=C\C/C=C\CCCCC,CCCCCCCCCCCCCC(=O)OCC(COP(=O)([O-])OCCOCCOCCOCCOCCOCCOCCOCCOCCOCCOCCOCCOCCOCCOCCOCCOCCOCCOCCOCCOCCOCCOCCOCCOCCOCCOCCOCCOCCOCCOCCOCCOCCOCCOCCOCCOCCOCCOCCOCCOCCOCCOCCOCCOCCOCCOCCOCCOCCOCCOCCOCCOCCOCCOCCOCCOCCOCCOCCOCCOCCOCCOCCOCCOCCOCCOCCOCCOCCOCCOCCOCCOCCOCCOCCOCCOCCOCCOCCOCCOCCOCCOCCOCCOCCOCCOCCOCCOCCOCCO)OC(=O)CCCCCCCCCCCCC,CC(C)CCC[C@@H](C)[C@H]1CC[C@H]2[C@@H]3CC=C4C[C@@H](O)CC[C@]4(C)[C@H]3CC[C@]12C,CCCCCCCCCCCCCCCCCC(=O)OC[C@H](COP(=O)([O-])OCC[N+](C)(C)C)OC(=O)CCCCCCCCCCCCCCCCC,85.3,40.0,2.0,48.0,10.0,0.4,0.02,0.48,0.1,162.0,0.13
1021,DLinDMA,DMG-PEG2000,cholesterol,DSPC,40:2:48:10,145.8,0.09,,93.6,NP:8(molar),mRNA,luciferase,PEG-DMG 2000,DLinDMA,DSPC,cholesterol,"synthesis_method: Ethanol dilution process; device_used: KDS-220 syringe pump with T-junction mixing; total_flow_rate_ml_min: ; flow_rate_ratio: 1:1:1; aqueous_phase_composition: 100 mM citrate buffer (pH 6); organic_phase_composition: ethanol; mixing_time_sec: ; temperature_condition: room temperature equilibration for 1 hour; post_processing: concentrated and dialyzed against 1¡¿ PBS using TFF with PES hollow fiber membranes (100-kDa cutoff, 20 cm©÷); sterilization: ; storage_buffer: 1¡¿ PBS","animal_model: BALB/c mice; administration_route: intramuscular (i.m.), bilateral injection; dose: 1 ¥ìg RNA; gene_expression_result: Bioluminescence imaging, measurable expression from day 3 to day 63, peak at day 7; biodistribution_result: Localized to injection site (muscle)",Nonviral delivery of self-amplifying RNA vaccines,"['Andrew J. Geall', 'Ayush Verma', 'Gillis R. Otten', 'Christine A. Shaw', 'Armin Hekele', 'Kaustuv Banerjee', 'Yen Cu', 'Clayton W. Beard', 'Luis A. Brito', 'Thomas Krucker', ""Derek T. O'Hagan"", 'Manmohan Singh', 'Peter W. Mason', 'Nicholas M. Valiente', 'Philip R. Dormitzer', 'Susan W. Barnett', 'Rino Rappuoli', 'Jeffrey B. Ulmer', 'Christian W. Mandl']",10.1073/pnas.1209367109,PNAS,2012.0,CCCCC/C=C\C/C=C\CCCCCCCCOCC(CN(C)C)OCCCCCCCC/C=C\C/C=C\CCCCC,CCCCCCCCCCCCCC(=O)OCC(COP(=O)([O-])OCCOCCOCCOCCOCCOCCOCCOCCOCCOCCOCCOCCOCCOCCOCCOCCOCCOCCOCCOCCOCCOCCOCCOCCOCCOCCOCCOCCOCCOCCOCCOCCOCCOCCOCCOCCOCCOCCOCCOCCOCCOCCOCCOCCOCCOCCOCCOCCOCCOCCOCCOCCOCCOCCOCCOCCOCCOCCOCCOCCOCCOCCOCCOCCOCCOCCOCCOCCOCCOCCOCCOCCOCCOCCOCCOCCOCCOCCOCCOCCOCCOCCOCCOCCOCCOCCOCCOCCOCCOCCO)OC(=O)CCCCCCCCCCCCC,CC(C)CCC[C@@H](C)[C@H]1CC[C@H]2[C@@H]3CC=C4C[C@@H](O)CC[C@]4(C)[C@H]3CC[C@]12C,CCCCCCCCCCCCCCCCCC(=O)OC[C@H](COP(=O)([O-])OCC[N+](C)(C)C)OC(=O)CCCCCCCCCCCCCCCCC,93.6,40.0,2.0,48.0,10.0,0.4,0.02,0.48,0.1,145.8,0.09
1022,DLinDMA,DMG-PEG2000,cholesterol,DSPC,40:2:48:10,158.6,0.09,,90.7,NP:8(molar),mRNA,viral_antigen,PEG-DMG 2000,DLinDMA,DSPC,cholesterol,"synthesis_method: Ethanol dilution process; device_used: KDS-220 syringe pump with T-junction mixing; total_flow_rate_ml_min: ; flow_rate_ratio: 1:1:1; aqueous_phase_composition: 100 mM citrate buffer (pH 6); organic_phase_composition: ethanol; mixing_time_sec: ; temperature_condition: room temperature equilibration for 1 hour; post_processing: concentrated and dialyzed against 1¡¿ PBS using TFF with PES hollow fiber membranes (100-kDa cutoff, 20 cm©÷); sterilization: ; storage_buffer: 1¡¿ PBS","animal_model: BALB/c mice; administration_route: intramuscular (i.m.); dose: 0.1 ¥ìg RNA (comparative study), 0.01-10 ¥ìg RNA (dose-response study); gene_expression_result: F-specific IgG GMT of 26,170 (0.1 ¥ìg dose); cytokine_response: TH1-biased response (IgG2a > IgG1), antigen-specific IFN-¥ã producing CD4+ and CD8+ T cells",Nonviral delivery of self-amplifying RNA vaccines,"['Andrew J. Geall', 'Ayush Verma', 'Gillis R. Otten', 'Christine A. Shaw', 'Armin Hekele', 'Kaustuv Banerjee', 'Yen Cu', 'Clayton W. Beard', 'Luis A. Brito', 'Thomas Krucker', ""Derek T. O'Hagan"", 'Manmohan Singh', 'Peter W. Mason', 'Nicholas M. Valiente', 'Philip R. Dormitzer', 'Susan W. Barnett', 'Rino Rappuoli', 'Jeffrey B. Ulmer', 'Christian W. Mandl']",10.1073/pnas.1209367109,PNAS,2012.0,CCCCC/C=C\C/C=C\CCCCCCCCOCC(CN(C)C)OCCCCCCCC/C=C\C/C=C\CCCCC,CCCCCCCCCCCCCC(=O)OCC(COP(=O)([O-])OCCOCCOCCOCCOCCOCCOCCOCCOCCOCCOCCOCCOCCOCCOCCOCCOCCOCCOCCOCCOCCOCCOCCOCCOCCOCCOCCOCCOCCOCCOCCOCCOCCOCCOCCOCCOCCOCCOCCOCCOCCOCCOCCOCCOCCOCCOCCOCCOCCOCCOCCOCCOCCOCCOCCOCCOCCOCCOCCOCCOCCOCCOCCOCCOCCOCCOCCOCCOCCOCCOCCOCCOCCOCCOCCOCCOCCOCCOCCOCCOCCOCCOCCOCCOCCOCCOCCOCCOCCOCCO)OC(=O)CCCCCCCCCCCCC,CC(C)CCC[C@@H](C)[C@H]1CC[C@H]2[C@@H]3CC=C4C[C@@H](O)CC[C@]4(C)[C@H]3CC[C@]12C,CCCCCCCCCCCCCCCCCC(=O)OC[C@H](COP(=O)([O-])OCC[N+](C)(C)C)OC(=O)CCCCCCCCCCCCCCCCC,90.7,40.0,2.0,48.0,10.0,0.4,0.02,0.48,0.1,158.6,0.09
1023,DLinDMA,DMG-PEG2000,cholesterol,DSPC,40:2:48:10,164.3,0.14,,95,NP:8(molar),mRNA,viral_antigen,PEG-DMG 2000,DLinDMA,DSPC,cholesterol,"synthesis_method: Ethanol dilution process; device_used: KDS-220 syringe pump with T-junction mixing; total_flow_rate_ml_min: ; flow_rate_ratio: 1:1:1; aqueous_phase_composition: 100 mM citrate buffer (pH 6); organic_phase_composition: ethanol; mixing_time_sec: ; temperature_condition: room temperature equilibration for 1 hour; post_processing: concentrated and dialyzed against 1¡¿ PBS using TFF with PES hollow fiber membranes (100-kDa cutoff, 20 cm©÷); sterilization: ; storage_buffer: 1¡¿ PBS","animal_model: BALB/c mice; administration_route: intramuscular (i.m.); dose: 0.01-10 ¥ìg RNA; gene_expression_result: Dose-dependent F-specific IgG response, 10 ¥ìg dose elicited higher titers than VRPs; cytokine_response: TH1-biased response with elevated IgG2a relative to IgG1",Nonviral delivery of self-amplifying RNA vaccines,"['Andrew J. Geall', 'Ayush Verma', 'Gillis R. Otten', 'Christine A. Shaw', 'Armin Hekele', 'Kaustuv Banerjee', 'Yen Cu', 'Clayton W. Beard', 'Luis A. Brito', 'Thomas Krucker', ""Derek T. O'Hagan"", 'Manmohan Singh', 'Peter W. Mason', 'Nicholas M. Valiente', 'Philip R. Dormitzer', 'Susan W. Barnett', 'Rino Rappuoli', 'Jeffrey B. Ulmer', 'Christian W. Mandl']",10.1073/pnas.1209367109,PNAS,2012.0,CCCCC/C=C\C/C=C\CCCCCCCCOCC(CN(C)C)OCCCCCCCC/C=C\C/C=C\CCCCC,CCCCCCCCCCCCCC(=O)OCC(COP(=O)([O-])OCCOCCOCCOCCOCCOCCOCCOCCOCCOCCOCCOCCOCCOCCOCCOCCOCCOCCOCCOCCOCCOCCOCCOCCOCCOCCOCCOCCOCCOCCOCCOCCOCCOCCOCCOCCOCCOCCOCCOCCOCCOCCOCCOCCOCCOCCOCCOCCOCCOCCOCCOCCOCCOCCOCCOCCOCCOCCOCCOCCOCCOCCOCCOCCOCCOCCOCCOCCOCCOCCOCCOCCOCCOCCOCCOCCOCCOCCOCCOCCOCCOCCOCCOCCOCCOCCOCCOCCOCCOCCO)OC(=O)CCCCCCCCCCCCC,CC(C)CCC[C@@H](C)[C@H]1CC[C@H]2[C@@H]3CC=C4C[C@@H](O)CC[C@]4(C)[C@H]3CC[C@]12C,CCCCCCCCCCCCCCCCCC(=O)OC[C@H](COP(=O)([O-])OCC[N+](C)(C)C)OC(=O)CCCCCCCCCCCCCCCCC,95.0,40.0,2.0,48.0,10.0,0.4,0.02,0.48,0.1,164.3,0.14
1024,DLinDMA,DMG-PEG2000,cholesterol,DSPC,40:2:48:10,157.7,0.1,,97.5,NP:8(molar),mRNA,viral_antigen,PEG-DMG 2000,DLinDMA,DSPC,cholesterol,"synthesis_method: Ethanol dilution process; device_used: KDS-220 syringe pump with T-junction mixing; total_flow_rate_ml_min: ; flow_rate_ratio: 1:1:1; aqueous_phase_composition: 100 mM citrate buffer (pH 6); organic_phase_composition: ethanol; mixing_time_sec: ; temperature_condition: room temperature equilibration for 1 hour; post_processing: concentrated and dialyzed against 1¡¿ PBS using TFF with PES hollow fiber membranes (100-kDa cutoff, 20 cm©÷); sterilization: ; storage_buffer: 1¡¿ PBS","animal_model: Cotton rats (Sigmodon hispidis); administration_route: intramuscular (i.m.); dose: 1 ¥ìg RNA; gene_expression_result: F-specific IgG GMT of 4,355, RSV neutralization GMT of 1,493; cytokine_response: Protective immune response, >1,000-fold reduction in lung viral load after RSV challenge",Nonviral delivery of self-amplifying RNA vaccines,"['Andrew J. Geall', 'Ayush Verma', 'Gillis R. Otten', 'Christine A. Shaw', 'Armin Hekele', 'Kaustuv Banerjee', 'Yen Cu', 'Clayton W. Beard', 'Luis A. Brito', 'Thomas Krucker', ""Derek T. O'Hagan"", 'Manmohan Singh', 'Peter W. Mason', 'Nicholas M. Valiente', 'Philip R. Dormitzer', 'Susan W. Barnett', 'Rino Rappuoli', 'Jeffrey B. Ulmer', 'Christian W. Mandl']",10.1073/pnas.1209367109,PNAS,2012.0,CCCCC/C=C\C/C=C\CCCCCCCCOCC(CN(C)C)OCCCCCCCC/C=C\C/C=C\CCCCC,CCCCCCCCCCCCCC(=O)OCC(COP(=O)([O-])OCCOCCOCCOCCOCCOCCOCCOCCOCCOCCOCCOCCOCCOCCOCCOCCOCCOCCOCCOCCOCCOCCOCCOCCOCCOCCOCCOCCOCCOCCOCCOCCOCCOCCOCCOCCOCCOCCOCCOCCOCCOCCOCCOCCOCCOCCOCCOCCOCCOCCOCCOCCOCCOCCOCCOCCOCCOCCOCCOCCOCCOCCOCCOCCOCCOCCOCCOCCOCCOCCOCCOCCOCCOCCOCCOCCOCCOCCOCCOCCOCCOCCOCCOCCOCCOCCOCCOCCOCCOCCO)OC(=O)CCCCCCCCCCCCC,CC(C)CCC[C@@H](C)[C@H]1CC[C@H]2[C@@H]3CC=C4C[C@@H](O)CC[C@]4(C)[C@H]3CC[C@]12C,CCCCCCCCCCCCCCCCCC(=O)OC[C@H](COP(=O)([O-])OCC[N+](C)(C)C)OC(=O)CCCCCCCCCCCCCCCCC,97.5,40.0,2.0,48.0,10.0,0.4,0.02,0.48,0.1,157.7,0.1
1025,DLinDMA,DMG-PEG2000,cholesterol,DSPC,40:2:48:10,129.9,0.104,,92,NP:8(molar),mRNA,viral_antigen,PEG-DMG 2000,DLinDMA,DSPC,cholesterol,"synthesis_method: Ethanol dilution process; device_used: KDS-220 syringe pump with T-junction mixing; total_flow_rate_ml_min: ; flow_rate_ratio: 1:1:1; aqueous_phase_composition: 100 mM citrate buffer (pH 6); organic_phase_composition: ethanol; mixing_time_sec: ; temperature_condition: room temperature equilibration for 1 hour; post_processing: concentrated and dialyzed against 1¡¿ PBS using TFF with PES hollow fiber membranes (100-kDa cutoff, 20 cm©÷); sterilization: ; storage_buffer: 1¡¿ PBS","animal_model: BALB/c mice; administration_route: intramuscular (i.m.), intradermal (i.d.), subcutaneous (s.c.); dose: 1 ¥ìg RNA; gene_expression_result: Env-specific serum IgG GMT of 107,204 (i.m. route, 2 vaccinations), 14-fold higher than pDNA/EP; biodistribution_result: i.m. route superior to i.d. (10-fold higher) and s.c. routes; cytokine_response: Balanced IgG1/IgG2a response suggesting TH1 phenotype, Env-specific IFN-¥ã producing CD4+ and CD8+ T cells at levels similar to or higher than pDNA/EP",Nonviral delivery of self-amplifying RNA vaccines,"['Andrew J. Geall', 'Ayush Verma', 'Gillis R. Otten', 'Christine A. Shaw', 'Armin Hekele', 'Kaustuv Banerjee', 'Yen Cu', 'Clayton W. Beard', 'Luis A. Brito', 'Thomas Krucker', ""Derek T. O'Hagan"", 'Manmohan Singh', 'Peter W. Mason', 'Nicholas M. Valiente', 'Philip R. Dormitzer', 'Susan W. Barnett', 'Rino Rappuoli', 'Jeffrey B. Ulmer', 'Christian W. Mandl']",10.1073/pnas.1209367109,PNAS,2012.0,CCCCC/C=C\C/C=C\CCCCCCCCOCC(CN(C)C)OCCCCCCCC/C=C\C/C=C\CCCCC,CCCCCCCCCCCCCC(=O)OCC(COP(=O)([O-])OCCOCCOCCOCCOCCOCCOCCOCCOCCOCCOCCOCCOCCOCCOCCOCCOCCOCCOCCOCCOCCOCCOCCOCCOCCOCCOCCOCCOCCOCCOCCOCCOCCOCCOCCOCCOCCOCCOCCOCCOCCOCCOCCOCCOCCOCCOCCOCCOCCOCCOCCOCCOCCOCCOCCOCCOCCOCCOCCOCCOCCOCCOCCOCCOCCOCCOCCOCCOCCOCCOCCOCCOCCOCCOCCOCCOCCOCCOCCOCCOCCOCCOCCOCCOCCOCCOCCOCCOCCOCCO)OC(=O)CCCCCCCCCCCCC,CC(C)CCC[C@@H](C)[C@H]1CC[C@H]2[C@@H]3CC=C4C[C@@H](O)CC[C@]4(C)[C@H]3CC[C@]12C,CCCCCCCCCCCCCCCCCC(=O)OC[C@H](COP(=O)([O-])OCC[N+](C)(C)C)OC(=O)CCCCCCCCCCCCCCCCC,92.0,40.0,2.0,48.0,10.0,0.4,0.02,0.48,0.1,129.9,0.104
1027,Custom lipid,DMG-PEG2000,cholesterol,DSPC,50:1.5:38.5:10,98.2,,12.5,79,WR:5(wt/wt)[lipidoid:siRNA] to 10:1,siRNA,factor_vii,PEG2000-DMG,306O12 (lipidoid),DSPC,cholesterol,"synthesis_method: Microfluidic mixing or pipet mixing; device_used: Microfluidic device or pipet; total_flow_rate_ml_min: ; flow_rate_ratio: 1:1 (lipid solution:siRNA solution); aqueous_phase_composition: 10 mM sodium citrate; organic_phase_composition: 90% ethanol, 10% 10 mM sodium citrate; mixing_time_sec: ; temperature_condition: ; post_processing: diluted in PBS, dialysed against PBS for 90 min in 3,500 MWCO cassettes; sterilization: ; storage_buffer: PBS",cell_line: HeLa cells (firefly and Renilla luciferase); animal_model: Female C57BL/6 mice; administration_route: IV (lateral tail vein injection); dose: 1 mg/kg (EC50); gene_expression_result: >95% Factor VII silencing at 5 mg/kg,Degradable lipid nanoparticles with predictable in vivo siRNA delivery activity,"['Kathryn A. Whitehead', 'J. Robert Dorkin', 'Arturo J. Vegas', 'Philip H. Chang', 'Omid Veiseh', 'Jonathan Matthews', 'Owen S. Fenton', 'Yunlong Zhang', 'Karsten T. Olejnik', 'Volkan Yesilyurt', 'Delai Chen', 'Scott Barros', 'Boris Klebanov', 'Tatiana Novobrantseva', 'Robert Langer', 'Daniel G. Anderson']",10.1038/ncomms5277,Nature Communications,2014.0,CCCCCCCCCCCCOC(=O)CCN(CCCN(C)CCCN(CCC(=O)OCCCCCCCCCCCC)CCC(=O)OCCCCCCCCCCCC)CCC(=O)OCCCCCCCCCCC,CCCCCCCCCCCCCC(=O)OCC(COP(=O)([O-])OCCOCCOCCOCCOCCOCCOCCOCCOCCOCCOCCOCCOCCOCCOCCOCCOCCOCCOCCOCCOCCOCCOCCOCCOCCOCCOCCOCCOCCOCCOCCOCCOCCOCCOCCOCCOCCOCCOCCOCCOCCOCCOCCOCCOCCOCCOCCOCCOCCOCCOCCOCCOCCOCCOCCOCCOCCOCCOCCOCCOCCOCCOCCOCCOCCOCCOCCOCCOCCOCCOCCOCCOCCOCCOCCOCCOCCOCCOCCOCCOCCOCCOCCOCCOCCOCCOCCOCCOCCOCCO)OC(=O)CCCCCCCCCCCCC,CC(C)CCC[C@@H](C)[C@H]1CC[C@H]2[C@@H]3CC=C4C[C@@H](O)CC[C@]4(C)[C@H]3CC[C@]12C,CCCCCCCCCCCCCCCCCC(=O)OC[C@H](COP(=O)([O-])OCC[N+](C)(C)C)OC(=O)CCCCCCCCCCCCCCCCC,79.0,50.0,1.5,38.5,10.0,0.5,0.015,0.385,0.1,98.2,
1088,DLin-MC3-DMA,DMG-PEG2000,cholesterol,DSPC,50:1.5:38.5:10,80,0.05,,95,WR:20(wt/wt)[ionizable_lipid:mRNA],mRNA,firefly_luciferase,DMG-PEG2000,DLin-MC3-DMA,DSPC,cholesterol,synthesis_method: Microfluidic; device_used: Nanoassemblr Benchtop; total_flow_rate_ml_min: ; flow_rate_ratio: ; aqueous_phase_composition: 100 mM pH 4 citrate buffer (3-fold excess by volume compared to lipid solution); organic_phase_composition: ethanol containing lipids at total concentration of 5.5 mM; mixing_time_sec: ; temperature_condition: ; post_processing: dialyzed twice against 3 L of pH 7 PBS buffer and concentrated using appropriate centrifuge filters; sterilization: ; storage_buffer: pH 7 PBS buffer,cell_line: HeLa; dose: 50-200 ng mRNA; gene_expression_result: baseline (normalized to 1),Deconvoluting Lipid Nanoparticle Structure for Messenger RNA Delivery,"['Yulia Eygeris', 'Siddharth Patel', 'Antony Jozic', 'Gaurav Sahay']",https://dx.doi.org/10.1021/acs.nanolett.0c01386,Nano Letters,2020.0,CCCCC/C=C\C/C=C\CCCCCCCCC(CCCCCCCC/C=C\C/C=C\CCCCC)OC(=O)CCCN(C)C,CCCCCCCCCCCCCC(=O)OCC(COP(=O)([O-])OCCOCCOCCOCCOCCOCCOCCOCCOCCOCCOCCOCCOCCOCCOCCOCCOCCOCCOCCOCCOCCOCCOCCOCCOCCOCCOCCOCCOCCOCCOCCOCCOCCOCCOCCOCCOCCOCCOCCOCCOCCOCCOCCOCCOCCOCCOCCOCCOCCOCCOCCOCCOCCOCCOCCOCCOCCOCCOCCOCCOCCOCCOCCOCCOCCOCCOCCOCCOCCOCCOCCOCCOCCOCCOCCOCCOCCOCCOCCOCCOCCOCCOCCOCCOCCOCCOCCOCCOCCOCCO)OC(=O)CCCCCCCCCCCCC,CC(C)CCC[C@@H](C)[C@H]1CC[C@H]2[C@@H]3CC=C4C[C@@H](O)CC[C@]4(C)[C@H]3CC[C@]12C,CCCCCCCCCCCCCCCCCC(=O)OC[C@H](COP(=O)([O-])OCC[N+](C)(C)C)OC(=O)CCCCCCCCCCCCCCCCC,95.0,50.0,1.5,38.5,10.0,0.5,0.015,0.385,0.1,80.0,0.05
1089,DLin-MC3-DMA,DMG-PEG2000,¥â-sitosterol,DSPC,50:1.5:38.5:10,90,0.08,,92,WR:20(wt/wt)[ionizable_lipid:mRNA],mRNA,firefly_luciferase,DMG-PEG2000,DLin-MC3-DMA,DSPC,¥â-sitosterol,synthesis_method: Microfluidic; device_used: Nanoassemblr Benchtop; total_flow_rate_ml_min: ; flow_rate_ratio: ; aqueous_phase_composition: 100 mM pH 4 citrate buffer (3-fold excess by volume compared to lipid solution); organic_phase_composition: ethanol containing lipids at total concentration of 5.5 mM; mixing_time_sec: ; temperature_condition: ; post_processing: dialyzed twice against 3 L of pH 7 PBS buffer and concentrated using appropriate centrifuge filters; sterilization: ; storage_buffer: pH 7 PBS buffer,cell_line: HeLa; dose: 50-200 ng mRNA; gene_expression_result: ~10-fold improvement compared to cholesterol LNPs,Deconvoluting Lipid Nanoparticle Structure for Messenger RNA Delivery,"['Yulia Eygeris', 'Siddharth Patel', 'Antony Jozic', 'Gaurav Sahay']",https://dx.doi.org/10.1021/acs.nanolett.0c01386,Nano Letters,2020.0,CCCCC/C=C\C/C=C\CCCCCCCCC(CCCCCCCC/C=C\C/C=C\CCCCC)OC(=O)CCCN(C)C,CCCCCCCCCCCCCC(=O)OCC(COP(=O)([O-])OCCOCCOCCOCCOCCOCCOCCOCCOCCOCCOCCOCCOCCOCCOCCOCCOCCOCCOCCOCCOCCOCCOCCOCCOCCOCCOCCOCCOCCOCCOCCOCCOCCOCCOCCOCCOCCOCCOCCOCCOCCOCCOCCOCCOCCOCCOCCOCCOCCOCCOCCOCCOCCOCCOCCOCCOCCOCCOCCOCCOCCOCCOCCOCCOCCOCCOCCOCCOCCOCCOCCOCCOCCOCCOCCOCCOCCOCCOCCOCCOCCOCCOCCOCCOCCOCCOCCOCCOCCOCCO)OC(=O)CCCCCCCCCCCCC,CC[C@H](CC[C@@H](C)[C@H]1CC[C@H]2[C@@H]3CC=C4C[C@@H](O)CC[C@]4(C)[C@H]3CC[C@]12C)C(C)C,CCCCCCCCCCCCCCCCCC(=O)OC[C@H](COP(=O)([O-])OCC[N+](C)(C)C)OC(=O)CCCCCCCCCCCCCCCCC,92.0,50.0,1.5,38.5,10.0,0.5,0.015,0.385,0.1,90.0,0.08
1090,DLin-MC3-DMA,DMG-PEG2000,fucosterol,DSPC,50:1.5:38.5:10,85,0.07,,90,WR:20(wt/wt)[ionizable_lipid:mRNA],mRNA,firefly_luciferase,DMG-PEG2000,DLin-MC3-DMA,DSPC,fucosterol,synthesis_method: Microfluidic; device_used: Nanoassemblr Benchtop; total_flow_rate_ml_min: ; flow_rate_ratio: ; aqueous_phase_composition: 100 mM pH 4 citrate buffer (3-fold excess by volume compared to lipid solution); organic_phase_composition: ethanol containing lipids at total concentration of 5.5 mM; mixing_time_sec: ; temperature_condition: ; post_processing: dialyzed twice against 3 L of pH 7 PBS buffer and concentrated using appropriate centrifuge filters; sterilization: ; storage_buffer: pH 7 PBS buffer,cell_line: HeLa; dose: 50-200 ng mRNA; gene_expression_result: ~2-fold improvement compared to cholesterol LNPs,Deconvoluting Lipid Nanoparticle Structure for Messenger RNA Delivery,"['Yulia Eygeris', 'Siddharth Patel', 'Antony Jozic', 'Gaurav Sahay']",https://dx.doi.org/10.1021/acs.nanolett.0c01386,Nano Letters,2020.0,CCCCC/C=C\C/C=C\CCCCCCCCC(CCCCCCCC/C=C\C/C=C\CCCCC)OC(=O)CCCN(C)C,CCCCCCCCCCCCCC(=O)OCC(COP(=O)([O-])OCCOCCOCCOCCOCCOCCOCCOCCOCCOCCOCCOCCOCCOCCOCCOCCOCCOCCOCCOCCOCCOCCOCCOCCOCCOCCOCCOCCOCCOCCOCCOCCOCCOCCOCCOCCOCCOCCOCCOCCOCCOCCOCCOCCOCCOCCOCCOCCOCCOCCOCCOCCOCCOCCOCCOCCOCCOCCOCCOCCOCCOCCOCCOCCOCCOCCOCCOCCOCCOCCOCCOCCOCCOCCOCCOCCOCCOCCOCCOCCOCCOCCOCCOCCOCCOCCOCCOCCOCCOCCO)OC(=O)CCCCCCCCCCCCC,C/C=C(\CC[C@@H](C)[C@H]1CC[C@H]2[C@@H]3CC=C4C[C@@H](O)CC[C@]4(C)[C@H]3CC[C@]12C)C(C)C,CCCCCCCCCCCCCCCCCC(=O)OC[C@H](COP(=O)([O-])OCC[N+](C)(C)C)OC(=O)CCCCCCCCCCCCCCCCC,90.0,50.0,1.5,38.5,10.0,0.5,0.015,0.385,0.1,85.0,0.07
1091,DLin-MC3-DMA,DMG-PEG2000,campesterol,DSPC,50:1.5:38.5:10,95,0.1,,88,WR:20(wt/wt)[ionizable_lipid:mRNA],mRNA,firefly_luciferase,DMG-PEG2000,DLin-MC3-DMA,DSPC,campesterol,synthesis_method: Microfluidic; device_used: Nanoassemblr Benchtop; total_flow_rate_ml_min: ; flow_rate_ratio: ; aqueous_phase_composition: 100 mM pH 4 citrate buffer (3-fold excess by volume compared to lipid solution); organic_phase_composition: ethanol containing lipids at total concentration of 5.5 mM; mixing_time_sec: ; temperature_condition: ; post_processing: dialyzed twice against 3 L of pH 7 PBS buffer and concentrated using appropriate centrifuge filters; sterilization: ; storage_buffer: pH 7 PBS buffer,cell_line: HeLa; dose: 50-200 ng mRNA; gene_expression_result: ~5-fold improvement compared to cholesterol LNPs,Deconvoluting Lipid Nanoparticle Structure for Messenger RNA Delivery,"['Yulia Eygeris', 'Siddharth Patel', 'Antony Jozic', 'Gaurav Sahay']",https://dx.doi.org/10.1021/acs.nanolett.0c01386,Nano Letters,2020.0,CCCCC/C=C\C/C=C\CCCCCCCCC(CCCCCCCC/C=C\C/C=C\CCCCC)OC(=O)CCCN(C)C,CCCCCCCCCCCCCC(=O)OCC(COP(=O)([O-])OCCOCCOCCOCCOCCOCCOCCOCCOCCOCCOCCOCCOCCOCCOCCOCCOCCOCCOCCOCCOCCOCCOCCOCCOCCOCCOCCOCCOCCOCCOCCOCCOCCOCCOCCOCCOCCOCCOCCOCCOCCOCCOCCOCCOCCOCCOCCOCCOCCOCCOCCOCCOCCOCCOCCOCCOCCOCCOCCOCCOCCOCCOCCOCCOCCOCCOCCOCCOCCOCCOCCOCCOCCOCCOCCOCCOCCOCCOCCOCCOCCOCCOCCOCCOCCOCCOCCOCCOCCOCCO)OC(=O)CCCCCCCCCCCCC,CC(C)[C@H](C)CC[C@@H](C)[C@H]1CC[C@H]2[C@@H]3CC=C4C[C@@H](O)CC[C@]4(C)[C@H]3CC[C@]12C,CCCCCCCCCCCCCCCCCC(=O)OC[C@H](COP(=O)([O-])OCC[N+](C)(C)C)OC(=O)CCCCCCCCCCCCCCCCC,88.0,50.0,1.5,38.5,10.0,0.5,0.015,0.385,0.1,95.0,0.1
1092,DLin-MC3-DMA,DMG-PEG2000,stigmastanol,DSPC,50:1.5:38.5:10,100,0.12,,85,WR:20(wt/wt)[ionizable_lipid:mRNA],mRNA,firefly_luciferase,DMG-PEG2000,DLin-MC3-DMA,DSPC,stigmastanol,synthesis_method: Microfluidic; device_used: Nanoassemblr Benchtop; total_flow_rate_ml_min: ; flow_rate_ratio: ; aqueous_phase_composition: 100 mM pH 4 citrate buffer (3-fold excess by volume compared to lipid solution); organic_phase_composition: ethanol containing lipids at total concentration of 5.5 mM; mixing_time_sec: ; temperature_condition: ; post_processing: dialyzed twice against 3 L of pH 7 PBS buffer and concentrated using appropriate centrifuge filters; sterilization: ; storage_buffer: pH 7 PBS buffer,cell_line: HeLa; dose: 50-200 ng mRNA; gene_expression_result: ~5-fold improvement compared to cholesterol LNPs,Deconvoluting Lipid Nanoparticle Structure for Messenger RNA Delivery,"['Yulia Eygeris', 'Siddharth Patel', 'Antony Jozic', 'Gaurav Sahay']",https://dx.doi.org/10.1021/acs.nanolett.0c01386,Nano Letters,2020.0,CCCCC/C=C\C/C=C\CCCCCCCCC(CCCCCCCC/C=C\C/C=C\CCCCC)OC(=O)CCCN(C)C,CCCCCCCCCCCCCC(=O)OCC(COP(=O)([O-])OCCOCCOCCOCCOCCOCCOCCOCCOCCOCCOCCOCCOCCOCCOCCOCCOCCOCCOCCOCCOCCOCCOCCOCCOCCOCCOCCOCCOCCOCCOCCOCCOCCOCCOCCOCCOCCOCCOCCOCCOCCOCCOCCOCCOCCOCCOCCOCCOCCOCCOCCOCCOCCOCCOCCOCCOCCOCCOCCOCCOCCOCCOCCOCCOCCOCCOCCOCCOCCOCCOCCOCCOCCOCCOCCOCCOCCOCCOCCOCCOCCOCCOCCOCCOCCOCCOCCOCCOCCOCCO)OC(=O)CCCCCCCCCCCCC,CC[C@H](CC[C@@H](C)[C@H]1CC[C@H]2[C@@H]3CC[C@H]4C[C@@H](O)CC[C@]4(C)[C@H]3CC[C@]12C)C(C)C,CCCCCCCCCCCCCCCCCC(=O)OC[C@H](COP(=O)([O-])OCC[N+](C)(C)C)OC(=O)CCCCCCCCCCCCCCCCC,85.0,50.0,1.5,38.5,10.0,0.5,0.015,0.385,0.1,100.0,0.12
