#! FIELDS q rg file.free der_q der_rg
#! SET min_q 0.0234905
#! SET max_q 0.474984
#! SET nbins_q  65
#! SET periodic_q false
#! SET min_rg 0.859193
#! SET max_rg 1.86828
#! SET nbins_rg  59
#! SET periodic_rg false
    0.023490500    0.859193000   -0.000000000   -0.000000000   -0.000000000
    0.030545086    0.859193000   -0.000000000   -0.000000000   -0.000000000
    0.037599672    0.859193000   -0.000000000   -0.000000000   -0.000000000
    0.044654258    0.859193000   -0.000000000   -0.000000000   -0.000000000
    0.051708844    0.859193000   -0.000000000   -0.000000000   -0.000000000
    0.058763430    0.859193000   -0.000000000   -0.000000000   -0.000000000
    0.065818016    0.859193000   -0.000000000   -0.000000000   -0.000000000
    0.072872602    0.859193000   -0.000000000   -0.000000000   -0.000000000
    0.079927187    0.859193000   -0.000000000   -0.000000000   -0.000000000
    0.086981773    0.859193000   -0.000000000   -0.000000000   -0.000000000
    0.094036359    0.859193000   -0.000000000   -0.000000000   -0.000000000
    0.101090945    0.859193000   -0.000000000   -0.000000000   -0.000000000
    0.108145531    0.859193000   -0.000000000   -0.000000000   -0.000000000
    0.115200117    0.859193000   -0.000000000   -0.000000000   -0.000000000
    0.122254703    0.859193000   -0.000000000   -0.000000000   -0.000000000
    0.129309289    0.859193000   -0.000000000   -0.000000000   -0.000000000
    0.136363875    0.859193000   -0.000000000   -0.000000000   -0.000000000
    0.143418461    0.859193000   -0.000000000   -0.000000000   -0.000000000
    0.150473047    0.859193000   -0.000000000   -0.000000000   -0.000000000
    0.157527633    0.859193000   -0.000000000   -0.000000000   -0.000000000
    0.164582219    0.859193000   -0.000000000   -0.000000000   -0.000000000
    0.171636805    0.859193000   -0.000000000   -0.000000000   -0.000000000
    0.178691391    0.859193000   -0.000000000   -0.000000000   -0.000000000
    0.185745977    0.859193000   -0.000000000   -0.000000000   -0.000000000
    0.192800562    0.859193000   -0.000000000   -0.000000000   -0.000000000
    0.199855148    0.859193000   -0.000000000   -0.000000000   -0.000000000
    0.206909734    0.859193000   -0.000000000   -0.000000000   -0.000000000
    0.213964320    0.859193000   -0.000000000   -0.000000000   -0.000000000
    0.221018906    0.859193000   -0.000000000   -0.000000000   -0.000000000
    0.228073492    0.859193000   -0.000000000   -0.000000000   -0.000000000
    0.235128078    0.859193000   -0.000000000   -0.000000000   -0.000000000
    0.242182664    0.859193000   -0.000000000   -0.000000000   -0.000000000
    0.249237250    0.859193000   -0.000000000   -0.000000000   -0.000000000
    0.256291836    0.859193000   -0.000000000   -0.000000000   -0.000000000
    0.263346422    0.859193000   -0.000000000   -0.000000000   -0.000000000
    0.270401008    0.859193000   -0.000000000   -0.000000000   -0.000000000
    0.277455594    0.859193000   -0.000000000   -0.000000000   -0.000000000
    0.284510180    0.859193000   -0.000000000   -0.000000000   -0.000000000
    0.291564766    0.859193000   -0.000000000   -0.000000000   -0.000000000
    0.298619352    0.859193000   -0.000000000   -0.000000000   -0.000000000
    0.305673937    0.859193000   -0.000000000   -0.000000000   -0.000000000
    0.312728523    0.859193000   -0.000000000   -0.000000000   -0.000000000
    0.319783109    0.859193000   -0.000000000   -0.000000000   -0.000000000
    0.326837695    0.859193000   -0.000000000   -0.000000000   -0.000000000
    0.333892281    0.859193000   -0.000000000   -0.000000000   -0.000000000
    0.340946867    0.859193000   -0.000000000   -0.000000000   -0.000000000
    0.348001453    0.859193000   -0.000000000   -0.000000000   -0.000000000
    0.355056039    0.859193000   -0.000000000   -0.000000000   -0.000000000
    0.362110625    0.859193000   -0.000000000   -0.000000000   -0.000000000
    0.369165211    0.859193000   -0.000000000   -0.000000000   -0.000000000
    0.376219797    0.859193000   -0.000000000   -0.000000000   -0.000000000
    0.383274383    0.859193000   -0.000000000   -0.000000000   -0.000000000
    0.390328969    0.859193000   -0.000000000   -0.000000000   -0.000000000
    0.397383555    0.859193000   -0.000000000   -0.000000000   -0.000000000
    0.404438141    0.859193000   -0.000000000   -0.000000000   -0.000000000
    0.411492727    0.859193000   -0.000000000   -0.000000000   -0.000000000
    0.418547313    0.859193000   -0.000000000   -0.000000000   -0.000000000
    0.425601898    0.859193000   -0.000000000   -0.000000000   -0.000000000
    0.432656484    0.859193000   -0.000000000   -0.000000000   -0.000000000
    0.439711070    0.859193000   -0.000000000   -0.000000000   -0.000000000
    0.446765656    0.859193000   -0.000000000   -0.000000000   -0.000000000
    0.453820242    0.859193000   -0.000000000   -0.000000000   -0.000000000
    0.460874828    0.859193000   -0.000000000   -0.000000000   -0.000000000
    0.467929414    0.859193000   -0.000000000   -0.000000000   -0.000000000
    0.474984000    0.859193000   -0.000000000   -0.000000000   -0.000000000

    0.023490500    0.876591052   -0.000000000   -0.000000000   -0.000000000
    0.030545086    0.876591052   -0.000000000   -0.000000000   -0.000000000
    0.037599672    0.876591052   -0.000000000   -0.000000000   -0.000000000
    0.044654258    0.876591052   -0.000000000   -0.000000000   -0.000000000
    0.051708844    0.876591052   -0.000000000   -0.000000000   -0.000000000
    0.058763430    0.876591052   -0.000000000   -0.000000000   -0.000000000
    0.065818016    0.876591052   -0.000000000   -0.000000000   -0.000000000
    0.072872602    0.876591052   -0.000000000   -0.000000000   -0.000000000
    0.079927187    0.876591052   -0.000000000   -0.000000000   -0.000000000
    0.086981773    0.876591052   -0.000000000   -0.000000000   -0.000000000
    0.094036359    0.876591052   -0.000000000   -0.000000000   -0.000000000
    0.101090945    0.876591052   -0.000000000   -0.000000000   -0.000000000
    0.108145531    0.876591052   -0.000000000   -0.000000000   -0.000000000
    0.115200117    0.876591052   -0.000000000   -0.000000000   -0.000000000
    0.122254703    0.876591052   -0.000000000   -0.000000000   -0.000000000
    0.129309289    0.876591052   -0.000000000   -0.000000000   -0.000000000
    0.136363875    0.876591052   -0.000000000   -0.000000000   -0.000000000
    0.143418461    0.876591052   -0.000000000   -0.000000000   -0.000000000
    0.150473047    0.876591052   -0.000026214   -0.009850013   -0.035367118
    0.157527633    0.876591052   -0.000154402   -0.029921451   -0.082116296
    0.164582219    0.876591052   -0.000769927   -0.162419794   -0.346078376
    0.171636805    0.876591052   -0.002503755   -0.309076903   -0.869799780
    0.178691391    0.876591052   -0.004678440   -0.279953119   -1.362311863
    0.185745977    0.876591052   -0.006178954   -0.180820637   -1.748099242
    0.192800562    0.876591052   -0.006925867   -0.035014930   -1.841024534
    0.199855148    0.876591052   -0.006829237    0.054811113   -1.785023690
    0.206909734    0.876591052   -0.006427955    0.035553442   -1.682352430
    0.213964320    0.876591052   -0.006452093   -0.043571528   -1.692970989
    0.221018906    0.876591052   -0.007455930   -0.217320319   -1.809709112
    0.228073492    0.876591052   -0.009536859   -0.344554903   -2.230787182
    0.235128078    0.876591052   -0.011838023   -0.278568006   -2.593735745
    0.242182664    0.876591052   -0.013032471   -0.037212395   -2.795426014
    0.249237250    0.876591052   -0.012342394    0.235417877   -2.720467288
    0.256291836    0.876591052   -0.009844254    0.456468140   -2.350210727
    0.263346422    0.876591052   -0.006356825    0.467562026   -1.739415192
    0.270401008    0.876591052   -0.003421113    0.342477291   -1.094710359
    0.277455594    0.876591052   -0.001552775    0.173846215   -0.555071952
    0.284510180    0.876591052   -0.000806469    0.075015332   -0.261234670
    0.291564766    0.876591052   -0.000327584    0.061131499   -0.132456368
    0.298619352    0.876591052   -0.000047338    0.014352701   -0.024278172
    0.305673937    0.876591052   -0.000018932   -0.001451833   -0.044873417
    0.312728523    0.876591052   -0.000000000   -0.000000000   -0.000000000
    0.319783109    0.876591052   -0.000000000   -0.000000000   -0.000000000
    0.326837695    0.876591052   -0.000000000   -0.000000000   -0.000000000
    0.333892281    0.876591052   -0.000000000   -0.000000000   -0.000000000
    0.340946867    0.876591052   -0.000000000   -0.000000000   -0.000000000
    0.348001453    0.876591052   -0.000000000   -0.000000000   -0.000000000
    0.355056039    0.876591052   -0.000000000   -0.000000000   -0.000000000
    0.362110625    0.876591052   -0.000000000   -0.000000000   -0.000000000
    0.369165211    0.876591052   -0.000000000   -0.000000000   -0.000000000
    0.376219797    0.876591052   -0.000000000   -0.000000000   -0.000000000
    0.383274383    0.876591052   -0.000000000   -0.000000000   -0.000000000
    0.390328969    0.876591052   -0.000000000   -0.000000000   -0.000000000
    0.397383555    0.876591052   -0.000000000   -0.000000000   -0.000000000
    0.404438141    0.876591052   -0.000000000   -0.000000000   -0.000000000
    0.411492727    0.876591052   -0.000000000   -0.000000000   -0.000000000
    0.418547313    0.876591052   -0.000000000   -0.000000000   -0.000000000
    0.425601898    0.876591052   -0.000000000   -0.000000000   -0.000000000
    0.432656484    0.876591052   -0.000000000   -0.000000000   -0.000000000
    0.439711070    0.876591052   -0.000000000   -0.000000000   -0.000000000
    0.446765656    0.876591052   -0.000000000   -0.000000000   -0.000000000
    0.453820242    0.876591052   -0.000000000   -0.000000000   -0.000000000
    0.460874828    0.876591052   -0.000000000   -0.000000000   -0.000000000
    0.467929414    0.876591052   -0.000000000   -0.000000000   -0.000000000
    0.474984000    0.876591052   -0.000000000   -0.000000000   -0.000000000

    0.023490500    0.893989103   -0.000000000   -0.000000000   -0.000000000
    0.030545086    0.893989103   -0.000000000   -0.000000000   -0.000000000
    0.037599672    0.893989103   -0.000000000   -0.000000000   -0.000000000
    0.044654258    0.893989103   -0.000000000   -0.000000000   -0.000000000
    0.051708844    0.893989103   -0.000000000   -0.000000000   -0.000000000
    0.058763430    0.893989103   -0.000000000   -0.000000000   -0.000000000
    0.065818016    0.893989103   -0.000000000   -0.000000000   -0.000000000
    0.072872602    0.893989103   -0.000000000   -0.000000000   -0.000000000
    0.079927187    0.893989103   -0.000000000   -0.000000000   -0.000000000
    0.086981773    0.893989103   -0.000000000   -0.000000000   -0.000000000
    0.094036359    0.893989103   -0.000000000   -0.000000000   -0.000000000
    0.101090945    0.893989103   -0.000000000   -0.000000000   -0.000000000
    0.108145531    0.893989103   -0.000000000   -0.000000000   -0.000000000
    0.115200117    0.893989103   -0.000000000   -0.000000000   -0.000000000
    0.122254703    0.893989103   -0.000124481   -0.045082435   -0.044545046
    0.129309289    0.893989103   -0.000815074   -0.174081014   -0.207257267
    0.136363875    0.893989103   -0.002535695   -0.323635035   -0.505884811
    0.143418461    0.893989103   -0.005682165   -0.609364174   -1.034764712
    0.150473047    0.893989103   -0.012549609   -1.400173928   -2.169275783
    0.157527633    0.893989103   -0.026012249   -2.347395550   -3.801737104
    0.164582219    0.893989103   -0.044576264   -2.825901561   -5.495316144
    0.171636805    0.893989103   -0.065837167   -3.179868504   -7.513547511
    0.178691391    0.893989103   -0.087352458   -2.853545447   -9.442143569
    0.185745977    0.893989103   -0.106201386   -2.266761768  -11.690063283
    0.192800562    0.893989103   -0.118127366   -1.180447601  -13.337671251
    0.199855148    0.893989103   -0.122202605    0.010744943  -14.169944642
    0.206909734    0.893989103   -0.119865719    0.415305167  -14.218344700
    0.213964320    0.893989103   -0.118723176   -0.151559032  -14.277639070
    0.221018906    0.893989103   -0.122923924   -1.068704257  -14.281132933
    0.228073492    0.893989103   -0.132080631   -1.570539184  -14.177233198
    0.235128078    0.893989103   -0.142357569   -1.250323880  -14.172826593
    0.242182664    0.893989103   -0.146731875    0.063001001  -14.198299618
    0.249237250    0.893989103   -0.141080644    1.507491167  -13.304805668
    0.256291836    0.893989103   -0.124746229    3.034340248  -12.015266539
    0.263346422    0.893989103   -0.099838954    3.917568046  -10.014002361
    0.270401008    0.893989103   -0.071924162    3.848342577   -7.796463951
    0.277455594    0.893989103   -0.047471785    2.924072129   -5.864741164
    0.284510180    0.893989103   -0.032843382    1.277561859   -5.039921290
    0.291564766    0.893989103   -0.030570579   -0.534742509   -5.968570991
    0.298619352    0.893989103   -0.036872084   -0.906311074   -6.470279318
    0.305673937    0.893989103   -0.042299461   -0.496779309   -7.135083043
    0.312728523    0.893989103   -0.043364285    0.325780772   -7.483828388
    0.319783109    0.893989103   -0.037924035    1.126911561   -6.745540785
    0.326837695    0.893989103   -0.028481702    1.525011354   -5.810282837
    0.333892281    0.893989103   -0.017641318    1.468447361   -4.440890208
    0.340946867    0.893989103   -0.008838788    1.093028390   -2.710622559
    0.348001453    0.893989103   -0.003549463    0.454709432   -1.284185314
    0.355056039    0.893989103   -0.001140986    0.177642438   -0.375588939
    0.362110625    0.893989103   -0.000135191    0.082431165   -0.105798556
    0.369165211    0.893989103   -0.000000000   -0.000000000   -0.000000000
    0.376219797    0.893989103   -0.000000000   -0.000000000   -0.000000000
    0.383274383    0.893989103   -0.000000000   -0.000000000   -0.000000000
    0.390328969    0.893989103   -0.000000000   -0.000000000   -0.000000000
    0.397383555    0.893989103   -0.000000000   -0.000000000   -0.000000000
    0.404438141    0.893989103   -0.000000000   -0.000000000   -0.000000000
    0.411492727    0.893989103   -0.000000000   -0.000000000   -0.000000000
    0.418547313    0.893989103   -0.000000000   -0.000000000   -0.000000000
    0.425601898    0.893989103   -0.000000000   -0.000000000   -0.000000000
    0.432656484    0.893989103   -0.000000000   -0.000000000   -0.000000000
    0.439711070    0.893989103   -0.000000000   -0.000000000   -0.000000000
    0.446765656    0.893989103   -0.000000000   -0.000000000   -0.000000000
    0.453820242    0.893989103   -0.000000000   -0.000000000   -0.000000000
    0.460874828    0.893989103   -0.000000000   -0.000000000   -0.000000000
    0.467929414    0.893989103   -0.000000000   -0.000000000   -0.000000000
    0.474984000    0.893989103   -0.000000000   -0.000000000   -0.000000000

    0.023490500    0.911387155   -0.000000000   -0.000000000   -0.000000000
    0.030545086    0.911387155   -0.000000000   -0.000000000   -0.000000000
    0.037599672    0.911387155   -0.000000000   -0.000000000   -0.000000000
    0.044654258    0.911387155   -0.000000000   -0.000000000   -0.000000000
    0.051708844    0.911387155   -0.000000000   -0.000000000   -0.000000000
    0.058763430    0.911387155   -0.000000000   -0.000000000   -0.000000000
    0.065818016    0.911387155   -0.000000000   -0.000000000   -0.000000000
    0.072872602    0.911387155   -0.000000000   -0.000000000   -0.000000000
    0.079927187    0.911387155   -0.000000000   -0.000000000   -0.000000000
    0.086981773    0.911387155   -0.000000000   -0.000000000   -0.000000000
    0.094036359    0.911387155   -0.000252289   -0.116406231   -0.203974508
    0.101090945    0.911387155   -0.001794647   -0.307115751   -0.754654490
    0.108145531    0.911387155   -0.004225453   -0.363657887   -1.494919470
    0.115200117    0.911387155   -0.006613017   -0.420710494   -1.868910479
    0.122254703    0.911387155   -0.010411930   -0.710247101   -2.154279307
    0.129309289    0.911387155   -0.017312937   -1.293583072   -2.561926023
    0.136363875    0.911387155   -0.030500312   -2.629695440   -3.623909335
    0.143418461    0.911387155   -0.057634693   -5.280444096   -6.176447645
    0.150473047    0.911387155   -0.106147881   -8.532549484  -10.767521805
    0.157527633    0.911387155   -0.178620220  -12.095714146  -17.708843511
    0.164582219    0.911387155   -0.271817964  -14.624796707  -26.179048300
    0.171636805    0.911387155   -0.381953850  -16.078242569  -35.733014029
    0.178691391    0.911387155   -0.491749832  -14.740468764  -44.295745252
    0.185745977    0.911387155   -0.583586746  -11.121891051  -50.681348252
    0.192800562    0.911387155   -0.646847144   -6.785811578  -55.103103467
    0.199855148    0.911387155   -0.681848166   -3.350776840  -58.272815390
    0.206909734    0.911387155   -0.698784929   -1.735088785  -60.368796130
    0.213964320    0.911387155   -0.704487208    0.126595665  -60.826847993
    0.221018906    0.911387155   -0.700831834    0.744744187  -59.040449955
    0.228073492    0.911387155   -0.694152424    1.382509428  -56.594665282
    0.235128078    0.911387155   -0.678446192    3.031733835  -53.364320020
    0.242182664    0.911387155   -0.648471867    5.615337213  -50.186232199
    0.249237250    0.911387155   -0.599834103    8.334584666  -46.331092871
    0.256291836    0.911387155   -0.533500266   10.289773377  -41.148353070
    0.263346422    0.911387155   -0.456343867   11.221192133  -36.119493931
    0.270401008    0.911387155   -0.381778195   10.036453776  -31.802155010
    0.277455594    0.911387155   -0.322638161    6.370341497  -29.526628619
    0.284510180    0.911387155   -0.290125274    2.576223191  -27.392623013
    0.291564766    0.911387155   -0.286625782   -1.347290091  -26.653263164
    0.298619352    0.911387155   -0.306979785   -3.975038410  -27.415949925
    0.305673937    0.911387155   -0.335928398   -3.781600291  -29.348597054
    0.312728523    0.911387155   -0.355400921   -1.529524476  -31.738933280
    0.319783109    0.911387155   -0.352565232    2.119415931  -32.183342639
    0.326837695    0.911387155   -0.326082730    5.455751817  -30.584678674
    0.333892281    0.911387155   -0.276682965    8.471794787  -27.147306849
    0.340946867    0.911387155   -0.210920360    9.789324306  -22.244287042
    0.348001453    0.911387155   -0.141344253    9.545868350  -16.667364047
    0.355056039    0.911387155   -0.081016136    7.135712566  -10.615782329
    0.362110625    0.911387155   -0.038265427    4.657883750   -5.805092537
    0.369165211    0.911387155   -0.012353132    2.464644397   -2.494688933
    0.376219797    0.911387155   -0.001710531    0.822690084   -0.701615690
    0.383274383    0.911387155   -0.000000000   -0.000000000   -0.000000000
    0.390328969    0.911387155   -0.000000000   -0.000000000   -0.000000000
    0.397383555    0.911387155   -0.000000000   -0.000000000   -0.000000000
    0.404438141    0.911387155   -0.000000000   -0.000000000   -0.000000000
    0.411492727    0.911387155   -0.000000000   -0.000000000   -0.000000000
    0.418547313    0.911387155   -0.000000000   -0.000000000   -0.000000000
    0.425601898    0.911387155   -0.000000000   -0.000000000   -0.000000000
    0.432656484    0.911387155   -0.000000000   -0.000000000   -0.000000000
    0.439711070    0.911387155   -0.000000000   -0.000000000   -0.000000000
    0.446765656    0.911387155   -0.000000000   -0.000000000   -0.000000000
    0.453820242    0.911387155   -0.000000000   -0.000000000   -0.000000000
    0.460874828    0.911387155   -0.000000000   -0.000000000   -0.000000000
    0.467929414    0.911387155   -0.000000000   -0.000000000   -0.000000000
    0.474984000    0.911387155   -0.000000000   -0.000000000   -0.000000000

    0.023490500    0.928785207   -0.000000000   -0.000000000   -0.000000000
    0.030545086    0.928785207   -0.000000000   -0.000000000   -0.000000000
    0.037599672    0.928785207   -0.000000000   -0.000000000   -0.000000000
    0.044654258    0.928785207   -0.000000000   -0.000000000   -0.000000000
    0.051708844    0.928785207   -0.000000000   -0.000000000   -0.000000000
    0.058763430    0.928785207   -0.000000000   -0.000000000   -0.000000000
    0.065818016    0.928785207   -0.000000000   -0.000000000   -0.000000000
    0.072872602    0.928785207   -0.000090042   -0.069324877   -0.053558468
    0.079927187    0.928785207   -0.003448250   -1.229117906   -1.097224669
    0.086981773    0.928785207   -0.019688517   -3.231936544   -3.578652184
    0.094036359    0.928785207   -0.046097053   -4.099181466   -6.102649055
    0.101090945    0.928785207   -0.074760805   -3.882754210   -8.490445040
    0.108145531    0.928785207   -0.099699980   -3.138698609  -10.667035916
    0.115200117    0.928785207   -0.118537903   -2.143834871  -12.276700956
    0.122254703    0.928785207   -0.132815006   -2.431335967  -14.230056646
    0.129309289    0.928785207   -0.159708834   -5.991940138  -17.851401075
    0.136363875    0.928785207   -0.224356600  -13.175396438  -23.892690763
    0.143418461    0.928785207   -0.354046798  -23.706043623  -33.480306654
    0.150473047    0.928785207   -0.557261333  -33.697844217  -46.712300537
    0.157527633    0.928785207   -0.832671272  -44.524036798  -64.196138775
    0.164582219    0.928785207   -1.171657143  -51.152377923  -84.325666457
    0.171636805    0.928785207   -1.534720437  -50.883396806 -104.483347176
    0.178691391    0.928785207   -1.874649220  -44.500497109 -123.855296065
    0.185745977    0.928785207   -2.153989786  -33.826205269 -140.220955700
    0.192800562    0.928785207   -2.352003305  -22.172284797 -152.337521700
    0.199855148    0.928785207   -2.469773459  -11.251862205 -158.566355989
    0.206909734    0.928785207   -2.515946711   -2.264497199 -160.285508976
    0.213964320    0.928785207   -2.510187779    3.491807482 -159.199554938
    0.221018906    0.928785207   -2.472706831    6.732626521 -156.780987686
    0.228073492    0.928785207   -2.412556487   10.610711488 -152.793838407
    0.235128078    0.928785207   -2.326656691   13.861066193 -147.104744189
    0.242182664    0.928785207   -2.209761286   19.821521850 -139.546144599
    0.249237250    0.928785207   -2.044131422   27.043455416 -128.976588909
    0.256291836    0.928785207   -1.833133650   32.433760165 -116.220483983
    0.263346422    0.928785207   -1.595160497   33.707218347 -102.902711216
    0.270401008    0.928785207   -1.374245112   27.835307129  -89.746018863
    0.277455594    0.928785207   -1.209330053   18.293206369  -79.466631358
    0.284510180    0.928785207   -1.117956220    7.224543074  -74.157550310
    0.291564766    0.928785207   -1.105294419   -2.849257942  -72.883353785
    0.298619352    0.928785207   -1.151888463   -9.998052367  -75.399047916
    0.305673937    0.928785207   -1.228573715  -10.690331403  -79.451841984
    0.312728523    0.928785207   -1.292057573   -6.210100385  -82.590648810
    0.319783109    0.928785207   -1.302645273    3.981643470  -83.091918927
    0.326837695    0.928785207   -1.232990157   15.718530458  -79.537004872
    0.333892281    0.928785207   -1.087413091   24.967097363  -71.527495692
    0.340946867    0.928785207   -0.889192238   30.562596997  -60.223622327
    0.348001453    0.928785207   -0.665828851   31.994729567  -47.485354595
    0.355056039    0.928785207   -0.449161066   28.845837499  -34.257191141
    0.362110625    0.928785207   -0.265451078   22.816889559  -22.450100628
    0.369165211    0.928785207   -0.133877090   15.059265697  -12.798132127
    0.376219797    0.928785207   -0.050516547    8.667927595   -6.279010795
    0.383274383    0.928785207   -0.010671138    3.035553472   -1.897547808
    0.390328969    0.928785207   -0.000408839    0.334233131   -0.186456984
    0.397383555    0.928785207   -0.000000000   -0.000000000   -0.000000000
    0.404438141    0.928785207   -0.000000000   -0.000000000   -0.000000000
    0.411492727    0.928785207   -0.000000000   -0.000000000   -0.000000000
    0.418547313    0.928785207   -0.000000000   -0.000000000   -0.000000000
    0.425601898    0.928785207   -0.000000000   -0.000000000   -0.000000000
    0.432656484    0.928785207   -0.000000000   -0.000000000   -0.000000000
    0.439711070    0.928785207   -0.000000000   -0.000000000   -0.000000000
    0.446765656    0.928785207   -0.000000000   -0.000000000   -0.000000000
    0.453820242    0.928785207   -0.000000000   -0.000000000   -0.000000000
    0.460874828    0.928785207   -0.000000000   -0.000000000   -0.000000000
    0.467929414    0.928785207   -0.000000000   -0.000000000   -0.000000000
    0.474984000    0.928785207   -0.000000000   -0.000000000   -0.000000000

    0.023490500    0.946183259   -0.000000000   -0.000000000   -0.000000000
    0.030545086    0.946183259   -0.000000000   -0.000000000   -0.000000000
    0.037599672    0.946183259   -0.000000000   -0.000000000   -0.000000000
    0.044654258    0.946183259   -0.000000000   -0.000000000   -0.000000000
    0.051708844    0.946183259   -0.000000000   -0.000000000   -0.000000000
    0.058763430    0.946183259   -0.000000000   -0.000000000   -0.000000000
    0.065818016    0.946183259   -0.001571404   -0.845604592   -0.488211558
    0.072872602    0.946183259   -0.020928477   -4.968517579   -3.214367429
    0.079927187    0.946183259   -0.070990580   -9.057917626   -6.994641375
    0.086981773    0.946183259   -0.147354893  -12.459248310  -11.987944815
    0.094036359    0.946183259   -0.243978636  -14.637031148  -18.517071509
    0.101090945    0.946183259   -0.349805080  -15.169169509  -26.231956935
    0.108145531    0.946183259   -0.456253562  -15.124573992  -35.122300288
    0.115200117    0.946183259   -0.561462788  -15.031725751  -44.070120231
    0.122254703    0.946183259   -0.671926179  -17.069121709  -52.543278114
    0.129309289    0.946183259   -0.819987803  -26.560431738  -63.625104096
    0.136363875    0.946183259   -1.060823362  -42.507537832  -78.223628926
    0.143418461    0.946183259   -1.430179753  -63.261018003  -97.338902544
    0.150473047    0.946183259   -1.965640668  -88.738420519 -124.299177300
    0.157527633    0.946183259   -2.677391202 -111.717870183 -158.334888298
    0.164582219    0.946183259   -3.517506319 -124.246998755 -197.412376222
    0.171636805    0.946183259   -4.401851317 -124.246720597 -239.253876262
    0.178691391    0.946183259   -5.239343061 -111.027564843 -278.752579604
    0.185745977    0.946183259   -5.941471874  -86.541476764 -312.260323246
    0.192800562    0.946183259   -6.445160480  -55.418335503 -335.985600249
    0.199855148    0.946183259   -6.727749131  -25.275821033 -349.498198553
    0.206909734    0.946183259   -6.820947252   -2.913942400 -353.818545539
    0.213964320    0.946183259   -6.791754701   10.847886398 -351.608367819
    0.221018906    0.946183259   -6.678791776   20.599617124 -344.908473268
    0.228073492    0.946183259   -6.507407018   28.182519650 -335.764167001
    0.235128078    0.946183259   -6.270592038   40.131942430 -322.720074667
    0.242182664    0.946183259   -5.933684808   55.646801837 -304.153983739
    0.249237250    0.946183259   -5.486258810   71.264475678 -281.011081240
    0.256291836    0.946183259   -4.940813204   82.013604165 -254.569756930
    0.263346422    0.946183259   -4.357520316   81.449182273 -226.346050563
    0.270401008    0.946183259   -3.810050735   71.286337084 -201.200984505
    0.277455594    0.946183259   -3.382649380   47.589237892 -181.141374632
    0.284510180    0.946183259   -3.143141984   19.516089593 -169.069484834
    0.291564766    0.946183259   -3.100382182   -6.124033432 -166.870585997
    0.298619352    0.946183259   -3.209268133  -22.458185174 -171.447096486
    0.305673937    0.946183259   -3.386205067  -24.756813138 -178.916150161
    0.312728523    0.946183259   -3.524708729  -12.096865590 -184.731091262
    0.319783109    0.946183259   -3.535742764   10.149362588 -184.730150348
    0.326837695    0.946183259   -3.376552360   35.505547130 -177.839274559
    0.333892281    0.946183259   -3.037201266   59.650832639 -162.199793830
    0.340946867    0.946183259   -2.553584492   75.726473256 -139.189374225
    0.348001453    0.946183259   -1.992308631   81.631816415 -111.480331659
    0.355056039    0.946183259   -1.426221809   77.231589975  -82.853337921
    0.362110625    0.946183259   -0.922872741   64.152219497  -56.607965395
    0.369165211    0.946183259   -0.527322450   47.163983552  -35.250259209
    0.376219797    0.946183259   -0.259311886   29.651952175  -19.481946088
    0.383274383    0.946183259   -0.099120826   16.142023648   -9.340548644
    0.390328969    0.946183259   -0.022841372    6.013634473   -3.055921794
    0.397383555    0.946183259   -0.001277941    0.984409476   -0.502942626
    0.404438141    0.946183259   -0.000000000   -0.000000000   -0.000000000
    0.411492727    0.946183259   -0.000000000   -0.000000000   -0.000000000
    0.418547313    0.946183259   -0.000000000   -0.000000000   -0.000000000
    0.425601898    0.946183259   -0.000000000   -0.000000000   -0.000000000
    0.432656484    0.946183259   -0.000000000   -0.000000000   -0.000000000
    0.439711070    0.946183259   -0.000000000   -0.000000000   -0.000000000
    0.446765656    0.946183259   -0.000000000   -0.000000000   -0.000000000
    0.453820242    0.946183259   -0.000000000   -0.000000000   -0.000000000
    0.460874828    0.946183259   -0.000000000   -0.000000000   -0.000000000
    0.467929414    0.946183259   -0.000000000   -0.000000000   -0.000000000
    0.474984000    0.946183259   -0.000000000   -0.000000000   -0.000000000

    0.023490500    0.963581310   -0.000000000   -0.000000000   -0.000000000
    0.030545086    0.963581310   -0.000000000   -0.000000000   -0.000000000
    0.037599672    0.963581310   -0.000000000   -0.000000000   -0.000000000
    0.044654258    0.963581310   -0.000000000   -0.000000000   -0.000000000
    0.051708844    0.963581310   -0.000000000   -0.000000000   -0.000000000
    0.058763430    0.963581310   -0.003673351   -1.724424254   -0.753625307
    0.065818016    0.963581310   -0.038156374   -8.347280191   -4.015249564
    0.072872602    0.963581310   -0.124096320  -16.258594315   -9.073973735
    0.079927187    0.963581310   -0.274402948  -26.587706834  -17.865761313
    0.086981773    0.963581310   -0.499497936  -37.042328041  -30.936082555
    0.094036359    0.963581310   -0.792623024  -45.749213545  -48.421296442
    0.101090945    0.963581310   -1.133965277  -50.172180502  -68.752598039
    0.108145531    0.963581310   -1.487517287  -49.212794751  -89.207955943
    0.115200117    0.963581310   -1.825945118  -47.054101591 -108.306637494
    0.122254703    0.963581310   -2.171899332  -52.913562520 -127.913178994
    0.129309289    0.963581310   -2.600556339  -70.406462843 -149.837221885
    0.136363875    0.963581310   -3.195581830 -100.429905522 -177.276231965
    0.143418461    0.963581310   -4.051475082 -144.179051567 -214.987045016
    0.150473047    0.963581310   -5.244635535 -193.820758574 -265.020794206
    0.157527633    0.963581310   -6.772626041 -237.361550365 -327.056940370
    0.164582219    0.963581310   -8.555444785 -264.227537838 -398.358996602
    0.171636805    0.963581310  -10.437468205 -264.429056135 -473.446590717
    0.178691391    0.963581310  -12.220083077 -235.827324176 -544.021661172
    0.185745977    0.963581310  -13.710842823 -183.169426562 -602.385909160
    0.192800562    0.963581310  -14.774545156 -117.585755237 -644.110136059
    0.199855148    0.963581310  -15.376600773  -54.832431413 -667.992821118
    0.206909734    0.963581310  -15.580753951   -4.760415510 -675.783678533
    0.213964320    0.963581310  -15.485688345   28.698412002 -670.980348898
    0.221018906    0.963581310  -15.204815872   49.545419532 -657.468038575
    0.228073492    0.963581310  -14.787503519   69.762353716 -637.122995491
    0.235128078    0.963581310  -14.204112245   96.507947192 -609.571888676
    0.242182664    0.963581310  -13.413214238  128.075104624 -574.659834578
    0.249237250    0.963581310  -12.402438709  157.243751419 -531.954892063
    0.256291836    0.963581310  -11.222775958  174.617814276 -484.240205958
    0.263346422    0.963581310   -9.980644084  173.217806556 -435.648535325
    0.270401008    0.963581310   -8.832931480  148.089408846 -389.910927704
    0.277455594    0.963581310   -7.937135409  102.886436560 -354.533485255
    0.284510180    0.963581310   -7.414765516   43.744778842 -333.228905270
    0.291564766    0.963581310   -7.305429397  -10.975033859 -328.132959307
    0.298619352    0.963581310   -7.520787677  -45.347478894 -335.849897289
    0.305673937    0.963581310   -7.871904539  -49.115317951 -348.846053953
    0.312728523    0.963581310   -8.148932902  -24.978333032 -360.188781570
    0.319783109    0.963581310   -8.170963766   21.197922519 -361.109515170
    0.326837695    0.963581310   -7.830670170   76.072294207 -347.511143913
    0.333892281    0.963581310   -7.108731428  127.801262292 -318.039433298
    0.340946867    0.963581310   -6.062647277  165.541675406 -275.482497028
    0.348001453    0.963581310   -4.826494956  181.172014874 -224.197993434
    0.355056039    0.963581310   -3.562491817  173.818918033 -170.795554432
    0.362110625    0.963581310   -2.415824336  148.850000646 -120.902357088
    0.369165211    0.963581310   -1.488850677  113.240135928  -79.320418318
    0.376219797    0.963581310   -0.819672538   76.618791196  -48.175388037
    0.383274383    0.963581310   -0.396337086   45.594011470  -26.975063717
    0.390328969    0.963581310   -0.155832349   23.772388847  -13.926499176
    0.397383555    0.963581310   -0.043469360    9.177307637   -5.850244380
    0.404438141    0.963581310   -0.008405017    1.887174799   -1.928505726
    0.411492727    0.963581310   -0.001619482    0.410670436   -0.572976749
    0.418547313    0.963581310   -0.000097183    0.079857588   -0.078418777
    0.425601898    0.963581310   -0.000000000   -0.000000000   -0.000000000
    0.432656484    0.963581310   -0.000000000   -0.000000000   -0.000000000
    0.439711070    0.963581310   -0.000000000   -0.000000000   -0.000000000
    0.446765656    0.963581310   -0.000000000   -0.000000000   -0.000000000
    0.453820242    0.963581310   -0.000000000   -0.000000000   -0.000000000
    0.460874828    0.963581310   -0.000000000   -0.000000000   -0.000000000
    0.467929414    0.963581310   -0.000000000   -0.000000000   -0.000000000
    0.474984000    0.963581310   -0.000000000   -0.000000000   -0.000000000

    0.023490500    0.980979362   -0.000000000   -0.000000000   -0.000000000
    0.030545086    0.980979362   -0.000000000   -0.000000000   -0.000000000
    0.037599672    0.980979362   -0.000000000   -0.000000000   -0.000000000
    0.044654258    0.980979362   -0.000000000   -0.000000000   -0.000000000
    0.051708844    0.980979362   -0.003059354   -1.624002491   -0.546963979
    0.058763430    0.980979362   -0.040069401   -9.754693830   -3.534043071
    0.065818016    0.980979362   -0.148890028  -22.101876329   -9.142884873
    0.072872602    0.980979362   -0.371365023  -42.199502589  -20.599290938
    0.079927187    0.980979362   -0.755909963  -67.613796815  -39.528274284
    0.086981773    0.980979362   -1.328274209  -94.534326281  -67.522081860
    0.094036359    0.980979362   -2.076051406 -116.109276888 -103.770728104
    0.101090945    0.980979362   -2.935643975 -125.333239883 -145.025627256
    0.108145531    0.980979362   -3.810545144 -121.328486016 -186.494160804
    0.115200117    0.980979362   -4.644494818 -116.023260044 -226.081429041
    0.122254703    0.980979362   -5.476665718 -122.298044503 -263.576901830
    0.129309289    0.980979362   -6.421151510 -149.252157172 -302.154655774
    0.136363875    0.980979362   -7.649505793 -204.092807531 -348.293437520
    0.143418461    0.980979362   -9.361161525 -284.513380331 -409.576826998
    0.150473047    0.980979362  -11.677827132 -372.698645303 -489.385031090
    0.157527633    0.980979362  -14.597514427 -451.859843850 -588.199362310
    0.164582219    0.980979362  -17.975948702 -498.709766234 -700.770338278
    0.171636805    0.980979362  -21.520183208 -496.809743920 -817.348340960
    0.178691391    0.980979362  -24.855584551 -439.779100885 -925.650066058
    0.185745977    0.980979362  -27.624066394 -339.338050021 -1014.409122289
    0.192800562    0.980979362  -29.594843950 -218.733717090 -1077.171654565
    0.199855148    0.980979362  -30.716401211 -101.248869999 -1112.696845831
    0.206909734    0.980979362  -31.077904804   -6.206336963 -1123.170826752
    0.213964320    0.980979362  -30.869318113   60.828737456 -1114.769299673
    0.221018906    0.980979362  -30.271607083  107.236225984 -1091.312478212
    0.228073492    0.980979362  -29.367368168  150.074485692 -1055.314313754
    0.235128078    0.980979362  -28.143566740  198.612037795 -1008.599291576
    0.242182664    0.980979362  -26.553233479  252.795993901 -950.860497692
    0.249237250    0.980979362  -24.589714631  302.074520620 -883.376030379
    0.256291836    0.980979362  -22.344813005  330.240874763 -807.550921355
    0.263346422    0.980979362  -20.006692078  326.211749415 -729.817521918
    0.270401008    0.980979362  -17.845840134  279.461125723 -658.327475268
    0.277455594    0.980979362  -16.155985183  193.959427026 -602.126893593
    0.284510180    0.980979362  -15.164311085   86.157745973 -568.804915569
    0.291564766    0.980979362  -14.933495548  -16.574436661 -559.733614459
    0.298619352    0.980979362  -15.309414597  -81.646001133 -570.426516396
    0.305673937    0.980979362  -15.959195102  -93.212575099 -591.547474185
    0.312728523    0.980979362  -16.488706929  -48.596023869 -609.523992029
    0.319783109    0.980979362  -16.548331451   37.399941281 -612.873847083
    0.326837695    0.980979362  -15.916896126  142.705411183 -593.828878335
    0.333892281    0.980979362  -14.548434936  242.077156579 -549.120499428
    0.340946867    0.980979362  -12.555670498  317.225004779 -482.310960661
    0.348001453    0.980979362  -10.159627746  354.707885862 -398.991852816
    0.355056039    0.980979362   -7.662629762  346.450035652 -309.563934927
    0.362110625    0.980979362   -5.361800805  300.666090830 -225.812000225
    0.369165211    0.980979362   -3.468637837  233.789760183 -154.873732400
    0.376219797    0.980979362   -2.071853720  163.395689446 -100.926661538
    0.383274383    0.980979362   -1.141559111  102.392877480  -62.514678551
    0.390328969    0.980979362   -0.580141083   59.412993744  -37.425582152
    0.397383555    0.980979362   -0.267595280   31.479355024  -21.687225839
    0.404438141    0.980979362   -0.113987568   14.166668244  -11.765241733
    0.411492727    0.980979362   -0.048699879    5.416783002   -5.705031261
    0.418547313    0.980979362   -0.019477330    2.905773371   -2.817775745
    0.425601898    0.980979362   -0.005250757    1.183655813   -0.997363039
    0.432656484    0.980979362   -0.000156954    0.181212475   -0.144582638
    0.439711070    0.980979362   -0.000000000   -0.000000000   -0.000000000
    0.446765656    0.980979362   -0.000000000   -0.000000000   -0.000000000
    0.453820242    0.980979362   -0.000000000   -0.000000000   -0.000000000
    0.460874828    0.980979362   -0.000000000   -0.000000000   -0.000000000
    0.467929414    0.980979362   -0.000000000   -0.000000000   -0.000000000
    0.474984000    0.980979362   -0.000000000   -0.000000000   -0.000000000

    0.023490500    0.998377414   -0.000000000   -0.000000000   -0.000000000
    0.030545086    0.998377414   -0.000000000   -0.000000000   -0.000000000
    0.037599672    0.998377414   -0.000000000   -0.000000000   -0.000000000
    0.044654258    0.998377414   -0.000917683   -0.618122496   -0.163065132
    0.051708844    0.998377414   -0.026129445   -7.931562400   -2.174823735
    0.058763430    0.998377414   -0.129772986  -22.809280223   -7.003290400
    0.065818016    0.998377414   -0.381674667  -50.899293782  -18.257926053
    0.072872602    0.998377414   -0.878436051  -92.342210825  -38.641913014
    0.079927187    0.998377414   -1.719947434 -147.780383191  -73.607404627
    0.086981773    0.998377414   -2.970417505 -206.209938737 -125.428237448
    0.094036359    0.998377414   -4.596784725 -251.402945330 -191.946312572
    0.101090945    0.998377414   -6.449617131 -268.830162115 -267.298144643
    0.108145531    0.998377414   -8.327220477 -260.307467759 -343.183291808
    0.115200117    0.998377414  -10.103359496 -243.741790098 -413.718874570
    0.122254703    0.998377414  -11.797983512 -240.942246556 -476.376138024
    0.129309289    0.998377414  -13.589131957 -275.401151384 -535.908897349
    0.136363875    0.998377414  -15.802147924 -360.893637749 -602.304441093
    0.143418461    0.998377414  -18.782788589 -489.380365921 -686.281645417
    0.150473047    0.998377414  -22.751064296 -635.617140431 -794.714376133
    0.157527633    0.998377414  -27.706713580 -762.728674778 -927.746054800
    0.164582219    0.998377414  -33.384676005 -835.467962215 -1077.397909022
    0.171636805    0.998377414  -39.295547196 -825.620353350 -1230.658372898
    0.178691391    0.998377414  -44.817472506 -725.948015601 -1371.672569229
    0.185745977    0.998377414  -49.372703016 -556.671273970 -1486.374876734
    0.192800562    0.998377414  -52.604129706 -357.345218471 -1566.990248584
    0.199855148    0.998377414  -54.426293584 -163.184276968 -1611.364151563
    0.206909734    0.998377414  -54.992229570   -4.418133264 -1624.041837508
    0.213964320    0.998377414  -54.595393410  110.337225738 -1611.097678767
    0.221018906    0.998377414  -53.496173861  197.828742647 -1577.567805323
    0.228073492    0.998377414  -51.826832899  274.607008298 -1526.098045574
    0.235128078    0.998377414  -49.610039963  354.942872528 -1459.030693403
    0.242182664    0.998377414  -46.806812944  439.633911865 -1377.360478098
    0.249237250    0.998377414  -43.427086095  514.916424038 -1282.610678789
    0.256291836    0.998377414  -39.608719679  558.845543865 -1178.250035571
    0.263346422    0.998377414  -35.664583911  548.556243788 -1072.210711699
    0.270401008    0.998377414  -32.031505266  470.188224151 -975.251047263
    0.277455594    0.998377414  -29.186080765  327.503887511 -899.337642631
    0.284510180    0.998377414  -27.496011129  149.046193613 -852.493298765
    0.291564766    0.998377414  -27.059170781  -19.462358559 -837.598965725
    0.298619352    0.998377414  -27.637672845 -132.200571839 -849.794755873
    0.305673937    0.998377414  -28.709271653 -155.698442028 -876.693181327
    0.312728523    0.998377414  -29.615894245  -87.060848817 -901.898716981
    0.319783109    0.998377414  -29.767796199   53.461534711 -909.414439034
    0.326837695    0.998377414  -28.778719420  229.865065905 -887.913963273
    0.333892281    0.998377414  -26.527357574  405.548975130 -831.041066291
    0.340946867    0.998377414  -23.149861247  543.166898228 -740.145460971
    0.348001453    0.998377414  -19.016416641  616.154999601 -625.219791738
    0.355056039    0.998377414  -14.640435029  611.768411528 -499.284515259
    0.362110625    0.998377414  -10.545912254  540.112777550 -377.248548441
    0.369165211    0.998377414   -7.116063789  428.390508870 -271.011808960
    0.376219797    0.998377414   -4.523240319  307.653062241 -186.890874032
    0.383274383    0.998377414   -2.732363605  203.629012787 -125.323938337
    0.390328969    0.998377414   -1.588401538  126.286305273  -82.427041313
    0.397383555    0.998377414   -0.891168284   75.220844763  -53.244892217
    0.404438141    0.998377414   -0.481589694   43.301408055  -33.107417408
    0.411492727    0.998377414   -0.252115220   23.833574414  -19.313423498
    0.418547313    0.998377414   -0.125444058   13.230627180  -10.375443844
    0.425601898    0.998377414   -0.054549435    7.339809281   -5.154547356
    0.432656484    0.998377414   -0.016679028    3.356520060   -2.067259138
    0.439711070    0.998377414   -0.002413199    0.947508663   -0.514410720
    0.446765656    0.998377414   -0.000000000   -0.000000000   -0.000000000
    0.453820242    0.998377414   -0.000000000   -0.000000000   -0.000000000
    0.460874828    0.998377414   -0.000000000   -0.000000000   -0.000000000
    0.467929414    0.998377414   -0.000000000   -0.000000000   -0.000000000
    0.474984000    0.998377414   -0.000000000   -0.000000000   -0.000000000

    0.023490500    1.015775466   -0.000000000   -0.000000000   -0.000000000
    0.030545086    1.015775466   -0.000000000   -0.000000000   -0.000000000
    0.037599672    1.015775466   -0.000005032   -0.030505925   -0.006354666
    0.044654258    1.015775466   -0.009157151   -3.864706096   -0.804928387
    0.051708844    1.015775466   -0.079482560  -17.938710395   -4.059477843
    0.058763430    1.015775466   -0.297243422  -47.152120891  -12.340543929
    0.065818016    1.015775466   -0.794522457  -98.258075880  -29.584584809
    0.072872602    1.015775466   -1.759362498 -180.737777940  -63.930702829
    0.079927187    1.015775466   -3.399108448 -286.796516418 -121.350592656
    0.086981773    1.015775466   -5.819879331 -397.394099734 -204.963688602
    0.094036359    1.015775466   -8.948194501 -481.826263278 -312.178571049
    0.101090945    1.015775466  -12.493800945 -514.401985532 -433.212120723
    0.108145531    1.015775466  -16.078739381 -495.033482775 -554.655289699
    0.115200117    1.015775466  -19.416334936 -449.701001424 -664.240358904
    0.122254703    1.015775466  -22.460817808 -419.377360515 -756.869161810
    0.129309289    1.015775466  -25.476768340 -448.223422666 -837.581985968
    0.136363875    1.015775466  -28.984330256 -560.205588577 -918.487806422
    0.143418461    1.015775466  -33.542009570 -741.075880963 -1012.279540335
    0.150473047    1.015775466  -39.511694912 -952.701020378 -1129.779896435
    0.157527633    1.015775466  -46.923873756 -1138.216958567 -1273.200798032
    0.164582219    1.015775466  -55.371396965 -1238.704566005 -1436.561745037
    0.171636805    1.015775466  -64.108595039 -1215.817227307 -1602.495206704
    0.178691391    1.015775466  -72.217316133 -1062.665876032 -1753.464062054
    0.185745977    1.015775466  -78.870016600 -811.392828598 -1875.234183296
    0.192800562    1.015775466  -83.565930306 -517.113737868 -1960.164162988
    0.199855148    1.015775466  -86.195658657 -234.315940885 -2007.298230136
    0.206909734    1.015775466  -86.993402487   -1.414105924 -2021.238231277
    0.213964320    1.015775466  -86.354538358  174.398918816 -2006.778313189
    0.221018906    1.015775466  -84.617850283  313.745867455 -1968.285228730
    0.228073492    1.015775466  -81.965849446  437.001929478 -1908.168076049
    0.235128078    1.015775466  -78.451242524  560.339723425 -1827.965788790
    0.242182664    1.015775466  -74.061038636  683.531181155 -1729.461850709
    0.249237250    1.015775466  -68.851215172  789.042115389 -1616.518685379
    0.256291836    1.015775466  -63.042929781  847.759909477 -1495.345660033
    0.263346422    1.015775466  -57.086490165  825.549651144 -1373.754955639
    0.270401008    1.015775466  -51.618136863  706.984947049 -1262.660999023
    0.277455594    1.015775466  -47.322333915  497.196597625 -1174.192200928
    0.284510180    1.015775466  -44.724679202  234.625252374 -1117.889449772
    0.291564766    1.015775466  -43.975856960  -15.162685734 -1097.832366502
    0.298619352    1.015775466  -44.758888499 -187.320975145 -1108.356639978
    0.305673937    1.015775466  -46.320802548 -231.819176512 -1136.653198691
    0.312728523    1.015775466  -47.705597656 -139.659401168 -1165.571072992
    0.319783109    1.015775466  -48.026284852   63.427657302 -1176.776380219
    0.326837695    1.015775466  -46.659073778  329.899412204 -1155.300057149
    0.333892281    1.015775466  -43.353848259  602.585846167 -1093.442125953
    0.340946867    1.015775466  -38.278239712  823.563338728 -991.641205762
    0.348001453    1.015775466  -31.955471361  950.258775595 -858.395328109
    0.355056039    1.015775466  -25.146705985  960.359582618 -708.198772659
    0.362110625    1.015775466  -18.655232071  864.944379367 -557.931321332
    0.369165211    1.015775466  -13.103202718  702.319937378 -422.165316853
    0.376219797    1.015775466   -8.788590262  521.117951216 -309.887096269
    0.383274383    1.015775466   -5.701290832  360.098720461 -222.411248175
    0.390328969    1.015775466   -3.619206252  237.580619299 -156.874290417
    0.397383555    1.015775466   -2.253985951  155.053588409 -108.206368708
    0.404438141    1.015775466   -1.364395230  100.977418256  -71.933783555
    0.411492727    1.015775466   -0.791181964   64.165485334  -45.090477564
    0.418547313    1.015775466   -0.430864056   39.861732232  -26.233738406
    0.425601898    1.015775466   -0.210868988   23.673229132  -13.904224875
    0.432656484    1.015775466   -0.087531940   12.237474415   -6.379570896
    0.439711070    1.015775466   -0.026288686    5.703307016   -2.634832004
    0.446765656    1.015775466   -0.003718622    1.291857765   -0.534907526
    0.453820242    1.015775466   -0.000000000   -0.000000000   -0.000000000
    0.460874828    1.015775466   -0.000000000   -0.000000000   -0.000000000
    0.467929414    1.015775466   -0.000000000   -0.000000000   -0.000000000
    0.474984000    1.015775466   -0.000000000   -0.000000000   -0.000000000

    0.023490500    1.033173517   -0.000000000   -0.000000000   -0.000000000
    0.030545086    1.033173517   -0.000000000   -0.000000000   -0.000000000
    0.037599672    1.033173517   -0.000971431   -0.745669188   -0.113782486
    0.044654258    1.033173517   -0.029344846   -9.217791691   -1.472988003
    0.051708844    1.033173517   -0.169288372  -33.392141771   -6.250539557
    0.058763430    1.033173517   -0.557796875  -82.097057773  -17.647094051
    0.065818016    1.033173517   -1.429905357 -173.849838854  -43.869889561
    0.072872602    1.033173517   -3.127532329 -315.372992741  -93.240359200
    0.079927187    1.033173517   -5.973480174 -496.802485689 -174.546094370
    0.086981773    1.033173517  -10.154543618 -685.675812713 -293.473223898
    0.094036359    1.033173517  -15.535199405 -827.078252892 -444.837638284
    0.101090945    1.033173517  -21.614863937 -880.056725506 -614.383230336
    0.108145531    1.033173517  -27.724505725 -838.698898001 -782.658163510
    0.115200117    1.033173517  -33.313312946 -741.917209401 -931.381150426
    0.122254703    1.033173517  -38.212512718 -655.293711069 -1049.819475834
    0.129309289    1.033173517  -42.759705952 -651.132992240 -1141.920925437
    0.136363875    1.033173517  -47.682878692 -764.345083323 -1219.714571801
    0.143418461    1.033173517  -53.791421548 -981.493383963 -1299.297255002
    0.150473047    1.033173517  -61.660018235 -1251.683218462 -1394.116533988
    0.157527633    1.033173517  -71.379383080 -1492.159375174 -1508.463811589
    0.164582219    1.033173517  -82.457017035 -1623.408193970 -1638.930060619
    0.171636805    1.033173517  -93.885518326 -1586.706531990 -1774.784009016
    0.178691391    1.033173517 -104.447457876 -1382.149505001 -1899.390937447
    0.185745977    1.033173517 -113.087599558 -1051.807681773 -2000.119022040
    0.192800562    1.033173517 -119.165657049 -669.093360870 -2070.692284400
    0.199855148    1.033173517 -122.568426128 -303.666480271 -2110.818029081
    0.206909734    1.033173517 -123.600907003   -0.914341937 -2123.925350701
    0.213964320    1.033173517 -122.727664529  238.964260985 -2112.271055583
    0.221018906    1.033173517 -120.337406741  433.324507135 -2077.615875942
    0.228073492    1.033173517 -116.649624867  610.567597552 -2021.153168390
    0.235128078    1.033173517 -111.732298688  782.934089404 -1943.407017813
    0.242182664    1.033173517 -105.619116701  946.877456873 -1847.460783313
    0.249237250    1.033173517  -98.441779319 1079.491298491 -1738.446600111
    0.256291836    1.033173517  -90.540229146 1146.740605287 -1623.785018729
    0.263346422    1.033173517  -82.508770594 1110.408678576 -1512.051107565
    0.270401008    1.033173517  -75.159477687  950.864933362 -1411.888868130
    0.277455594    1.033173517  -69.364060018  675.587438494 -1332.654808422
    0.284510180    1.033173517  -65.801732825  328.636349726 -1281.292384629
    0.291564766    1.033173517  -64.692460426   -4.425549439 -1260.972942964
    0.298619352    1.033173517  -65.623432095 -236.090022796 -1267.760334681
    0.305673937    1.033173517  -67.640395206 -305.036487358 -1290.784204615
    0.312728523    1.033173517  -69.498162790 -193.043498035 -1314.716252749
    0.319783109    1.033173517  -70.010211921   69.244143306 -1324.574780105
    0.326837695    1.033173517  -68.299036974  425.256556820 -1306.717602963
    0.333892281    1.033173517  -63.969953431  798.296339442 -1252.986110981
    0.340946867    1.033173517  -57.177628960 1111.986254717 -1161.190601570
    0.348001453    1.033173517  -48.569478677 1304.757395130 -1037.100998307
    0.355056039    1.033173517  -39.137452577 1343.291367520 -891.720840004
    0.362110625    1.033173517  -29.967414715 1235.518313300 -739.849967975
    0.369165211    1.033173517  -21.939231516 1029.956888526 -595.330740329
    0.376219797    1.033173517  -15.508331420  792.754889124 -467.284512873
    0.383274383    1.033173517  -10.702278641  576.695831317 -358.689496906
    0.390328969    1.033173517   -7.263461890  407.194199015 -268.390346690
    0.397383555    1.033173517   -4.838963075  287.749290746 -194.369255600
    0.404438141    1.033173517   -3.122365428  203.723137358 -134.364624446
    0.411492727    1.033173517   -1.916403886  141.118571660  -87.306563548
    0.418547313    1.033173517   -1.098286377   92.868685864  -52.407935435
    0.425601898    1.033173517   -0.571474251   58.020905249  -28.796241140
    0.432656484    1.033173517   -0.260836471   31.820281281  -14.046417050
    0.439711070    1.033173517   -0.098548204   15.291899779   -5.967468700
    0.446765656    1.033173517   -0.025822769    6.373986227   -2.216896520
    0.453820242    1.033173517   -0.002900350    1.088489822   -0.346105621
    0.460874828    1.033173517   -0.000000000   -0.000000000   -0.000000000
    0.467929414    1.033173517   -0.000000000   -0.000000000   -0.000000000
    0.474984000    1.033173517   -0.000000000   -0.000000000   -0.000000000

    0.023490500    1.050571569   -0.000000000   -0.000000000   -0.000000000
    0.030545086    1.050571569   -0.000000000   -0.000000000   -0.000000000
    0.037599672    1.050571569   -0.004322030   -2.308962666   -0.252331797
    0.044654258    1.050571569   -0.061439026  -17.056954827   -2.172626059
    0.051708844    1.050571569   -0.293597162  -53.437565321   -7.944305954
    0.058763430    1.050571569   -0.916180997 -132.375048748  -23.587806171
    0.065818016    1.050571569   -2.310870113 -275.098227436  -56.629359611
    0.072872602    1.050571569   -4.981175193 -494.759975074 -119.120734465
    0.079927187    1.050571569   -9.443750198 -777.034148440 -222.240230311
    0.086981773    1.050571569  -15.965079249 -1066.693895534 -370.486830055
    0.094036359    1.050571569  -24.312414826 -1281.529841520 -558.289085675
    0.101090945    1.050571569  -33.714566950 -1357.319894678 -767.823244106
    0.108145531    1.050571569  -43.095138998 -1278.846786019 -972.113841317
    0.115200117    1.050571569  -51.513297658 -1097.647016801 -1144.951378241
    0.122254703    1.050571569  -58.579335219 -914.384642643 -1271.581901397
    0.129309289    1.050571569  -64.662894884 -833.874784226 -1352.424804697
    0.136363875    1.050571569  -70.716995669 -909.304879973 -1399.124156973
    0.143418461    1.050571569  -77.841289599 -1130.989421740 -1430.210284913
    0.150473047    1.050571569  -86.869426491 -1434.081509599 -1463.031720609
    0.157527633    1.050571569  -98.025778506 -1716.567689010 -1507.426378542
    0.164582219    1.050571569 -110.783636848 -1872.364964672 -1564.083560861
    0.171636805    1.050571569 -123.981601320 -1834.283930545 -1625.641408578
    0.178691391    1.050571569 -136.183787261 -1595.591330115 -1684.161047637
    0.185745977    1.050571569 -146.155595718 -1214.802856789 -1732.823143921
    0.192800562    1.050571569 -153.187452201 -776.834811552 -1769.256985361
    0.199855148    1.050571569 -157.170840929 -361.369258484 -1794.391679916
    0.206909734    1.050571569 -158.433127234   -8.164132137 -1808.154261350
    0.213964320    1.050571569 -157.440694501  280.534831580 -1807.244738198
    0.221018906    1.050571569 -154.574036844  527.428971945 -1789.230174861
    0.228073492    1.050571569 -150.045956835  755.414640389 -1751.695549738
    0.235128078    1.050571569 -143.934832648  975.504323536 -1695.068760249
    0.242182664    1.050571569 -136.337079511 1173.665535201 -1623.387971331
    0.249237250    1.050571569 -127.491700276 1322.799214730 -1544.790197155
    0.256291836    1.050571569 -117.874745838 1386.415554526 -1466.792094815
    0.263346422    1.050571569 -108.214240930 1329.097825671 -1396.278295084
    0.270401008    1.050571569  -99.446541637 1131.766857676 -1339.084777261
    0.277455594    1.050571569  -92.561199345  802.664931553 -1298.540286118
    0.284510180    1.050571569  -88.313400362  395.966401799 -1275.243417691
    0.291564766    1.050571569  -86.944409529    4.338094804 -1268.450556366
    0.298619352    1.050571569  -87.974379813 -270.376451859 -1274.181704697
    0.305673937    1.050571569  -90.300067886 -353.872343989 -1286.104142850
    0.312728523    1.050571569  -92.469283597 -227.887733690 -1296.396432565
    0.319783109    1.050571569  -93.088676213   77.372790205 -1297.728025918
    0.326837695    1.050571569  -91.101374313  498.239727706 -1283.593205175
    0.333892281    1.050571569  -85.988945256  949.315192653 -1248.480091012
    0.340946867    1.050571569  -77.853802967 1340.030335806 -1189.378962112
    0.348001453    1.050571569  -67.397416727 1596.984046175 -1105.910090273
    0.355056039    1.050571569  -55.747133742 1674.089214648 -1002.331840074
    0.362110625    1.050571569  -44.187344756 1576.769503580 -885.606152870
    0.369165211    1.050571569  -33.786658800 1357.484082222 -762.710608022
    0.376219797    1.050571569  -25.142462849 1091.653441597 -640.120164637
    0.383274383    1.050571569  -18.342804466  842.538813772 -522.025620674
    0.390328969    1.050571569  -13.140617537  640.331187836 -410.751226328
    0.397383555    1.050571569   -9.185321162  487.901395015 -308.870442626
    0.404438141    1.050571569   -6.174642673  369.735539348 -219.497452317
    0.411492727    1.050571569   -3.923301458  271.390411842 -145.643088706
    0.418547313    1.050571569   -2.315999543  186.782122589  -89.018682676
    0.425601898    1.050571569   -1.248291160  119.240133929  -49.787558136
    0.432656484    1.050571569   -0.595979380   68.001361860  -24.968053351
    0.439711070    1.050571569   -0.246334056   34.091324284  -11.147455581
    0.446765656    1.050571569   -0.080894440   14.556420209   -4.243549727
    0.453820242    1.050571569   -0.015815315    4.845458664   -1.278072656
    0.460874828    1.050571569   -0.001220440    0.555439376   -0.137977415
    0.467929414    1.050571569   -0.000000000   -0.000000000   -0.000000000
    0.474984000    1.050571569   -0.000000000   -0.000000000   -0.000000000

    0.023490500    1.067969621   -0.000000000   -0.000000000   -0.000000000
    0.030545086    1.067969621   -0.000003151   -0.033617070   -0.002262022
    0.037599672    1.067969621   -0.009326744   -4.251921489   -0.328279635
    0.044654258    1.067969621   -0.102363363  -25.844632212   -2.474677073
    0.051708844    1.067969621   -0.446752630  -79.639392583   -9.639609796
    0.058763430    1.067969621   -1.363222913 -192.717535231  -27.436010346
    0.065818016    1.067969621   -3.379730013 -397.196191003  -65.488076667
    0.072872602    1.067969621   -7.220507038 -709.575184708 -136.077314750
    0.079927187    1.067969621  -13.591784682 -1105.785332935 -250.410278415
    0.086981773    1.067969621  -22.852450859 -1511.879052760 -414.711011421
    0.094036359    1.067969621  -34.663626212 -1809.429339055 -621.109805835
    0.101090945    1.067969621  -47.898673332 -1903.213183688 -847.749982492
    0.108145531    1.067969621  -60.963471791 -1764.704614323 -1061.829735724
    0.115200117    1.067969621  -72.414163196 -1464.621259473 -1232.691548492
    0.122254703    1.067969621  -81.564589256 -1139.226917098 -1340.861316745
    0.129309289    1.067969621  -88.763529129 -929.937807372 -1383.850384010
    0.136363875    1.067969621  -95.161804377 -918.816518361 -1373.120118739
    0.143418461    1.067969621 -102.199019915 -1105.438210585 -1329.507885040
    0.150473047    1.067969621 -111.054375407 -1415.369088822 -1274.493866363
    0.157527633    1.067969621 -122.165011011 -1722.733030230 -1222.781813653
    0.164582219    1.067969621 -135.056613865 -1902.101773053 -1180.038742993
    0.171636805    1.067969621 -148.501743021 -1872.474974642 -1145.965508810
    0.178691391    1.067969621 -160.987330678 -1636.629524970 -1119.886742400
    0.185745977    1.067969621 -171.246515794 -1253.900649226 -1103.718885508
    0.192800562    1.067969621 -178.550061671 -815.297295590 -1098.660946761
    0.199855148    1.067969621 -182.805123160 -398.280439033 -1104.211709847
    0.206909734    1.067969621 -184.305841621  -35.568201609 -1117.676125471
    0.213964320    1.067969621 -183.428908258  278.089547558 -1131.961812923
    0.221018906    1.067969621 -180.453067066  562.116349946 -1137.606468688
    0.228073492    1.067969621 -175.519231951  835.257843849 -1128.921255690
    0.235128078    1.067969621 -168.706847524 1091.697613617 -1106.534628874
    0.242182664    1.067969621 -160.205537831 1309.846191494 -1075.827551289
    0.249237250    1.067969621 -150.395094363 1456.308778172 -1045.632692632
    0.256291836    1.067969621 -139.904890042 1498.201157078 -1026.167857613
    0.263346422    1.067969621 -129.573693026 1406.401217384 -1022.539790145
    0.270401008    1.067969621 -120.394496293 1171.585899272 -1035.502917975
    0.277455594    1.067969621 -113.342067231  811.573755268 -1059.892955732
    0.284510180    1.067969621 -109.111032606  384.446997672 -1087.536781660
    0.291564766    1.067969621 -107.857887696  -15.685968776 -1110.522662272
    0.298619352    1.067969621 -109.036153397 -290.038829005 -1123.018090739
    0.305673937    1.067969621 -111.474126343 -364.722654075 -1125.266724371
    0.312728523    1.067969621 -113.671980050 -223.784955318 -1118.506857500
    0.319783109    1.067969621 -114.200899879   99.849630407 -1106.476350232
    0.326837695    1.067969621 -111.981474866  542.889972553 -1093.334758220
    0.333892281    1.067969621 -106.454737280 1022.372016289 -1080.279955207
    0.340946867    1.067969621  -97.675598386 1450.532323352 -1065.585758449
    0.348001453    1.067969621  -86.293592009 1748.633582494 -1044.556608827
    0.355056039    1.067969621  -73.422338275 1868.253687296 -1010.790885474
    0.362110625    1.067969621  -60.361700120 1807.667067887 -958.486343009
    0.369165211    1.067969621  -48.221522094 1618.762762338 -885.108035339
    0.376219797    1.067969621  -37.654591239 1373.902252931 -790.388056626
    0.383274383    1.067969621  -28.826812358 1133.889098045 -677.905313134
    0.390328969    1.067969621  -21.569463737  929.422688153 -554.618902846
    0.397383555    1.067969621  -15.625571545  760.273243619 -429.292449357
    0.404438141    1.067969621  -10.802531896  609.046625562 -311.329717691
    0.411492727    1.067969621   -7.017717778  464.424977828 -209.433923532
    0.418547313    1.067969621   -4.220919855  330.151805373 -129.657172711
    0.425601898    1.067969621   -2.318879392  214.021139728  -73.130316807
    0.432656484    1.067969621   -1.139168677  125.215060526  -37.343704564
    0.439711070    1.067969621   -0.489891923   63.665910705  -16.851983152
    0.446765656    1.067969621   -0.177039412   28.616500400   -6.765753262
    0.453820242    1.067969621   -0.046598035   10.760722187   -2.276178575
    0.460874828    1.067969621   -0.005645009    2.133422864   -0.419472498
    0.467929414    1.067969621   -0.000065662    0.165339713   -0.031093168
    0.474984000    1.067969621   -0.000000000   -0.000000000   -0.000000000

    0.023490500    1.085367672   -0.000000000   -0.000000000   -0.000000000
    0.030545086    1.085367672   -0.000043231   -0.068764046   -0.002084595
    0.037599672    1.085367672   -0.015398635   -6.635242897   -0.362412086
    0.044654258    1.085367672   -0.146362984  -35.851618648   -2.647379095
    0.051708844    1.085367672   -0.622299882 -108.422231925  -10.381844387
    0.058763430    1.085367672   -1.856702993 -258.109184786  -28.894359993
    0.065818016    1.085367672   -4.549690461 -527.657170876  -67.709316861
    0.072872602    1.085367672   -9.629173230 -935.140089875 -138.318525117
    0.079927187    1.085367672  -18.006439429 -1452.073356558 -252.770185048
    0.086981773    1.085367672  -30.139088685 -1975.699759093 -415.476297593
    0.094036359    1.085367672  -45.532111453 -2351.164945744 -616.516798763
    0.101090945    1.085367672  -62.647452182 -2447.447099647 -831.243649178
    0.108145531    1.085367672  -79.302377178 -2224.899920024 -1024.882174197
    0.115200117    1.085367672  -93.489118067 -1771.418601888 -1164.096567235
    0.122254703    1.085367672 -104.169250256 -1264.382994738 -1228.434438414
    0.129309289    1.085367672 -111.632807029 -885.564875766 -1214.232827784
    0.136363875    1.085367672 -117.246693179 -750.799737213 -1134.958892273
    0.143418461    1.085367672 -122.837036485 -872.107268965 -1013.829093743
    0.150473047    1.085367672 -129.970336049 -1166.666355198 -874.128973941
    0.157527633    1.085367672 -139.365048609 -1488.842387833 -733.026644581
    0.164582219    1.085367672 -150.695349370 -1694.164964118 -601.535795046
    0.171636805    1.085367672 -162.787132868 -1697.062954043 -484.963058453
    0.178691391    1.085367672 -174.165368074 -1501.071658005 -388.779909592
    0.185745977    1.085367672 -183.634970476 -1167.653800962 -317.750376216
    0.192800562    1.085367672 -190.514433610 -780.882674673 -275.606429242
    0.199855148    1.085367672 -194.696670790 -411.887777099 -262.322713653
    0.206909734    1.085367672 -196.413134533  -79.795753115 -272.886492830
    0.213964320    1.085367672 -195.881716955  228.919257178 -296.662443856
    0.221018906    1.085367672 -193.189895425  533.098775880 -322.363560386
    0.228073492    1.085367672 -188.365611545  833.913522368 -342.097801131
    0.235128078    1.085367672 -181.474073261 1112.890158913 -354.146436007
    0.242182664    1.085367672 -172.810596037 1329.325499259 -366.150158286
    0.249237250    1.085367672 -162.943395086 1448.031840758 -388.925113476
    0.256291836    1.085367672 -152.675852915 1441.254572014 -432.672123936
    0.263346422    1.085367672 -142.926313035 1298.826715813 -501.635311914
    0.270401008    1.085367672 -134.644615244 1028.446739850 -590.033846597
    0.277455594    1.085367672 -128.642077476  661.906101162 -685.096367743
    0.284510180    1.085367672 -125.394600959  259.765638087 -769.708473104
    0.291564766    1.085367672 -124.866645430  -92.720926866 -829.983333952
    0.298619352    1.085367672 -126.399481917 -312.677552657 -858.925131305
    0.305673937    1.085367672 -128.834435721 -344.287971265 -858.364422306
    0.312728523    1.085367672 -130.792637903 -179.344248302 -838.258758096
    0.319783109    1.085367672 -130.991189149  144.668711954 -812.542570996
    0.326837695    1.085367672 -128.514822722  568.233685346 -795.848089805
    0.333892281    1.085367672 -122.916342587 1018.476410030 -799.204788952
    0.340946867    1.085367672 -114.248261556 1425.768478155 -824.505954855
    0.348001453    1.085367672 -103.049780871 1726.408380826 -864.142514253
    0.355056039    1.085367672  -90.240773737 1878.657588142 -903.405887353
    0.362110625    1.085367672  -76.912925661 1877.010647213 -923.941189218
    0.369165211    1.085367672  -64.025085038 1762.720377333 -911.524823911
    0.376219797    1.085367672  -52.169255127 1593.364349968 -859.232535074
    0.383274383    1.085367672  -41.553290128 1417.063911985 -768.548503255
    0.390328969    1.085367672  -32.151227046 1250.079070137 -648.128173452
    0.397383555    1.085367672  -23.907257995 1086.396907907 -512.172772843
    0.404438141    1.085367672  -16.856029077  909.843888259 -376.735162649
    0.411492727    1.085367672  -11.114086326  715.501932171 -256.253562702
    0.418547313    1.085367672   -6.767357272  518.470901086 -159.785733035
    0.425601898    1.085367672   -3.759320379  339.869383779  -90.613393707
    0.432656484    1.085367672   -1.876976577  200.573331591  -46.541602995
    0.439711070    1.085367672   -0.826102890  104.374719950  -21.377318665
    0.446765656    1.085367672   -0.313089262   47.377232230   -8.663323882
    0.453820242    1.085367672   -0.092966305   18.588061193   -3.054097555
    0.460874828    1.085367672   -0.016173369    5.097449129   -0.769374997
    0.467929414    1.085367672   -0.000954281    0.578882585   -0.079009705
    0.474984000    1.085367672   -0.000000000   -0.000000000   -0.000000000

    0.023490500    1.102765724   -0.000000000   -0.000000000   -0.000000000
    0.030545086    1.102765724   -0.000055878   -0.070974659    0.000674620
    0.037599672    1.102765724   -0.021738054   -9.021348294   -0.344925611
    0.044654258    1.102765724   -0.193203426  -47.086183645   -2.746367139
    0.051708844    1.102765724   -0.802608548 -137.169626847  -10.140684678
    0.058763430    1.102765724   -2.350674601 -322.473925746  -27.359701546
    0.065818016    1.102765724   -5.692381324 -651.945860176  -62.513323567
    0.072872602    1.102765724  -11.951937033 -1150.727801700 -126.663006624
    0.079927187    1.102765724  -22.237507039 -1779.108688950 -229.492824414
    0.086981773    1.102765724  -37.053633008 -2405.807501105 -372.504728159
    0.094036359    1.102765724  -55.729081531 -2841.267268226 -545.772548720
    0.101090945    1.102765724  -76.291418392 -2919.715367357 -724.122629138
    0.108145531    1.102765724  -95.956760128 -2591.410313553 -873.639984106
    0.115200117    1.102765724 -112.144156968 -1963.213347003 -962.457921553
    0.122254703    1.102765724 -123.462895979 -1252.752601203 -971.667616454
    0.129309289    1.102765724 -130.168533625 -688.739974271 -901.190344882
    0.136363875    1.102765724 -133.891107621 -422.067767794 -767.331392742
    0.143418461    1.102765724 -136.870847423 -470.978436976 -593.995725232
    0.150473047    1.102765724 -141.064198188 -743.260536332 -403.806218993
    0.157527633    1.102765724 -147.507398083 -1080.441217525 -214.334890088
    0.164582219    1.102765724 -156.077721521 -1322.767393582  -37.778801122
    0.171636805    1.102765724 -165.722565877 -1377.676662307  118.575341309
    0.178691391    1.102765724 -175.072590832 -1245.781479679  248.370171604
    0.185745977    1.102765724 -183.016730798 -991.863341883  347.620348851
    0.192800562    1.102765724 -188.948410596 -689.031021764  411.743925920
    0.199855148    1.102765724 -192.765886987 -397.231155251  440.248238598
    0.206909734    1.102765724 -194.596651814 -122.648462386  438.674756654
    0.213964320    1.102765724 -194.485427424  157.137056495  415.973924810
    0.221018906    1.102765724 -192.326550659  457.155052361  382.857847866
    0.228073492    1.102765724 -188.001097206  768.268928084  347.632938393
    0.235128078    1.102765724 -181.558893508 1048.266341453  309.918036135
    0.242182664    1.102765724 -173.417870343 1242.308343627  264.175787533
    0.249237250    1.102765724 -164.328261804 1311.179746673  200.071989804
    0.256291836    1.102765724 -155.263786678 1236.326939075  110.280881759
    0.263346422    1.102765724 -147.193378619 1031.213882436   -8.223640581
    0.270401008    1.102765724 -140.942355053  727.051156058 -146.876609914
    0.277455594    1.102765724 -137.051757386  373.190961075 -288.396134278
    0.284510180    1.102765724 -135.661147009   28.639315593 -411.707504647
    0.291564766    1.102765724 -136.450687717 -233.414462695 -499.299427152
    0.298619352    1.102765724 -138.626163967 -356.407012672 -542.747219981
    0.305673937    1.102765724 -141.077725326 -310.424153629 -545.212189357
    0.312728523    1.102765724 -142.625981507 -106.051810197 -519.756352345
    0.319783109    1.102765724 -142.301791113  211.774437093 -487.003801731
    0.326837695    1.102765724 -139.505845868  584.833115511 -466.946233382
    0.333892281    1.102765724 -134.034043230  962.449512448 -477.060986542
    0.340946867    1.102765724 -126.019339766 1299.732507391 -523.155558934
    0.348001453    1.102765724 -115.871559260 1562.294301191 -598.967480405
    0.355056039    1.102765724 -104.208532548 1726.901246560 -685.385527537
    0.362110625    1.102765724  -91.745375565 1791.258280735 -758.901572505
    0.369165211    1.102765724  -79.115233847 1779.590020785 -797.168583420
    0.376219797    1.102765724  -66.732211394 1725.648755178 -787.748864993
    0.383274383    1.102765724  -54.807729471 1652.722742859 -729.027816428
    0.390328969    1.102765724  -43.469127149 1557.589610910 -629.975240406
    0.397383555    1.102765724  -32.925453943 1422.841525206 -506.049646100
    0.404438141    1.102765724  -23.527371936 1232.053903755 -376.110506376
    0.411492727    1.102765724  -15.667339317  989.536593744 -257.643184986
    0.418547313    1.102765724   -9.614400427  725.955857908 -161.435678542
    0.425601898    1.102765724   -5.378022809  481.212607635  -91.960740274
    0.432656484    1.102765724   -2.709749881  285.396591082  -47.375008289
    0.439711070    1.102765724   -1.210043720  149.849231868  -21.910789973
    0.446765656    1.102765724   -0.469220228   68.395890223   -8.939004824
    0.453820242    1.102765724   -0.148550613   27.468028510   -3.217896378
    0.460874828    1.102765724   -0.030675899    8.021043330   -0.848703106
    0.467929414    1.102765724   -0.002518132    1.113246661   -0.111194922
    0.474984000    1.102765724   -0.000000000   -0.000000000   -0.000000000

    0.023490500    1.120163776   -0.000000000   -0.000000000   -0.000000000
    0.030545086    1.120163776   -0.000091415   -0.189742441   -0.002568883
    0.037599672    1.120163776   -0.027248167  -11.033620365   -0.314269163
    0.044654258    1.120163776   -0.240720509  -57.004010375   -2.583032125
    0.051708844    1.120163776   -0.968267703 -162.408088779   -8.656890481
    0.058763430    1.120163776   -2.789468496 -377.172634703  -22.529555929
    0.065818016    1.120163776   -6.688089665 -758.895281395  -50.928686721
    0.072872602    1.120163776  -13.959053374 -1334.024227757 -102.043769803
    0.079927187    1.120163776  -25.853747562 -2051.992098567 -182.914936328
    0.086981773    1.120163776  -42.892560555 -2759.089105821 -293.190357208
    0.094036359    1.120163776  -64.222993105 -3230.469469103 -423.136110448
    0.101090945    1.120163776  -87.455394847 -3273.350995928 -549.872706386
    0.108145531    1.120163776 -109.250249811 -2830.036146043 -644.636781157
    0.115200117    1.120163776 -126.524177405 -2026.183999432 -682.151094048
    0.122254703    1.120163776 -137.598267191 -1120.312484328 -648.067267442
    0.129309289    1.120163776 -142.754796718 -388.810024234 -546.129336345
    0.136363875    1.120163776 -143.920654173   -7.286292909 -393.620830733
    0.143418461    1.120163776 -143.742475943    0.115915976 -212.581400600
    0.150473047    1.120163776 -144.558273941 -264.318181718  -23.072449124
    0.157527633    1.120163776 -147.692055361 -624.595587969  158.880709799
    0.164582219    1.120163776 -153.193377200 -911.213134067  327.233176681
    0.171636805    1.120163776 -160.126437153 -1022.128396524  475.980870279
    0.178691391    1.120163776 -167.200811969 -957.545323467  602.000891817
    0.185745977    1.120163776 -173.376035575 -780.827843704  701.610466625
    0.192800562    1.120163776 -178.118369964 -562.214822983  771.692763813
    0.199855148    1.120163776 -181.331918998 -350.696462928  812.163465585
    0.206909734    1.120163776 -183.071631567 -139.667674743  825.321902424
    0.213964320    1.120163776 -183.256858065   94.099019105  815.067030107
    0.221018906    1.120163776 -181.642761640  369.642119645  787.381200603
    0.228073492    1.120163776 -177.991028539  665.546127164  746.683723285
    0.235128078    1.120163776 -172.339685669  924.503565703  694.470366724
    0.242182664    1.120163776 -165.193210311 1080.334430055  628.272307944
    0.249237250    1.120163776 -157.431547995 1094.384279185  542.925607278
    0.256291836    1.120163776 -150.125307215  953.134222569  435.636953327
    0.263346422    1.120163776 -144.272538997  689.188237627  306.074939201
    0.270401008    1.120163776 -140.545903054  361.277325508  163.195693323
    0.277455594    1.120163776 -139.183376157   30.904428847   23.233968257
    0.284510180    1.120163776 -139.974771341 -240.722556093  -96.355223671
    0.291564766    1.120163776 -142.311370311 -398.739598657 -180.267657718
    0.298619352    1.120163776 -145.258480385 -411.262098217 -221.582851238
    0.305673937    1.120163776 -147.765805960 -276.907288512 -224.533474573
    0.312728523    1.120163776 -148.884290509  -25.263010460 -201.357133163
    0.319783109    1.120163776 -147.987633599  285.917944564 -169.908160927
    0.326837695    1.120163776 -144.842956665  602.977976077 -150.389523406
    0.333892281    1.120163776 -139.547279710  891.649645681 -160.249233582
    0.340946867    1.120163776 -132.369270326 1136.002040658 -207.280117631
    0.348001453    1.120163776 -123.615700998 1338.152490574 -286.532354214
    0.355056039    1.120163776 -113.590862878 1497.039716514 -381.726005150
    0.362110625    1.120163776 -102.594003895 1615.135254348 -470.208127401
    0.369165211    1.120163776  -90.872544328 1703.878501015 -530.943957137
    0.376219797    1.120163776  -78.606310684 1769.901987811 -550.725424972
    0.383274383    1.120163776  -65.962334282 1809.065269368 -526.481192328
    0.390328969    1.120163776  -53.206395376 1796.844337554 -464.916539591
    0.397383555    1.120163776  -40.805046027 1703.586622271 -379.008286300
    0.404438141    1.120163776  -29.409426516 1511.154872249 -284.450751143
    0.411492727    1.120163776  -19.703888720 1229.979814187 -195.560572139
    0.418547313    1.120163776  -12.146914744  910.091643865 -122.864008806
    0.425601898    1.120163776   -6.823040319  606.301301631  -70.111966953
    0.432656484    1.120163776   -3.454403711  360.784898630  -36.128743727
    0.439711070    1.120163776   -1.554686830  190.039491197  -16.750339509
    0.446765656    1.120163776   -0.610151800   87.506073670   -6.875850245
    0.453820242    1.120163776   -0.199287205   35.395866962   -2.490246814
    0.460874828    1.120163776   -0.045202395   11.602486669   -0.719399688
    0.467929414    1.120163776   -0.004539525    1.969274250   -0.119493747
    0.474984000    1.120163776   -0.000000000   -0.000000000   -0.000000000

    0.023490500    1.137561828   -0.000000000   -0.000000000   -0.000000000
    0.030545086    1.137561828   -0.000265536   -0.376017874   -0.018813737
    0.037599672    1.137561828   -0.033371112  -13.398607435   -0.373672946
    0.044654258    1.137561828   -0.281600278  -64.779291312   -2.026276429
    0.051708844    1.137561828   -1.096092516 -180.968293614   -5.843913312
    0.058763430    1.137561828   -3.120506201 -418.527667453  -15.020331628
    0.065818016    1.137561828   -7.428653478 -837.432469640  -33.251552037
    0.072872602    1.137561828  -15.438453185 -1466.920541004  -65.992527510
    0.079927187    1.137561828  -28.485554910 -2245.811595523 -116.755826758
    0.086981773    1.137561828  -47.084211525 -3003.581571323 -184.311010659
    0.094036359    1.137561828  -70.218233180 -3489.007541071 -260.409932102
    0.101090945    1.137561828  -95.154273737 -3488.039611170 -328.444047496
    0.108145531    1.137561828 -118.130931348 -2941.564004939 -370.039555588
    0.115200117    1.137561828 -135.692499440 -1992.196150854 -368.596214989
    0.122254703    1.137561828 -145.983377373 -934.998244231 -317.592754982
    0.129309289    1.137561828 -149.365013321  -79.128712418 -222.292496591
    0.136363875    1.137561828 -148.047418954  379.776441105  -96.437273088
    0.143418461    1.137561828 -145.010596324  417.173221029   43.761728110
    0.150473047    1.137561828 -142.901408999  144.558597804  184.774291491
    0.157527633    1.137561828 -143.240256065 -243.446528775  319.036693887
    0.164582219    1.137561828 -146.167883126 -564.509141738  442.339941377
    0.171636805    1.137561828 -150.810849062 -720.914249975  553.708595093
    0.178691391    1.137561828 -155.930184075 -706.816881011  649.871408053
    0.185745977    1.137561828 -160.518440090 -582.993273472  730.576441547
    0.192800562    1.137561828 -164.072590896 -423.313515195  796.088967370
    0.199855148    1.137561828 -166.507697065 -269.279126479  844.245391666
    0.206909734    1.137561828 -167.877062537 -116.613288545  873.101935104
    0.213964320    1.137561828 -168.092915128   63.026184740  879.851735590
    0.221018906    1.137561828 -166.871689788  290.072235898  862.483086972
    0.228073492    1.137561828 -163.927759871  544.475651387  821.950961202
    0.235128078    1.137561828 -159.266812202  764.965798441  761.298414021
    0.242182664    1.137561828 -153.373825581  882.930426295  684.527911716
    0.249237250    1.137561828 -147.152720565  854.913003231  595.083964852
    0.256291836    1.137561828 -141.667166212  676.329238038  496.688950406
    0.263346422    1.137561828 -137.886213228  383.670241371  392.901214193
    0.270401008    1.137561828 -136.343052657   54.252947300  290.880277331
    0.277455594    1.137561828 -137.039273321 -241.130527912  200.702394219
    0.284510180    1.137561828 -139.532528902 -446.239956184  130.693918026
    0.291564766    1.137561828 -143.019836506 -518.482533933   87.483947825
    0.298619352    1.137561828 -146.504281738 -445.052637848   71.090822606
    0.305673937    1.137561828 -148.995592873 -242.911407654   78.082059239
    0.312728523    1.137561828 -149.733647363   42.643316654   98.975362870
    0.319783109    1.137561828 -148.354202009  347.239045199  122.420312478
    0.326837695    1.137561828 -144.922789182  617.914688628  135.275114394
    0.333892281    1.137561828 -139.781785654  830.325473341  126.878169208
    0.340946867    1.137561828 -133.327909805  994.351520640   91.918559411
    0.348001453    1.137561828 -125.794731179 1140.092180347   33.824610631
    0.355056039    1.137561828 -117.245522299 1284.718635427  -36.423476516
    0.362110625    1.137561828 -107.651163062 1436.492948034 -104.541031083
    0.369165211    1.137561828  -96.957209325 1595.599166580 -157.367105061
    0.376219797    1.137561828  -85.148642773 1748.978683065 -187.160074448
    0.383274383    1.137561828  -72.351087205 1870.668224518 -192.218700365
    0.390328969    1.137561828  -58.918618490 1921.677422902 -176.538358857
    0.397383555    1.137561828  -45.495743696 1862.656720429 -147.015912264
    0.404438141    1.137561828  -32.944101248 1673.988880862 -111.551587015
    0.411492727    1.137561828  -22.137834612 1374.662741695  -76.883404584
    0.418547313    1.137561828  -13.673744195 1021.675263857  -48.048888574
    0.425601898    1.137561828   -7.693067697  681.730991063  -27.166988934
    0.432656484    1.137561828   -3.902853057  406.071354200  -14.007611049
    0.439711070    1.137561828   -1.762565449  214.398937473   -6.464599307
    0.446765656    1.137561828   -0.695536639   98.955819261   -2.657053066
    0.453820242    1.137561828   -0.230196469   40.217653284   -0.953346401
    0.460874828    1.137561828   -0.054102669   13.349324016   -0.265300885
    0.467929414    1.137561828   -0.006054659    2.349698160   -0.046727623
    0.474984000    1.137561828   -0.000000000   -0.000000000   -0.000000000

    0.023490500    1.154959879   -0.000000000   -0.000000000   -0.000000000
    0.030545086    1.154959879   -0.000578980   -0.595128699   -0.013815218
    0.037599672    1.154959879   -0.040471647  -15.876303956   -0.398072591
    0.044654258    1.154959879   -0.307920822  -67.824834818   -0.945209868
    0.051708844    1.154959879   -1.165256551 -190.722652527   -1.971848027
    0.058763430    1.154959879   -3.296420650 -439.559974406   -4.854809084
    0.065818016    1.154959879   -7.817726135 -877.918953304  -10.663659348
    0.072872602    1.154959879  -16.206034160 -1534.268171676  -21.089992253
    0.079927187    1.154959879  -29.830052564 -2341.138059442  -35.772882883
    0.086981773    1.154959879  -49.169521928 -3115.946117800  -52.395778134
    0.094036359    1.154959879  -73.102181080 -3597.490512786  -67.837373889
    0.101090945    1.154959879  -98.699555712 -3561.559801782  -76.125551329
    0.108145531    1.154959879 -121.979867695 -2948.186793534  -70.261039795
    0.115200117    1.154959879 -139.296441852 -1914.408437523  -46.107260922
    0.122254703    1.154959879 -148.746222907 -776.347724566   -3.803949245
    0.129309289    1.154959879 -150.777032907  140.720123997   52.421759089
    0.136363875    1.154959879 -147.770439077  633.829736686  116.754978070
    0.143418461    1.154959879 -142.904132911  677.896533563  183.699382071
    0.150473047    1.154959879 -138.962385913  400.563256239  251.225631735
    0.157527633    1.154959879 -137.534694575    1.275809348  319.437739126
    0.164582219    1.154959879 -138.794755104 -336.774873498  387.929318990
    0.171636805    1.154959879 -141.901679185 -514.282837670  454.192470907
    0.178691391    1.154959879 -145.658054221 -525.565009148  515.598936672
    0.185745977    1.154959879 -149.043039133 -422.075348521  573.216076443
    0.192800562    1.154959879 -151.545031097 -286.269689363  627.834797872
    0.199855148    1.154959879 -153.115311677 -162.900504335  677.643696071
    0.206909734    1.154959879 -153.880980687  -54.777328374  716.565631174
    0.213964320    1.154959879 -153.864333419   64.612533763  735.390756971
    0.221018906    1.154959879 -152.868991555  223.843465937  726.118336801
    0.228073492    1.154959879 -150.622344863  414.312814824  686.179867711
    0.235128078    1.154959879 -147.068213968  584.285720951  619.855845728
    0.242182664    1.154959879 -142.562531512  674.539775086  538.460295036
    0.249237250    1.154959879 -137.848788331  637.968663722  455.334703608
    0.256291836    1.154959879 -133.884207496  463.485514321  380.081901476
    0.263346422    1.154959879 -131.536229413  192.074883751  320.404240583
    0.270401008    1.154959879 -131.227046931 -101.909074925  281.158822217
    0.277455594    1.154959879 -132.865880676 -351.068627960  263.980457211
    0.284510180    1.154959879 -135.957201450 -504.729837282  266.287988344
    0.291564766    1.154959879 -139.692807156 -531.228128174  282.055109675
    0.298619352    1.154959879 -143.117947612 -417.652929972  306.289856418
    0.305673937    1.154959879 -145.324085677 -192.863582113  333.281766401
    0.312728523    1.154959879 -145.685697252   96.206737779  356.388963508
    0.319783109    1.154959879 -143.973232836  384.483340269  371.819013457
    0.326837695    1.154959879 -140.394148601  618.762624916  375.834381295
    0.333892281    1.154959879 -135.408120631  784.085063123  366.216096647
    0.340946867    1.154959879 -129.438225837  903.915005820  344.975285111
    0.348001453    1.154959879 -122.659123969 1019.583689037  316.120978252
    0.355056039    1.154959879 -115.001447828 1156.844020956  284.306872156
    0.362110625    1.154959879 -106.269791404 1324.341746610  254.572266629
    0.369165211    1.154959879  -96.275275504 1511.358379055  228.504944480
    0.376219797    1.154959879  -84.951280153 1696.403569825  204.622378122
    0.383274383    1.154959879  -72.424930358 1845.244604466  180.381839139
    0.390328969    1.154959879  -59.104412098 1914.331702162  153.340295361
    0.397383555    1.154959879  -45.692020023 1866.034083844  123.646116758
    0.404438141    1.154959879  -33.104599457 1680.863830025   92.878003958
    0.411492727    1.154959879  -22.243903156 1382.253101995   64.690599719
    0.418547313    1.154959879  -13.730886426 1027.274434833   41.502577321
    0.425601898    1.154959879   -7.719237729  685.067078678   24.250669319
    0.432656484    1.154959879   -3.914052225  407.349277539   12.730792598
    0.439711070    1.154959879   -1.767087558  215.225851609    5.934612020
    0.446765656    1.154959879   -0.697443791   99.245424361    2.449588813
    0.453820242    1.154959879   -0.230469540   40.278487904    0.922751830
    0.460874828    1.154959879   -0.053994651   13.582915884    0.286249525
    0.467929414    1.154959879   -0.006048974    2.516178974    0.048343789
    0.474984000    1.154959879   -0.000000000   -0.000000000   -0.000000000

    0.023490500    1.172357931   -0.000000000   -0.000000000   -0.000000000
    0.030545086    1.172357931   -0.000666024   -0.532958523   -0.002412544
    0.037599672    1.172357931   -0.045384690  -16.517805654   -0.151744919
    0.044654258    1.172357931   -0.312496681  -66.637311412    0.448759517
    0.051708844    1.172357931   -1.161558527 -189.890816579    2.428337482
    0.058763430    1.172357931   -3.285967018 -437.980701986    6.265880002
    0.065818016    1.172357931   -7.792382008 -875.861276828   13.354197573
    0.072872602    1.172357931  -16.153121122 -1527.391546109   27.089944055
    0.079927187    1.172357931  -29.693999777 -2324.444168592   50.996153305
    0.086981773    1.172357931  -48.872490445 -3087.078786542   85.324087710
    0.094036359    1.172357931  -72.552354078 -3555.239110931  128.716918140
    0.101090945    1.172357931  -97.794864915 -3503.272533453  176.526857487
    0.108145531    1.172357931 -120.613145562 -2877.103837586  222.116481986
    0.115200117    1.172357931 -137.397175369 -1836.432329982  257.989231443
    0.122254703    1.172357931 -146.292703362 -698.321811282  278.486108502
    0.129309289    1.172357931 -147.795418349  212.788628064  282.770936315
    0.136363875    1.172357931 -144.300008061  700.730088090  275.151833151
    0.143418461    1.172357931 -138.956955767  748.844520834  264.898424337
    0.150473047    1.172357931 -134.472624966  486.152940392  262.671907528
    0.157527633    1.172357931 -132.377995741  103.915855144  274.242852937
    0.164582219    1.172357931 -132.857542210 -219.666695490  298.916184373
    0.171636805    1.172357931 -135.122943462 -394.834987011  331.924870592
    0.178691391    1.172357931 -138.050348558 -409.774995345  367.904951801
    0.185745977    1.172357931 -140.617587386 -306.264636679  404.854013790
    0.192800562    1.172357931 -142.294191798 -168.573774843  444.953275023
    0.199855148    1.172357931 -143.053617996  -52.837210377  487.142395412
    0.206909734    1.172357931 -143.134227420   24.513783976  525.193879477
    0.213964320    1.172357931 -142.744557000   86.877102110  547.471725861
    0.221018906    1.172357931 -141.866945621  167.116825121  542.354930835
    0.228073492    1.172357931 -140.310484626  277.458076543  503.463329737
    0.235128078    1.172357931 -137.929734048  394.470747198  436.183417558
    0.242182664    1.172357931 -134.833466346  471.264060787  357.076769810
    0.249237250    1.172357931 -131.486868397  459.262970284  283.909612513
    0.256291836    1.172357931 -128.618627376  336.275033906  232.412029464
    0.263346422    1.172357931 -126.936020394  131.700645566  212.638791194
    0.270401008    1.172357931 -126.807563742  -94.129625340  227.137206905
    0.277455594    1.172357931 -128.185451243 -287.149634830  269.585082850
    0.284510180    1.172357931 -130.681412966 -404.980011565  330.868907222
    0.291564766    1.172357931 -133.661826086 -420.535359594  398.220390877
    0.298619352    1.172357931 -136.321251374 -314.017328501  459.981600294
    0.305673937    1.172357931 -137.867820863 -111.762070110  508.252973561
    0.312728523    1.172357931 -137.768957451  144.984850658  538.464701603
    0.319783109    1.172357931 -135.827201974  400.822745849  550.553778551
    0.326837695    1.172357931 -132.245742806  604.106033319  547.676479857
    0.333892281    1.172357931 -127.447219810  748.180081259  535.790657698
    0.340946867    1.172357931 -121.761903384  861.685726052  523.291604328
    0.348001453    1.172357931 -115.279329696  979.187542226  515.975406283
    0.355056039    1.172357931 -107.874698052 1125.424890232  516.070584214
    0.362110625    1.172357931  -99.340758472 1297.743327673  521.062140216
    0.369165211    1.172357931  -89.548353751 1477.552694860  522.619714830
    0.376219797    1.172357931  -78.530787589 1639.804369795  511.424038261
    0.383274383    1.172357931  -66.515022456 1756.030342483  478.500285065
    0.390328969    1.172357931  -53.945649458 1791.956363074  421.928815518
    0.397383555    1.172357931  -41.476265899 1722.711997057  346.665806909
    0.404438141    1.172357931  -29.912776017 1536.558118987  263.383198365
    0.411492727    1.172357931  -20.021961977 1255.110698451  183.465890490
    0.418547313    1.172357931  -12.314121107  926.993879215  116.738946703
    0.425601898    1.172357931   -6.897779321  615.842762729   67.516238952
    0.432656484    1.172357931   -3.485386961  364.531346751   35.132150058
    0.439711070    1.172357931   -1.567746723  191.985778157   16.342442531
    0.446765656    1.172357931   -0.615026841   88.688679705    6.758051888
    0.453820242    1.172357931   -0.200008515   35.638530102    2.476357626
    0.460874828    1.172357931   -0.044795134   11.765425490    0.742262220
    0.467929414    1.172357931   -0.004546664    1.875403911    0.114450847
    0.474984000    1.172357931   -0.000000000   -0.000000000   -0.000000000

    0.023490500    1.189755983   -0.000000000   -0.000000000   -0.000000000
    0.030545086    1.189755983   -0.000675498   -0.494995268    0.004308445
    0.037599672    1.189755983   -0.044955569  -15.843401928    0.227485272
    0.044654258    1.189755983   -0.293017360  -61.745230948    1.791843441
    0.051708844    1.189755983   -1.083799369 -178.150734038    6.304643146
    0.058763430    1.189755983   -3.087677677 -414.892608080   15.927549441
    0.065818016    1.189755983   -7.365979525 -831.695641762   34.791005937
    0.072872602    1.189755983  -15.295976231 -1447.910380878   69.237772919
    0.079927187    1.189755983  -28.135494937 -2205.080565303  124.059246850
    0.086981773    1.189755983  -46.340227693 -2931.313141879  198.826946136
    0.094036359    1.189755983  -68.839664193 -3380.534751360  287.677084058
    0.101090945    1.189755983  -92.858971405 -3335.864914386  376.968506559
    0.108145531    1.189755983 -114.624815810 -2750.551468922  449.366774303
    0.115200117    1.189755983 -130.739790516 -1775.467145490  489.282710903
    0.122254703    1.189755983 -139.468092511 -711.195066435  488.814589309
    0.129309289    1.189755983 -141.295418963  138.210595303  450.784875186
    0.136363875    1.189755983 -138.444772578  600.306787369  389.271770050
    0.143418461    1.189755983 -133.791257186  659.606821951  325.283015612
    0.150473047    1.189755983 -129.794793130  439.912208734  276.450477675
    0.157527633    1.189755983 -127.833162184  112.219107161  253.796009863
    0.164582219    1.189755983 -128.105597129 -172.983354744  256.452271537
    0.171636805    1.189755983 -129.958080439 -327.395114999  273.953123129
    0.178691391    1.189755983 -132.383718436 -337.230570469  297.977705607
    0.185745977    1.189755983 -134.432169484 -230.082210507  322.406209326
    0.192800562    1.189755983 -135.538750588  -83.818080841  348.378585394
    0.199855148    1.189755983 -135.674668519   36.905381776  377.078374929
    0.206909734    1.189755983 -135.171042809   96.165582402  405.669929607
    0.213964320    1.189755983 -134.422746425  110.585491116  423.623478325
    0.221018906    1.189755983 -133.625116902  117.859469908  419.855501979
    0.228073492    1.189755983 -132.701904852  150.173131215  387.247480295
    0.235128078    1.189755983 -131.417009551  218.813104532  330.481294640
    0.242182664    1.189755983 -129.602842882  291.610197374  264.255779910
    0.249237250    1.189755983 -127.415392241  317.709657368  204.797598465
    0.256291836    1.189755983 -125.290948093  271.677180318  169.758922324
    0.263346422    1.189755983 -123.741618613  159.411864200  170.262283871
    0.270401008    1.189755983 -123.117371100   15.088084493  206.837956951
    0.277455594    1.189755983 -123.496275207 -117.259093501  272.369611334
    0.284510180    1.189755983 -124.676586457 -206.637291208  355.529986628
    0.291564766    1.189755983 -126.250700065 -225.593265950  444.128496889
    0.298619352    1.189755983 -127.634481359 -152.768049864  524.911186275
    0.305673937    1.189755983 -128.206162962    0.811740656  586.975459488
    0.312728523    1.189755983 -127.505487824  202.974609935  625.991712568
    0.319783109    1.189755983 -125.333566292  409.255056374  641.518741122
    0.326837695    1.189755983 -121.817102795  580.510174599  638.358951652
    0.333892281    1.189755983 -117.226394275  716.777919350  626.990916613
    0.340946867    1.189755983 -111.722865712  844.292184439  617.874648620
    0.348001453    1.189755983 -105.278091690  987.505834389  618.597467542
    0.355056039    1.189755983  -97.726020916 1157.368197036  632.110693083
    0.362110625    1.189755983  -88.934068717 1333.473828403  652.983597980
    0.369165211    1.189755983  -78.959568072 1488.215488146  669.213428888
    0.376219797    1.189755983  -68.059517672 1592.927667747  665.362568893
    0.383274383    1.189755983  -56.639997683 1632.843155961  630.072355743
    0.390328969    1.189755983  -45.191262108 1599.492781426  560.114468260
    0.397383555    1.189755983  -34.260218520 1485.793619741  462.708650333
    0.404438141    1.189755983  -24.422126432 1290.934794574  352.387987380
    0.411492727    1.189755983  -16.192233225 1035.093907141  245.926792248
    0.418547313    1.189755983   -9.879860418  754.046883879  156.214412022
    0.425601898    1.189755983   -5.493485924  496.339631388   89.986808056
    0.432656484    1.189755983   -2.755175723  291.408599766   46.732732992
    0.439711070    1.189755983   -1.228428173  152.074769555   21.679237718
    0.446765656    1.189755983   -0.475151995   69.659876368    8.911731055
    0.453820242    1.189755983   -0.149104196   27.880658703    3.235488488
    0.460874828    1.189755983   -0.030163511    8.240200312    0.885448191
    0.467929414    1.189755983   -0.002282046    1.385211790    0.140827876
    0.474984000    1.189755983   -0.000000000   -0.000000000   -0.000000000

    0.023490500    1.207154034   -0.000000000   -0.000000000   -0.000000000
    0.030545086    1.207154034   -0.000523332   -0.544313735    0.014888105
    0.037599672    1.207154034   -0.037718746  -13.708244107    0.567535323
    0.044654258    1.207154034   -0.252567514  -53.634958171    2.788391221
    0.051708844    1.207154034   -0.951027764 -158.882518117    8.677612382
    0.058763430    1.207154034   -2.755812457 -376.012798546   21.482917448
    0.065818016    1.207154034   -6.636659601 -755.720784700   47.202749721
    0.072872602    1.207154034  -13.853326204 -1319.410026077   92.660990332
    0.079927187    1.207154034  -25.580547787 -2017.792901393  162.728033317
    0.086981773    1.207154034  -42.280906066 -2695.194772817  256.367800732
    0.094036359    1.207154034  -63.027969150 -3125.457825234  363.898606324
    0.101090945    1.207154034  -85.324286324 -3111.421012482  467.566564316
    0.108145531    1.207154034 -105.750369136 -2602.933917979  545.111189384
    0.115200117    1.207154034 -121.200171192 -1738.240446391  579.238261879
    0.122254703    1.207154034 -130.073224190 -787.312032156  564.383481623
    0.129309289    1.207154034 -132.763739434  -23.399819822  507.119343946
    0.136363875    1.207154034 -131.209011511  403.374376321  425.103566550
    0.143418461    1.207154034 -127.892244746  486.648897503  341.873641010
    0.150473047    1.207154034 -124.906852074  330.582835215  280.102402664
    0.157527633    1.207154034 -123.444152319   79.645978363  249.557290760
    0.164582219    1.207154034 -123.725230146 -146.550812940  248.760749313
    0.171636805    1.207154034 -125.282432669 -273.977931685  267.866686632
    0.178691391    1.207154034 -127.301973905 -278.600769444  292.560433634
    0.185745977    1.207154034 -128.957824503 -176.946145266  314.577124230
    0.192800562    1.207154034 -129.692016236  -31.093219355  332.891420699
    0.199855148    1.207154034 -129.433449475   94.270920847  350.521614863
    0.206909734    1.207154034 -128.537030499  146.693308015  368.009436637
    0.213964320    1.207154034 -127.523077159  131.692036563  381.029371586
    0.221018906    1.207154034 -126.759187502   84.617947523  381.635114103
    0.228073492    1.207154034 -126.280295278   58.742672450  364.652262599
    0.235128078    1.207154034 -125.796549862   86.968046645  331.242961761
    0.242182664    1.207154034 -124.954463074  153.514369406  286.968867590
    0.249237250    1.207154034 -123.644494197  214.406600121  246.414455280
    0.256291836    1.207154034 -122.031441334  234.625151973  221.777448843
    0.263346422    1.207154034 -120.452187002  204.017665346  221.674248194
    0.270401008    1.207154034 -119.241735866  135.612499674  248.588919301
    0.277455594    1.207154034 -118.555594711   59.518975137  300.425540621
    0.284510180    1.207154034 -118.367256455   -0.116587690  370.322386266
    0.291564766    1.207154034 -118.450314308  -14.623320096  449.003420534
    0.298619352    1.207154034 -118.430928095   30.698921187  526.742327847
    0.305673937    1.207154034 -117.873823328  135.803883104  592.819334770
    0.312728523    1.207154034 -116.420326020  280.025713327  640.038023045
    0.319783109    1.207154034 -113.908014166  430.152514990  664.344786819
    0.326837695    1.207154034 -110.385767853  565.620252963  669.352475464
    0.333892281    1.207154034 -105.952139249  691.220262256  663.548652325
    0.340946867    1.207154034 -100.598343561  830.418186631  655.191871189
    0.348001453    1.207154034  -94.155143188 1002.851196892  653.060800498
    0.355056039    1.207154034  -86.393833734 1199.285340120  660.671554624
    0.362110625    1.207154034  -77.265588109 1381.463773477  674.817667765
    0.369165211    1.207154034  -67.037072702 1505.055923451  684.203865259
    0.376219797    1.207154034  -56.231614390 1544.104924270  674.644186865
    0.383274383    1.207154034  -45.451928126 1498.312083496  635.394691348
    0.390328969    1.207154034  -35.252037197 1384.075042079  563.142218003
    0.397383555    1.207154034  -26.049467752 1216.813301333  464.302060359
    0.404438141    1.207154034  -18.168546709 1011.707650765  353.333508371
    0.411492727    1.207154034  -11.832524192  782.849130611  245.888122617
    0.418547313    1.207154034   -7.112897581  557.311364405  155.896845867
    0.425601898    1.207154034   -3.903049652  359.126664151   89.395373542
    0.432656484    1.207154034   -1.930001822  208.291334959   46.320886853
    0.439711070    1.207154034   -0.847141151  106.623081663   21.316492254
    0.446765656    1.207154034   -0.318817186   48.724705861    8.727361031
    0.453820242    1.207154034   -0.092840397   18.733921432    3.061579048
    0.460874828    1.207154034   -0.015581216    4.718434332    0.706758764
    0.467929414    1.207154034   -0.000539132    0.421073483    0.060199448
    0.474984000    1.207154034   -0.000000000   -0.000000000   -0.000000000

    0.023490500    1.224552086   -0.000000000   -0.000000000   -0.000000000
    0.030545086    1.224552086   -0.000242469   -0.321083962    0.012635382
    0.037599672    1.224552086   -0.027156589   -9.798806397    0.616006397
    0.044654258    1.224552086   -0.200280588  -45.000632082    3.118991224
    0.051708844    1.224552086   -0.794765182 -136.667953786    8.898633263
    0.058763430    1.224552086   -2.373332154 -330.105330573   21.480672545
    0.065818016    1.224552086   -5.798218423 -669.303401944   46.959538898
    0.072872602    1.224552086  -12.216594081 -1178.407169382   91.009691779
    0.079927187    1.224552086  -22.733762785 -1816.442203870  157.301535856
    0.086981773    1.224552086  -37.834053219 -2447.902207365  243.517119864
    0.094036359    1.224552086  -56.772095005 -2868.944682460  339.159544955
    0.101090945    1.224552086  -77.377514231 -2897.104365553  424.986062085
    0.108145531    1.224552086  -96.590289569 -2480.386761289  483.353218718
    0.115200117    1.224552086 -111.574329072 -1730.419462544  500.980904488
    0.122254703    1.224552086 -120.784714465 -888.705271068  476.939190248
    0.129309289    1.224552086 -124.485805214 -201.723045605  420.639458241
    0.136363875    1.224552086 -124.310856742  199.279992062  347.756473685
    0.143418461    1.224552086 -122.357406454  312.151385811  278.640179031
    0.150473047    1.224552086 -120.369914639  227.719280953  229.703292794
    0.157527633    1.224552086 -119.351957922   55.429996840  211.345612294
    0.164582219    1.224552086 -119.554153826 -105.066797779  222.801608461
    0.171636805    1.224552086 -120.690306853 -203.633332499  253.386293978
    0.178691391    1.224552086 -122.205848442 -209.337039889  288.334594711
    0.185745977    1.224552086 -123.426479083 -125.206728617  317.554794136
    0.192800562    1.224552086 -123.835897008   11.403351609  338.460868376
    0.199855148    1.224552086 -123.297509421  132.361922356  354.707887488
    0.206909734    1.224552086 -122.137440297  182.021558078  369.098300082
    0.213964320    1.224552086 -120.908021034  155.466624556  382.311105581
    0.221018906    1.224552086 -120.055988884   84.188261268  392.888083194
    0.228073492    1.224552086 -119.688438110   27.717799991  397.392076787
    0.235128078    1.224552086 -119.543103463   24.215405757  391.904125873
    0.242182664    1.224552086 -119.218348229   74.077943608  377.210180262
    0.249237250    1.224552086 -118.434844420  146.820122131  357.428441388
    0.256291836    1.224552086 -117.194173202  200.142812661  338.782184312
    0.263346422    1.224552086 -115.697999145  217.661353564  329.044756061
    0.270401008    1.224552086 -114.211285288  202.064420641  333.789265352
    0.277455594    1.224552086 -112.876654274  176.312566671  356.724152453
    0.284510180    1.224552086 -111.716481766  154.619916439  397.304726765
    0.291564766    1.224552086 -110.630383858  159.787595419  453.027330148
    0.298619352    1.224552086 -109.375757748  202.603889574  517.333214418
    0.305673937    1.224552086 -107.677948714  282.772497211  581.264199345
    0.312728523    1.224552086 -105.346486719  380.162812842  634.647783028
    0.319783109    1.224552086 -102.312171986  480.369198014  670.699154901
    0.326837695    1.224552086  -98.590584676  574.639433718  688.313478491
    0.333892281    1.224552086  -94.193433986  675.240009664  690.036886055
    0.340946867    1.224552086  -88.982870552  810.209628766  681.822256675
    0.348001453    1.224552086  -82.649197750  993.710157727  671.507972984
    0.355056039    1.224552086  -74.895468822 1204.960540270  660.957021351
    0.362110625    1.224552086  -65.718950877 1386.943386195  649.990927826
    0.369165211    1.224552086  -55.534929733 1483.388863060  633.132931160
    0.376219797    1.224552086  -45.057038366 1468.628705311  602.443472543
    0.383274383    1.224552086  -35.048743532 1354.472144367  552.020044262
    0.390328969    1.224552086  -26.102987263 1174.637687751  479.684361725
    0.397383555    1.224552086  -18.544398494  966.229933430  390.162577006
    0.404438141    1.224552086  -12.481380960  752.976444233  293.528708300
    0.411492727    1.224552086   -7.886687022  553.266922129  202.899478011
    0.418547313    1.224552086   -4.618693996  377.942405317  127.676706598
    0.425601898    1.224552086   -2.475282865  236.124408034   72.833998445
    0.432656484    1.224552086   -1.193596685  133.254764752   37.362216029
    0.439711070    1.224552086   -0.508589350   66.640690194   17.086997624
    0.446765656    1.224552086   -0.180835489   30.163204660    6.968366481
    0.453820242    1.224552086   -0.046199635   10.758394875    2.266741222
    0.460874828    1.224552086   -0.005650136    2.333041010    0.463805477
    0.467929414    1.224552086   -0.000000000   -0.000000000   -0.000000000
    0.474984000    1.224552086   -0.000000000   -0.000000000   -0.000000000

    0.023490500    1.241950138   -0.000000000   -0.000000000   -0.000000000
    0.030545086    1.241950138   -0.000055728   -0.112576492    0.008042856
    0.037599672    1.241950138   -0.017028891   -6.521886227    0.514310264
    0.044654258    1.241950138   -0.149769749  -37.192302512    2.543267264
    0.051708844    1.241950138   -0.655462218 -118.459346076    6.787990351
    0.058763430    1.241950138   -2.040202479 -291.409694734   15.903280302
    0.065818016    1.241950138   -5.075309270 -595.062650160   34.677121386
    0.072872602    1.241950138  -10.817327679 -1058.842899890   66.958725625
    0.079927187    1.241950138  -20.322987015 -1650.582517977  114.848939987
    0.086981773    1.241950138  -34.139192747 -2254.616885522  173.452057695
    0.094036359    1.241950138  -51.709904453 -2680.758522185  233.596423711
    0.101090945    1.241950138  -71.129338004 -2756.298821479  281.639050953
    0.108145531    1.241950138  -89.615419872 -2418.033431599  305.735720780
    0.115200117    1.241950138 -104.486612237 -1759.466515537  300.146769215
    0.122254703    1.241950138 -114.189456066 -993.583039153  267.725719206
    0.129309289    1.241950138 -118.807093094 -349.084361404  219.111478805
    0.136363875    1.241950138 -119.712822565   47.701487552  168.010473626
    0.143418461    1.241950138 -118.721642253  196.444335048  126.756897983
    0.150473047    1.241950138 -117.348197407  173.058510712  105.898843313
    0.157527633    1.241950138 -116.454305783   74.822029007  111.895014457
    0.164582219    1.241950138 -116.302798689  -29.076732086  140.944801923
    0.171636805    1.241950138 -116.781811683  -99.235712715  186.831532714
    0.178691391    1.241950138 -117.558198115 -108.068552238  237.430038923
    0.185745977    1.241950138 -118.138464486  -46.035133959  283.015939222
    0.192800562    1.241950138 -118.089096526   65.426960628  315.858040905
    0.199855148    1.241950138 -117.218039090  175.041756305  339.511029999
    0.206909734    1.241950138 -115.764148086  224.096553370  359.673385563
    0.213964320    1.241950138 -114.233833880  198.870034314  381.894184129
    0.221018906    1.241950138 -113.072554994  126.505590809  407.521152608
    0.228073492    1.241950138 -112.442318498   57.849720797  433.800217000
    0.235128078    1.241950138 -112.149340942   33.833630896  454.797733671
    0.242182664    1.241950138 -111.842010221   59.776909350  465.638297804
    0.249237250    1.241950138 -111.241130639  112.066810707  464.051886509
    0.256291836    1.241950138 -110.262247387  161.678868223  453.369837992
    0.263346422    1.241950138 -108.993695790  193.250436600  439.250522710
    0.270401008    1.241950138 -107.567427372  209.678752958  429.095208489
    0.277455594    1.241950138 -106.037459112  225.078612102  431.627060617
    0.284510180    1.241950138 -104.378871456  248.089256094  451.539669409
    0.291564766    1.241950138 -102.489984609  291.497126653  490.535583301
    0.298619352    1.241950138 -100.217382185  355.073606103  543.541104371
    0.305673937    1.241950138  -97.452259399  429.485355129  602.491860006
    0.312728523    1.241950138  -94.162073970  501.746726516  658.102245506
    0.319783109    1.241950138  -90.415739983  558.502466217  702.251416001
    0.326837695    1.241950138  -86.305668573  607.112241641  729.165508902
    0.333892281    1.241950138  -81.816830268  670.637582970  737.256499660
    0.340946867    1.241950138  -76.735468830  778.904155170  729.252351533
    0.348001453    1.241950138  -70.686372240  944.644548978  706.600071933
    0.355056039    1.241950138  -63.320657816 1144.262225377  672.605424890
    0.362110625    1.241950138  -54.618538808 1311.615919341  628.663358774
    0.369165211    1.241950138  -45.034204041 1386.406701755  576.319721859
    0.376219797    1.241950138  -35.344382341 1341.044583374  515.787990485
    0.383274383    1.241950138  -26.364836759 1190.510127583  447.296115560
    0.390328969    1.241950138  -18.700843874  976.231722206  371.242305482
    0.397383555    1.241950138  -12.613951858  749.917555461  291.059707503
    0.404438141    1.241950138   -8.068856044  543.660086522  213.326705751
    0.411492727    1.241950138   -4.861147036  372.152496810  144.483592483
    0.418547313    1.241950138   -2.725582708  239.392373096   89.599239025
    0.425601898    1.241950138   -1.401520214  141.958750453   50.384529736
    0.432656484    1.241950138   -0.647138707   76.774315318   25.468552947
    0.439711070    1.241950138   -0.259193488   36.787928566   11.515208058
    0.446765656    1.241950138   -0.081747540   15.552162414    4.422858360
    0.453820242    1.241950138   -0.015381242    4.717757320    1.221496813
    0.460874828    1.241950138   -0.000796947    0.575435043    0.138462929
    0.467929414    1.241950138   -0.000000000   -0.000000000   -0.000000000
    0.474984000    1.241950138   -0.000000000   -0.000000000   -0.000000000

    0.023490500    1.259348190   -0.000000000   -0.000000000   -0.000000000
    0.030545086    1.259348190   -0.000000000   -0.000000000   -0.000000000
    0.037599672    1.259348190   -0.009607519   -4.734939075    0.326128139
    0.044654258    1.259348190   -0.118284282  -32.493579151    1.074094231
    0.051708844    1.259348190   -0.574643897 -107.741411664    2.214423801
    0.058763430    1.259348190   -1.838068494 -266.983582306    6.827159910
    0.065818016    1.259348190   -4.630129494 -549.001022054   15.836877045
    0.072872602    1.259348190   -9.953879314 -986.149379788   31.254714928
    0.079927187    1.259348190  -18.856527344 -1554.672951269   51.933126958
    0.086981773    1.259348190  -31.953660567 -2149.346715917   75.872341186
    0.094036359    1.259348190  -48.827188045 -2592.684375202   96.674117720
    0.101090945    1.259348190  -67.762293737 -2711.704095517  105.664335755
    0.108145531    1.259348190  -86.132631970 -2431.805336569   96.235971133
    0.115200117    1.259348190 -101.301562059 -1828.858446778   68.742609944
    0.122254703    1.259348190 -111.638065957 -1099.360908768   28.186078682
    0.129309289    1.259348190 -117.044453167 -462.187133867  -14.602572117
    0.136363875    1.259348190 -118.689043482  -43.635531381  -49.359976755
    0.143418461    1.259348190 -118.192455885  150.478621598  -66.336938341
    0.150473047    1.259348190 -116.933666178  187.182735405  -60.623534223
    0.157527633    1.259348190 -115.733373173  145.929538459  -33.024798725
    0.164582219    1.259348190 -114.907911045   88.856174684   14.605018658
    0.171636805    1.259348190 -114.457490084   42.029641412   74.782875522
    0.178691391    1.259348190 -114.212921762   35.278635359  141.363678113
    0.185745977    1.259348190 -113.855170074   73.788841617  204.522696397
    0.192800562    1.259348190 -113.071808717  154.527208394  257.172550357
    0.199855148    1.259348190 -111.656669579  243.294900156  297.810143960
    0.206909734    1.259348190 -109.745658852  288.837268085  331.032174725
    0.213964320    1.259348190 -107.730992424  272.527901958  364.177122901
    0.221018906    1.259348190 -106.011672420  209.888289855  401.054296502
    0.228073492    1.259348190 -104.778748800  141.740191348  441.750445594
    0.235128078    1.259348190 -103.947046808  100.251099954  481.203490943
    0.242182664    1.259348190 -103.283344029   93.873069350  511.278407331
    0.249237250    1.259348190 -102.557837549  113.444946600  526.832839360
    0.256291836    1.259348190 -101.666546538  139.341805302  527.475871907
    0.263346422    1.259348190 -100.602338234  161.974467164  518.968518773
    0.270401008    1.259348190  -99.360641994  194.566574974  511.181382965
    0.277455594    1.259348190  -97.819332337  246.360997505  514.347950207
    0.284510180    1.259348190  -95.838057323  318.175568228  535.457144757
    0.291564766    1.259348190  -93.292069287  404.887562089  574.488693781
    0.298619352    1.259348190  -90.119850435  493.990741345  625.962572858
    0.305673937    1.259348190  -86.355392529  570.546912933  681.669022473
    0.312728523    1.259348190  -82.135141453  621.548865405  731.499597536
    0.319783109    1.259348190  -77.654929432  643.541565277  769.619622565
    0.326837695    1.259348190  -73.095737652  648.375670169  791.941024684
    0.333892281    1.259348190  -68.475334905  666.209046977  796.572883400
    0.340946867    1.259348190  -63.580303860  730.520422078  782.224826786
    0.348001453    1.259348190  -58.021908733  853.651967197  748.069742595
    0.355056039    1.259348190  -51.435703323 1014.700380329  693.085031570
    0.362110625    1.259348190  -43.759209951 1151.983594524  620.186670779
    0.369165211    1.259348190  -35.379924793 1206.552668755  535.576707350
    0.376219797    1.259348190  -27.000138110 1150.582451653  446.596153230
    0.383274383    1.259348190  -19.384962985  994.809570588  359.008685753
    0.390328969    1.259348190  -13.097601263  782.732523749  276.702340235
    0.397383555    1.259348190   -8.340282052  568.365480159  203.865653229
    0.404438141    1.259348190   -5.003604082  384.490864239  142.079149193
    0.411492727    1.259348190   -2.819828197  242.703750069   92.297831139
    0.418547313    1.259348190   -1.477488370  144.089770463   55.265933330
    0.425601898    1.259348190   -0.708933152   79.154849583   30.185219961
    0.432656484    1.259348190   -0.299567974   40.330430422   14.998499599
    0.439711070    1.259348190   -0.104504474   17.371914899    6.414099808
    0.446765656    1.259348190   -0.026069051    6.425982744    2.150434568
    0.453820242    1.259348190   -0.002398672    1.082566844    0.350395868
    0.460874828    1.259348190   -0.000000000   -0.000000000   -0.000000000
    0.467929414    1.259348190   -0.000000000   -0.000000000   -0.000000000
    0.474984000    1.259348190   -0.000000000   -0.000000000   -0.000000000

    0.023490500    1.276746241   -0.000000000   -0.000000000   -0.000000000
    0.030545086    1.276746241   -0.000000000   -0.000000000   -0.000000000
    0.037599672    1.276746241   -0.007350359   -4.154122488   -0.130162878
    0.044654258    1.276746241   -0.118322788  -32.234557653   -1.082046013
    0.051708844    1.276746241   -0.579133180 -108.191376683   -2.696499605
    0.058763430    1.276746241   -1.813599015 -259.541647154   -4.150084769
    0.065818016    1.276746241   -4.536957175 -536.427712511   -5.451025591
    0.072872602    1.276746241   -9.750419299 -967.924808437   -7.880176435
    0.079927187    1.276746241  -18.515058807 -1533.252281681  -11.901054485
    0.086981773    1.276746241  -31.465679555 -2131.565159859  -17.583557039
    0.094036359    1.276746241  -48.262662634 -2591.291464639  -26.502235561
    0.101090945    1.276746241  -67.291898784 -2741.597524940  -43.044323196
    0.108145531    1.276746241  -86.012056581 -2499.847577657  -70.517315050
    0.115200117    1.276746241 -101.780358035 -1928.151580601 -108.703819969
    0.122254703    1.276746241 -112.869234667 -1209.447845846 -153.829072468
    0.129309289    1.276746241 -119.005769069 -555.971170174 -196.256195705
    0.136363875    1.276746241 -121.176347612  -96.627153739 -224.639332022
    0.143418461    1.276746241 -120.866600255  152.612059160 -232.460017191
    0.150473047    1.276746241 -119.392498739  245.898532649 -215.551510717
    0.157527633    1.276746241 -117.587284261  257.772359106 -174.972033731
    0.164582219    1.276746241 -115.822243523  240.054082091 -114.640027473
    0.171636805    1.276746241 -114.197374594  222.580081600  -39.710907962
    0.178691391    1.276746241 -112.644014395  220.951768796   42.734858950
    0.185745977    1.276746241 -111.018881085  244.090580083  123.842217920
    0.192800562    1.276746241 -109.141591005  291.878237298  195.003898922
    0.199855148    1.276746241 -106.874773452  350.115913468  250.810653826
    0.206909734    1.276746241 -104.277239153  380.168355601  295.111749818
    0.213964320    1.276746241 -101.622160487  365.337875742  335.228933699
    0.221018906    1.276746241  -99.208425177  315.214088501  377.622833033
    0.228073492    1.276746241  -97.201320990  253.529210050  425.001970718
    0.235128078    1.276746241  -95.599959108  202.658194822  473.835331546
    0.242182664    1.276746241  -94.298374599  169.642507043  517.630781923
    0.249237250    1.276746241  -93.166579989  152.683698813  548.871055764
    0.256291836    1.276746241  -92.116771288  146.662474351  567.361469868
    0.263346422    1.276746241  -91.052624629  158.672060560  577.843284560
    0.270401008    1.276746241  -89.790716171  205.203184617  588.791046373
    0.277455594    1.276746241  -88.063599412  291.025295798  608.145999888
    0.284510180    1.276746241  -85.618326327  404.554306350  640.980089862
    0.291564766    1.276746241  -82.343751258  522.458729034  684.964249180
    0.298619352    1.276746241  -78.291884877  622.492137084  733.053472229
    0.305673937    1.276746241  -73.643546504  688.685823764  777.281489034
    0.312728523    1.276746241  -68.676939341  712.769745401  811.361437050
    0.319783109    1.276746241  -63.675495146  699.780411203  831.165966785
    0.326837695    1.276746241  -58.855458441  665.317306170  836.745781273
    0.333892281    1.276746241  -54.259505288  641.972176965  828.159129188
    0.340946867    1.276746241  -49.709260794  656.864421474  802.370020728
    0.348001453    1.276746241  -44.856460166  727.248658935  755.748027680
    0.355056039    1.276746241  -39.364677863  832.891411681  686.404253057
    0.362110625    1.276746241  -33.129755343  928.656246729  596.369029210
    0.369165211    1.276746241  -26.405245090  964.075143040  493.547590123
    0.376219797    1.276746241  -19.740661174  910.106387135  388.049058286
    0.383274383    1.276746241  -13.760391223  774.517189262  290.428791754
    0.390328969    1.276746241   -8.921617508  593.791854230  207.117341187
    0.397383555    1.276746241   -5.377016017  414.111309226  140.720354193
    0.404438141    1.276746241   -3.010024008  263.037141280   90.325381147
    0.411492727    1.276746241   -1.564358953  154.274868466   54.607954695
    0.418547313    1.276746241   -0.745166794   83.626629901   30.739865439
    0.425601898    1.276746241   -0.315688318   42.061225734   16.106019677
    0.432656484    1.276746241   -0.109774638   18.702928885    7.397087174
    0.439711070    1.276746241   -0.028960422    6.189143279    2.578032713
    0.446765656    1.276746241   -0.003381085    1.452188339    0.546140863
    0.453820242    1.276746241   -0.000000000   -0.000000000   -0.000000000
    0.460874828    1.276746241   -0.000000000   -0.000000000   -0.000000000
    0.467929414    1.276746241   -0.000000000   -0.000000000   -0.000000000
    0.474984000    1.276746241   -0.000000000   -0.000000000   -0.000000000

    0.023490500    1.294144293   -0.000000000   -0.000000000   -0.000000000
    0.030545086    1.294144293   -0.000151779   -0.148111770   -0.017047122
    0.037599672    1.294144293   -0.015236020   -6.513260620   -0.803694468
    0.044654258    1.294144293   -0.154899777  -38.815114088   -3.023132936
    0.051708844    1.294144293   -0.663691639 -115.779079132   -7.074418723
    0.058763430    1.294144293   -1.979394092 -273.781831700  -14.643985636
    0.065818016    1.294144293   -4.822387980 -556.780643626  -27.078150270
    0.072872602    1.294144293  -10.213535943 -998.723358386  -44.701784114
    0.079927187    1.294144293  -19.222635240 -1570.523428146  -67.486298632
    0.086981773    1.294144293  -32.444181371 -2170.173224148  -91.290046635
    0.094036359    1.294144293  -49.526593941 -2635.107475225 -112.782676630
    0.101090945    1.294144293  -68.911628302 -2800.678050734 -134.444542380
    0.108145531    1.294144293  -88.121491375 -2581.117381354 -160.298059445
    0.115200117    1.294144293 -104.545060808 -2031.691620982 -194.600675486
    0.122254703    1.294144293 -116.409868954 -1323.048612901 -237.549122663
    0.129309289    1.294144293 -123.305424269 -652.021483183 -281.632252379
    0.136363875    1.294144293 -126.007210076 -147.491456998 -314.555575876
    0.143418461    1.294144293 -125.844542488  163.607658466 -324.795033633
    0.150473047    1.294144293 -124.053281481  324.678779265 -306.786136914
    0.157527633    1.294144293 -121.479521676  394.006576577 -261.258025210
    0.164582219    1.294144293 -118.593906104  419.583562641 -193.706915182
    0.171636805    1.294144293 -115.590142846  430.464682230 -112.094197248
    0.178691391    1.294144293 -112.533944706  435.519946783  -23.989981036
    0.185745977    1.294144293 -109.435919844  443.575708186   62.716007459
    0.192800562    1.294144293 -106.253687390  458.112488370  138.613686138
    0.199855148    1.294144293 -102.956904888  476.903528005  199.744307950
    0.206909734    1.294144293  -99.553652420  485.109706328  246.104116298
    0.213964320    1.294144293  -96.180913497  468.480140120  287.341476974
    0.221018906    1.294144293  -92.998147816  431.453907174  332.544326945
    0.228073492    1.294144293  -90.109649713  385.625685203  387.218181357
    0.235128078    1.294144293  -87.563664740  337.019251665  447.439660211
    0.242182664    1.294144293  -85.362454908  286.491208589  508.039850123
    0.249237250    1.294144293  -83.506515684  239.921050366  560.510066833
    0.256291836    1.294144293  -81.942892633  206.864560305  602.186929121
    0.263346422    1.294144293  -80.499277513  209.943419945  635.710147031
    0.270401008    1.294144293  -78.861830351  262.914730884  666.785029646
    0.277455594    1.294144293  -76.659360824  369.790761533  700.543651041
    0.284510180    1.294144293  -73.583180222  503.649335907  738.330144601
    0.291564766    1.294144293  -69.570717238  629.706061189  776.839021299
    0.298619352    1.294144293  -64.788059498  719.218217593  810.337565931
    0.305673937    1.294144293  -59.547404238  757.943639539  832.313789999
    0.312728523    1.294144293  -54.207993912  748.050552087  840.027731338
    0.319783109    1.294144293  -49.079503733  701.089795598  834.384883561
    0.326837695    1.294144293  -44.356574730  636.782438758  816.825246193
    0.333892281    1.294144293  -40.078605854  579.439193998  788.788053899
    0.340946867    1.294144293  -36.101347273  555.338663408  748.661185043
    0.348001453    1.294144293  -32.140737302  574.572090699  694.009812229
    0.355056039    1.294144293  -27.907264218  628.857342794  620.685427830
    0.362110625    1.294144293  -23.265980616  683.779503136  530.101111269
    0.369165211    1.294144293  -18.347829812  701.285166478  428.537110445
    0.376219797    1.294144293  -13.518341975  656.913592904  325.480797046
    0.383274383    1.294144293   -9.222194672  553.319191053  231.695231986
    0.390328969    1.294144293   -5.792007010  416.558572090  154.310068932
    0.397383555    1.294144293   -3.336583347  281.763685349   96.160712531
    0.404438141    1.294144293   -1.756793344  171.455169599   56.294266420
    0.411492727    1.294144293   -0.836034790   95.492535513   31.473467069
    0.418547313    1.294144293   -0.347199996   47.445948662   16.152815447
    0.425601898    1.294144293   -0.119104523   20.322418854    7.201668082
    0.432656484    1.294144293   -0.028095775    6.867231805    2.597252056
    0.439711070    1.294144293   -0.003363892    1.173937060    0.507581401
    0.446765656    1.294144293   -0.000000000   -0.000000000   -0.000000000
    0.453820242    1.294144293   -0.000000000   -0.000000000   -0.000000000
    0.460874828    1.294144293   -0.000000000   -0.000000000   -0.000000000
    0.467929414    1.294144293   -0.000000000   -0.000000000   -0.000000000
    0.474984000    1.294144293   -0.000000000   -0.000000000   -0.000000000

    0.023490500    1.311542345   -0.000000000   -0.000000000   -0.000000000
    0.030545086    1.311542345   -0.000804254   -0.550288008   -0.058549180
    0.037599672    1.311542345   -0.035707819  -12.043649996   -1.454617877
    0.044654258    1.311542345   -0.220366163  -46.010035061   -4.434825833
    0.051708844    1.311542345   -0.816921664 -134.328590909  -10.409984430
    0.058763430    1.311542345   -2.310827006 -307.068889054  -22.998996751
    0.065818016    1.311542345   -5.451380509 -608.457869965  -44.360304019
    0.072872602    1.311542345  -11.267992178 -1065.967717265  -74.762201287
    0.079927187    1.311542345  -20.781817795 -1644.497624258 -109.450114465
    0.086981773    1.311542345  -34.510024408 -2237.015632517 -143.142387084
    0.094036359    1.311542345  -52.011731459 -2687.453960990 -169.202436968
    0.101090945    1.311542345  -71.736813473 -2845.302894515 -185.613317584
    0.108145531    1.311542345  -91.285252126 -2635.729455669 -197.689508887
    0.115200117    1.311542345 -108.171243645 -2110.046516083 -215.193147589
    0.122254703    1.311542345 -120.678113386 -1424.627479538 -244.465904749
    0.129309289    1.311542345 -128.304885896 -752.348972914 -282.516132215
    0.136363875    1.311542345 -131.602432027 -211.024883083 -316.500675578
    0.143418461    1.311542345 -131.665228932  166.011904786 -331.373842056
    0.150473047    1.311542345 -129.596132612  400.289630863 -317.743794212
    0.157527633    1.311542345 -126.254190629  533.838569997 -275.940943743
    0.164582219    1.311542345 -122.205366015  606.946884835 -210.831771865
    0.171636805    1.311542345 -117.786577766  641.290279310 -131.373427067
    0.178691391    1.311542345 -113.216588083  649.966406097  -47.673390456
    0.185745977    1.311542345 -108.665631095  638.065665362   29.949441563
    0.192800562    1.311542345 -104.239338076  617.224753800   94.462309328
    0.199855148    1.311542345  -99.946541485  599.030966569  144.989438972
    0.206909734    1.311542345  -95.784066744  582.564079253  184.727233899
    0.213964320    1.311542345  -91.722076958  569.277080743  222.270615010
    0.221018906    1.311542345  -87.736209917  560.456910151  269.703156925
    0.228073492    1.311542345  -83.831860865  544.880196351  332.596865711
    0.235128078    1.311542345  -80.089201772  512.477436857  410.000352495
    0.242182664    1.311542345  -76.656761865  457.145388864  491.971949514
    0.249237250    1.311542345  -73.671618941  387.966145208  569.352150434
    0.256291836    1.311542345  -71.159827804  328.602372044  636.424152985
    0.263346422    1.311542345  -68.939493752  309.154134445  690.997318181
    0.270401008    1.311542345  -66.638402980  354.027611798  734.600077085
    0.277455594    1.311542345  -63.815738333  455.449432418  769.922515892
    0.284510180    1.311542345  -60.155749950  583.034144340  797.003285901
    0.291564766    1.311542345  -55.633420655  692.634341062  815.037974066
    0.298619352    1.311542345  -50.493688654  755.044306215  820.729364644
    0.305673937    1.311542345  -45.122499327  758.126161111  812.490220714
    0.312728523    1.311542345  -39.904419455  714.035467876  790.138007328
    0.319783109    1.311542345  -35.117871797  639.692668807  757.257172187
    0.326837695    1.311542345  -30.901860033  554.968542825  717.255183427
    0.333892281    1.311542345  -27.263832141  479.923826533  673.194867572
    0.340946867    1.311542345  -24.063553434  432.524460957  624.881266418
    0.348001453    1.311542345  -21.081600639  418.799256879  568.791513155
    0.355056039    1.311542345  -18.083599717  434.602541968  501.545952136
    0.362110625    1.311542345  -14.933134826  458.015226401  422.351137204
    0.369165211    1.311542345  -11.669546237  461.964304762  335.569075500
    0.376219797    1.311542345   -8.504099802  428.489808988  249.337579520
    0.383274383    1.311542345   -5.713461612  357.334113293  171.459531290
    0.390328969    1.311542345   -3.512958064  265.547999154  109.124379373
    0.397383555    1.311542345   -1.957145628  177.364229047   64.463717525
    0.404438141    1.311542345   -0.973919208  105.065388150   34.947558754
    0.411492727    1.311542345   -0.421831882   54.831483231   17.003890711
    0.418547313    1.311542345   -0.151261263   24.519479919    7.292294941
    0.425601898    1.311542345   -0.040143566    9.235615164    2.507820003
    0.432656484    1.311542345   -0.005177820    1.814035540    0.465109942
    0.439711070    1.311542345   -0.000472238    0.197963339    0.036368674
    0.446765656    1.311542345   -0.000000000   -0.000000000   -0.000000000
    0.453820242    1.311542345   -0.000000000   -0.000000000   -0.000000000
    0.460874828    1.311542345   -0.000000000   -0.000000000   -0.000000000
    0.467929414    1.311542345   -0.000000000   -0.000000000   -0.000000000
    0.474984000    1.311542345   -0.000000000   -0.000000000   -0.000000000

    0.023490500    1.328940397   -0.000000000   -0.000000000   -0.000000000
    0.030545086    1.328940397   -0.002890986   -2.091883416   -0.169750892
    0.037599672    1.328940397   -0.063610245  -17.747416059   -1.686334315
    0.044654258    1.328940397   -0.305591751  -57.078048520   -5.240697346
    0.051708844    1.328940397   -1.018389798 -157.774497000  -12.529376895
    0.058763430    1.328940397   -2.755063788 -353.375403368  -27.378094072
    0.065818016    1.328940397   -6.319384848 -682.086569800  -53.798643376
    0.072872602    1.328940397  -12.734170179 -1159.952723228  -91.203928312
    0.079927187    1.328940397  -22.937797326 -1743.050185252 -135.417669609
    0.086981773    1.328940397  -37.313778072 -2319.649473325 -176.047586005
    0.094036359    1.328940397  -55.296950133 -2738.460856900 -205.041514155
    0.101090945    1.328940397  -75.257618064 -2863.706167134 -216.239165086
    0.108145531    1.328940397  -94.883320503 -2644.012184791 -213.778907875
    0.115200117    1.328940397 -111.892279445 -2140.380153888 -210.538222415
    0.122254703    1.328940397 -124.727122961 -1487.474925091 -217.788317939
    0.129309289    1.328940397 -132.872469100 -832.151118896 -237.255003406
    0.136363875    1.328940397 -136.690473795 -270.677931599 -260.510028584
    0.143418461    1.328940397 -136.995964807  161.758316905 -271.813241912
    0.150473047    1.328940397 -134.719683502  463.801951465 -261.376676275
    0.157527633    1.328940397 -130.705148828  659.857791571 -226.484216628
    0.164582219    1.328940397 -125.596015811  777.142022843 -171.268412566
    0.171636805    1.328940397 -119.896309915  829.084782426 -105.935451448
    0.178691391    1.328940397 -114.021124867  828.313585774  -42.253853937
    0.185745977    1.328940397 -108.304789650  787.486426208   11.577850314
    0.192800562    1.328940397 -102.950206717  731.319138150   52.192155213
    0.199855148    1.328940397  -97.959686084  685.291816821   81.465632823
    0.206909734    1.328940397  -93.228475412  661.487474724  106.538743487
    0.213964320    1.328940397  -88.554259229  669.681189483  138.949867808
    0.221018906    1.328940397  -83.715521074  704.347443139  189.731308664
    0.228073492    1.328940397  -78.610586373  739.630377632  265.402204654
    0.235128078    1.328940397  -73.363156331  739.455842433  361.125134308
    0.242182664    1.328940397  -68.299614855  687.305896950  465.878169798
    0.249237250    1.328940397  -63.760900989  596.118634058  566.265164436
    0.256291836    1.328940397  -59.906876444  499.756589758  651.597758313
    0.263346422    1.328940397  -56.624345351  439.604925419  717.240076616
    0.270401008    1.328940397  -53.539063368  445.350136300  761.483920500
    0.277455594    1.328940397  -50.186493711  512.787754545  785.448337422
    0.284510180    1.328940397  -46.235349767  608.005230096  790.508100694
    0.291564766    1.328940397  -41.652987538  684.552900478  779.097753762
    0.298619352    1.328940397  -36.697952119  710.939019247  752.223842311
    0.305673937    1.328940397  -31.752902843  682.590793761  712.822094162
    0.312728523    1.328940397  -27.161518949  614.305452816  664.571794669
    0.319783109    1.328940397  -23.131246585  526.578867256  612.667060794
    0.326837695    1.328940397  -19.738246205  436.313912448  559.919993354
    0.333892281    1.328940397  -16.935728898  361.440990216  509.897871860
    0.340946867    1.328940397  -14.590615212  307.075802002  461.328501851
    0.348001453    1.328940397  -12.538131260  278.471603849  411.363020192
    0.355056039    1.328940397  -10.605483297  272.245801969  356.749170638
    0.362110625    1.328940397   -8.672952003  276.586408585  296.817980536
    0.369165211    1.328940397   -6.723191194  273.512907108  233.172920971
    0.376219797    1.328940397   -4.859795939  250.765372933  170.617845963
    0.383274383    1.328940397   -3.230809052  207.676870757  115.204911256
    0.390328969    1.328940397   -1.955473073  153.868332216   71.208859859
    0.397383555    1.328940397   -1.060094808  101.072460711   39.892845808
    0.404438141    1.328940397   -0.506438969   58.367695419   20.183535689
    0.411492727    1.328940397   -0.205240332   29.375325054    8.960720963
    0.418547313    1.328940397   -0.066690548   11.944639834    3.131148961
    0.425601898    1.328940397   -0.013959825    4.054886510    0.933154377
    0.432656484    1.328940397   -0.001381969    0.559742184    0.126383199
    0.439711070    1.328940397   -0.000000000   -0.000000000   -0.000000000
    0.446765656    1.328940397   -0.000000000   -0.000000000   -0.000000000
    0.453820242    1.328940397   -0.000000000   -0.000000000   -0.000000000
    0.460874828    1.328940397   -0.000000000   -0.000000000   -0.000000000
    0.467929414    1.328940397   -0.000000000   -0.000000000   -0.000000000
    0.474984000    1.328940397   -0.000000000   -0.000000000   -0.000000000

    0.023490500    1.346338448   -0.000000000   -0.000000000   -0.000000000
    0.030545086    1.346338448   -0.007052435   -4.323526265   -0.264134190
    0.037599672    1.346338448   -0.091790699  -22.450389327   -1.489232326
    0.044654258    1.346338448   -0.396390331  -70.681422139   -4.970431054
    0.051708844    1.346338448   -1.239770901 -183.192753834  -12.616920894
    0.058763430    1.346338448   -3.237736271 -403.381437711  -27.281463150
    0.065818016    1.346338448   -7.260711600 -762.303875650  -52.661613315
    0.072872602    1.346338448  -14.343022051 -1267.098310963  -90.884671254
    0.079927187    1.346338448  -25.352466058 -1859.691279148 -137.735072274
    0.086981773    1.346338448  -40.498134836 -2416.509306162 -184.308881411
    0.094036359    1.346338448  -59.015438131 -2791.484064635 -217.410183811
    0.101090945    1.346338448  -79.159852950 -2864.318848883 -228.439304262
    0.108145531    1.346338448  -98.659715550 -2613.373362820 -217.508927613
    0.115200117    1.346338448 -115.436114882 -2111.351141040 -194.075746512
    0.122254703    1.346338448 -128.159783291 -1486.989281884 -173.177666429
    0.129309289    1.346338448 -136.404335175 -856.678125122 -163.264489338
    0.136363875    1.346338448 -140.420039170 -296.962405025 -161.589121154
    0.143418461    1.346338448 -140.831754928  162.178780628 -161.476508906
    0.150473047    1.346338448 -138.397083348  509.661333502 -154.189773710
    0.157527633    1.346338448 -133.878060682  754.697210244 -132.746469042
    0.164582219    1.346338448 -127.982524583  900.876527332 -100.413395058
    0.171636805    1.346338448 -121.389078410  954.410510431  -66.000137975
    0.178691391    1.346338448 -114.687534535  934.449169730  -36.160495259
    0.185745977    1.346338448 -108.319178234  865.095628327  -15.982960531
    0.192800562    1.346338448 -102.508314377  783.672666594   -4.430172706
    0.199855148    1.346338448  -97.211180485  723.783799958    1.926531097
    0.206909734    1.346338448  -92.175504900  713.625161470   12.474909347
    0.213964320    1.346338448  -86.976710163  769.782308668   41.451437850
    0.221018906    1.346338448  -81.199042979  873.610788648   99.496564107
    0.228073492    1.346338448  -74.664111311  973.700775246  187.897663206
    0.235128078    1.346338448  -67.604094806 1013.940194327  298.982572226
    0.242182664    1.346338448  -60.570299672  965.957356562  419.076255037
    0.249237250    1.346338448  -54.154054052  843.580113917  532.094136087
    0.256291836    1.346338448  -48.734587555  692.306893867  624.242126378
    0.263346422    1.346338448  -44.311848571  569.489259409  687.912539748
    0.270401008    1.346338448  -40.535400733  513.237671436  721.733842408
    0.277455594    1.346338448  -36.916271120  522.194114169  727.974898305
    0.284510180    1.346338448  -33.083930443  566.963574608  709.878410091
    0.291564766    1.346338448  -28.945206672  602.183085953  671.772460820
    0.298619352    1.346338448  -24.689614589  597.067144894  620.053117891
    0.305673937    1.346338448  -20.624475162  549.650672731  561.349735933
    0.312728523    1.346338448  -17.000085390  474.373960700  500.870308075
    0.319783109    1.346338448  -13.952719358  389.472885828  442.476968961
    0.326837695    1.346338448  -11.491994077  310.234599357  389.684742852
    0.333892281    1.346338448   -9.541235319  245.414333549  342.998841335
    0.340946867    1.346338448   -7.989673311  197.169605949  301.265350657
    0.348001453    1.346338448   -6.716135894  167.091499137  262.402153385
    0.355056039    1.346338448   -5.596115035  153.273294555  223.814788200
    0.362110625    1.346338448   -4.528670885  150.082058246  184.077300091
    0.369165211    1.346338448   -3.482571030  145.358256008  143.407471293
    0.376219797    1.346338448   -2.498092197  131.833472229  104.125236257
    0.383274383    1.346338448   -1.647037427  107.887854737   69.485000081
    0.390328969    1.346338448   -0.983293923   79.731081133   42.437882377
    0.397383555    1.346338448   -0.522237076   51.714281207   23.319642508
    0.404438141    1.346338448   -0.240175323   29.328765711   11.414039268
    0.411492727    1.346338448   -0.091159226   14.084720597    4.835480337
    0.418547313    1.346338448   -0.025477258    5.565727594    1.711692368
    0.425601898    1.346338448   -0.003589234    1.271662998    0.358265707
    0.432656484    1.346338448   -0.000238056    0.143304219    0.044277734
    0.439711070    1.346338448   -0.000000000   -0.000000000   -0.000000000
    0.446765656    1.346338448   -0.000000000   -0.000000000   -0.000000000
    0.453820242    1.346338448   -0.000000000   -0.000000000   -0.000000000
    0.460874828    1.346338448   -0.000000000   -0.000000000   -0.000000000
    0.467929414    1.346338448   -0.000000000   -0.000000000   -0.000000000
    0.474984000    1.346338448   -0.000000000   -0.000000000   -0.000000000

    0.023490500    1.363736500   -0.000000000   -0.000000000   -0.000000000
    0.030545086    1.363736500   -0.011042593   -5.673450330   -0.181529977
    0.037599672    1.363736500   -0.115238789  -27.376315223   -1.143879670
    0.044654258    1.363736500   -0.472034073  -81.617476877   -3.557764527
    0.051708844    1.363736500   -1.437334063 -207.127754717   -9.674410233
    0.058763430    1.363736500   -3.669234513 -447.533537284  -21.399810550
    0.065818016    1.363736500   -8.097235110 -834.662858451  -41.921276839
    0.072872602    1.363736500  -15.793071136 -1367.512207646  -73.090166568
    0.079927187    1.363736500  -27.573093868 -1974.575816214 -113.124411614
    0.086981773    1.363736500  -43.513501455 -2520.828991770 -155.887016008
    0.094036359    1.363736500  -62.627577864 -2851.275597501 -189.571430301
    0.101090945    1.363736500  -82.977063366 -2861.949838428 -201.879990128
    0.108145531    1.363736500 -102.241811941 -2551.835873859 -185.824761354
    0.115200117    1.363736500 -118.473278879 -2023.961588935 -147.446235453
    0.122254703    1.363736500 -130.588904260 -1406.520667937  -99.298328605
    0.129309289    1.363736500 -138.358818134 -804.650037304  -55.755218246
    0.136363875    1.363736500 -142.111745383 -273.262641766  -27.802820952
    0.143418461    1.363736500 -142.417826111  171.099612485  -16.349937934
    0.150473047    1.363736500 -139.900776839  527.516412586  -15.843079141
    0.157527633    1.363736500 -135.210313096  784.941688199  -20.702878998
    0.164582219    1.363736500 -129.075829590  936.158909042  -27.409512268
    0.171636805    1.363736500 -122.246758075  983.691306209  -35.948917833
    0.178691391    1.363736500 -115.385286826  950.236851670  -47.657570231
    0.185745977    1.363736500 -108.969185262  863.081500627  -63.086367916
    0.192800562    1.363736500 -103.211915021  771.837899343  -79.198692195
    0.199855148    1.363736500  -97.970196203  724.886038141  -89.353685594
    0.206909734    1.363736500  -92.799144140  756.910071548  -82.347292957
    0.213964320    1.363736500  -87.061388687  884.009973427  -48.350245868
    0.221018906    1.363736500  -80.193216697 1068.037349701   20.119417629
    0.228073492    1.363736500  -72.029875978 1236.290558703  118.378309317
    0.235128078    1.363736500  -62.966152559 1313.327916136  236.740283708
    0.242182664    1.363736500  -53.801404370 1262.166135165  358.291078552
    0.249237250    1.363736500  -45.430834442 1095.341515182  466.545902903
    0.256291836    1.363736500  -38.475769383  874.466636787  548.189935430
    0.263346422    1.363736500  -33.046370438  673.330253062  598.418342999
    0.270401008    1.363736500  -28.806819014  541.850579683  617.006149645
    0.277455594    1.363736500  -25.226717447  484.531253669  606.871004184
    0.284510180    1.363736500  -21.862303677  473.257031053  572.921425151
    0.291564766    1.363736500  -18.530307479  469.641188790  521.178310888
    0.298619352    1.363736500  -15.279432793  447.036448274  460.365389840
    0.305673937    1.363736500  -12.288088479  397.017925332  397.777255121
    0.312728523    1.363736500   -9.722112264  329.037579304  338.781545395
    0.319783109    1.363736500   -7.647068785  259.905169632  287.076024755
    0.326837695    1.363736500   -6.038402523  198.396136342  242.742217093
    0.333892281    1.363736500   -4.820450440  149.549270519  206.009570777
    0.340946867    1.363736500   -3.902483957  112.982249910  175.160582163
    0.348001453    1.363736500   -3.197621520   89.049234090  148.661961015
    0.355056039    1.363736500   -2.616605693   77.400079483  124.762893962
    0.362110625    1.363736500   -2.087754094   72.961111178  101.634043116
    0.369165211    1.363736500   -1.585713298   68.855383723   78.660130160
    0.376219797    1.363736500   -1.123088453   61.445686578   56.880625125
    0.383274383    1.363736500   -0.730117419   50.036576465   37.876636098
    0.390328969    1.363736500   -0.425828579   36.161505335   22.793083225
    0.397383555    1.363736500   -0.217395079   23.092557013   12.320114407
    0.404438141    1.363736500   -0.093107154   12.648152517    5.827320119
    0.411492727    1.363736500   -0.030450185    5.798027936    2.372072420
    0.418547313    1.363736500   -0.005846036    1.690950135    0.619233536
    0.425601898    1.363736500   -0.000356483    0.138987031    0.057394712
    0.432656484    1.363736500   -0.000000000   -0.000000000   -0.000000000
    0.439711070    1.363736500   -0.000000000   -0.000000000   -0.000000000
    0.446765656    1.363736500   -0.000000000   -0.000000000   -0.000000000
    0.453820242    1.363736500   -0.000000000   -0.000000000   -0.000000000
    0.460874828    1.363736500   -0.000000000   -0.000000000   -0.000000000
    0.467929414    1.363736500   -0.000000000   -0.000000000   -0.000000000
    0.474984000    1.363736500   -0.000000000   -0.000000000   -0.000000000

    0.023490500    1.381134552   -0.000000000   -0.000000000   -0.000000000
    0.030545086    1.381134552   -0.012943963   -6.263804424   -0.022300501
    0.037599672    1.381134552   -0.129004917  -30.209013389   -0.413282133
    0.044654258    1.381134552   -0.517301448  -88.892360171   -1.537849300
    0.051708844    1.381134552   -1.565600242 -224.256472363   -4.697793825
    0.058763430    1.381134552   -3.956251730 -476.932875011  -11.020462779
    0.065818016    1.381134552   -8.667315662 -885.024702165  -22.320184475
    0.072872602    1.381134552  -16.798168458 -1440.162512317  -40.114030404
    0.079927187    1.381134552  -29.148954288 -2062.367849036  -64.326565295
    0.086981773    1.381134552  -45.715987841 -2606.502851916  -92.088399175
    0.094036359    1.381134552  -65.335342371 -2903.400827326 -114.669200578
    0.101090945    1.381134552  -85.850727357 -2852.119879521 -119.892306942
    0.108145531    1.381134552 -104.799504506 -2473.427895807  -98.728895559
    0.115200117    1.381134552 -120.271671172 -1892.298329638  -50.602933101
    0.122254703    1.381134552 -131.379975432 -1260.063257699   14.991472053
    0.129309289    1.381134552 -138.190579848 -685.590604201   78.872243981
    0.136363875    1.381134552 -141.294453266 -210.494756896  122.172908787
    0.143418461    1.381134552 -141.367350952  176.115869756  135.150675578
    0.150473047    1.381134552 -138.983853705  487.254880882  117.785800558
    0.157527633    1.381134552 -134.676920137  720.043740760   78.174684261
    0.164582219    1.381134552 -129.049702792  860.337256363   27.164724882
    0.171636805    1.381134552 -122.771717734  903.813528635  -26.960776704
    0.178691391    1.381134552 -116.477312615  870.101119483  -79.459160572
    0.185745977    1.381134552 -110.601096967  791.747311608 -125.240939047
    0.192800562    1.381134552 -105.288428682  721.244587196 -158.440546746
    0.199855148    1.381134552 -100.272596666  715.954226099 -171.770875881
    0.206909734    1.381134552  -94.931885656  817.535849791 -156.861199740
    0.213964320    1.381134552  -88.478037757 1028.075870703 -107.082416580
    0.221018906    1.381134552  -80.298938794 1291.643633659  -24.161917007
    0.228073492    1.381134552  -70.345217847 1515.725761157   81.638263805
    0.235128078    1.381134552  -59.242446672 1606.194104500  195.597694880
    0.242182664    1.381134552  -48.083663325 1528.859912214  300.515626045
    0.249237250    1.381134552  -38.020319344 1304.983116101  384.095944906
    0.256291836    1.381134552  -29.843253791 1010.287272465  441.059528543
    0.263346422    1.381134552  -23.720437154  734.426850475  469.916239961
    0.270401008    1.381134552  -19.300219505  533.077273875  472.258501498
    0.277455594    1.381134552  -15.997858024  416.410366376  451.569344279
    0.284510180    1.381134552  -13.285269857  359.769051605  412.672842201
    0.291564766    1.381134552  -10.856983081  329.724234635  362.366791997
    0.298619352    1.381134552   -8.633868176  298.929392443  306.764465273
    0.305673937    1.381134552   -6.672034125  256.569324924  253.386921300
    0.312728523    1.381134552   -5.037128358  206.586386113  205.960060734
    0.319783109    1.381134552   -3.758929987  156.252842464  166.423496596
    0.326837695    1.381134552   -2.813500259  113.108655627  134.708309242
    0.333892281    1.381134552   -2.135693382   80.511668290  109.263525837
    0.340946867    1.381134552   -1.657569803   56.728745585   89.560954584
    0.348001453    1.381134552   -1.315476707   41.788766914   73.906055341
    0.355056039    1.381134552   -1.048941307   34.732936706   61.065296033
    0.362110625    1.381134552   -0.816903162   31.364197334   49.133498540
    0.369165211    1.381134552   -0.606434386   28.346217342   37.504731080
    0.376219797    1.381134552   -0.420419499   24.073613761   26.536088320
    0.383274383    1.381134552   -0.265696376   19.249335390   17.278270364
    0.390328969    1.381134552   -0.148281847   14.049750474   10.303504843
    0.397383555    1.381134552   -0.069324497    8.523358158    5.331212427
    0.404438141    1.381134552   -0.024841336    4.168794051    2.257978693
    0.411492727    1.381134552   -0.005652282    1.391954496    0.653162359
    0.418547313    1.381134552   -0.000241958    0.218313116    0.103513978
    0.425601898    1.381134552   -0.000000000   -0.000000000   -0.000000000
    0.432656484    1.381134552   -0.000000000   -0.000000000   -0.000000000
    0.439711070    1.381134552   -0.000000000   -0.000000000   -0.000000000
    0.446765656    1.381134552   -0.000000000   -0.000000000   -0.000000000
    0.453820242    1.381134552   -0.000000000   -0.000000000   -0.000000000
    0.460874828    1.381134552   -0.000000000   -0.000000000   -0.000000000
    0.467929414    1.381134552   -0.000000000   -0.000000000   -0.000000000
    0.474984000    1.381134552   -0.000000000   -0.000000000   -0.000000000

    0.023490500    1.398532603   -0.000000000   -0.000000000   -0.000000000
    0.030545086    1.398532603   -0.012699155   -6.069076157    0.065749070
    0.037599672    1.398532603   -0.129173721  -30.365362616    0.388221282
    0.044654258    1.398532603   -0.523596233  -90.543492420    0.892114409
    0.051708844    1.398532603   -1.596265234 -230.232744039    1.220765109
    0.058763430    1.398532603   -4.040969014 -486.398694380    1.443046275
    0.065818016    1.398532603   -8.841830625 -902.518032080    2.712177258
    0.072872602    1.398532603  -17.125296406 -1466.469757245    3.415907822
    0.079927187    1.398532603  -29.707228544 -2100.526218946    2.103908126
    0.086981773    1.398532603  -46.556640768 -2645.542684757   -1.009533528
    0.094036359    1.398532603  -66.391582299 -2921.415497684   -1.811675398
    0.101090945    1.398532603  -86.879210075 -2821.857986208    8.181982877
    0.108145531    1.398532603 -105.393740204 -2379.709520356   36.838652898
    0.115200117    1.398532603 -119.980483260 -1739.087885132   89.183087330
    0.122254703    1.398532603 -129.905681867 -1085.907736490  156.927312292
    0.129309289    1.398532603 -135.570717046 -544.156855145  220.810467017
    0.136363875    1.398532603 -137.929602886 -145.995172105  259.490509066
    0.143418461    1.398532603 -137.882545769  146.567340367  257.957095668
    0.150473047    1.398532603 -136.006244903  376.235902025  215.974502561
    0.157527633    1.398532603 -132.679960737  558.416836138  145.040688936
    0.164582219    1.398532603 -128.272784611  679.819465112   58.051639904
    0.171636805    1.398532603 -123.262248204  727.720898106  -30.322250637
    0.178691391    1.398532603 -118.145089610  715.748334238 -110.154247916
    0.185745977    1.398532603 -113.236300748  675.205932072 -173.090108471
    0.192800562    1.398532603 -108.561052824  660.124995424 -211.151707840
    0.199855148    1.398532603 -103.719983719  731.180603869 -216.301544688
    0.206909734    1.398532603  -97.971619344  919.510519128 -183.308619246
    0.213964320    1.398532603  -90.479973306 1216.437452071 -114.025122021
    0.221018906    1.398532603  -80.739742021 1540.612943520  -18.639475766
    0.228073492    1.398532603  -68.940972786 1782.145990104   86.112613742
    0.235128078    1.398532603  -55.997368972 1853.999769492  182.178743594
    0.242182664    1.398532603  -43.259923188 1725.609724192  257.804074598
    0.249237250    1.398532603  -32.028137134 1438.649371609  307.576918898
    0.256291836    1.398532603  -23.130118731 1080.565110400  333.273509160
    0.263346422    1.398532603  -16.720062169  747.318624563  337.389471861
    0.270401008    1.398532603  -12.386630427  497.116225253  325.611101633
    0.277455594    1.398532603   -9.486591614  339.733121673  300.469377133
    0.284510180    1.398532603   -7.418612583  255.624813400  266.272370008
    0.291564766    1.398532603   -5.789335190  210.433151954  225.826178905
    0.298619352    1.398532603   -4.415945593  179.801294935  184.263757296
    0.305673937    1.398532603   -3.260095937  147.635808937  145.215195850
    0.312728523    1.398532603   -2.333208020  115.062609231  111.617523847
    0.319783109    1.398532603   -1.630699621   84.243804416   84.987984527
    0.326837695    1.398532603   -1.132384812   58.279487076   64.725559077
    0.333892281    1.398532603   -0.794354644   38.716164086   50.440313570
    0.340946867    1.398532603   -0.574969323   24.589196408   39.947086159
    0.348001453    1.398532603   -0.430633697   16.949247948   32.083149996
    0.355056039    1.398532603   -0.326299433   13.110570383   25.677426999
    0.362110625    1.398532603   -0.243720152   10.528633592   19.818632724
    0.369165211    1.398532603   -0.175603111    8.804933839   14.464089456
    0.376219797    1.398532603   -0.119428018    7.355632624    9.829108229
    0.383274383    1.398532603   -0.071525947    6.112099732    6.389540487
    0.390328969    1.398532603   -0.034612677    4.265559012    3.638804940
    0.397383555    1.398532603   -0.013058443    2.188142617    1.586615886
    0.404438141    1.398532603   -0.002971341    0.861149629    0.544340942
    0.411492727    1.398532603   -0.000000000   -0.000000000   -0.000000000
    0.418547313    1.398532603   -0.000000000   -0.000000000   -0.000000000
    0.425601898    1.398532603   -0.000000000   -0.000000000   -0.000000000
    0.432656484    1.398532603   -0.000000000   -0.000000000   -0.000000000
    0.439711070    1.398532603   -0.000000000   -0.000000000   -0.000000000
    0.446765656    1.398532603   -0.000000000   -0.000000000   -0.000000000
    0.453820242    1.398532603   -0.000000000   -0.000000000   -0.000000000
    0.460874828    1.398532603   -0.000000000   -0.000000000   -0.000000000
    0.467929414    1.398532603   -0.000000000   -0.000000000   -0.000000000
    0.474984000    1.398532603   -0.000000000   -0.000000000   -0.000000000

    0.023490500    1.415930655   -0.000000000   -0.000000000   -0.000000000
    0.030545086    1.415930655   -0.010913070   -5.411200898    0.123461175
    0.037599672    1.415930655   -0.116433401  -27.899661112    1.041251490
    0.044654258    1.415930655   -0.488039678  -86.708478892    3.120723535
    0.051708844    1.415930655   -1.526005323 -223.168445043    6.694558742
    0.058763430    1.415930655   -3.905622401 -473.852792903   13.943379722
    0.065818016    1.415930655   -8.576629799 -878.092371433   27.353892448
    0.072872602    1.415930655  -16.672604073 -1438.086228756   48.151001909
    0.079927187    1.415930655  -29.049728848 -2071.202840806   73.227547982
    0.086981773    1.415930655  -45.688363868 -2614.850994997  100.821171802
    0.094036359    1.415930655  -65.289334920 -2883.241811733  129.157011205
    0.101090945    1.415930655  -85.431798641 -2760.185391367  159.729412540
    0.108145531    1.415930655 -103.369967425 -2275.629459932  196.722683837
    0.115200117    1.415930655 -117.078411401 -1596.780190783  243.801916126
    0.122254703    1.415930655 -125.943808744 -935.257347600  294.735374770
    0.129309289    1.415930655 -130.667511265 -436.189467419  335.775175927
    0.136363875    1.415930655 -132.547850732 -124.453958885  349.692038001
    0.143418461    1.415930655 -132.717915563   63.364269500  325.478161939
    0.150473047    1.415930655 -131.760198799  205.120760864  264.444434746
    0.157527633    1.415930655 -129.852147343  334.193794969  176.279718390
    0.164582219    1.415930655 -127.106548625  438.734459967   76.248436116
    0.171636805    1.415930655 -123.772316200  499.390710572  -23.688066694
    0.178691391    1.415930655 -120.141443948  525.249956042 -111.543468373
    0.185745977    1.415930655 -116.378224907  544.483966569 -178.475859711
    0.192800562    1.415930655 -112.338308872  614.317560800 -212.911174831
    0.199855148    1.415930655 -107.471203190  784.463862218 -205.380311195
    0.206909734    1.415930655 -100.984848070 1071.969786140 -154.875147694
    0.213964320    1.415930655  -92.151236024 1439.467086573  -71.472460570
    0.221018906    1.415930655  -80.707296713 1792.575392905   27.469403862
    0.228073492    1.415930655  -67.171353856 2015.551601000  120.801355108
    0.235128078    1.415930655  -52.763631052 2032.645933078  192.270878377
    0.242182664    1.415930655  -38.996600293 1837.078140428  234.840148943
    0.249237250    1.415930655  -27.202033560 1487.809475415  250.119094513
    0.256291836    1.415930655  -18.131749514 1082.891812730  245.581572850
    0.263346422    1.415930655  -11.831332145  716.748841626  229.247897799
    0.270401008    1.415930655   -7.805075380  442.219449188  206.788649450
    0.277455594    1.415930655   -5.346561925  269.961896347  181.698536383
    0.284510180    1.415930655   -3.816525804  174.229747390  154.380134255
    0.291564766    1.415930655   -2.781410936  124.569983826  126.089899458
    0.298619352    1.415930655   -2.007690344   96.575543784   98.688313681
    0.305673937    1.415930655   -1.405855173   74.687541515   73.812375726
    0.312728523    1.415930655   -0.944212674   56.445180275   53.424015125
    0.319783109    1.415930655   -0.605973518   39.777023177   37.830725432
    0.326837695    1.415930655   -0.374578930   26.068715459   26.315071129
    0.333892281    1.415930655   -0.228061467   15.703479121   18.415732670
    0.340946867    1.415930655   -0.142225165    9.130144315   13.218638566
    0.348001453    1.415930655   -0.093340364    5.282364367    9.661085864
    0.355056039    1.415930655   -0.064631348    3.220340970    7.067983629
    0.362110625    1.415930655   -0.046440494    2.125323147    5.249587449
    0.369165211    1.415930655   -0.032688115    1.896981271    3.870508616
    0.376219797    1.415930655   -0.019501310    1.815595848    2.719131600
    0.383274383    1.415930655   -0.009158702    1.097861459    1.426819288
    0.390328969    1.415930655   -0.003156279    0.626787744    0.645923197
    0.397383555    1.415930655   -0.000340931    0.256851834    0.208807181
    0.404438141    1.415930655   -0.000000000   -0.000000000   -0.000000000
    0.411492727    1.415930655   -0.000000000   -0.000000000   -0.000000000
    0.418547313    1.415930655   -0.000000000   -0.000000000   -0.000000000
    0.425601898    1.415930655   -0.000000000   -0.000000000   -0.000000000
    0.432656484    1.415930655   -0.000000000   -0.000000000   -0.000000000
    0.439711070    1.415930655   -0.000000000   -0.000000000   -0.000000000
    0.446765656    1.415930655   -0.000000000   -0.000000000   -0.000000000
    0.453820242    1.415930655   -0.000000000   -0.000000000   -0.000000000
    0.460874828    1.415930655   -0.000000000   -0.000000000   -0.000000000
    0.467929414    1.415930655   -0.000000000   -0.000000000   -0.000000000
    0.474984000    1.415930655   -0.000000000   -0.000000000   -0.000000000

    0.023490500    1.433328707   -0.000000000   -0.000000000   -0.000000000
    0.030545086    1.433328707   -0.008192306   -4.155004438    0.150992024
    0.037599672    1.433328707   -0.093938258  -23.938313609    1.472047127
    0.044654258    1.433328707   -0.420434126  -78.182672033    4.531445935
    0.051708844    1.433328707   -1.370230076 -205.896100477   10.931025354
    0.058763430    1.433328707   -3.568586635 -438.537106709   24.194029882
    0.065818016    1.433328707   -7.909402925 -818.831070768   48.399911213
    0.072872602    1.433328707  -15.494402377 -1353.849137643   85.768443131
    0.079927187    1.433328707  -27.207037127 -1969.081842491  136.103769227
    0.086981773    1.433328707  -43.099648585 -2507.067431404  193.817166366
    0.094036359    1.433328707  -61.947688170 -2778.502570115  251.499100995
    0.101090945    1.433328707  -81.374276885 -2660.680962256  303.134371965
    0.108145531    1.433328707  -98.613216690 -2175.747193912  345.892721488
    0.115200117    1.433328707 -111.616374192 -1498.860815527  378.588878385
    0.122254703    1.433328707 -119.846943333 -857.071380407  398.907539326
    0.129309289    1.433328707 -124.173815774 -407.404475800  401.953543040
    0.136363875    1.433328707 -126.095491627 -168.424808466  383.940219936
    0.143418461    1.433328707 -126.853740003  -59.360053671  341.464781882
    0.150473047    1.433328707 -127.013077460   15.151515642  276.954430422
    0.157527633    1.433328707 -126.604872019  103.998815195  197.048355403
    0.164582219    1.433328707 -125.536622457  197.156320450  108.347283347
    0.171636805    1.433328707 -123.864037762  272.794479694   19.712057640
    0.178691391    1.433328707 -121.718273991  334.770548092  -61.251104931
    0.185745977    1.433328707 -119.092474613  418.601121638 -124.128566227
    0.192800562    1.433328707 -115.618093873  584.791190725 -155.362895749
    0.199855148    1.433328707 -110.564955364  866.096344550 -143.843113160
    0.206909734    1.433328707 -103.148983925 1250.399668330  -89.585876118
    0.213964320    1.433328707  -92.832718500 1672.055668085   -5.987795669
    0.221018906    1.433328707  -79.723864475 2022.696632041   84.622411273
    0.228073492    1.433328707  -64.717400886 2196.129638947  159.615137876
    0.235128078    1.433328707  -49.287448994 2139.277152591  205.790031780
    0.242182664    1.433328707  -35.043032109 1868.673559327  219.379849368
    0.249237250    1.433328707  -23.235470165 1464.281028138  207.206455063
    0.256291836    1.433328707  -14.450034383 1029.725937411  180.942647238
    0.263346422    1.433328707   -8.562178148  654.399229052  151.695172188
    0.270401008    1.433328707   -4.972962604  381.086044132  124.574423465
    0.277455594    1.433328707   -2.941080158  210.342159248  101.165987264
    0.284510180    1.433328707   -1.824890716  116.509691375   80.448804639
    0.291564766    1.433328707   -1.188675068   70.068928554   62.377542655
    0.298619352    1.433328707   -0.786605441   46.254417908   46.343381080
    0.305673937    1.433328707   -0.511271281   33.131347578   33.113783379
    0.312728523    1.433328707   -0.311770589   23.492392990   22.694872699
    0.319783109    1.433328707   -0.174079368   15.489031794   14.766365061
    0.326837695    1.433328707   -0.088478067    9.232866666    9.035514691
    0.333892281    1.433328707   -0.041785287    4.586898012    5.103498574
    0.340946867    1.433328707   -0.019241048    2.184038878    2.960978913
    0.348001453    1.433328707   -0.008367081    0.989790376    1.634060641
    0.355056039    1.433328707   -0.004703896    0.332427484    0.962650204
    0.362110625    1.433328707   -0.002560094    0.295258686    0.748146669
    0.369165211    1.433328707   -0.000773388    0.097774828    0.372766934
    0.376219797    1.433328707   -0.000207398    0.062986293    0.159039064
    0.383274383    1.433328707   -0.000000000   -0.000000000   -0.000000000
    0.390328969    1.433328707   -0.000000000   -0.000000000   -0.000000000
    0.397383555    1.433328707   -0.000000000   -0.000000000   -0.000000000
    0.404438141    1.433328707   -0.000000000   -0.000000000   -0.000000000
    0.411492727    1.433328707   -0.000000000   -0.000000000   -0.000000000
    0.418547313    1.433328707   -0.000000000   -0.000000000   -0.000000000
    0.425601898    1.433328707   -0.000000000   -0.000000000   -0.000000000
    0.432656484    1.433328707   -0.000000000   -0.000000000   -0.000000000
    0.439711070    1.433328707   -0.000000000   -0.000000000   -0.000000000
    0.446765656    1.433328707   -0.000000000   -0.000000000   -0.000000000
    0.453820242    1.433328707   -0.000000000   -0.000000000   -0.000000000
    0.460874828    1.433328707   -0.000000000   -0.000000000   -0.000000000
    0.467929414    1.433328707   -0.000000000   -0.000000000   -0.000000000
    0.474984000    1.433328707   -0.000000000   -0.000000000   -0.000000000

    0.023490500    1.450726759   -0.000000000   -0.000000000   -0.000000000
    0.030545086    1.450726759   -0.005867447   -2.743354209    0.125013243
    0.037599672    1.450726759   -0.067912320  -18.190843420    1.450194260
    0.044654258    1.450726759   -0.335813055  -65.873211703    5.083690512
    0.051708844    1.450726759   -1.155902109 -178.896693080   13.337500792
    0.058763430    1.450726759   -3.083436674 -387.026508630   30.873122352
    0.065818016    1.450726759   -6.934904826 -730.780757788   62.392250200
    0.072872602    1.450726759  -13.751004345 -1224.267707884  112.368479091
    0.079927187    1.450726759  -24.420917539 -1804.744848272  180.974564330
    0.086981773    1.450726759  -39.095400944 -2329.619654474  261.672907986
    0.094036359    1.450726759  -56.715210355 -2612.162057875  344.003650393
    0.101090945    1.450726759  -75.078423942 -2529.576441139  413.088236943
    0.108145531    1.450726759  -91.559453208 -2093.492441770  456.128924732
    0.115200117    1.450726759 -104.168826805 -1468.654653165  468.284701055
    0.122254703    1.450726759 -112.362563475 -876.378449926  452.417480153
    0.129309289    1.450726759 -116.971252581 -467.828707610  417.484965232
    0.136363875    1.450726759 -119.462808264 -267.139811868  372.267182187
    0.143418461    1.450726759 -121.034946278 -190.104683430  323.222173226
    0.150473047    1.450726759 -122.209885712 -141.270169835  273.774045883
    0.157527633    1.450726759 -122.975024088  -71.679458164  221.456054816
    0.164582219    1.450726759 -123.200460425    7.519755091  162.636416191
    0.171636805    1.450726759 -122.882989972   82.212943287   97.130162288
    0.178691391    1.450726759 -122.026433005  163.462733044   29.915847979
    0.185745977    1.450726759 -120.451764216  298.248975579  -28.439884154
    0.192800562    1.450726759 -117.533296082  553.252357025  -61.174929455
    0.199855148    1.450726759 -112.329284607  942.493580692  -56.439954796
    0.206909734    1.450726759 -104.035496146 1417.077194731  -11.759714452
    0.213964320    1.450726759  -92.369997064 1878.203995082   57.691159041
    0.221018906    1.450726759  -77.843185605 2209.495189994  128.783998095
    0.228073492    1.450726759  -61.720050782 2319.754138590  181.508253358
    0.235128078    1.450726759  -45.701058200 2181.948100442  203.564262850
    0.242182664    1.450726759  -31.415406115 1840.749556443  195.840970973
    0.249237250    1.450726759  -19.971254351 1394.905347418  168.338526142
    0.256291836    1.450726759  -11.733372086  948.780299499  133.396003175
    0.263346422    1.450726759   -6.401440756  579.485013075  100.116764823
    0.270401008    1.450726759   -3.290209883  320.556557426   72.960505790
    0.277455594    1.450726759   -1.639875520  161.678356230   52.894769778
    0.284510180    1.450726759   -0.829375189   77.094787140   38.162537852
    0.291564766    1.450726759   -0.445168429   37.428857905   26.989390710
    0.298619352    1.450726759   -0.252444888   19.326985218   18.270113491
    0.305673937    1.450726759   -0.145240205   12.067524522   11.646238291
    0.312728523    1.450726759   -0.075468490    7.843848879    6.682117032
    0.319783109    1.450726759   -0.031740544    4.558750195    3.503258495
    0.326837695    1.450726759   -0.009032307    2.020682840    1.550365603
    0.333892281    1.450726759   -0.001383624    0.482483585    0.395007787
    0.340946867    1.450726759   -0.000130400    0.058360951    0.055770610
    0.348001453    1.450726759   -0.000000000   -0.000000000   -0.000000000
    0.355056039    1.450726759   -0.000000000   -0.000000000   -0.000000000
    0.362110625    1.450726759   -0.000000000   -0.000000000   -0.000000000
    0.369165211    1.450726759   -0.000000000   -0.000000000   -0.000000000
    0.376219797    1.450726759   -0.000000000   -0.000000000   -0.000000000
    0.383274383    1.450726759   -0.000000000   -0.000000000   -0.000000000
    0.390328969    1.450726759   -0.000000000   -0.000000000   -0.000000000
    0.397383555    1.450726759   -0.000000000   -0.000000000   -0.000000000
    0.404438141    1.450726759   -0.000000000   -0.000000000   -0.000000000
    0.411492727    1.450726759   -0.000000000   -0.000000000   -0.000000000
    0.418547313    1.450726759   -0.000000000   -0.000000000   -0.000000000
    0.425601898    1.450726759   -0.000000000   -0.000000000   -0.000000000
    0.432656484    1.450726759   -0.000000000   -0.000000000   -0.000000000
    0.439711070    1.450726759   -0.000000000   -0.000000000   -0.000000000
    0.446765656    1.450726759   -0.000000000   -0.000000000   -0.000000000
    0.453820242    1.450726759   -0.000000000   -0.000000000   -0.000000000
    0.460874828    1.450726759   -0.000000000   -0.000000000   -0.000000000
    0.467929414    1.450726759   -0.000000000   -0.000000000   -0.000000000
    0.474984000    1.450726759   -0.000000000   -0.000000000   -0.000000000

    0.023490500    1.468124810   -0.000000000   -0.000000000   -0.000000000
    0.030545086    1.468124810   -0.003564676   -1.720461897    0.116345329
    0.037599672    1.468124810   -0.044382931  -12.499301198    1.218369391
    0.044654258    1.468124810   -0.248404647  -52.476039454    4.818848819
    0.051708844    1.468124810   -0.916522848 -147.385952579   13.908977611
    0.058763430    1.468124810   -2.519700274 -324.467664077   33.185743621
    0.065818016    1.468124810   -5.785895713 -624.478048776   68.396242090
    0.072872602    1.468124810  -11.667078634 -1065.090512294  124.779154447
    0.079927187    1.468124810  -21.044365587 -1600.266285433  203.531825493
    0.086981773    1.468124810  -34.164827170 -2100.517233989  299.801575381
    0.094036359    1.468124810  -50.206339316 -2401.505608755  397.296414704
    0.101090945    1.468124810  -67.287100492 -2383.083889097  473.998816131
    0.108145531    1.468124810  -83.059638161 -2041.846872902  511.409068057
    0.115200117    1.468124810  -95.648723522 -1511.516403245  502.551589248
    0.122254703    1.468124810 -104.393884995 -983.956153541  456.628967578
    0.129309289    1.468124810 -109.880402363 -602.376299108  392.572685077
    0.136363875    1.468124810 -113.308416550 -394.402657274  331.981613323
    0.143418461    1.468124810 -115.698008712 -293.545706969  288.735485991
    0.150473047    1.468124810 -117.533274621 -228.024592596  262.755306931
    0.157527633    1.468124810 -118.917795623 -165.835300116  242.695863651
    0.164582219    1.468124810 -119.883887240 -110.591609686  214.787605712
    0.171636805    1.468124810 -120.492364983  -61.766371962  173.064833454
    0.178691391    1.468124810 -120.696224672   13.450624672  118.558107368
    0.185745977    1.468124810 -120.086352511  181.166316447   66.047066363
    0.192800562    1.468124810 -117.752687823  508.529268533   32.004890261
    0.199855148    1.468124810 -112.541901243  990.050214013   28.470168242
    0.206909734    1.468124810 -103.615880608 1541.735593255   56.262716855
    0.213964320    1.468124810  -90.929744788 2033.052998224  103.527619989
    0.221018906    1.468124810  -75.376206420 2338.185959417  150.459432420
    0.228073492    1.468124810  -58.548298819 2387.118110244  179.579641416
    0.235128078    1.468124810  -42.315076580 2176.203370502  182.804932413
    0.242182664    1.468124810  -28.277622879 1780.298781065  162.934107514
    0.249237250    1.468124810  -17.371963434 1308.648206538  130.253701857
    0.256291836    1.468124810   -9.754490136  862.447522525   94.939752575
    0.263346422    1.468124810   -4.984799731  508.093641568   64.782619846
    0.270401008    1.468124810   -2.313018539  267.484197228   41.922295247
    0.277455594    1.468124810   -0.977105906  125.319799867   26.210172442
    0.284510180    1.468124810   -0.380866193   52.391290621   16.267336442
    0.291564766    1.468124810   -0.143479044   19.744014291   10.135542179
    0.298619352    1.468124810   -0.059264462    6.330941722    5.810380325
    0.305673937    1.468124810   -0.028880293    3.240665143    3.358445539
    0.312728523    1.468124810   -0.011255279    1.885614337    1.628577067
    0.319783109    1.468124810   -0.002563778    0.668626120    0.504692851
    0.326837695    1.468124810   -0.000333500    0.127764030    0.095324754
    0.333892281    1.468124810   -0.000000000   -0.000000000   -0.000000000
    0.340946867    1.468124810   -0.000000000   -0.000000000   -0.000000000
    0.348001453    1.468124810   -0.000000000   -0.000000000   -0.000000000
    0.355056039    1.468124810   -0.000000000   -0.000000000   -0.000000000
    0.362110625    1.468124810   -0.000000000   -0.000000000   -0.000000000
    0.369165211    1.468124810   -0.000000000   -0.000000000   -0.000000000
    0.376219797    1.468124810   -0.000000000   -0.000000000   -0.000000000
    0.383274383    1.468124810   -0.000000000   -0.000000000   -0.000000000
    0.390328969    1.468124810   -0.000000000   -0.000000000   -0.000000000
    0.397383555    1.468124810   -0.000000000   -0.000000000   -0.000000000
    0.404438141    1.468124810   -0.000000000   -0.000000000   -0.000000000
    0.411492727    1.468124810   -0.000000000   -0.000000000   -0.000000000
    0.418547313    1.468124810   -0.000000000   -0.000000000   -0.000000000
    0.425601898    1.468124810   -0.000000000   -0.000000000   -0.000000000
    0.432656484    1.468124810   -0.000000000   -0.000000000   -0.000000000
    0.439711070    1.468124810   -0.000000000   -0.000000000   -0.000000000
    0.446765656    1.468124810   -0.000000000   -0.000000000   -0.000000000
    0.453820242    1.468124810   -0.000000000   -0.000000000   -0.000000000
    0.460874828    1.468124810   -0.000000000   -0.000000000   -0.000000000
    0.467929414    1.468124810   -0.000000000   -0.000000000   -0.000000000
    0.474984000    1.468124810   -0.000000000   -0.000000000   -0.000000000

    0.023490500    1.485522862   -0.000000000   -0.000000000   -0.000000000
    0.030545086    1.485522862   -0.001506192   -1.117334181    0.116429715
    0.037599672    1.485522862   -0.025860908   -7.823858804    0.871966890
    0.044654258    1.485522862   -0.170530861  -39.781181560    4.082853575
    0.051708844    1.485522862   -0.682088709 -114.476807386   12.804813157
    0.058763430    1.485522862   -1.949157311 -259.192800315   31.877735515
    0.065818016    1.485522862   -4.596807952 -512.530127397   67.075807680
    0.072872602    1.485522862   -9.487223471 -894.023136293  123.826083949
    0.079927187    1.485522862  -17.450646684 -1372.977602067  206.194617209
    0.086981773    1.485522862  -28.842085219 -1844.902812141  307.231507075
    0.094036359    1.485522862  -43.138798387 -2172.950951595  408.761319166
    0.101090945    1.485522862  -58.876189880 -2239.967194382  485.475427593
    0.108145531    1.485522862  -74.067158323 -2023.431941618  514.561188881
    0.115200117    1.485522862  -86.961320836 -1611.336717525  489.082619096
    0.122254703    1.485522862  -96.705166149 -1156.331321708  422.472204003
    0.129309289    1.485522862 -103.462908570 -779.443161848  342.708153914
    0.136363875    1.485522862 -107.988067554 -522.324404564  278.184392748
    0.143418461    1.485522862 -111.051264240 -357.427952053  243.949239957
    0.150473047    1.485522862 -113.167508742 -251.434387418  235.420496289
    0.157527633    1.485522862 -114.697680869 -190.947857005  235.448372114
    0.164582219    1.485522862 -115.953645354 -170.458500897  227.655247926
    0.171636805    1.485522862 -117.145991959 -165.593229638  201.250922334
    0.178691391    1.485522862 -118.175070337 -111.055513734  161.023939600
    0.185745977    1.485522862 -118.403384461   75.985147711  117.796753192
    0.192800562    1.485522862 -116.637923845  458.810132147   88.152712705
    0.199855148    1.485522862 -111.528179425 1011.129251936   81.888155555
    0.206909734    1.485522862 -102.239490469 1619.833307499   97.309455073
    0.213964320    1.485522862  -88.911274286 2129.963364316  124.827153120
    0.221018906    1.485522862  -72.740163559 2410.457830398  149.574369636
    0.228073492    1.485522862  -55.578291236 2406.886306231  159.669484471
    0.235128078    1.485522862  -39.405683508 2141.451663981  150.701550100
    0.242182664    1.485522862  -25.765055009 1707.303144522  125.865461355
    0.249237250    1.485522862  -15.428093491 1224.703185557   94.323035885
    0.256291836    1.485522862   -8.383975435  786.536127609   64.287163718
    0.263346422    1.485522862   -4.087842343  450.453299407   40.165965791
    0.270401008    1.485522862   -1.763007595  227.114751046   23.243506277
    0.277455594    1.485522862   -0.656406655   99.658331972   12.176718791
    0.284510180    1.485522862   -0.197799139   37.969273980    6.160719416
    0.291564766    1.485522862   -0.041589516   10.767535911    2.770522360
    0.298619352    1.485522862   -0.006147750    1.325427723    1.056671450
    0.305673937    1.485522862   -0.001396603    0.338511936    0.407048466
    0.312728523    1.485522862   -0.000098677    0.050108646    0.063529287
    0.319783109    1.485522862   -0.000000000   -0.000000000   -0.000000000
    0.326837695    1.485522862   -0.000000000   -0.000000000   -0.000000000
    0.333892281    1.485522862   -0.000000000   -0.000000000   -0.000000000
    0.340946867    1.485522862   -0.000000000   -0.000000000   -0.000000000
    0.348001453    1.485522862   -0.000000000   -0.000000000   -0.000000000
    0.355056039    1.485522862   -0.000000000   -0.000000000   -0.000000000
    0.362110625    1.485522862   -0.000000000   -0.000000000   -0.000000000
    0.369165211    1.485522862   -0.000000000   -0.000000000   -0.000000000
    0.376219797    1.485522862   -0.000000000   -0.000000000   -0.000000000
    0.383274383    1.485522862   -0.000000000   -0.000000000   -0.000000000
    0.390328969    1.485522862   -0.000000000   -0.000000000   -0.000000000
    0.397383555    1.485522862   -0.000000000   -0.000000000   -0.000000000
    0.404438141    1.485522862   -0.000000000   -0.000000000   -0.000000000
    0.411492727    1.485522862   -0.000000000   -0.000000000   -0.000000000
    0.418547313    1.485522862   -0.000000000   -0.000000000   -0.000000000
    0.425601898    1.485522862   -0.000000000   -0.000000000   -0.000000000
    0.432656484    1.485522862   -0.000000000   -0.000000000   -0.000000000
    0.439711070    1.485522862   -0.000000000   -0.000000000   -0.000000000
    0.446765656    1.485522862   -0.000000000   -0.000000000   -0.000000000
    0.453820242    1.485522862   -0.000000000   -0.000000000   -0.000000000
    0.460874828    1.485522862   -0.000000000   -0.000000000   -0.000000000
    0.467929414    1.485522862   -0.000000000   -0.000000000   -0.000000000
    0.474984000    1.485522862   -0.000000000   -0.000000000   -0.000000000

    0.023490500    1.502920914   -0.000000000   -0.000000000   -0.000000000
    0.030545086    1.502920914   -0.000239152   -0.332985033    0.044654698
    0.037599672    1.502920914   -0.012873847   -4.283660838    0.568978708
    0.044654258    1.502920914   -0.108585525  -27.526839918    3.094675778
    0.051708844    1.502920914   -0.477266122  -83.715455822   10.593308598
    0.058763430    1.502920914   -1.426223823 -197.108468244   27.711352528
    0.065818016    1.502920914   -3.484743516 -405.175028730   59.915969258
    0.072872602    1.502920914   -7.413702207 -726.836125622  113.350202938
    0.079927187    1.502920914  -13.969515745 -1144.896182876  191.501054726
    0.086981773    1.502920914  -23.628972574 -1588.995023938  288.360874975
    0.094036359    1.502920914  -36.187159469 -1946.536385973  385.476714232
    0.101090945    1.502920914  -50.630396325 -2110.025028208  456.504441840
    0.108145531    1.502920914  -65.387085640 -2033.005525612  477.632997003
    0.115200117    1.502920914  -78.818926066 -1748.575358857  442.329348454
    0.122254703    1.502920914  -89.814954830 -1360.772907460  366.564303321
    0.129309289    1.502920914  -98.018040290 -972.126219829  282.123857459
    0.136363875    1.502920914 -103.668073618 -642.991580216  218.503737432
    0.143418461    1.502920914 -107.280894654 -396.738006296  188.457680580
    0.150473047    1.502920914 -109.487490678 -245.015091180  184.633843227
    0.157527633    1.502920914 -110.960171523 -187.989922798  188.078386817
    0.164582219    1.502920914 -112.312393299 -204.468943964  182.713188978
    0.171636805    1.502920914 -113.886056500 -237.903989567  163.076424029
    0.178691391    1.502920914 -115.507204140 -201.542538221  135.723151152
    0.185745977    1.502920914 -116.340389655    0.515275002  111.307816136
    0.192800562    1.502920914 -114.956130894  428.031209543   99.233743621
    0.199855148    1.502920914 -109.897550773 1026.648763978  101.569153790
    0.206909734    1.502920914 -100.374952775 1665.712344824  113.515676285
    0.213964320    1.502920914  -86.700695351 2177.521233324  127.063809854
    0.221018906    1.502920914  -70.257388315 2435.413250447  134.098030056
    0.228073492    1.502920914  -53.048577981 2394.074050406  129.940363802
    0.235128078    1.502920914  -37.099164558 2091.863702986  114.194901722
    0.242182664    1.502920914  -23.888631279 1638.142964236   90.458467214
    0.249237250    1.502920914  -14.051809024 1154.120647406   64.901201492
    0.256291836    1.502920914   -7.466964705  727.819262808   42.394257794
    0.263346422    1.502920914   -3.530096464  406.966017960   24.975347998
    0.270401008    1.502920914   -1.455634498  198.449416581   13.042754989
    0.277455594    1.502920914   -0.508111904   83.538391198    5.855803846
    0.284510180    1.502920914   -0.133734709   29.729474864    2.084402080
    0.291564766    1.502920914   -0.020228195    6.404781362    0.397601013
    0.298619352    1.502920914   -0.000172583    0.281661082    0.017755215
    0.305673937    1.502920914   -0.000000000   -0.000000000   -0.000000000
    0.312728523    1.502920914   -0.000000000   -0.000000000   -0.000000000
    0.319783109    1.502920914   -0.000000000   -0.000000000   -0.000000000
    0.326837695    1.502920914   -0.000000000   -0.000000000   -0.000000000
    0.333892281    1.502920914   -0.000000000   -0.000000000   -0.000000000
    0.340946867    1.502920914   -0.000000000   -0.000000000   -0.000000000
    0.348001453    1.502920914   -0.000000000   -0.000000000   -0.000000000
    0.355056039    1.502920914   -0.000000000   -0.000000000   -0.000000000
    0.362110625    1.502920914   -0.000000000   -0.000000000   -0.000000000
    0.369165211    1.502920914   -0.000000000   -0.000000000   -0.000000000
    0.376219797    1.502920914   -0.000000000   -0.000000000   -0.000000000
    0.383274383    1.502920914   -0.000000000   -0.000000000   -0.000000000
    0.390328969    1.502920914   -0.000000000   -0.000000000   -0.000000000
    0.397383555    1.502920914   -0.000000000   -0.000000000   -0.000000000
    0.404438141    1.502920914   -0.000000000   -0.000000000   -0.000000000
    0.411492727    1.502920914   -0.000000000   -0.000000000   -0.000000000
    0.418547313    1.502920914   -0.000000000   -0.000000000   -0.000000000
    0.425601898    1.502920914   -0.000000000   -0.000000000   -0.000000000
    0.432656484    1.502920914   -0.000000000   -0.000000000   -0.000000000
    0.439711070    1.502920914   -0.000000000   -0.000000000   -0.000000000
    0.446765656    1.502920914   -0.000000000   -0.000000000   -0.000000000
    0.453820242    1.502920914   -0.000000000   -0.000000000   -0.000000000
    0.460874828    1.502920914   -0.000000000   -0.000000000   -0.000000000
    0.467929414    1.502920914   -0.000000000   -0.000000000   -0.000000000
    0.474984000    1.502920914   -0.000000000   -0.000000000   -0.000000000

    0.023490500    1.520318966   -0.000000000   -0.000000000   -0.000000000
    0.030545086    1.520318966   -0.000000000   -0.000000000   -0.000000000
    0.037599672    1.520318966   -0.004817804   -2.269826361    0.356014694
    0.044654258    1.520318966   -0.062206328  -17.861865577    2.278872545
    0.051708844    1.520318966   -0.313292937  -57.957660527    8.181499327
    0.058763430    1.520318966   -0.988867922 -144.040202760   22.261940911
    0.065818016    1.520318966   -2.529941990 -309.354916264   49.571113421
    0.072872602    1.520318966   -5.579024572 -572.766132479   96.591055545
    0.079927187    1.520318966  -10.850596509 -936.337006723  165.923206917
    0.086981773    1.520318966  -18.910015035 -1351.441968641  252.070272942
    0.094036359    1.520318966  -29.856012602 -1738.925045819  339.520008215
    0.101090945    1.520318966  -43.141212621 -1999.309495845  401.709475884
    0.108145531    1.520318966  -57.586929984 -2058.192117126  416.943892889
    0.115200117    1.520318966  -71.665746512 -1898.689941282  379.711927601
    0.122254703    1.520318966  -83.973973001 -1568.970551072  305.930643338
    0.129309289    1.520318966  -93.616754030 -1158.383952846  226.502425788
    0.136363875    1.520318966 -100.336928448 -755.303154756  167.391646498
    0.143418461    1.520318966 -104.470315704 -434.916255076  136.761528411
    0.150473047    1.520318966 -106.791097971 -247.157993464  125.803034566
    0.157527633    1.520318966 -108.285150833 -197.114498259  118.385894957
    0.164582219    1.520318966 -109.792571531 -238.810498730  105.520620173
    0.171636805    1.520318966 -111.679843099 -289.288710815   88.480034295
    0.178691391    1.520318966 -113.653183171 -245.981475640   75.920318053
    0.185745977    1.520318966 -114.705393319  -15.134020609   75.751891099
    0.192800562    1.520318966 -113.323767436  441.583082120   87.201505819
    0.199855148    1.520318966 -108.100081707 1056.103918573  103.540549054
    0.206909734    1.520318966  -98.367945769 1692.647007087  115.748406218
    0.213964320    1.520318966  -84.551851568 2189.368456961  119.258622501
    0.221018906    1.520318966  -68.102063586 2423.826617284  113.336644413
    0.228073492    1.520318966  -51.060568021 2358.834019724   99.183812550
    0.235128078    1.520318966  -35.413518129 2041.939660312   80.573537767
    0.242182664    1.520318966  -22.581962511 1582.846719298   60.758789853
    0.249237250    1.520318966  -13.129335012 1101.862599189   42.134232899
    0.256291836    1.520318966   -6.876374390  686.526214269   26.495554644
    0.263346422    1.520318966   -3.189117787  377.478088432   14.896053554
    0.270401008    1.520318966   -1.285679648  179.352703121    7.033122712
    0.277455594    1.520318966   -0.434858335   74.079031756    2.917406222
    0.284510180    1.520318966   -0.109921634   24.804320442    0.792495239
    0.291564766    1.520318966   -0.015427146    5.486266327    0.238477848
    0.298619352    1.520318966   -0.000065702    0.095105103   -0.005080149
    0.305673937    1.520318966   -0.000000000   -0.000000000   -0.000000000
    0.312728523    1.520318966   -0.000000000   -0.000000000   -0.000000000
    0.319783109    1.520318966   -0.000000000   -0.000000000   -0.000000000
    0.326837695    1.520318966   -0.000000000   -0.000000000   -0.000000000
    0.333892281    1.520318966   -0.000000000   -0.000000000   -0.000000000
    0.340946867    1.520318966   -0.000000000   -0.000000000   -0.000000000
    0.348001453    1.520318966   -0.000000000   -0.000000000   -0.000000000
    0.355056039    1.520318966   -0.000000000   -0.000000000   -0.000000000
    0.362110625    1.520318966   -0.000000000   -0.000000000   -0.000000000
    0.369165211    1.520318966   -0.000000000   -0.000000000   -0.000000000
    0.376219797    1.520318966   -0.000000000   -0.000000000   -0.000000000
    0.383274383    1.520318966   -0.000000000   -0.000000000   -0.000000000
    0.390328969    1.520318966   -0.000000000   -0.000000000   -0.000000000
    0.397383555    1.520318966   -0.000000000   -0.000000000   -0.000000000
    0.404438141    1.520318966   -0.000000000   -0.000000000   -0.000000000
    0.411492727    1.520318966   -0.000000000   -0.000000000   -0.000000000
    0.418547313    1.520318966   -0.000000000   -0.000000000   -0.000000000
    0.425601898    1.520318966   -0.000000000   -0.000000000   -0.000000000
    0.432656484    1.520318966   -0.000000000   -0.000000000   -0.000000000
    0.439711070    1.520318966   -0.000000000   -0.000000000   -0.000000000
    0.446765656    1.520318966   -0.000000000   -0.000000000   -0.000000000
    0.453820242    1.520318966   -0.000000000   -0.000000000   -0.000000000
    0.460874828    1.520318966   -0.000000000   -0.000000000   -0.000000000
    0.467929414    1.520318966   -0.000000000   -0.000000000   -0.000000000
    0.474984000    1.520318966   -0.000000000   -0.000000000   -0.000000000

    0.023490500    1.537717017   -0.000000000   -0.000000000   -0.000000000
    0.030545086    1.537717017   -0.000000000   -0.000000000   -0.000000000
    0.037599672    1.537717017   -0.000951430   -0.731556945    0.104985821
    0.044654258    1.537717017   -0.030421803  -10.106643614    1.420720712
    0.051708844    1.537717017   -0.189147756  -38.212161095    6.056790570
    0.058763430    1.537717017   -0.648346377 -100.619910768   16.761185812
    0.065818016    1.537717017   -1.763447147 -227.945078286   38.666971836
    0.072872602    1.537717017   -4.067473520 -441.832564828   76.809496933
    0.079927187    1.537717017   -8.231918227 -755.069497429  134.883188415
    0.086981773    1.537717017  -14.900854039 -1145.273233965  208.238774860
    0.094036359    1.537717017  -24.438445512 -1556.544739655  282.605036301
    0.101090945    1.537717017  -36.708354096 -1902.566756872  337.683318857
    0.108145531    1.537717017  -50.889640317 -2083.235814032  353.944804325
    0.115200117    1.537717017  -65.562102664 -2035.318532961  325.158073662
    0.122254703    1.537717017  -79.054330137 -1755.988533174  264.480923358
    0.129309289    1.537717017  -89.983496040 -1325.985356083  197.198190420
    0.136363875    1.537717017  -97.692943491 -864.489509486  143.036476568
    0.143418461    1.537717017 -102.388822917 -490.037623780  108.569289745
    0.150473047    1.537717017 -105.002887266 -281.521934587   85.769091049
    0.157527633    1.537717017 -106.751448934 -236.949282405   64.090470280
    0.164582219    1.537717017 -108.559945596 -283.148049846   42.709558071
    0.171636805    1.537717017 -110.714520466 -317.126786692   29.740467435
    0.178691391    1.537717017 -112.765410577 -238.550654179   33.095936322
    0.185745977    1.537717017 -113.621414822   29.856908729   54.306755113
    0.192800562    1.537717017 -111.859720308  499.395479800   84.926471129
    0.199855148    1.537717017 -106.263067514 1099.350194559  110.100602324
    0.206909734    1.537717017  -96.331915967 1704.992673148  119.837381142
    0.213964320    1.537717017  -82.538837096 2170.858170507  113.387048117
    0.221018906    1.537717017  -66.298712607 2385.575482590   95.711860356
    0.228073492    1.537717017  -49.566208935 2312.230052816   74.319050774
    0.235128078    1.537717017  -34.256413783 1995.722940875   54.535651582
    0.242182664    1.537717017  -21.734612439 1541.583509660   38.196987311
    0.249237250    1.537717017  -12.551269399 1066.627513364   25.605680267
    0.256291836    1.537717017   -6.517454673  659.436466189   15.610479994
    0.263346422    1.537717017   -2.998229643  357.941238560    7.534085771
    0.270401008    1.537717017   -1.200552980  169.256338195    3.122332969
    0.277455594    1.537717017   -0.402128546   68.891273356    1.154439054
    0.284510180    1.537717017   -0.099598392   23.152394721    0.439752071
    0.291564766    1.537717017   -0.012428835    4.828747193    0.120004879
    0.298619352    1.537717017   -0.000171169    0.206248752   -0.005284678
    0.305673937    1.537717017   -0.000000000   -0.000000000   -0.000000000
    0.312728523    1.537717017   -0.000000000   -0.000000000   -0.000000000
    0.319783109    1.537717017   -0.000000000   -0.000000000   -0.000000000
    0.326837695    1.537717017   -0.000000000   -0.000000000   -0.000000000
    0.333892281    1.537717017   -0.000000000   -0.000000000   -0.000000000
    0.340946867    1.537717017   -0.000000000   -0.000000000   -0.000000000
    0.348001453    1.537717017   -0.000000000   -0.000000000   -0.000000000
    0.355056039    1.537717017   -0.000000000   -0.000000000   -0.000000000
    0.362110625    1.537717017   -0.000000000   -0.000000000   -0.000000000
    0.369165211    1.537717017   -0.000000000   -0.000000000   -0.000000000
    0.376219797    1.537717017   -0.000000000   -0.000000000   -0.000000000
    0.383274383    1.537717017   -0.000000000   -0.000000000   -0.000000000
    0.390328969    1.537717017   -0.000000000   -0.000000000   -0.000000000
    0.397383555    1.537717017   -0.000000000   -0.000000000   -0.000000000
    0.404438141    1.537717017   -0.000000000   -0.000000000   -0.000000000
    0.411492727    1.537717017   -0.000000000   -0.000000000   -0.000000000
    0.418547313    1.537717017   -0.000000000   -0.000000000   -0.000000000
    0.425601898    1.537717017   -0.000000000   -0.000000000   -0.000000000
    0.432656484    1.537717017   -0.000000000   -0.000000000   -0.000000000
    0.439711070    1.537717017   -0.000000000   -0.000000000   -0.000000000
    0.446765656    1.537717017   -0.000000000   -0.000000000   -0.000000000
    0.453820242    1.537717017   -0.000000000   -0.000000000   -0.000000000
    0.460874828    1.537717017   -0.000000000   -0.000000000   -0.000000000
    0.467929414    1.537717017   -0.000000000   -0.000000000   -0.000000000
    0.474984000    1.537717017   -0.000000000   -0.000000000   -0.000000000

    0.023490500    1.555115069   -0.000000000   -0.000000000   -0.000000000
    0.030545086    1.555115069   -0.000000000   -0.000000000   -0.000000000
    0.037599672    1.555115069   -0.000113709   -0.099040391    0.008894962
    0.044654258    1.555115069   -0.012177918   -4.753973093    0.710462544
    0.051708844    1.555115069   -0.101287221  -23.318967423    4.084883559
    0.058763430    1.555115069   -0.399227812  -68.207878543   11.984556737
    0.065818016    1.555115069   -1.182823638 -164.051997461   28.392530302
    0.072872602    1.555115069   -2.897126347 -336.095119516   58.029806460
    0.079927187    1.555115069   -6.153964443 -604.269150813  104.315125200
    0.086981773    1.555115069  -11.660466164 -970.831279954  164.778634088
    0.094036359    1.555115069  -19.999317161 -1398.193694324  229.256428917
    0.101090945    1.555115069  -31.347613660 -1807.511171043  280.994804000
    0.108145531    1.555115069  -45.191287728 -2086.039041257  305.091850316
    0.115200117    1.555115069  -60.213476489 -2127.781794457  295.053667741
    0.122254703    1.555115069  -74.567617509 -1898.553741038  257.688909240
    0.129309289    1.555115069  -86.514323033 -1465.402469940  209.360421788
    0.136363875    1.555115069  -95.091398716 -969.765129046  163.708810793
    0.143418461    1.555115069 -100.422793163 -567.184883228  125.732040230
    0.150473047    1.555115069 -103.539454243 -349.376421674   91.788995457
    0.157527633    1.555115069 -105.755305758 -299.906050820   61.729056773
    0.164582219    1.555115069 -107.951199668 -326.364384672   39.062476323
    0.171636805    1.555115069 -110.281815998 -319.313046236   32.046878909
    0.178691391    1.555115069 -112.166262092 -188.491677988   47.097003484
    0.185745977    1.555115069 -112.537290722  113.708251045   79.208266460
    0.192800562    1.555115069 -110.172872854  579.631006774  115.457251847
    0.199855148    1.555115069 -104.135096261 1140.372226383  139.233043009
    0.206909734    1.555115069  -94.096412074 1696.201020047  141.241552593
    0.213964320    1.555115069  -80.508540439 2124.338373552  123.873134978
    0.221018906    1.555115069  -64.667943050 2322.760768270   96.184922107
    0.228073492    1.555115069  -48.365748297 2254.141616947   67.995968524
    0.235128078    1.555115069  -33.422546102 1950.235033098   45.182506838
    0.242182664    1.555115069  -21.170222832 1510.000561676   29.522640485
    0.249237250    1.555115069  -12.181144589 1042.304317690   18.487750480
    0.256291836    1.555115069   -6.307172922  639.675963439    9.693933520
    0.263346422    1.555115069   -2.903235764  345.963896966    4.329891050
    0.270401008    1.555115069   -1.163109399  164.808272227    1.731759735
    0.277455594    1.555115069   -0.387417909   67.511618546    0.698306975
    0.284510180    1.555115069   -0.094343692   22.292268389    0.281955228
    0.291564766    1.555115069   -0.010780833    4.353725216    0.071753970
    0.298619352    1.555115069   -0.000192447    0.209983661    0.002911689
    0.305673937    1.555115069   -0.000000000   -0.000000000   -0.000000000
    0.312728523    1.555115069   -0.000000000   -0.000000000   -0.000000000
    0.319783109    1.555115069   -0.000000000   -0.000000000   -0.000000000
    0.326837695    1.555115069   -0.000000000   -0.000000000   -0.000000000
    0.333892281    1.555115069   -0.000000000   -0.000000000   -0.000000000
    0.340946867    1.555115069   -0.000000000   -0.000000000   -0.000000000
    0.348001453    1.555115069   -0.000000000   -0.000000000   -0.000000000
    0.355056039    1.555115069   -0.000000000   -0.000000000   -0.000000000
    0.362110625    1.555115069   -0.000000000   -0.000000000   -0.000000000
    0.369165211    1.555115069   -0.000000000   -0.000000000   -0.000000000
    0.376219797    1.555115069   -0.000000000   -0.000000000   -0.000000000
    0.383274383    1.555115069   -0.000000000   -0.000000000   -0.000000000
    0.390328969    1.555115069   -0.000000000   -0.000000000   -0.000000000
    0.397383555    1.555115069   -0.000000000   -0.000000000   -0.000000000
    0.404438141    1.555115069   -0.000000000   -0.000000000   -0.000000000
    0.411492727    1.555115069   -0.000000000   -0.000000000   -0.000000000
    0.418547313    1.555115069   -0.000000000   -0.000000000   -0.000000000
    0.425601898    1.555115069   -0.000000000   -0.000000000   -0.000000000
    0.432656484    1.555115069   -0.000000000   -0.000000000   -0.000000000
    0.439711070    1.555115069   -0.000000000   -0.000000000   -0.000000000
    0.446765656    1.555115069   -0.000000000   -0.000000000   -0.000000000
    0.453820242    1.555115069   -0.000000000   -0.000000000   -0.000000000
    0.460874828    1.555115069   -0.000000000   -0.000000000   -0.000000000
    0.467929414    1.555115069   -0.000000000   -0.000000000   -0.000000000
    0.474984000    1.555115069   -0.000000000   -0.000000000   -0.000000000

    0.023490500    1.572513121   -0.000000000   -0.000000000   -0.000000000
    0.030545086    1.572513121   -0.000000000   -0.000000000   -0.000000000
    0.037599672    1.572513121   -0.000000000   -0.000000000   -0.000000000
    0.044654258    1.572513121   -0.003684701   -1.868038478    0.286874514
    0.051708844    1.572513121   -0.046249408  -12.394404823    2.341980770
    0.058763430    1.572513121   -0.227535538  -44.230081827    7.918815311
    0.065818016    1.572513121   -0.767517359 -117.052695793   19.762677187
    0.072872602    1.572513121   -2.031654661 -255.004192962   42.028986269
    0.079927187    1.572513121   -4.573163921 -484.165760951   78.073223737
    0.086981773    1.572513121   -9.126017207 -823.506911242  128.285277599
    0.094036359    1.572513121  -16.405200072 -1251.439298693  186.197018990
    0.101090945    1.572513121  -26.832749097 -1698.743197106  241.238931310
    0.108145531    1.572513121  -40.128048288 -2042.501783799  281.029078286
    0.115200117    1.572513121  -55.102264550 -2155.561719780  297.069420815
    0.122254703    1.572513121  -69.855849731 -1979.097064695  289.088823206
    0.129309289    1.572513121  -82.461408391 -1565.269182326  262.200062412
    0.136363875    1.572513121  -91.745796136 -1067.686158403  226.452768590
    0.143418461    1.572513121  -97.745654164 -659.547047350  188.383605387
    0.150473047    1.572513121 -101.488770839 -433.449878176  151.280302264
    0.157527633    1.572513121 -104.242622032 -366.964894541  120.796318156
    0.164582219    1.572513121 -106.807124592 -359.765094526  102.087845205
    0.171636805    1.572513121 -109.195109535 -301.690260840  102.344064701
    0.178691391    1.572513121 -110.775924484 -122.528305480  121.196341776
    0.185745977    1.572513121 -110.580590785  202.019908081  152.551885848
    0.192800562    1.572513121 -107.630466648  650.627202901  182.073182816
    0.199855148    1.572513121 -101.252723613 1161.434369468  196.694215541
    0.206909734    1.572513121  -91.261787783 1662.515588384  189.405981909
    0.213964320    1.572513121  -78.058448750 2053.354294215  163.221504791
    0.221018906    1.572513121  -62.768272400 2241.440558104  128.091804813
    0.228073492    1.572513121  -47.023694712 2180.321927747   91.808698842
    0.235128078    1.572513121  -32.531042774 1896.208232012   62.032708182
    0.242182664    1.572513121  -20.600147385 1472.323069378   39.538635709
    0.249237250    1.572513121  -11.837978943 1015.566303944   23.536765347
    0.256291836    1.572513121   -6.126142025  621.208350148   12.936962665
    0.263346422    1.572513121   -2.816173353  335.613774901    6.351988026
    0.270401008    1.572513121   -1.127105038  159.331032913    2.720251075
    0.277455594    1.572513121   -0.372876527   65.209117919    1.004722611
    0.284510180    1.572513121   -0.089111859   21.145938007    0.324441550
    0.291564766    1.572513121   -0.010381061    4.054624337    0.031218612
    0.298619352    1.572513121   -0.000075706    0.189686886    0.010118714
    0.305673937    1.572513121   -0.000000000   -0.000000000   -0.000000000
    0.312728523    1.572513121   -0.000000000   -0.000000000   -0.000000000
    0.319783109    1.572513121   -0.000000000   -0.000000000   -0.000000000
    0.326837695    1.572513121   -0.000000000   -0.000000000   -0.000000000
    0.333892281    1.572513121   -0.000000000   -0.000000000   -0.000000000
    0.340946867    1.572513121   -0.000000000   -0.000000000   -0.000000000
    0.348001453    1.572513121   -0.000000000   -0.000000000   -0.000000000
    0.355056039    1.572513121   -0.000000000   -0.000000000   -0.000000000
    0.362110625    1.572513121   -0.000000000   -0.000000000   -0.000000000
    0.369165211    1.572513121   -0.000000000   -0.000000000   -0.000000000
    0.376219797    1.572513121   -0.000000000   -0.000000000   -0.000000000
    0.383274383    1.572513121   -0.000000000   -0.000000000   -0.000000000
    0.390328969    1.572513121   -0.000000000   -0.000000000   -0.000000000
    0.397383555    1.572513121   -0.000000000   -0.000000000   -0.000000000
    0.404438141    1.572513121   -0.000000000   -0.000000000   -0.000000000
    0.411492727    1.572513121   -0.000000000   -0.000000000   -0.000000000
    0.418547313    1.572513121   -0.000000000   -0.000000000   -0.000000000
    0.425601898    1.572513121   -0.000000000   -0.000000000   -0.000000000
    0.432656484    1.572513121   -0.000000000   -0.000000000   -0.000000000
    0.439711070    1.572513121   -0.000000000   -0.000000000   -0.000000000
    0.446765656    1.572513121   -0.000000000   -0.000000000   -0.000000000
    0.453820242    1.572513121   -0.000000000   -0.000000000   -0.000000000
    0.460874828    1.572513121   -0.000000000   -0.000000000   -0.000000000
    0.467929414    1.572513121   -0.000000000   -0.000000000   -0.000000000
    0.474984000    1.572513121   -0.000000000   -0.000000000   -0.000000000

    0.023490500    1.589911172   -0.000000000   -0.000000000   -0.000000000
    0.030545086    1.589911172   -0.000000000   -0.000000000   -0.000000000
    0.037599672    1.589911172   -0.000000000   -0.000000000   -0.000000000
    0.044654258    1.589911172   -0.000593641   -0.413783867    0.075301437
    0.051708844    1.589911172   -0.017785174   -5.598593658    1.087015581
    0.058763430    1.589911172   -0.118616177  -26.954166569    4.728884047
    0.065818016    1.589911172   -0.484396494  -83.414090168   13.190405711
    0.072872602    1.589911172   -1.416208354 -191.748428178   29.285342665
    0.079927187    1.589911172   -3.401327964 -387.236215146   57.648300873
    0.086981773    1.589911172   -7.146646854 -694.448851624  100.786549756
    0.094036359    1.589911172  -13.443319230 -1105.636475651  156.282385808
    0.101090945    1.589911172  -22.856052834 -1561.416085211  218.134835325
    0.108145531    1.589911172  -35.296619389 -1941.784055107  276.850406918
    0.115200117    1.589911172  -49.748052893 -2109.917974848  320.307147247
    0.122254703    1.589911172  -64.389375010 -1992.098897930  341.090464534
    0.129309289    1.589911172  -77.267007624 -1625.936032308  336.298717968
    0.136363875    1.589911172  -87.083344862 -1154.944641108  310.817617252
    0.143418461    1.589911172  -93.727991577 -751.921208900  275.520280367
    0.150473047    1.589911172  -98.096946571 -515.487224785  240.813563169
    0.157527633    1.589911172 -101.344273411 -421.940944915  216.225053406
    0.164582219    1.589911172 -104.155738497 -373.647880982  206.552137062
    0.171636805    1.589911172 -106.490354233 -273.121999393  212.599492176
    0.178691391    1.589911172 -107.742540162  -61.195067150  231.122095474
    0.185745977    1.589911172 -107.063715511  272.102242524  254.992954326
    0.192800562    1.589911172 -103.687752679  696.370953257  274.285993496
    0.199855148    1.589911172  -97.138165207 1162.294552193  280.364332312
    0.206909734    1.589911172  -87.323802776 1612.214389922  268.363786113
    0.213964320    1.589911172  -74.614447308 1967.374301839  238.868831842
    0.221018906    1.589911172  -59.997232993 2140.471495012  197.110233708
    0.228073492    1.589911172  -44.959292950 2084.850565304  151.626382504
    0.235128078    1.589911172  -31.089698318 1816.108295124  108.527725306
    0.242182664    1.589911172  -19.662304803 1409.375382407   71.814150747
    0.249237250    1.589911172  -11.272752589  971.518112930   43.582302033
    0.256291836    1.589911172   -5.807010040  592.542622647   24.836892581
    0.263346422    1.589911172   -2.657982378  318.834089531   12.251307122
    0.270401008    1.589911172   -1.060286460  150.097635506    5.090681695
    0.277455594    1.589911172   -0.349267486   61.654400726    1.780702563
    0.284510180    1.589911172   -0.081875560   19.344728717    0.502891359
    0.291564766    1.589911172   -0.009066790    3.708151034    0.107982268
    0.298619352    1.589911172   -0.000000000   -0.000000000   -0.000000000
    0.305673937    1.589911172   -0.000000000   -0.000000000   -0.000000000
    0.312728523    1.589911172   -0.000000000   -0.000000000   -0.000000000
    0.319783109    1.589911172   -0.000000000   -0.000000000   -0.000000000
    0.326837695    1.589911172   -0.000000000   -0.000000000   -0.000000000
    0.333892281    1.589911172   -0.000000000   -0.000000000   -0.000000000
    0.340946867    1.589911172   -0.000000000   -0.000000000   -0.000000000
    0.348001453    1.589911172   -0.000000000   -0.000000000   -0.000000000
    0.355056039    1.589911172   -0.000000000   -0.000000000   -0.000000000
    0.362110625    1.589911172   -0.000000000   -0.000000000   -0.000000000
    0.369165211    1.589911172   -0.000000000   -0.000000000   -0.000000000
    0.376219797    1.589911172   -0.000000000   -0.000000000   -0.000000000
    0.383274383    1.589911172   -0.000000000   -0.000000000   -0.000000000
    0.390328969    1.589911172   -0.000000000   -0.000000000   -0.000000000
    0.397383555    1.589911172   -0.000000000   -0.000000000   -0.000000000
    0.404438141    1.589911172   -0.000000000   -0.000000000   -0.000000000
    0.411492727    1.589911172   -0.000000000   -0.000000000   -0.000000000
    0.418547313    1.589911172   -0.000000000   -0.000000000   -0.000000000
    0.425601898    1.589911172   -0.000000000   -0.000000000   -0.000000000
    0.432656484    1.589911172   -0.000000000   -0.000000000   -0.000000000
    0.439711070    1.589911172   -0.000000000   -0.000000000   -0.000000000
    0.446765656    1.589911172   -0.000000000   -0.000000000   -0.000000000
    0.453820242    1.589911172   -0.000000000   -0.000000000   -0.000000000
    0.460874828    1.589911172   -0.000000000   -0.000000000   -0.000000000
    0.467929414    1.589911172   -0.000000000   -0.000000000   -0.000000000
    0.474984000    1.589911172   -0.000000000   -0.000000000   -0.000000000

    0.023490500    1.607309224   -0.000000000   -0.000000000   -0.000000000
    0.030545086    1.607309224   -0.000000000   -0.000000000   -0.000000000
    0.037599672    1.607309224   -0.000000000   -0.000000000   -0.000000000
    0.044654258    1.607309224   -0.000004946   -0.072219530    0.017169965
    0.051708844    1.607309224   -0.004905530   -2.190962770    0.430284684
    0.058763430    1.607309224   -0.056583695  -15.919656707    2.605362304
    0.065818016    1.607309224   -0.297995263  -58.992890282    8.674547133
    0.072872602    1.607309224   -0.985719083 -146.180369266   20.805044907
    0.079927187    1.607309224   -2.533289413 -307.872715960   43.198007837
    0.086981773    1.607309224   -5.577963670 -574.987898860   80.625852759
    0.094036359    1.607309224  -10.914030626 -954.084318995  135.623577376
    0.101090945    1.607309224  -19.180744004 -1392.587563882  204.965054691
    0.108145531    1.607309224  -30.451190071 -1784.068406489  280.426885896
    0.115200117    1.607309224  -43.925580113 -1996.820504590  348.393757825
    0.122254703    1.607309224  -57.989170824 -1944.585466067  393.588369474
    0.129309289    1.607309224  -70.772203603 -1646.519353922  408.592408270
    0.136363875    1.607309224  -80.923432985 -1224.539651632  395.986979683
    0.143418461    1.607309224  -88.136533341 -837.459089146  367.301178782
    0.150473047    1.607309224  -93.059155949 -582.492410035  339.080693424
    0.157527633    1.607309224  -96.654847336 -452.459352506  323.492405479
    0.164582219    1.607309224  -99.549964405 -368.157530811  323.274091659
    0.171636805    1.607309224 -101.736443017 -237.912297642  334.578558320
    0.178691391    1.607309224 -102.676452913  -10.330194548  351.632187053
    0.185745977    1.607309224 -101.637470785  320.112084728  369.756698449
    0.192800562    1.607309224  -97.986022008  723.734206074  383.104010012
    0.199855148    1.607309224  -91.366152746 1153.689258815  386.084162836
    0.206909734    1.607309224  -81.759795489 1559.830635436  374.829581962
    0.213964320    1.607309224  -69.571764852 1873.078087938  344.523995594
    0.221018906    1.607309224  -55.725770945 2019.058472892  297.558922196
    0.228073492    1.607309224  -41.587557730 1953.188858557  238.289666479
    0.235128078    1.607309224  -28.635265761 1690.537850821  174.987131934
    0.242182664    1.607309224  -18.025814345 1305.454910436  117.334742868
    0.249237250    1.607309224  -10.271672597  896.046478193   71.838278269
    0.256291836    1.607309224   -5.247102624  541.739219074   39.473084536
    0.263346422    1.607309224   -2.386160022  287.313849456   18.881237499
    0.270401008    1.607309224   -0.948943949  134.998731504    7.767210422
    0.277455594    1.607309224   -0.309641575   55.350814636    2.807657168
    0.284510180    1.607309224   -0.069658234   17.597553230    0.917348214
    0.291564766    1.607309224   -0.007204041    2.762710272    0.108976707
    0.298619352    1.607309224   -0.000000000   -0.000000000   -0.000000000
    0.305673937    1.607309224   -0.000000000   -0.000000000   -0.000000000
    0.312728523    1.607309224   -0.000000000   -0.000000000   -0.000000000
    0.319783109    1.607309224   -0.000000000   -0.000000000   -0.000000000
    0.326837695    1.607309224   -0.000000000   -0.000000000   -0.000000000
    0.333892281    1.607309224   -0.000000000   -0.000000000   -0.000000000
    0.340946867    1.607309224   -0.000000000   -0.000000000   -0.000000000
    0.348001453    1.607309224   -0.000000000   -0.000000000   -0.000000000
    0.355056039    1.607309224   -0.000000000   -0.000000000   -0.000000000
    0.362110625    1.607309224   -0.000000000   -0.000000000   -0.000000000
    0.369165211    1.607309224   -0.000000000   -0.000000000   -0.000000000
    0.376219797    1.607309224   -0.000000000   -0.000000000   -0.000000000
    0.383274383    1.607309224   -0.000000000   -0.000000000   -0.000000000
    0.390328969    1.607309224   -0.000000000   -0.000000000   -0.000000000
    0.397383555    1.607309224   -0.000000000   -0.000000000   -0.000000000
    0.404438141    1.607309224   -0.000000000   -0.000000000   -0.000000000
    0.411492727    1.607309224   -0.000000000   -0.000000000   -0.000000000
    0.418547313    1.607309224   -0.000000000   -0.000000000   -0.000000000
    0.425601898    1.607309224   -0.000000000   -0.000000000   -0.000000000
    0.432656484    1.607309224   -0.000000000   -0.000000000   -0.000000000
    0.439711070    1.607309224   -0.000000000   -0.000000000   -0.000000000
    0.446765656    1.607309224   -0.000000000   -0.000000000   -0.000000000
    0.453820242    1.607309224   -0.000000000   -0.000000000   -0.000000000
    0.460874828    1.607309224   -0.000000000   -0.000000000   -0.000000000
    0.467929414    1.607309224   -0.000000000   -0.000000000   -0.000000000
    0.474984000    1.607309224   -0.000000000   -0.000000000   -0.000000000

    0.023490500    1.624707276   -0.000000000   -0.000000000   -0.000000000
    0.030545086    1.624707276   -0.000000000   -0.000000000   -0.000000000
    0.037599672    1.624707276   -0.000000000   -0.000000000   -0.000000000
    0.044654258    1.624707276   -0.000000000   -0.000000000   -0.000000000
    0.051708844    1.624707276   -0.000826383   -0.608518854    0.099257830
    0.058763430    1.624707276   -0.024828161   -8.086055562    1.155142507
    0.065818016    1.624707276   -0.176182952  -40.053613921    5.572360564
    0.072872602    1.624707276   -0.675356840 -109.771076426   15.291212676
    0.079927187    1.624707276   -1.867492640 -240.585903778   34.004837284
    0.086981773    1.624707276   -4.295487170 -465.592632913   67.647368920
    0.094036359    1.624707276   -8.689359056 -796.340976284  120.737298470
    0.101090945    1.624707276  -15.706487760 -1198.298193997  194.523044552
    0.108145531    1.624707276  -25.553433444 -1580.178079731  281.824854250
    0.115200117    1.624707276  -37.676731733 -1824.565724772  368.509813371
    0.122254703    1.624707276  -50.753612316 -1841.187432197  436.248718851
    0.129309289    1.624707276  -63.098804047 -1624.356443523  472.160830730
    0.136363875    1.624707276  -73.334373061 -1265.373232368  476.122898375
    0.143418461    1.624707276  -80.943552471 -901.129993292  460.383627135
    0.150473047    1.624707276  -86.270949056 -628.195701552  442.569087623
    0.157527633    1.624707276  -90.064173522 -461.745312833  435.686740521
    0.164582219    1.624707276  -92.900532695 -343.437541372  442.696612590
    0.171636805    1.624707276  -94.844865318 -197.129611825  458.914917360
    0.178691391    1.624707276  -95.480171486   33.250299397  476.788312486
    0.185745977    1.624707276  -94.157706601  355.877927950  491.597239936
    0.192800562    1.624707276  -90.305427772  743.328096840  501.959976535
    0.199855148    1.624707276  -83.630481740 1147.637922180  504.968141140
    0.206909734    1.624707276  -74.212168442 1510.376992907  493.828395470
    0.213964320    1.624707276  -62.560943691 1770.288730925  460.368206574
    0.221018906    1.624707276  -49.620912222 1867.270294145  401.989393282
    0.228073492    1.624707276  -36.672399973 1772.628384994  324.114546510
    0.235128078    1.624707276  -25.013228781 1510.580552582  239.152443377
    0.242182664    1.624707276  -15.593147041 1151.754110336  160.181277408
    0.249237250    1.624707276   -8.794946567  780.055640547   96.240133096
    0.256291836    1.624707276   -4.447761511  465.546159017   51.490819299
    0.263346422    1.624707276   -2.007496660  243.439494323   24.266183163
    0.270401008    1.624707276   -0.791658467  114.245271443   10.180333120
    0.277455594    1.624707276   -0.251177969   46.855074189    3.904218143
    0.284510180    1.624707276   -0.051690980   13.904341138    1.122303770
    0.291564766    1.624707276   -0.004900190    2.107294154    0.152287949
    0.298619352    1.624707276   -0.000000000   -0.000000000   -0.000000000
    0.305673937    1.624707276   -0.000000000   -0.000000000   -0.000000000
    0.312728523    1.624707276   -0.000000000   -0.000000000   -0.000000000
    0.319783109    1.624707276   -0.000000000   -0.000000000   -0.000000000
    0.326837695    1.624707276   -0.000000000   -0.000000000   -0.000000000
    0.333892281    1.624707276   -0.000000000   -0.000000000   -0.000000000
    0.340946867    1.624707276   -0.000000000   -0.000000000   -0.000000000
    0.348001453    1.624707276   -0.000000000   -0.000000000   -0.000000000
    0.355056039    1.624707276   -0.000000000   -0.000000000   -0.000000000
    0.362110625    1.624707276   -0.000000000   -0.000000000   -0.000000000
    0.369165211    1.624707276   -0.000000000   -0.000000000   -0.000000000
    0.376219797    1.624707276   -0.000000000   -0.000000000   -0.000000000
    0.383274383    1.624707276   -0.000000000   -0.000000000   -0.000000000
    0.390328969    1.624707276   -0.000000000   -0.000000000   -0.000000000
    0.397383555    1.624707276   -0.000000000   -0.000000000   -0.000000000
    0.404438141    1.624707276   -0.000000000   -0.000000000   -0.000000000
    0.411492727    1.624707276   -0.000000000   -0.000000000   -0.000000000
    0.418547313    1.624707276   -0.000000000   -0.000000000   -0.000000000
    0.425601898    1.624707276   -0.000000000   -0.000000000   -0.000000000
    0.432656484    1.624707276   -0.000000000   -0.000000000   -0.000000000
    0.439711070    1.624707276   -0.000000000   -0.000000000   -0.000000000
    0.446765656    1.624707276   -0.000000000   -0.000000000   -0.000000000
    0.453820242    1.624707276   -0.000000000   -0.000000000   -0.000000000
    0.460874828    1.624707276   -0.000000000   -0.000000000   -0.000000000
    0.467929414    1.624707276   -0.000000000   -0.000000000   -0.000000000
    0.474984000    1.624707276   -0.000000000   -0.000000000   -0.000000000

    0.023490500    1.642105328   -0.000000000   -0.000000000   -0.000000000
    0.030545086    1.642105328   -0.000000000   -0.000000000   -0.000000000
    0.037599672    1.642105328   -0.000000000   -0.000000000   -0.000000000
    0.044654258    1.642105328   -0.000000000   -0.000000000   -0.000000000
    0.051708844    1.642105328   -0.000000000   -0.000000000   -0.000000000
    0.058763430    1.642105328   -0.010907621   -4.235961368    0.518596396
    0.065818016    1.642105328   -0.099737756  -25.832875177    3.318681676
    0.072872602    1.642105328   -0.445995836  -79.460230617   11.268867732
    0.079927187    1.642105328   -1.334435029 -182.876527709   27.441540745
    0.086981773    1.642105328   -3.210383707 -364.016580943   57.515292021
    0.094036359    1.642105328   -6.697968413 -640.111896666  107.906864306
    0.101090945    1.642105328  -12.419874766 -989.787455718  182.263371837
    0.108145531    1.642105328  -20.684101591 -1345.661905527  276.233618690
    0.115200117    1.642105328  -31.176150827 -1604.836736098  376.248897570
    0.122254703    1.642105328  -42.894400103 -1681.880502187  464.320700257
    0.129309289    1.642105328  -54.405162483 -1548.182304152  524.630178290
    0.136363875    1.642105328  -64.371059114 -1260.293055939  552.914812329
    0.143418461    1.642105328  -72.086588695 -929.056047871  558.210322750
    0.150473047    1.642105328  -77.599653522 -646.842879576  556.229380476
    0.157527633    1.642105328  -81.418972143 -448.777135875  559.838888626
    0.164582219    1.642105328  -84.069975713 -306.439140900  573.461191037
    0.171636805    1.642105328  -85.711615893 -151.542905630  592.189011751
    0.178691391    1.642105328  -86.044662240   71.770277582  608.918991963
    0.185745977    1.642105328  -84.486364805  383.720468680  620.935272892
    0.192800562    1.642105328  -80.481516721  757.082682512  626.774257234
    0.199855148    1.642105328  -73.799195445 1133.189044559  622.676156319
    0.206909734    1.642105328  -64.647043254 1446.271939651  601.359552711
    0.213964320    1.642105328  -53.681810013 1638.972585262  554.292573457
    0.221018906    1.642105328  -41.898350974 1673.030326096  479.017854353
    0.228073492    1.642105328  -30.470281721 1540.921266017  381.928868304
    0.235128078    1.642105328  -20.465603661 1279.654672105  277.985953301
    0.242182664    1.642105328  -12.572062845  953.849987779  182.890014036
    0.249237250    1.642105328   -6.997321372  633.396839340  107.905568087
    0.256291836    1.642105328   -3.495521133  372.417165803   56.792514323
    0.263346422    1.642105328   -1.558090199  192.002925057   26.805768487
    0.270401008    1.642105328   -0.600816560   89.954156833   11.501173570
    0.277455594    1.642105328   -0.179493370   35.645534211    4.195359557
    0.284510180    1.642105328   -0.032697916    9.043793370    0.999660150
    0.291564766    1.642105328   -0.002445402    1.269216459    0.122416651
    0.298619352    1.642105328   -0.000000000   -0.000000000   -0.000000000
    0.305673937    1.642105328   -0.000000000   -0.000000000   -0.000000000
    0.312728523    1.642105328   -0.000000000   -0.000000000   -0.000000000
    0.319783109    1.642105328   -0.000000000   -0.000000000   -0.000000000
    0.326837695    1.642105328   -0.000000000   -0.000000000   -0.000000000
    0.333892281    1.642105328   -0.000000000   -0.000000000   -0.000000000
    0.340946867    1.642105328   -0.000000000   -0.000000000   -0.000000000
    0.348001453    1.642105328   -0.000000000   -0.000000000   -0.000000000
    0.355056039    1.642105328   -0.000000000   -0.000000000   -0.000000000
    0.362110625    1.642105328   -0.000000000   -0.000000000   -0.000000000
    0.369165211    1.642105328   -0.000000000   -0.000000000   -0.000000000
    0.376219797    1.642105328   -0.000000000   -0.000000000   -0.000000000
    0.383274383    1.642105328   -0.000000000   -0.000000000   -0.000000000
    0.390328969    1.642105328   -0.000000000   -0.000000000   -0.000000000
    0.397383555    1.642105328   -0.000000000   -0.000000000   -0.000000000
    0.404438141    1.642105328   -0.000000000   -0.000000000   -0.000000000
    0.411492727    1.642105328   -0.000000000   -0.000000000   -0.000000000
    0.418547313    1.642105328   -0.000000000   -0.000000000   -0.000000000
    0.425601898    1.642105328   -0.000000000   -0.000000000   -0.000000000
    0.432656484    1.642105328   -0.000000000   -0.000000000   -0.000000000
    0.439711070    1.642105328   -0.000000000   -0.000000000   -0.000000000
    0.446765656    1.642105328   -0.000000000   -0.000000000   -0.000000000
    0.453820242    1.642105328   -0.000000000   -0.000000000   -0.000000000
    0.460874828    1.642105328   -0.000000000   -0.000000000   -0.000000000
    0.467929414    1.642105328   -0.000000000   -0.000000000   -0.000000000
    0.474984000    1.642105328   -0.000000000   -0.000000000   -0.000000000

    0.023490500    1.659503379   -0.000000000   -0.000000000   -0.000000000
    0.030545086    1.659503379   -0.000000000   -0.000000000   -0.000000000
    0.037599672    1.659503379   -0.000000000   -0.000000000   -0.000000000
    0.044654258    1.659503379   -0.000000000   -0.000000000   -0.000000000
    0.051708844    1.659503379   -0.000000000   -0.000000000   -0.000000000
    0.058763430    1.659503379   -0.004623629   -2.223378510    0.281206440
    0.065818016    1.659503379   -0.054737411  -15.419400618    2.011333984
    0.072872602    1.659503379   -0.281875106  -54.279943761    7.938279069
    0.079927187    1.659503379   -0.908881390 -132.118908376   21.470387751
    0.086981773    1.659503379   -2.293629282 -272.549465342   47.908491745
    0.094036359    1.659503379   -4.942875957 -491.495122954   93.611516002
    0.101090945    1.659503379   -9.398132505 -780.953924250  164.023753825
    0.108145531    1.659503379  -16.016241428 -1093.025822312  258.259513828
    0.115200117    1.659503379  -24.684851223 -1347.954362399  366.547907704
    0.122254703    1.659503379  -34.714876334 -1466.923385644  472.263317306
    0.129309289    1.659503379  -44.950910950 -1404.809407744  558.374107741
    0.136363875    1.659503379  -54.170345400 -1188.677308464  616.377686352
    0.143418461    1.659503379  -61.554351473 -900.581500576  649.742476723
    0.150473047    1.659503379  -66.917336326 -627.563617579  669.579736569
    0.157527633    1.659503379  -70.561587604 -417.337003777  686.062371407
    0.164582219    1.659503379  -72.934583222 -261.108644667  704.026001410
    0.171636805    1.659503379  -74.253545374 -107.584056768  722.197729808
    0.178691391    1.659503379  -74.315866681  103.312252343  735.800303964
    0.185745977    1.659503379  -72.597813474  396.819229189  741.326710088
    0.192800562    1.659503379  -68.589692101  744.161246184  734.791327310
    0.199855148    1.659503379  -62.120320030 1082.238536797  712.837341335
    0.206909734    1.659503379  -53.514894603 1338.517963402  669.867917549
    0.213964320    1.659503379  -43.553911044 1460.647666520  600.316357791
    0.221018906    1.659503379  -33.260085375 1432.265162243  504.509783432
    0.228073492    1.659503379  -23.664438447 1268.386003275  392.090035262
    0.235128078    1.659503379  -15.568987607 1017.374422388  278.643915634
    0.242182664    1.659503379   -9.382552336  735.931094789  179.600043475
    0.249237250    1.659503379   -5.131741682  477.269833687  104.399520278
    0.256291836    1.659503379   -2.517705644  274.860823166   54.428267657
    0.263346422    1.659503379   -1.095398222  139.654107777   25.663356913
    0.270401008    1.659503379   -0.404137574   63.816285276   10.713429947
    0.277455594    1.659503379   -0.109582115   23.908727515    3.684785143
    0.284510180    1.659503379   -0.016729405    5.470032822    0.816103876
    0.291564766    1.659503379   -0.001005247    0.430118799    0.061077952
    0.298619352    1.659503379   -0.000000000   -0.000000000   -0.000000000
    0.305673937    1.659503379   -0.000000000   -0.000000000   -0.000000000
    0.312728523    1.659503379   -0.000000000   -0.000000000   -0.000000000
    0.319783109    1.659503379   -0.000000000   -0.000000000   -0.000000000
    0.326837695    1.659503379   -0.000000000   -0.000000000   -0.000000000
    0.333892281    1.659503379   -0.000000000   -0.000000000   -0.000000000
    0.340946867    1.659503379   -0.000000000   -0.000000000   -0.000000000
    0.348001453    1.659503379   -0.000000000   -0.000000000   -0.000000000
    0.355056039    1.659503379   -0.000000000   -0.000000000   -0.000000000
    0.362110625    1.659503379   -0.000000000   -0.000000000   -0.000000000
    0.369165211    1.659503379   -0.000000000   -0.000000000   -0.000000000
    0.376219797    1.659503379   -0.000000000   -0.000000000   -0.000000000
    0.383274383    1.659503379   -0.000000000   -0.000000000   -0.000000000
    0.390328969    1.659503379   -0.000000000   -0.000000000   -0.000000000
    0.397383555    1.659503379   -0.000000000   -0.000000000   -0.000000000
    0.404438141    1.659503379   -0.000000000   -0.000000000   -0.000000000
    0.411492727    1.659503379   -0.000000000   -0.000000000   -0.000000000
    0.418547313    1.659503379   -0.000000000   -0.000000000   -0.000000000
    0.425601898    1.659503379   -0.000000000   -0.000000000   -0.000000000
    0.432656484    1.659503379   -0.000000000   -0.000000000   -0.000000000
    0.439711070    1.659503379   -0.000000000   -0.000000000   -0.000000000
    0.446765656    1.659503379   -0.000000000   -0.000000000   -0.000000000
    0.453820242    1.659503379   -0.000000000   -0.000000000   -0.000000000
    0.460874828    1.659503379   -0.000000000   -0.000000000   -0.000000000
    0.467929414    1.659503379   -0.000000000   -0.000000000   -0.000000000
    0.474984000    1.659503379   -0.000000000   -0.000000000   -0.000000000

    0.023490500    1.676901431   -0.000000000   -0.000000000   -0.000000000
    0.030545086    1.676901431   -0.000000000   -0.000000000   -0.000000000
    0.037599672    1.676901431   -0.000000000   -0.000000000   -0.000000000
    0.044654258    1.676901431   -0.000000000   -0.000000000   -0.000000000
    0.051708844    1.676901431   -0.000000000   -0.000000000   -0.000000000
    0.058763430    1.676901431   -0.000996246   -1.042245464    0.150636949
    0.065818016    1.676901431   -0.027029334   -8.728833583    1.302143069
    0.072872602    1.676901431   -0.166090015  -34.701696032    5.391883944
    0.079927187    1.676901431   -0.582853285  -89.778642701   16.109851447
    0.086981773    1.676901431   -1.545489061 -192.822025140   38.146844021
    0.094036359    1.676901431   -3.451203791 -357.854566307   77.448190378
    0.101090945    1.676901431   -6.740532512 -583.576338633  140.663604164
    0.108145531    1.676901431  -11.760187510 -839.875379084  229.264706528
    0.115200117    1.676901431  -18.528309713 -1068.217128933  338.047254708
    0.122254703    1.676901431  -26.614171859 -1203.064559618  454.167030203
    0.129309289    1.676901431  -35.158501362 -1193.254722631  561.140838545
    0.136363875    1.676901431  -43.117642919 -1043.118828778  646.356738736
    0.143418461    1.676901431  -49.676778344 -808.585814136  706.832375564
    0.150473047    1.676901431  -54.507282081 -564.922010561  747.804237075
    0.157527633    1.676901431  -57.755609914 -365.300751536  776.644719684
    0.164582219    1.676901431  -59.778535010 -214.030249489  798.536947297
    0.171636805    1.676901431  -60.797553807  -71.481289416  814.735066046
    0.178691391    1.676901431  -60.674943458  117.495937626  821.644653435
    0.185745977    1.676901431  -58.963270323  378.821196187  815.544737002
    0.192800562    1.676901431  -55.216554281  686.550426628  791.934943778
    0.199855148    1.676901431  -49.321339228  974.634145062  747.304453420
    0.206909734    1.676901431  -41.691216077 1168.691710094  678.227638971
    0.213964320    1.676901431  -33.152082436 1228.521712254  585.179534096
    0.221018906    1.676901431  -24.671349498 1155.104372065  474.191939522
    0.228073492    1.676901431  -17.097027461  979.689997070  356.197399009
    0.235128078    1.676901431  -10.961736702  755.791697366  246.403656377
    0.242182664    1.676901431   -6.446371761  527.941746659  155.173476481
    0.249237250    1.676901431   -3.439531055  332.374858445   88.484485231
    0.256291836    1.676901431   -1.640793870  186.588927070   45.533939678
    0.263346422    1.676901431   -0.685415690   92.325266667   20.947901455
    0.270401008    1.676901431   -0.235832869   40.630189386    8.447154590
    0.277455594    1.676901431   -0.054405742   13.367757970    2.590675159
    0.284510180    1.676901431   -0.006194569    2.180041475    0.420133786
    0.291564766    1.676901431   -0.000177822    0.192148758    0.034357706
    0.298619352    1.676901431   -0.000000000   -0.000000000   -0.000000000
    0.305673937    1.676901431   -0.000000000   -0.000000000   -0.000000000
    0.312728523    1.676901431   -0.000000000   -0.000000000   -0.000000000
    0.319783109    1.676901431   -0.000000000   -0.000000000   -0.000000000
    0.326837695    1.676901431   -0.000000000   -0.000000000   -0.000000000
    0.333892281    1.676901431   -0.000000000   -0.000000000   -0.000000000
    0.340946867    1.676901431   -0.000000000   -0.000000000   -0.000000000
    0.348001453    1.676901431   -0.000000000   -0.000000000   -0.000000000
    0.355056039    1.676901431   -0.000000000   -0.000000000   -0.000000000
    0.362110625    1.676901431   -0.000000000   -0.000000000   -0.000000000
    0.369165211    1.676901431   -0.000000000   -0.000000000   -0.000000000
    0.376219797    1.676901431   -0.000000000   -0.000000000   -0.000000000
    0.383274383    1.676901431   -0.000000000   -0.000000000   -0.000000000
    0.390328969    1.676901431   -0.000000000   -0.000000000   -0.000000000
    0.397383555    1.676901431   -0.000000000   -0.000000000   -0.000000000
    0.404438141    1.676901431   -0.000000000   -0.000000000   -0.000000000
    0.411492727    1.676901431   -0.000000000   -0.000000000   -0.000000000
    0.418547313    1.676901431   -0.000000000   -0.000000000   -0.000000000
    0.425601898    1.676901431   -0.000000000   -0.000000000   -0.000000000
    0.432656484    1.676901431   -0.000000000   -0.000000000   -0.000000000
    0.439711070    1.676901431   -0.000000000   -0.000000000   -0.000000000
    0.446765656    1.676901431   -0.000000000   -0.000000000   -0.000000000
    0.453820242    1.676901431   -0.000000000   -0.000000000   -0.000000000
    0.460874828    1.676901431   -0.000000000   -0.000000000   -0.000000000
    0.467929414    1.676901431   -0.000000000   -0.000000000   -0.000000000
    0.474984000    1.676901431   -0.000000000   -0.000000000   -0.000000000

    0.023490500    1.694299483   -0.000000000   -0.000000000   -0.000000000
    0.030545086    1.694299483   -0.000000000   -0.000000000   -0.000000000
    0.037599672    1.694299483   -0.000000000   -0.000000000   -0.000000000
    0.044654258    1.694299483   -0.000000000   -0.000000000   -0.000000000
    0.051708844    1.694299483   -0.000000000   -0.000000000   -0.000000000
    0.058763430    1.694299483   -0.000000000   -0.000000000   -0.000000000
    0.065818016    1.694299483   -0.009533212   -3.807105227    0.673262550
    0.072872602    1.694299483   -0.087362473  -20.612620330    3.672027973
    0.079927187    1.694299483   -0.344694163  -56.726405123   11.364975080
    0.086981773    1.694299483   -0.968092218 -127.036676701   28.378709301
    0.094036359    1.694299483   -2.249647925 -244.637655398   60.428366696
    0.101090945    1.694299483   -4.527790130 -408.519573348  113.251738870
    0.108145531    1.694299483   -8.090201843 -603.836010582  190.984896259
    0.115200117    1.694299483  -13.023094117 -788.745487906  291.743359263
    0.122254703    1.694299483  -19.079843130 -914.678919866  406.690713491
    0.129309289    1.694299483  -25.673804268 -934.643913010  521.662077846
    0.136363875    1.694299483  -31.992746941 -839.369677803  622.260640216
    0.143418461    1.694299483  -37.325150247 -663.615345145  700.447804610
    0.150473047    1.694299483  -41.308522477 -466.701984697  755.283674116
    0.157527633    1.694299483  -43.981114942 -297.624998436  791.594022896
    0.164582219    1.694299483  -45.606618844 -168.201594805  815.078882935
    0.171636805    1.694299483  -46.375809239  -47.290479352  827.867176387
    0.178691391    1.694299483  -46.184764466  110.567113632  828.448890153
    0.185745977    1.694299483  -44.674784646  327.103035899  812.079096823
    0.192800562    1.694299483  -41.474371614  581.716510080  773.873502890
    0.199855148    1.694299483  -36.536568225  807.717734037  710.037164221
    0.206909734    1.694299483  -30.292450470  943.840743219  621.630320074
    0.213964320    1.694299483  -23.510519032  959.348793783  515.115496062
    0.221018906    1.694299483  -17.016184648  865.988977432  400.232245612
    0.228073492    1.694299483  -11.446062784  705.118649713  289.670626348
    0.235128078    1.694299483   -7.117676378  521.909692572  193.785331791
    0.242182664    1.694299483   -4.056390899  350.434814950  118.510102310
    0.249237250    1.694299483   -2.092086154  213.331301641   65.952470613
    0.256291836    1.694299483   -0.954902649  115.591532529   33.084433617
    0.263346422    1.694299483   -0.373689607   54.996929217   14.797287817
    0.270401008    1.694299483   -0.113403892   22.756516519    5.637594888
    0.277455594    1.694299483   -0.018909563    6.206028901    1.487302134
    0.284510180    1.694299483   -0.001276437    0.512681544    0.124057919
    0.291564766    1.694299483   -0.000000000   -0.000000000   -0.000000000
    0.298619352    1.694299483   -0.000000000   -0.000000000   -0.000000000
    0.305673937    1.694299483   -0.000000000   -0.000000000   -0.000000000
    0.312728523    1.694299483   -0.000000000   -0.000000000   -0.000000000
    0.319783109    1.694299483   -0.000000000   -0.000000000   -0.000000000
    0.326837695    1.694299483   -0.000000000   -0.000000000   -0.000000000
    0.333892281    1.694299483   -0.000000000   -0.000000000   -0.000000000
    0.340946867    1.694299483   -0.000000000   -0.000000000   -0.000000000
    0.348001453    1.694299483   -0.000000000   -0.000000000   -0.000000000
    0.355056039    1.694299483   -0.000000000   -0.000000000   -0.000000000
    0.362110625    1.694299483   -0.000000000   -0.000000000   -0.000000000
    0.369165211    1.694299483   -0.000000000   -0.000000000   -0.000000000
    0.376219797    1.694299483   -0.000000000   -0.000000000   -0.000000000
    0.383274383    1.694299483   -0.000000000   -0.000000000   -0.000000000
    0.390328969    1.694299483   -0.000000000   -0.000000000   -0.000000000
    0.397383555    1.694299483   -0.000000000   -0.000000000   -0.000000000
    0.404438141    1.694299483   -0.000000000   -0.000000000   -0.000000000
    0.411492727    1.694299483   -0.000000000   -0.000000000   -0.000000000
    0.418547313    1.694299483   -0.000000000   -0.000000000   -0.000000000
    0.425601898    1.694299483   -0.000000000   -0.000000000   -0.000000000
    0.432656484    1.694299483   -0.000000000   -0.000000000   -0.000000000
    0.439711070    1.694299483   -0.000000000   -0.000000000   -0.000000000
    0.446765656    1.694299483   -0.000000000   -0.000000000   -0.000000000
    0.453820242    1.694299483   -0.000000000   -0.000000000   -0.000000000
    0.460874828    1.694299483   -0.000000000   -0.000000000   -0.000000000
    0.467929414    1.694299483   -0.000000000   -0.000000000   -0.000000000
    0.474984000    1.694299483   -0.000000000   -0.000000000   -0.000000000

    0.023490500    1.711697534   -0.000000000   -0.000000000   -0.000000000
    0.030545086    1.711697534   -0.000000000   -0.000000000   -0.000000000
    0.037599672    1.711697534   -0.000000000   -0.000000000   -0.000000000
    0.044654258    1.711697534   -0.000000000   -0.000000000   -0.000000000
    0.051708844    1.711697534   -0.000000000   -0.000000000   -0.000000000
    0.058763430    1.711697534   -0.000000000   -0.000000000   -0.000000000
    0.065818016    1.711697534   -0.002286728   -0.860542300    0.159963313
    0.072872602    1.711697534   -0.036886047  -10.831357034    2.227744138
    0.079927187    1.711697534   -0.182174533  -32.933212264    7.450750364
    0.086981773    1.711697534   -0.554316557  -76.801677147   19.358779394
    0.094036359    1.711697534   -1.347592429 -154.045450071   43.348189192
    0.101090945    1.711697534   -2.807904217 -265.127796555   84.381630722
    0.108145531    1.711697534   -5.148977637 -400.755319016  146.556586071
    0.115200117    1.711697534   -8.464491966 -535.910174734  230.577912085
    0.122254703    1.711697534  -12.624472134 -635.121607406  331.419374896
    0.129309289    1.711697534  -17.265753945 -666.300269497  438.405188803
    0.136363875    1.711697534  -21.822480868 -612.316506910  537.492954876
    0.143418461    1.711697534  -25.750849686 -493.316271673  618.171289665
    0.150473047    1.711697534  -28.731682068 -351.658633845  676.686616963
    0.157527633    1.711697534  -30.750159787 -225.424155171  714.601870991
    0.164582219    1.711697534  -31.976375466 -126.024354294  736.906532656
    0.171636805    1.711697534  -32.547184895  -33.942044110  746.799255201
    0.178691391    1.711697534  -32.388275980   86.217815004  743.265819304
    0.185745977    1.711697534  -31.215488529  253.716221745  722.058903943
    0.192800562    1.711697534  -28.752483244  444.395241975  676.791768029
    0.199855148    1.711697534  -25.010763029  607.103969745  605.589827064
    0.206909734    1.711697534  -20.363657702  694.623561651  513.158086403
    0.213964320    1.711697534  -15.439861566  686.158710319  408.782223221
    0.221018906    1.711697534  -10.864931891  599.862271467  305.329893138
    0.228073492    1.711697534   -7.076548249  469.948684457  212.211024020
    0.235128078    1.711697534   -4.248820679  333.279451365  136.478860818
    0.242182664    1.711697534   -2.328131357  215.398872689   80.880385601
    0.249237250    1.711697534   -1.142075407  126.053703669   43.791216908
    0.256291836    1.711697534   -0.485904193   64.548749233   21.068996171
    0.263346422    1.711697534   -0.169096613   28.528190549    8.944903106
    0.270401008    1.711697534   -0.038205671   10.245178328    3.024371132
    0.277455594    1.711697534   -0.003562310    1.385429071    0.423982931
    0.284510180    1.711697534   -0.000000000   -0.000000000   -0.000000000
    0.291564766    1.711697534   -0.000000000   -0.000000000   -0.000000000
    0.298619352    1.711697534   -0.000000000   -0.000000000   -0.000000000
    0.305673937    1.711697534   -0.000000000   -0.000000000   -0.000000000
    0.312728523    1.711697534   -0.000000000   -0.000000000   -0.000000000
    0.319783109    1.711697534   -0.000000000   -0.000000000   -0.000000000
    0.326837695    1.711697534   -0.000000000   -0.000000000   -0.000000000
    0.333892281    1.711697534   -0.000000000   -0.000000000   -0.000000000
    0.340946867    1.711697534   -0.000000000   -0.000000000   -0.000000000
    0.348001453    1.711697534   -0.000000000   -0.000000000   -0.000000000
    0.355056039    1.711697534   -0.000000000   -0.000000000   -0.000000000
    0.362110625    1.711697534   -0.000000000   -0.000000000   -0.000000000
    0.369165211    1.711697534   -0.000000000   -0.000000000   -0.000000000
    0.376219797    1.711697534   -0.000000000   -0.000000000   -0.000000000
    0.383274383    1.711697534   -0.000000000   -0.000000000   -0.000000000
    0.390328969    1.711697534   -0.000000000   -0.000000000   -0.000000000
    0.397383555    1.711697534   -0.000000000   -0.000000000   -0.000000000
    0.404438141    1.711697534   -0.000000000   -0.000000000   -0.000000000
    0.411492727    1.711697534   -0.000000000   -0.000000000   -0.000000000
    0.418547313    1.711697534   -0.000000000   -0.000000000   -0.000000000
    0.425601898    1.711697534   -0.000000000   -0.000000000   -0.000000000
    0.432656484    1.711697534   -0.000000000   -0.000000000   -0.000000000
    0.439711070    1.711697534   -0.000000000   -0.000000000   -0.000000000
    0.446765656    1.711697534   -0.000000000   -0.000000000   -0.000000000
    0.453820242    1.711697534   -0.000000000   -0.000000000   -0.000000000
    0.460874828    1.711697534   -0.000000000   -0.000000000   -0.000000000
    0.467929414    1.711697534   -0.000000000   -0.000000000   -0.000000000
    0.474984000    1.711697534   -0.000000000   -0.000000000   -0.000000000

    0.023490500    1.729095586   -0.000000000   -0.000000000   -0.000000000
    0.030545086    1.729095586   -0.000000000   -0.000000000   -0.000000000
    0.037599672    1.729095586   -0.000000000   -0.000000000   -0.000000000
    0.044654258    1.729095586   -0.000000000   -0.000000000   -0.000000000
    0.051708844    1.729095586   -0.000000000   -0.000000000   -0.000000000
    0.058763430    1.729095586   -0.000000000   -0.000000000   -0.000000000
    0.065818016    1.729095586   -0.000072461   -0.295689679    0.067396339
    0.072872602    1.729095586   -0.010055397   -4.271721662    0.946455430
    0.079927187    1.729095586   -0.079742988  -17.145233797    4.387349140
    0.086981773    1.729095586   -0.282595470  -42.809460630   12.121965824
    0.094036359    1.729095586   -0.730262903  -88.565631843   28.144155178
    0.101090945    1.729095586   -1.583690462 -157.229447031   56.810887021
    0.108145531    1.729095586   -2.989916635 -243.667384412  102.075869790
    0.115200117    1.729095586   -5.025512874 -331.971427161  164.761239461
    0.122254703    1.729095586   -7.626039927 -400.431282504  242.572997407
    0.129309289    1.729095586  -10.578957405 -428.549741660  328.173227550
    0.136363875    1.729095586  -13.538287829 -401.629364115  410.711631016
    0.143418461    1.729095586  -16.139958773 -330.153618867  480.747052363
    0.150473047    1.729095586  -18.149504787 -239.115115308  532.402936709
    0.157527633    1.729095586  -19.534529961 -156.235260752  566.475398515
    0.164582219    1.729095586  -20.392741852  -89.646798323  586.190473556
    0.171636805    1.729095586  -20.808263213  -26.542157582  594.228382319
    0.178691391    1.729095586  -20.716143768   58.051725412  590.683829304
    0.185745977    1.729095586  -19.914009860  174.022527006  569.941876990
    0.192800562    1.729095586  -18.230934975  303.053643299  526.839950478
    0.199855148    1.729095586  -15.690961352  410.020691754  461.715757073
    0.206909734    1.729095586  -12.576344548  461.529016954  380.513884580
    0.213964320    1.729095586   -9.332111098  447.859602234  293.613269629
    0.221018906    1.729095586   -6.387255396  380.393857511  211.014519123
    0.228073492    1.729095586   -4.024026963  287.950468771  140.930276999
    0.235128078    1.729095586   -2.318139633  197.389723642   87.340209636
    0.242182664    1.729095586   -1.203921753  122.207644912   49.752185746
    0.249237250    1.729095586   -0.545739385   67.412640108   25.691319579
    0.256291836    1.729095586   -0.204589443   32.840357884   11.926832947
    0.263346422    1.729095586   -0.053734869   12.446569833    4.500755375
    0.270401008    1.729095586   -0.006438883    2.761095662    0.900602414
    0.277455594    1.729095586   -0.000152595    0.225736355    0.083241425
    0.284510180    1.729095586   -0.000000000   -0.000000000   -0.000000000
    0.291564766    1.729095586   -0.000000000   -0.000000000   -0.000000000
    0.298619352    1.729095586   -0.000000000   -0.000000000   -0.000000000
    0.305673937    1.729095586   -0.000000000   -0.000000000   -0.000000000
    0.312728523    1.729095586   -0.000000000   -0.000000000   -0.000000000
    0.319783109    1.729095586   -0.000000000   -0.000000000   -0.000000000
    0.326837695    1.729095586   -0.000000000   -0.000000000   -0.000000000
    0.333892281    1.729095586   -0.000000000   -0.000000000   -0.000000000
    0.340946867    1.729095586   -0.000000000   -0.000000000   -0.000000000
    0.348001453    1.729095586   -0.000000000   -0.000000000   -0.000000000
    0.355056039    1.729095586   -0.000000000   -0.000000000   -0.000000000
    0.362110625    1.729095586   -0.000000000   -0.000000000   -0.000000000
    0.369165211    1.729095586   -0.000000000   -0.000000000   -0.000000000
    0.376219797    1.729095586   -0.000000000   -0.000000000   -0.000000000
    0.383274383    1.729095586   -0.000000000   -0.000000000   -0.000000000
    0.390328969    1.729095586   -0.000000000   -0.000000000   -0.000000000
    0.397383555    1.729095586   -0.000000000   -0.000000000   -0.000000000
    0.404438141    1.729095586   -0.000000000   -0.000000000   -0.000000000
    0.411492727    1.729095586   -0.000000000   -0.000000000   -0.000000000
    0.418547313    1.729095586   -0.000000000   -0.000000000   -0.000000000
    0.425601898    1.729095586   -0.000000000   -0.000000000   -0.000000000
    0.432656484    1.729095586   -0.000000000   -0.000000000   -0.000000000
    0.439711070    1.729095586   -0.000000000   -0.000000000   -0.000000000
    0.446765656    1.729095586   -0.000000000   -0.000000000   -0.000000000
    0.453820242    1.729095586   -0.000000000   -0.000000000   -0.000000000
    0.460874828    1.729095586   -0.000000000   -0.000000000   -0.000000000
    0.467929414    1.729095586   -0.000000000   -0.000000000   -0.000000000
    0.474984000    1.729095586   -0.000000000   -0.000000000   -0.000000000

    0.023490500    1.746493638   -0.000000000   -0.000000000   -0.000000000
    0.030545086    1.746493638   -0.000000000   -0.000000000   -0.000000000
    0.037599672    1.746493638   -0.000000000   -0.000000000   -0.000000000
    0.044654258    1.746493638   -0.000000000   -0.000000000   -0.000000000
    0.051708844    1.746493638   -0.000000000   -0.000000000   -0.000000000
    0.058763430    1.746493638   -0.000000000   -0.000000000   -0.000000000
    0.065818016    1.746493638   -0.000000000   -0.000000000   -0.000000000
    0.072872602    1.746493638   -0.001257886   -0.761632786    0.220748847
    0.079927187    1.746493638   -0.025674869   -7.258315795    2.015739692
    0.086981773    1.746493638   -0.119776525  -21.181134395    6.744461021
    0.094036359    1.746493638   -0.348317504  -45.522330962   16.469252564
    0.101090945    1.746493638   -0.798923590  -84.476699362   34.509109441
    0.108145531    1.746493638   -1.564454984 -134.021166454   63.617621446
    0.115200117    1.746493638   -2.694951803 -186.061421156  104.976501986
    0.122254703    1.746493638   -4.164155384 -227.416565880  157.529754265
    0.129309289    1.746493638   -5.852980723 -246.869419975  216.937091611
    0.136363875    1.746493638   -7.574787367 -236.028484852  276.197651630
    0.143418461    1.746493638   -9.116297808 -197.570616807  327.572779395
    0.150473047    1.746493638  -10.331462085 -146.122979183  366.428059197
    0.157527633    1.746493638  -11.187284223  -98.136983515  392.910980262
    0.164582219    1.746493638  -11.737800684  -58.873740458  408.464574647
    0.171636805    1.746493638  -12.016632374  -19.365234662  415.726990146
    0.178691391    1.746493638  -11.979358743   33.122782908  413.298254540
    0.185745977    1.746493638  -11.506730161  103.211951276  396.677062588
    0.192800562    1.746493638  -10.496745672  182.668218609  363.354171181
    0.199855148    1.746493638   -8.959968917  248.199184836  314.295944169
    0.206909734    1.746493638   -7.084151418  276.844138791  253.837314967
    0.213964320    1.746493638   -5.150905893  264.308917279  190.489807092
    0.221018906    1.746493638   -3.430174301  219.601498985  132.504404727
    0.228073492    1.746493638   -2.082009722  162.072942019   85.385912200
    0.235128078    1.746493638   -1.137095676  107.015786456   50.772166587
    0.242182664    1.746493638   -0.542897375   63.472555591   27.734267498
    0.249237250    1.746493638   -0.213757080   32.182513509   13.376464918
    0.256291836    1.746493638   -0.057970313   13.052605784    5.186948263
    0.263346422    1.746493638   -0.008666820    2.948061388    1.126434552
    0.270401008    1.746493638   -0.000090661    0.189044845    0.091635605
    0.277455594    1.746493638   -0.000000000   -0.000000000   -0.000000000
    0.284510180    1.746493638   -0.000000000   -0.000000000   -0.000000000
    0.291564766    1.746493638   -0.000000000   -0.000000000   -0.000000000
    0.298619352    1.746493638   -0.000000000   -0.000000000   -0.000000000
    0.305673937    1.746493638   -0.000000000   -0.000000000   -0.000000000
    0.312728523    1.746493638   -0.000000000   -0.000000000   -0.000000000
    0.319783109    1.746493638   -0.000000000   -0.000000000   -0.000000000
    0.326837695    1.746493638   -0.000000000   -0.000000000   -0.000000000
    0.333892281    1.746493638   -0.000000000   -0.000000000   -0.000000000
    0.340946867    1.746493638   -0.000000000   -0.000000000   -0.000000000
    0.348001453    1.746493638   -0.000000000   -0.000000000   -0.000000000
    0.355056039    1.746493638   -0.000000000   -0.000000000   -0.000000000
    0.362110625    1.746493638   -0.000000000   -0.000000000   -0.000000000
    0.369165211    1.746493638   -0.000000000   -0.000000000   -0.000000000
    0.376219797    1.746493638   -0.000000000   -0.000000000   -0.000000000
    0.383274383    1.746493638   -0.000000000   -0.000000000   -0.000000000
    0.390328969    1.746493638   -0.000000000   -0.000000000   -0.000000000
    0.397383555    1.746493638   -0.000000000   -0.000000000   -0.000000000
    0.404438141    1.746493638   -0.000000000   -0.000000000   -0.000000000
    0.411492727    1.746493638   -0.000000000   -0.000000000   -0.000000000
    0.418547313    1.746493638   -0.000000000   -0.000000000   -0.000000000
    0.425601898    1.746493638   -0.000000000   -0.000000000   -0.000000000
    0.432656484    1.746493638   -0.000000000   -0.000000000   -0.000000000
    0.439711070    1.746493638   -0.000000000   -0.000000000   -0.000000000
    0.446765656    1.746493638   -0.000000000   -0.000000000   -0.000000000
    0.453820242    1.746493638   -0.000000000   -0.000000000   -0.000000000
    0.460874828    1.746493638   -0.000000000   -0.000000000   -0.000000000
    0.467929414    1.746493638   -0.000000000   -0.000000000   -0.000000000
    0.474984000    1.746493638   -0.000000000   -0.000000000   -0.000000000

    0.023490500    1.763891690   -0.000000000   -0.000000000   -0.000000000
    0.030545086    1.763891690   -0.000000000   -0.000000000   -0.000000000
    0.037599672    1.763891690   -0.000000000   -0.000000000   -0.000000000
    0.044654258    1.763891690   -0.000000000   -0.000000000   -0.000000000
    0.051708844    1.763891690   -0.000000000   -0.000000000   -0.000000000
    0.058763430    1.763891690   -0.000000000   -0.000000000   -0.000000000
    0.065818016    1.763891690   -0.000000000   -0.000000000   -0.000000000
    0.072872602    1.763891690   -0.000000000   -0.000000000   -0.000000000
    0.079927187    1.763891690   -0.003968258   -1.943993052    0.609661168
    0.086981773    1.763891690   -0.037663913   -8.384993190    3.017036543
    0.094036359    1.763891690   -0.136788881  -20.785299632    8.429597823
    0.101090945    1.763891690   -0.346939712  -40.147516411   18.468112012
    0.108145531    1.763891690   -0.719598593  -66.378182707   35.406256711
    0.115200117    1.763891690   -1.284581175  -93.657508267   59.618981978
    0.122254703    1.763891690   -2.030221688 -116.323896812   91.200600275
    0.129309289    1.763891690   -2.897355979 -127.437268614  127.329267788
    0.136363875    1.763891690   -3.791617331 -123.659070035  163.924222281
    0.143418461    1.763891690   -4.607793832 -105.645692918  196.217425793
    0.150473047    1.763891690   -5.267042527  -80.709620225  222.037360843
    0.157527633    1.763891690   -5.745188999  -55.556528927  239.703261709
    0.164582219    1.763891690   -6.059942675  -34.240883676  250.609468565
    0.171636805    1.763891690   -6.229545598  -13.317573882  255.890426199
    0.178691391    1.763891690   -6.228341425   15.509174043  254.126326537
    0.185745977    1.763891690   -5.986532030   54.867769051  244.396390728
    0.192800562    1.763891690   -5.441101446   99.347605020  223.481069785
    0.199855148    1.763891690   -4.607157466  134.132326120  191.367114106
    0.206909734    1.763891690   -3.593921933  149.232652689  152.280462822
    0.213964320    1.763891690   -2.558531594  140.697601546  111.845696740
    0.221018906    1.763891690   -1.650591517  114.596003513   75.587443855
    0.228073492    1.763891690   -0.952837988   82.917254694   47.078193233
    0.235128078    1.763891690   -0.478173829   52.752399431   26.696391526
    0.242182664    1.763891690   -0.196115341   28.535716583   13.192405349
    0.249237250    1.763891690   -0.057912586   12.080979464    4.955058498
    0.256291836    1.763891690   -0.009058717    2.973469138    1.194586661
    0.263346422    1.763891690   -0.000306646    0.325217755    0.095693827
    0.270401008    1.763891690   -0.000000000   -0.000000000   -0.000000000
    0.277455594    1.763891690   -0.000000000   -0.000000000   -0.000000000
    0.284510180    1.763891690   -0.000000000   -0.000000000   -0.000000000
    0.291564766    1.763891690   -0.000000000   -0.000000000   -0.000000000
    0.298619352    1.763891690   -0.000000000   -0.000000000   -0.000000000
    0.305673937    1.763891690   -0.000000000   -0.000000000   -0.000000000
    0.312728523    1.763891690   -0.000000000   -0.000000000   -0.000000000
    0.319783109    1.763891690   -0.000000000   -0.000000000   -0.000000000
    0.326837695    1.763891690   -0.000000000   -0.000000000   -0.000000000
    0.333892281    1.763891690   -0.000000000   -0.000000000   -0.000000000
    0.340946867    1.763891690   -0.000000000   -0.000000000   -0.000000000
    0.348001453    1.763891690   -0.000000000   -0.000000000   -0.000000000
    0.355056039    1.763891690   -0.000000000   -0.000000000   -0.000000000
    0.362110625    1.763891690   -0.000000000   -0.000000000   -0.000000000
    0.369165211    1.763891690   -0.000000000   -0.000000000   -0.000000000
    0.376219797    1.763891690   -0.000000000   -0.000000000   -0.000000000
    0.383274383    1.763891690   -0.000000000   -0.000000000   -0.000000000
    0.390328969    1.763891690   -0.000000000   -0.000000000   -0.000000000
    0.397383555    1.763891690   -0.000000000   -0.000000000   -0.000000000
    0.404438141    1.763891690   -0.000000000   -0.000000000   -0.000000000
    0.411492727    1.763891690   -0.000000000   -0.000000000   -0.000000000
    0.418547313    1.763891690   -0.000000000   -0.000000000   -0.000000000
    0.425601898    1.763891690   -0.000000000   -0.000000000   -0.000000000
    0.432656484    1.763891690   -0.000000000   -0.000000000   -0.000000000
    0.439711070    1.763891690   -0.000000000   -0.000000000   -0.000000000
    0.446765656    1.763891690   -0.000000000   -0.000000000   -0.000000000
    0.453820242    1.763891690   -0.000000000   -0.000000000   -0.000000000
    0.460874828    1.763891690   -0.000000000   -0.000000000   -0.000000000
    0.467929414    1.763891690   -0.000000000   -0.000000000   -0.000000000
    0.474984000    1.763891690   -0.000000000   -0.000000000   -0.000000000

    0.023490500    1.781289741   -0.000000000   -0.000000000   -0.000000000
    0.030545086    1.781289741   -0.000000000   -0.000000000   -0.000000000
    0.037599672    1.781289741   -0.000000000   -0.000000000   -0.000000000
    0.044654258    1.781289741   -0.000000000   -0.000000000   -0.000000000
    0.051708844    1.781289741   -0.000000000   -0.000000000   -0.000000000
    0.058763430    1.781289741   -0.000000000   -0.000000000   -0.000000000
    0.065818016    1.781289741   -0.000000000   -0.000000000   -0.000000000
    0.072872602    1.781289741   -0.000000000   -0.000000000   -0.000000000
    0.079927187    1.781289741   -0.000000000   -0.000000000   -0.000000000
    0.086981773    1.781289741   -0.005896956   -2.186423939    0.854886034
    0.094036359    1.781289741   -0.037961095   -7.449832056    3.369369190
    0.101090945    1.781289741   -0.119528793  -16.343590098    8.477832356
    0.108145531    1.781289741   -0.275492532  -28.632052396   17.261030906
    0.115200117    1.781289741   -0.525234664  -42.086742938   30.174459343
    0.122254703    1.781289741   -0.862679182  -52.932267447   46.808650349
    0.129309289    1.781289741   -1.257947510  -58.013730612   66.027458360
    0.136363875    1.781289741   -1.669297094  -57.069439490   85.997353740
    0.143418461    1.781289741   -2.048939630  -49.699351507  104.299016758
    0.150473047    1.781289741   -2.361944645  -38.736727637  119.003349043
    0.157527633    1.781289741   -2.597430435  -28.021644479  129.534342001
    0.164582219    1.781289741   -2.761650605  -18.634761467  135.929568293
    0.171636805    1.781289741   -2.859127510   -8.879473297  139.128269782
    0.178691391    1.781289741   -2.872919852    5.800818827  138.966360296
    0.185745977    1.781289741   -2.764445589   25.816987587  133.448903304
    0.192800562    1.781289741   -2.503214966   47.963489798  121.171764499
    0.199855148    1.781289741   -2.101214028   64.963697715  102.859998319
    0.206909734    1.781289741   -1.611409642   71.736669688   80.605878838
    0.213964320    1.781289741   -1.116725341   66.380854139   57.569174886
    0.221018906    1.781289741   -0.690176690   53.629156032   37.670300291
    0.228073492    1.781289741   -0.369490083   37.091038337   21.923267559
    0.235128078    1.781289741   -0.163879017   21.569042438   10.959697571
    0.242182664    1.781289741   -0.054097953   10.124543345    4.437657809
    0.249237250    1.781289741   -0.009925053    3.221429350    1.240709486
    0.256291836    1.781289741   -0.000763562    0.299758378    0.108883992
    0.263346422    1.781289741   -0.000000000   -0.000000000   -0.000000000
    0.270401008    1.781289741   -0.000000000   -0.000000000   -0.000000000
    0.277455594    1.781289741   -0.000000000   -0.000000000   -0.000000000
    0.284510180    1.781289741   -0.000000000   -0.000000000   -0.000000000
    0.291564766    1.781289741   -0.000000000   -0.000000000   -0.000000000
    0.298619352    1.781289741   -0.000000000   -0.000000000   -0.000000000
    0.305673937    1.781289741   -0.000000000   -0.000000000   -0.000000000
    0.312728523    1.781289741   -0.000000000   -0.000000000   -0.000000000
    0.319783109    1.781289741   -0.000000000   -0.000000000   -0.000000000
    0.326837695    1.781289741   -0.000000000   -0.000000000   -0.000000000
    0.333892281    1.781289741   -0.000000000   -0.000000000   -0.000000000
    0.340946867    1.781289741   -0.000000000   -0.000000000   -0.000000000
    0.348001453    1.781289741   -0.000000000   -0.000000000   -0.000000000
    0.355056039    1.781289741   -0.000000000   -0.000000000   -0.000000000
    0.362110625    1.781289741   -0.000000000   -0.000000000   -0.000000000
    0.369165211    1.781289741   -0.000000000   -0.000000000   -0.000000000
    0.376219797    1.781289741   -0.000000000   -0.000000000   -0.000000000
    0.383274383    1.781289741   -0.000000000   -0.000000000   -0.000000000
    0.390328969    1.781289741   -0.000000000   -0.000000000   -0.000000000
    0.397383555    1.781289741   -0.000000000   -0.000000000   -0.000000000
    0.404438141    1.781289741   -0.000000000   -0.000000000   -0.000000000
    0.411492727    1.781289741   -0.000000000   -0.000000000   -0.000000000
    0.418547313    1.781289741   -0.000000000   -0.000000000   -0.000000000
    0.425601898    1.781289741   -0.000000000   -0.000000000   -0.000000000
    0.432656484    1.781289741   -0.000000000   -0.000000000   -0.000000000
    0.439711070    1.781289741   -0.000000000   -0.000000000   -0.000000000
    0.446765656    1.781289741   -0.000000000   -0.000000000   -0.000000000
    0.453820242    1.781289741   -0.000000000   -0.000000000   -0.000000000
    0.460874828    1.781289741   -0.000000000   -0.000000000   -0.000000000
    0.467929414    1.781289741   -0.000000000   -0.000000000   -0.000000000
    0.474984000    1.781289741   -0.000000000   -0.000000000   -0.000000000

    0.023490500    1.798687793   -0.000000000   -0.000000000   -0.000000000
    0.030545086    1.798687793   -0.000000000   -0.000000000   -0.000000000
    0.037599672    1.798687793   -0.000000000   -0.000000000   -0.000000000
    0.044654258    1.798687793   -0.000000000   -0.000000000   -0.000000000
    0.051708844    1.798687793   -0.000000000   -0.000000000   -0.000000000
    0.058763430    1.798687793   -0.000000000   -0.000000000   -0.000000000
    0.065818016    1.798687793   -0.000000000   -0.000000000   -0.000000000
    0.072872602    1.798687793   -0.000000000   -0.000000000   -0.000000000
    0.079927187    1.798687793   -0.000000000   -0.000000000   -0.000000000
    0.086981773    1.798687793   -0.000000000   -0.000000000   -0.000000000
    0.094036359    1.798687793   -0.004848148   -1.452599574    0.711376721
    0.101090945    1.798687793   -0.026807828   -5.032022032    2.879109844
    0.108145531    1.798687793   -0.077939112   -9.975237909    6.734753177
    0.115200117    1.798687793   -0.167137913  -15.599039628   12.572443142
    0.122254703    1.798687793   -0.297377712  -20.866985785   20.631592372
    0.129309289    1.798687793   -0.455026559  -23.252268421   29.814352829
    0.136363875    1.798687793   -0.617615377  -22.598302749   39.141010391
    0.143418461    1.798687793   -0.770312610  -20.092392903   48.004333734
    0.150473047    1.798687793   -0.899014327  -16.186749109   55.082731861
    0.157527633    1.798687793   -0.999494257  -12.577191754   60.353980469
    0.164582219    1.798687793   -1.077107480   -9.285408298   64.349239181
    0.171636805    1.798687793   -1.127820430   -4.928672370   66.581008300
    0.178691391    1.798687793   -1.141503338    1.491749866   66.642181078
    0.185745977    1.798687793   -1.101729842   10.377589346   64.069039252
    0.192800562    1.798687793   -0.996401978   19.553886219   57.550101403
    0.199855148    1.798687793   -0.828368714   27.274036336   48.491791584
    0.206909734    1.798687793   -0.624417736   29.484856262   37.000310388
    0.213964320    1.798687793   -0.420153359   27.519419052   25.808221990
    0.221018906    1.798687793   -0.244915667   21.553215271   15.954323055
    0.228073492    1.798687793   -0.119601439   14.089602624    8.550171042
    0.235128078    1.798687793   -0.044255591    7.375745091    3.704928943
    0.242182664    1.798687793   -0.009790290    2.701643055    1.189976173
    0.249237250    1.798687793   -0.000794419    0.344216614    0.156767302
    0.256291836    1.798687793   -0.000000000   -0.000000000   -0.000000000
    0.263346422    1.798687793   -0.000000000   -0.000000000   -0.000000000
    0.270401008    1.798687793   -0.000000000   -0.000000000   -0.000000000
    0.277455594    1.798687793   -0.000000000   -0.000000000   -0.000000000
    0.284510180    1.798687793   -0.000000000   -0.000000000   -0.000000000
    0.291564766    1.798687793   -0.000000000   -0.000000000   -0.000000000
    0.298619352    1.798687793   -0.000000000   -0.000000000   -0.000000000
    0.305673937    1.798687793   -0.000000000   -0.000000000   -0.000000000
    0.312728523    1.798687793   -0.000000000   -0.000000000   -0.000000000
    0.319783109    1.798687793   -0.000000000   -0.000000000   -0.000000000
    0.326837695    1.798687793   -0.000000000   -0.000000000   -0.000000000
    0.333892281    1.798687793   -0.000000000   -0.000000000   -0.000000000
    0.340946867    1.798687793   -0.000000000   -0.000000000   -0.000000000
    0.348001453    1.798687793   -0.000000000   -0.000000000   -0.000000000
    0.355056039    1.798687793   -0.000000000   -0.000000000   -0.000000000
    0.362110625    1.798687793   -0.000000000   -0.000000000   -0.000000000
    0.369165211    1.798687793   -0.000000000   -0.000000000   -0.000000000
    0.376219797    1.798687793   -0.000000000   -0.000000000   -0.000000000
    0.383274383    1.798687793   -0.000000000   -0.000000000   -0.000000000
    0.390328969    1.798687793   -0.000000000   -0.000000000   -0.000000000
    0.397383555    1.798687793   -0.000000000   -0.000000000   -0.000000000
    0.404438141    1.798687793   -0.000000000   -0.000000000   -0.000000000
    0.411492727    1.798687793   -0.000000000   -0.000000000   -0.000000000
    0.418547313    1.798687793   -0.000000000   -0.000000000   -0.000000000
    0.425601898    1.798687793   -0.000000000   -0.000000000   -0.000000000
    0.432656484    1.798687793   -0.000000000   -0.000000000   -0.000000000
    0.439711070    1.798687793   -0.000000000   -0.000000000   -0.000000000
    0.446765656    1.798687793   -0.000000000   -0.000000000   -0.000000000
    0.453820242    1.798687793   -0.000000000   -0.000000000   -0.000000000
    0.460874828    1.798687793   -0.000000000   -0.000000000   -0.000000000
    0.467929414    1.798687793   -0.000000000   -0.000000000   -0.000000000
    0.474984000    1.798687793   -0.000000000   -0.000000000   -0.000000000

    0.023490500    1.816085845   -0.000000000   -0.000000000   -0.000000000
    0.030545086    1.816085845   -0.000000000   -0.000000000   -0.000000000
    0.037599672    1.816085845   -0.000000000   -0.000000000   -0.000000000
    0.044654258    1.816085845   -0.000000000   -0.000000000   -0.000000000
    0.051708844    1.816085845   -0.000000000   -0.000000000   -0.000000000
    0.058763430    1.816085845   -0.000000000   -0.000000000   -0.000000000
    0.065818016    1.816085845   -0.000000000   -0.000000000   -0.000000000
    0.072872602    1.816085845   -0.000000000   -0.000000000   -0.000000000
    0.079927187    1.816085845   -0.000000000   -0.000000000   -0.000000000
    0.086981773    1.816085845   -0.000000000   -0.000000000   -0.000000000
    0.094036359    1.816085845   -0.000000000   -0.000000000   -0.000000000
    0.101090945    1.816085845   -0.002125807   -0.746709710    0.472152092
    0.108145531    1.816085845   -0.011644404   -2.173004338    1.600823078
    0.115200117    1.816085845   -0.034547006   -4.063026348    3.747824663
    0.122254703    1.816085845   -0.071509316   -6.318050183    7.119973978
    0.129309289    1.816085845   -0.121795100   -7.726830614   11.101120613
    0.136363875    1.816085845   -0.176692825   -7.655266521   14.908886225
    0.143418461    1.816085845   -0.225799929   -6.383539063   18.261822374
    0.150473047    1.816085845   -0.268479190   -5.673104123   21.625919852
    0.157527633    1.816085845   -0.303700965   -4.432595659   23.949192654
    0.164582219    1.816085845   -0.332473560   -3.688778327   25.576506516
    0.171636805    1.816085845   -0.354176142   -2.381224279   26.928126907
    0.178691391    1.816085845   -0.364913990   -0.444102605   27.071999471
    0.185745977    1.816085845   -0.358980625    2.493935524   25.718588557
    0.192800562    1.816085845   -0.327492660    6.270455693   23.019165517
    0.199855148    1.816085845   -0.272337354    9.043138336   18.947490156
    0.206909734    1.816085845   -0.202392694   10.355001673   14.229797666
    0.213964320    1.816085845   -0.130743802    9.579010588    9.577452855
    0.221018906    1.816085845   -0.070325299    7.470973380    5.797233250
    0.228073492    1.816085845   -0.028022142    4.377300625    2.844784481
    0.235128078    1.816085845   -0.006613111    1.796476523    0.982949923
    0.242182664    1.816085845   -0.000203871    0.236096447    0.142663973
    0.249237250    1.816085845   -0.000000000   -0.000000000   -0.000000000
    0.256291836    1.816085845   -0.000000000   -0.000000000   -0.000000000
    0.263346422    1.816085845   -0.000000000   -0.000000000   -0.000000000
    0.270401008    1.816085845   -0.000000000   -0.000000000   -0.000000000
    0.277455594    1.816085845   -0.000000000   -0.000000000   -0.000000000
    0.284510180    1.816085845   -0.000000000   -0.000000000   -0.000000000
    0.291564766    1.816085845   -0.000000000   -0.000000000   -0.000000000
    0.298619352    1.816085845   -0.000000000   -0.000000000   -0.000000000
    0.305673937    1.816085845   -0.000000000   -0.000000000   -0.000000000
    0.312728523    1.816085845   -0.000000000   -0.000000000   -0.000000000
    0.319783109    1.816085845   -0.000000000   -0.000000000   -0.000000000
    0.326837695    1.816085845   -0.000000000   -0.000000000   -0.000000000
    0.333892281    1.816085845   -0.000000000   -0.000000000   -0.000000000
    0.340946867    1.816085845   -0.000000000   -0.000000000   -0.000000000
    0.348001453    1.816085845   -0.000000000   -0.000000000   -0.000000000
    0.355056039    1.816085845   -0.000000000   -0.000000000   -0.000000000
    0.362110625    1.816085845   -0.000000000   -0.000000000   -0.000000000
    0.369165211    1.816085845   -0.000000000   -0.000000000   -0.000000000
    0.376219797    1.816085845   -0.000000000   -0.000000000   -0.000000000
    0.383274383    1.816085845   -0.000000000   -0.000000000   -0.000000000
    0.390328969    1.816085845   -0.000000000   -0.000000000   -0.000000000
    0.397383555    1.816085845   -0.000000000   -0.000000000   -0.000000000
    0.404438141    1.816085845   -0.000000000   -0.000000000   -0.000000000
    0.411492727    1.816085845   -0.000000000   -0.000000000   -0.000000000
    0.418547313    1.816085845   -0.000000000   -0.000000000   -0.000000000
    0.425601898    1.816085845   -0.000000000   -0.000000000   -0.000000000
    0.432656484    1.816085845   -0.000000000   -0.000000000   -0.000000000
    0.439711070    1.816085845   -0.000000000   -0.000000000   -0.000000000
    0.446765656    1.816085845   -0.000000000   -0.000000000   -0.000000000
    0.453820242    1.816085845   -0.000000000   -0.000000000   -0.000000000
    0.460874828    1.816085845   -0.000000000   -0.000000000   -0.000000000
    0.467929414    1.816085845   -0.000000000   -0.000000000   -0.000000000
    0.474984000    1.816085845   -0.000000000   -0.000000000   -0.000000000

    0.023490500    1.833483897   -0.000000000   -0.000000000   -0.000000000
    0.030545086    1.833483897   -0.000000000   -0.000000000   -0.000000000
    0.037599672    1.833483897   -0.000000000   -0.000000000   -0.000000000
    0.044654258    1.833483897   -0.000000000   -0.000000000   -0.000000000
    0.051708844    1.833483897   -0.000000000   -0.000000000   -0.000000000
    0.058763430    1.833483897   -0.000000000   -0.000000000   -0.000000000
    0.065818016    1.833483897   -0.000000000   -0.000000000   -0.000000000
    0.072872602    1.833483897   -0.000000000   -0.000000000   -0.000000000
    0.079927187    1.833483897   -0.000000000   -0.000000000   -0.000000000
    0.086981773    1.833483897   -0.000000000   -0.000000000   -0.000000000
    0.094036359    1.833483897   -0.000000000   -0.000000000   -0.000000000
    0.101090945    1.833483897   -0.000000000   -0.000000000   -0.000000000
    0.108145531    1.833483897   -0.000051200   -0.148936749    0.128173640
    0.115200117    1.833483897   -0.002005769   -0.527420439    0.593748224
    0.122254703    1.833483897   -0.007729068   -1.116555561    1.435242903
    0.129309289    1.833483897   -0.016788484   -1.420487589    2.541675897
    0.136363875    1.833483897   -0.027772267   -1.599813613    3.852989697
    0.143418461    1.833483897   -0.038521359   -1.284727322    5.040558862
    0.150473047    1.833483897   -0.046926745   -1.065721360    6.175059046
    0.157527633    1.833483897   -0.054088036   -1.107295664    7.184785250
    0.164582219    1.833483897   -0.062678956   -1.395544702    7.841889255
    0.171636805    1.833483897   -0.073634485   -1.600709412    7.856326768
    0.178691391    1.833483897   -0.083069279   -0.991064804    8.243089552
    0.185745977    1.833483897   -0.087378308   -0.118876069    7.991049923
    0.192800562    1.833483897   -0.083785208    1.206111703    7.442512755
    0.199855148    1.833483897   -0.069773780    2.616040939    6.480198720
    0.206909734    1.833483897   -0.048923363    3.188220570    4.888528500
    0.213964320    1.833483897   -0.026762606    2.908992727    3.211212795
    0.221018906    1.833483897   -0.010558814    1.692174962    1.474831443
    0.228073492    1.833483897   -0.001787007    0.854977669    0.622354212
    0.235128078    1.833483897   -0.000000000   -0.000000000   -0.000000000
    0.242182664    1.833483897   -0.000000000   -0.000000000   -0.000000000
    0.249237250    1.833483897   -0.000000000   -0.000000000   -0.000000000
    0.256291836    1.833483897   -0.000000000   -0.000000000   -0.000000000
    0.263346422    1.833483897   -0.000000000   -0.000000000   -0.000000000
    0.270401008    1.833483897   -0.000000000   -0.000000000   -0.000000000
    0.277455594    1.833483897   -0.000000000   -0.000000000   -0.000000000
    0.284510180    1.833483897   -0.000000000   -0.000000000   -0.000000000
    0.291564766    1.833483897   -0.000000000   -0.000000000   -0.000000000
    0.298619352    1.833483897   -0.000000000   -0.000000000   -0.000000000
    0.305673937    1.833483897   -0.000000000   -0.000000000   -0.000000000
    0.312728523    1.833483897   -0.000000000   -0.000000000   -0.000000000
    0.319783109    1.833483897   -0.000000000   -0.000000000   -0.000000000
    0.326837695    1.833483897   -0.000000000   -0.000000000   -0.000000000
    0.333892281    1.833483897   -0.000000000   -0.000000000   -0.000000000
    0.340946867    1.833483897   -0.000000000   -0.000000000   -0.000000000
    0.348001453    1.833483897   -0.000000000   -0.000000000   -0.000000000
    0.355056039    1.833483897   -0.000000000   -0.000000000   -0.000000000
    0.362110625    1.833483897   -0.000000000   -0.000000000   -0.000000000
    0.369165211    1.833483897   -0.000000000   -0.000000000   -0.000000000
    0.376219797    1.833483897   -0.000000000   -0.000000000   -0.000000000
    0.383274383    1.833483897   -0.000000000   -0.000000000   -0.000000000
    0.390328969    1.833483897   -0.000000000   -0.000000000   -0.000000000
    0.397383555    1.833483897   -0.000000000   -0.000000000   -0.000000000
    0.404438141    1.833483897   -0.000000000   -0.000000000   -0.000000000
    0.411492727    1.833483897   -0.000000000   -0.000000000   -0.000000000
    0.418547313    1.833483897   -0.000000000   -0.000000000   -0.000000000
    0.425601898    1.833483897   -0.000000000   -0.000000000   -0.000000000
    0.432656484    1.833483897   -0.000000000   -0.000000000   -0.000000000
    0.439711070    1.833483897   -0.000000000   -0.000000000   -0.000000000
    0.446765656    1.833483897   -0.000000000   -0.000000000   -0.000000000
    0.453820242    1.833483897   -0.000000000   -0.000000000   -0.000000000
    0.460874828    1.833483897   -0.000000000   -0.000000000   -0.000000000
    0.467929414    1.833483897   -0.000000000   -0.000000000   -0.000000000
    0.474984000    1.833483897   -0.000000000   -0.000000000   -0.000000000

    0.023490500    1.850881948   -0.000000000   -0.000000000   -0.000000000
    0.030545086    1.850881948   -0.000000000   -0.000000000   -0.000000000
    0.037599672    1.850881948   -0.000000000   -0.000000000   -0.000000000
    0.044654258    1.850881948   -0.000000000   -0.000000000   -0.000000000
    0.051708844    1.850881948   -0.000000000   -0.000000000   -0.000000000
    0.058763430    1.850881948   -0.000000000   -0.000000000   -0.000000000
    0.065818016    1.850881948   -0.000000000   -0.000000000   -0.000000000
    0.072872602    1.850881948   -0.000000000   -0.000000000   -0.000000000
    0.079927187    1.850881948   -0.000000000   -0.000000000   -0.000000000
    0.086981773    1.850881948   -0.000000000   -0.000000000   -0.000000000
    0.094036359    1.850881948   -0.000000000   -0.000000000   -0.000000000
    0.101090945    1.850881948   -0.000000000   -0.000000000   -0.000000000
    0.108145531    1.850881948   -0.000000000   -0.000000000   -0.000000000
    0.115200117    1.850881948   -0.000000000   -0.000000000   -0.000000000
    0.122254703    1.850881948   -0.000000000   -0.000000000   -0.000000000
    0.129309289    1.850881948   -0.000000000   -0.000000000   -0.000000000
    0.136363875    1.850881948   -0.000202575   -0.037085634    0.106147166
    0.143418461    1.850881948   -0.000723053   -0.092846879    0.285113609
    0.150473047    1.850881948   -0.001288643   -0.058277425    0.274314048
    0.157527633    1.850881948   -0.001618136   -0.051934959    0.421657616
    0.164582219    1.850881948   -0.003056877   -0.325703965    0.798047118
    0.171636805    1.850881948   -0.005833380   -0.456063537    1.063575504
    0.178691391    1.850881948   -0.009439387   -0.471256886    1.583825673
    0.185745977    1.850881948   -0.011810139   -0.163150695    1.712301089
    0.192800562    1.850881948   -0.011500278    0.256639960    1.744090698
    0.199855148    1.850881948   -0.008503502    0.566736784    1.438880449
    0.206909734    1.850881948   -0.004655070    0.522022825    0.896218402
    0.213964320    1.850881948   -0.001089791    0.356618687    0.430480636
    0.221018906    1.850881948   -0.000000000   -0.000000000   -0.000000000
    0.228073492    1.850881948   -0.000000000   -0.000000000   -0.000000000
    0.235128078    1.850881948   -0.000000000   -0.000000000   -0.000000000
    0.242182664    1.850881948   -0.000000000   -0.000000000   -0.000000000
    0.249237250    1.850881948   -0.000000000   -0.000000000   -0.000000000
    0.256291836    1.850881948   -0.000000000   -0.000000000   -0.000000000
    0.263346422    1.850881948   -0.000000000   -0.000000000   -0.000000000
    0.270401008    1.850881948   -0.000000000   -0.000000000   -0.000000000
    0.277455594    1.850881948   -0.000000000   -0.000000000   -0.000000000
    0.284510180    1.850881948   -0.000000000   -0.000000000   -0.000000000
    0.291564766    1.850881948   -0.000000000   -0.000000000   -0.000000000
    0.298619352    1.850881948   -0.000000000   -0.000000000   -0.000000000
    0.305673937    1.850881948   -0.000000000   -0.000000000   -0.000000000
    0.312728523    1.850881948   -0.000000000   -0.000000000   -0.000000000
    0.319783109    1.850881948   -0.000000000   -0.000000000   -0.000000000
    0.326837695    1.850881948   -0.000000000   -0.000000000   -0.000000000
    0.333892281    1.850881948   -0.000000000   -0.000000000   -0.000000000
    0.340946867    1.850881948   -0.000000000   -0.000000000   -0.000000000
    0.348001453    1.850881948   -0.000000000   -0.000000000   -0.000000000
    0.355056039    1.850881948   -0.000000000   -0.000000000   -0.000000000
    0.362110625    1.850881948   -0.000000000   -0.000000000   -0.000000000
    0.369165211    1.850881948   -0.000000000   -0.000000000   -0.000000000
    0.376219797    1.850881948   -0.000000000   -0.000000000   -0.000000000
    0.383274383    1.850881948   -0.000000000   -0.000000000   -0.000000000
    0.390328969    1.850881948   -0.000000000   -0.000000000   -0.000000000
    0.397383555    1.850881948   -0.000000000   -0.000000000   -0.000000000
    0.404438141    1.850881948   -0.000000000   -0.000000000   -0.000000000
    0.411492727    1.850881948   -0.000000000   -0.000000000   -0.000000000
    0.418547313    1.850881948   -0.000000000   -0.000000000   -0.000000000
    0.425601898    1.850881948   -0.000000000   -0.000000000   -0.000000000
    0.432656484    1.850881948   -0.000000000   -0.000000000   -0.000000000
    0.439711070    1.850881948   -0.000000000   -0.000000000   -0.000000000
    0.446765656    1.850881948   -0.000000000   -0.000000000   -0.000000000
    0.453820242    1.850881948   -0.000000000   -0.000000000   -0.000000000
    0.460874828    1.850881948   -0.000000000   -0.000000000   -0.000000000
    0.467929414    1.850881948   -0.000000000   -0.000000000   -0.000000000
    0.474984000    1.850881948   -0.000000000   -0.000000000   -0.000000000

    0.023490500    1.868280000   -0.000000000   -0.000000000   -0.000000000
    0.030545086    1.868280000   -0.000000000   -0.000000000   -0.000000000
    0.037599672    1.868280000   -0.000000000   -0.000000000   -0.000000000
    0.044654258    1.868280000   -0.000000000   -0.000000000   -0.000000000
    0.051708844    1.868280000   -0.000000000   -0.000000000   -0.000000000
    0.058763430    1.868280000   -0.000000000   -0.000000000   -0.000000000
    0.065818016    1.868280000   -0.000000000   -0.000000000   -0.000000000
    0.072872602    1.868280000   -0.000000000   -0.000000000   -0.000000000
    0.079927187    1.868280000   -0.000000000   -0.000000000   -0.000000000
    0.086981773    1.868280000   -0.000000000   -0.000000000   -0.000000000
    0.094036359    1.868280000   -0.000000000   -0.000000000   -0.000000000
    0.101090945    1.868280000   -0.000000000   -0.000000000   -0.000000000
    0.108145531    1.868280000   -0.000000000   -0.000000000   -0.000000000
    0.115200117    1.868280000   -0.000000000   -0.000000000   -0.000000000
    0.122254703    1.868280000   -0.000000000   -0.000000000   -0.000000000
    0.129309289    1.868280000   -0.000000000   -0.000000000   -0.000000000
    0.136363875    1.868280000   -0.000000000   -0.000000000   -0.000000000
    0.143418461    1.868280000   -0.000000000   -0.000000000   -0.000000000
    0.150473047    1.868280000   -0.000000000   -0.000000000   -0.000000000
    0.157527633    1.868280000   -0.000000000   -0.000000000   -0.000000000
    0.164582219    1.868280000   -0.000000000   -0.000000000   -0.000000000
    0.171636805    1.868280000   -0.000000000   -0.000000000   -0.000000000
    0.178691391    1.868280000   -0.000000000   -0.000000000   -0.000000000
    0.185745977    1.868280000   -0.000000000   -0.000000000   -0.000000000
    0.192800562    1.868280000   -0.000000000   -0.000000000   -0.000000000
    0.199855148    1.868280000   -0.000000000   -0.000000000   -0.000000000
    0.206909734    1.868280000   -0.000000000   -0.000000000   -0.000000000
    0.213964320    1.868280000   -0.000000000   -0.000000000   -0.000000000
    0.221018906    1.868280000   -0.000000000   -0.000000000   -0.000000000
    0.228073492    1.868280000   -0.000000000   -0.000000000   -0.000000000
    0.235128078    1.868280000   -0.000000000   -0.000000000   -0.000000000
    0.242182664    1.868280000   -0.000000000   -0.000000000   -0.000000000
    0.249237250    1.868280000   -0.000000000   -0.000000000   -0.000000000
    0.256291836    1.868280000   -0.000000000   -0.000000000   -0.000000000
    0.263346422    1.868280000   -0.000000000   -0.000000000   -0.000000000
    0.270401008    1.868280000   -0.000000000   -0.000000000   -0.000000000
    0.277455594    1.868280000   -0.000000000   -0.000000000   -0.000000000
    0.284510180    1.868280000   -0.000000000   -0.000000000   -0.000000000
    0.291564766    1.868280000   -0.000000000   -0.000000000   -0.000000000
    0.298619352    1.868280000   -0.000000000   -0.000000000   -0.000000000
    0.305673937    1.868280000   -0.000000000   -0.000000000   -0.000000000
    0.312728523    1.868280000   -0.000000000   -0.000000000   -0.000000000
    0.319783109    1.868280000   -0.000000000   -0.000000000   -0.000000000
    0.326837695    1.868280000   -0.000000000   -0.000000000   -0.000000000
    0.333892281    1.868280000   -0.000000000   -0.000000000   -0.000000000
    0.340946867    1.868280000   -0.000000000   -0.000000000   -0.000000000
    0.348001453    1.868280000   -0.000000000   -0.000000000   -0.000000000
    0.355056039    1.868280000   -0.000000000   -0.000000000   -0.000000000
    0.362110625    1.868280000   -0.000000000   -0.000000000   -0.000000000
    0.369165211    1.868280000   -0.000000000   -0.000000000   -0.000000000
    0.376219797    1.868280000   -0.000000000   -0.000000000   -0.000000000
    0.383274383    1.868280000   -0.000000000   -0.000000000   -0.000000000
    0.390328969    1.868280000   -0.000000000   -0.000000000   -0.000000000
    0.397383555    1.868280000   -0.000000000   -0.000000000   -0.000000000
    0.404438141    1.868280000   -0.000000000   -0.000000000   -0.000000000
    0.411492727    1.868280000   -0.000000000   -0.000000000   -0.000000000
    0.418547313    1.868280000   -0.000000000   -0.000000000   -0.000000000
    0.425601898    1.868280000   -0.000000000   -0.000000000   -0.000000000
    0.432656484    1.868280000   -0.000000000   -0.000000000   -0.000000000
    0.439711070    1.868280000   -0.000000000   -0.000000000   -0.000000000
    0.446765656    1.868280000   -0.000000000   -0.000000000   -0.000000000
    0.453820242    1.868280000   -0.000000000   -0.000000000   -0.000000000
    0.460874828    1.868280000   -0.000000000   -0.000000000   -0.000000000
    0.467929414    1.868280000   -0.000000000   -0.000000000   -0.000000000
    0.474984000    1.868280000   -0.000000000   -0.000000000   -0.000000000
