#! FIELDS q rg file.free der_q der_rg
#! SET min_q 0.0221373
#! SET max_q 0.467084
#! SET nbins_q  64
#! SET periodic_q false
#! SET min_rg 0.843196
#! SET max_rg 2.09612
#! SET nbins_rg  72
#! SET periodic_rg false
    0.022137300    0.843196000   -0.000000000   -0.000000000   -0.000000000
    0.029199946    0.843196000   -0.000000000   -0.000000000   -0.000000000
    0.036262592    0.843196000   -0.000000000   -0.000000000   -0.000000000
    0.043325238    0.843196000   -0.000000000   -0.000000000   -0.000000000
    0.050387884    0.843196000   -0.000000000   -0.000000000   -0.000000000
    0.057450530    0.843196000   -0.000000000   -0.000000000   -0.000000000
    0.064513176    0.843196000   -0.000000000   -0.000000000   -0.000000000
    0.071575822    0.843196000   -0.000000000   -0.000000000   -0.000000000
    0.078638468    0.843196000   -0.000000000   -0.000000000   -0.000000000
    0.085701114    0.843196000   -0.000000000   -0.000000000   -0.000000000
    0.092763760    0.843196000   -0.000000000   -0.000000000   -0.000000000
    0.099826406    0.843196000   -0.000000000   -0.000000000   -0.000000000
    0.106889052    0.843196000   -0.000000000   -0.000000000   -0.000000000
    0.113951698    0.843196000   -0.000000000   -0.000000000   -0.000000000
    0.121014344    0.843196000   -0.000000000   -0.000000000   -0.000000000
    0.128076990    0.843196000   -0.000000000   -0.000000000   -0.000000000
    0.135139637    0.843196000   -0.000000000   -0.000000000   -0.000000000
    0.142202283    0.843196000   -0.000000000   -0.000000000   -0.000000000
    0.149264929    0.843196000   -0.000000000   -0.000000000   -0.000000000
    0.156327575    0.843196000   -0.000000000   -0.000000000   -0.000000000
    0.163390221    0.843196000   -0.000000000   -0.000000000   -0.000000000
    0.170452867    0.843196000   -0.000000000   -0.000000000   -0.000000000
    0.177515513    0.843196000   -0.000000000   -0.000000000   -0.000000000
    0.184578159    0.843196000   -0.000000000   -0.000000000   -0.000000000
    0.191640805    0.843196000   -0.000000000   -0.000000000   -0.000000000
    0.198703451    0.843196000   -0.000000000   -0.000000000   -0.000000000
    0.205766097    0.843196000   -0.000000000   -0.000000000   -0.000000000
    0.212828743    0.843196000   -0.000000000   -0.000000000   -0.000000000
    0.219891389    0.843196000   -0.000000000   -0.000000000   -0.000000000
    0.226954035    0.843196000   -0.000000000   -0.000000000   -0.000000000
    0.234016681    0.843196000   -0.000000000   -0.000000000   -0.000000000
    0.241079327    0.843196000   -0.000000000   -0.000000000   -0.000000000
    0.248141973    0.843196000   -0.000000000   -0.000000000   -0.000000000
    0.255204619    0.843196000   -0.000000000   -0.000000000   -0.000000000
    0.262267265    0.843196000   -0.000000000   -0.000000000   -0.000000000
    0.269329911    0.843196000   -0.000000000   -0.000000000   -0.000000000
    0.276392557    0.843196000   -0.000000000   -0.000000000   -0.000000000
    0.283455203    0.843196000   -0.000000000   -0.000000000   -0.000000000
    0.290517849    0.843196000   -0.000000000   -0.000000000   -0.000000000
    0.297580495    0.843196000   -0.000000000   -0.000000000   -0.000000000
    0.304643141    0.843196000   -0.000000000   -0.000000000   -0.000000000
    0.311705787    0.843196000   -0.000000000   -0.000000000   -0.000000000
    0.318768433    0.843196000   -0.000000000   -0.000000000   -0.000000000
    0.325831079    0.843196000   -0.000000000   -0.000000000   -0.000000000
    0.332893725    0.843196000   -0.000000000   -0.000000000   -0.000000000
    0.339956371    0.843196000   -0.000000000   -0.000000000   -0.000000000
    0.347019017    0.843196000   -0.000000000   -0.000000000   -0.000000000
    0.354081663    0.843196000   -0.000000000   -0.000000000   -0.000000000
    0.361144310    0.843196000   -0.000000000   -0.000000000   -0.000000000
    0.368206956    0.843196000   -0.000000000   -0.000000000   -0.000000000
    0.375269602    0.843196000   -0.000000000   -0.000000000   -0.000000000
    0.382332248    0.843196000   -0.000000000   -0.000000000   -0.000000000
    0.389394894    0.843196000   -0.000000000   -0.000000000   -0.000000000
    0.396457540    0.843196000   -0.000000000   -0.000000000   -0.000000000
    0.403520186    0.843196000   -0.000000000   -0.000000000   -0.000000000
    0.410582832    0.843196000   -0.000000000   -0.000000000   -0.000000000
    0.417645478    0.843196000   -0.000000000   -0.000000000   -0.000000000
    0.424708124    0.843196000   -0.000000000   -0.000000000   -0.000000000
    0.431770770    0.843196000   -0.000000000   -0.000000000   -0.000000000
    0.438833416    0.843196000   -0.000000000   -0.000000000   -0.000000000
    0.445896062    0.843196000   -0.000000000   -0.000000000   -0.000000000
    0.452958708    0.843196000   -0.000000000   -0.000000000   -0.000000000
    0.460021354    0.843196000   -0.000000000   -0.000000000   -0.000000000
    0.467084000    0.843196000   -0.000000000   -0.000000000   -0.000000000

    0.022137300    0.860842817   -0.000000000   -0.000000000   -0.000000000
    0.029199946    0.860842817   -0.000000000   -0.000000000   -0.000000000
    0.036262592    0.860842817   -0.000000000   -0.000000000   -0.000000000
    0.043325238    0.860842817   -0.000000000   -0.000000000   -0.000000000
    0.050387884    0.860842817   -0.000000000   -0.000000000   -0.000000000
    0.057450530    0.860842817   -0.000000000   -0.000000000   -0.000000000
    0.064513176    0.860842817   -0.000000000   -0.000000000   -0.000000000
    0.071575822    0.860842817   -0.000000000   -0.000000000   -0.000000000
    0.078638468    0.860842817   -0.000000000   -0.000000000   -0.000000000
    0.085701114    0.860842817   -0.000000000   -0.000000000   -0.000000000
    0.092763760    0.860842817   -0.000000558   -0.002091331   -0.003398708
    0.099826406    0.860842817   -0.000088401   -0.028819248   -0.067986678
    0.106889052    0.860842817   -0.000433126   -0.072839580   -0.236550528
    0.113951698    0.860842817   -0.001202996   -0.157551071   -0.584615828
    0.121014344    0.860842817   -0.002445173   -0.171344631   -1.048525905
    0.128076990    0.860842817   -0.003289325   -0.041908243   -1.254336740
    0.135139637    0.860842817   -0.003260458    0.008695330   -1.204541534
    0.142202283    0.860842817   -0.003628641   -0.154419238   -1.227902841
    0.149264929    0.860842817   -0.005711687   -0.418155336   -1.752673969
    0.156327575    0.860842817   -0.008988801   -0.449164544   -2.453760297
    0.163390221    0.860842817   -0.011218349   -0.150460613   -2.821747648
    0.170452867    0.860842817   -0.010699904    0.278208575   -2.630564899
    0.177515513    0.860842817   -0.007867637    0.455444968   -2.056181947
    0.184578159    0.860842817   -0.005277683    0.195540967   -1.576466488
    0.191640805    0.860842817   -0.005318537   -0.204036768   -1.428840108
    0.198703451    0.860842817   -0.007670680   -0.436202112   -1.802174924
    0.205766097    0.860842817   -0.010456998   -0.335840373   -2.260587752
    0.212828743    0.860842817   -0.011826890   -0.020144059   -2.478555288
    0.219891389    0.860842817   -0.010840336    0.282529008   -2.353280985
    0.226954035    0.860842817   -0.008227907    0.430035134   -1.866473148
    0.234016681    0.860842817   -0.005200933    0.388614493   -1.324959668
    0.241079327    0.860842817   -0.002855247    0.261933553   -0.927793091
    0.248141973    0.860842817   -0.001801425    0.054675627   -0.686840175
    0.255204619    0.860842817   -0.001639965   -0.000394845   -0.761734668
    0.262267265    0.860842817   -0.001590177    0.042699932   -0.740664828
    0.269329911    0.860842817   -0.001119760    0.091049056   -0.613378635
    0.276392557    0.860842817   -0.000626176    0.061116214   -0.464829358
    0.283455203    0.860842817   -0.000270787    0.038110627   -0.245896693
    0.290517849    0.860842817   -0.000073159    0.014211572   -0.043920816
    0.297580495    0.860842817   -0.000000000   -0.000000000   -0.000000000
    0.304643141    0.860842817   -0.000000000   -0.000000000   -0.000000000
    0.311705787    0.860842817   -0.000000000   -0.000000000   -0.000000000
    0.318768433    0.860842817   -0.000000000   -0.000000000   -0.000000000
    0.325831079    0.860842817   -0.000000000   -0.000000000   -0.000000000
    0.332893725    0.860842817   -0.000000000   -0.000000000   -0.000000000
    0.339956371    0.860842817   -0.000000000   -0.000000000   -0.000000000
    0.347019017    0.860842817   -0.000000000   -0.000000000   -0.000000000
    0.354081663    0.860842817   -0.000000000   -0.000000000   -0.000000000
    0.361144310    0.860842817   -0.000000000   -0.000000000   -0.000000000
    0.368206956    0.860842817   -0.000000000   -0.000000000   -0.000000000
    0.375269602    0.860842817   -0.000000000   -0.000000000   -0.000000000
    0.382332248    0.860842817   -0.000000000   -0.000000000   -0.000000000
    0.389394894    0.860842817   -0.000000000   -0.000000000   -0.000000000
    0.396457540    0.860842817   -0.000000000   -0.000000000   -0.000000000
    0.403520186    0.860842817   -0.000000000   -0.000000000   -0.000000000
    0.410582832    0.860842817   -0.000000000   -0.000000000   -0.000000000
    0.417645478    0.860842817   -0.000000000   -0.000000000   -0.000000000
    0.424708124    0.860842817   -0.000000000   -0.000000000   -0.000000000
    0.431770770    0.860842817   -0.000000000   -0.000000000   -0.000000000
    0.438833416    0.860842817   -0.000000000   -0.000000000   -0.000000000
    0.445896062    0.860842817   -0.000000000   -0.000000000   -0.000000000
    0.452958708    0.860842817   -0.000000000   -0.000000000   -0.000000000
    0.460021354    0.860842817   -0.000000000   -0.000000000   -0.000000000
    0.467084000    0.860842817   -0.000000000   -0.000000000   -0.000000000

    0.022137300    0.878489634   -0.000000000   -0.000000000   -0.000000000
    0.029199946    0.878489634   -0.000000000   -0.000000000   -0.000000000
    0.036262592    0.878489634   -0.000000000   -0.000000000   -0.000000000
    0.043325238    0.878489634   -0.000000000   -0.000000000   -0.000000000
    0.050387884    0.878489634   -0.000000000   -0.000000000   -0.000000000
    0.057450530    0.878489634   -0.000000000   -0.000000000   -0.000000000
    0.064513176    0.878489634   -0.000000000   -0.000000000   -0.000000000
    0.071575822    0.878489634   -0.000000000   -0.000000000   -0.000000000
    0.078638468    0.878489634   -0.000297273   -0.155326711   -0.141688535
    0.085701114    0.878489634   -0.004618442   -1.175658932   -1.354032250
    0.092763760    0.878489634   -0.018363414   -2.832351700   -3.994152310
    0.099826406    0.878489634   -0.047460941   -5.200333587   -8.822526278
    0.106889052    0.878489634   -0.086592194   -5.439473771  -13.118588710
    0.113951698    0.878489634   -0.119770230   -3.796212442  -15.971399893
    0.121014344    0.878489634   -0.139521603   -1.829404879  -17.761008987
    0.128076990    0.878489634   -0.147523868   -0.615779850  -18.947296004
    0.135139637    0.878489634   -0.152503072   -0.942844662  -20.314663309
    0.142202283    0.878489634   -0.162545840   -1.848941049  -21.623697734
    0.149264929    0.878489634   -0.177422160   -2.121648983  -22.375959857
    0.156327575    0.878489634   -0.189692492   -1.129681811  -22.066905596
    0.163390221    0.878489634   -0.190872074    0.918854918  -20.752708140
    0.170452867    0.878489634   -0.176970837    2.849373519  -18.904076371
    0.177515513    0.878489634   -0.153083840    3.712004697  -16.722083427
    0.184578159    0.878489634   -0.128942186    2.866306084  -14.560299584
    0.191640805    0.878489634   -0.114011651    1.233116254  -12.856510992
    0.198703451    0.878489634   -0.111682577   -0.500446771  -11.540319220
    0.205766097    0.878489634   -0.117984359   -0.964811226  -10.992735794
    0.212828743    0.878489634   -0.121800986    0.068115970  -10.838663682
    0.219891389    0.878489634   -0.115988349    1.484181700  -10.423269655
    0.226954035    0.878489634   -0.101773896    2.358948501   -9.701363620
    0.234016681    0.878489634   -0.086292550    1.886768255   -9.099607858
    0.241079327    0.878489634   -0.077234459    0.638805133   -8.816107677
    0.248141973    0.878489634   -0.077520447   -0.697168254   -9.236480098
    0.255204619    0.878489634   -0.084503396   -1.136306752   -9.805479155
    0.262267265    0.878489634   -0.091716192   -0.818029162  -10.431461062
    0.269329911    0.878489634   -0.093273654    0.498586361  -10.521065045
    0.276392557    0.878489634   -0.084309357    2.003111716   -9.698993692
    0.283455203    0.878489634   -0.066461787    2.904325700   -8.269639579
    0.290517849    0.878489634   -0.045733168    2.913014160   -6.392267402
    0.297580495    0.878489634   -0.027963661    2.091234992   -4.788766932
    0.304643141    0.878489634   -0.015366368    1.600156161   -3.382068459
    0.311705787    0.878489634   -0.006330711    0.907072418   -1.948884699
    0.318768433    0.878489634   -0.001814645    0.222607245   -0.984506902
    0.325831079    0.878489634   -0.000882819   -0.044449300   -0.393893241
    0.332893725    0.878489634   -0.001046778    0.013788708   -0.438344235
    0.339956371    0.878489634   -0.000668734    0.065963554   -0.234150486
    0.347019017    0.878489634   -0.000231703    0.054133326   -0.198788072
    0.354081663    0.878489634   -0.000033540   -0.002602798   -0.041994245
    0.361144310    0.878489634   -0.000044190   -0.009224591   -0.050265964
    0.368206956    0.878489634   -0.000194937   -0.027203404   -0.134020119
    0.375269602    0.878489634   -0.000279064    0.002224809   -0.116984605
    0.382332248    0.878489634   -0.000165003    0.029102416   -0.109027000
    0.389394894    0.878489634   -0.000051680    0.015546730   -0.039440263
    0.396457540    0.878489634   -0.000000000   -0.000000000   -0.000000000
    0.403520186    0.878489634   -0.000000000   -0.000000000   -0.000000000
    0.410582832    0.878489634   -0.000000000   -0.000000000   -0.000000000
    0.417645478    0.878489634   -0.000000000   -0.000000000   -0.000000000
    0.424708124    0.878489634   -0.000000000   -0.000000000   -0.000000000
    0.431770770    0.878489634   -0.000000000   -0.000000000   -0.000000000
    0.438833416    0.878489634   -0.000000000   -0.000000000   -0.000000000
    0.445896062    0.878489634   -0.000000000   -0.000000000   -0.000000000
    0.452958708    0.878489634   -0.000000000   -0.000000000   -0.000000000
    0.460021354    0.878489634   -0.000000000   -0.000000000   -0.000000000
    0.467084000    0.878489634   -0.000000000   -0.000000000   -0.000000000

    0.022137300    0.896136451   -0.000000000   -0.000000000   -0.000000000
    0.029199946    0.896136451   -0.000000000   -0.000000000   -0.000000000
    0.036262592    0.896136451   -0.000000000   -0.000000000   -0.000000000
    0.043325238    0.896136451   -0.000000000   -0.000000000   -0.000000000
    0.050387884    0.896136451   -0.000000000   -0.000000000   -0.000000000
    0.057450530    0.896136451   -0.000000000   -0.000000000   -0.000000000
    0.064513176    0.896136451   -0.000123872   -0.107782292   -0.064525326
    0.071575822    0.896136451   -0.006611386   -2.304082996   -1.566465924
    0.078638468    0.896136451   -0.040032908   -7.587489284   -6.200652690
    0.085701114    0.896136451   -0.121682304  -15.657729638  -14.805695955
    0.092763760    0.896136451   -0.254775330  -21.225944834  -24.731304101
    0.099826406    0.896136451   -0.411501216  -22.569650112  -34.952974325
    0.106889052    0.896136451   -0.564940296  -20.316825549  -45.035381021
    0.113951698    0.896136451   -0.691544473  -15.264050938  -53.676219334
    0.121014344    0.896136451   -0.780291839  -10.171767165  -60.518685279
    0.128076990    0.896136451   -0.839831200   -7.092485420  -65.532834641
    0.135139637    0.896136451   -0.883600109   -5.485576649  -68.356179632
    0.142202283    0.896136451   -0.918145441   -4.155027253  -69.330713456
    0.149264929    0.896136451   -0.938170452   -1.120397264  -69.102257575
    0.156327575    0.896136451   -0.930023315    3.625112437  -67.282827784
    0.163390221    0.896136451   -0.886102723    8.878327832  -63.390822478
    0.170452867    0.896136451   -0.808286011   12.804461794  -57.621068279
    0.177515513    0.896136451   -0.710292340   14.494913151  -51.076197807
    0.184578159    0.896136451   -0.613798270   12.232711750  -44.608306479
    0.191640805    0.896136451   -0.541232010    8.094032559  -39.581251715
    0.198703451    0.896136451   -0.499265289    4.157737039  -36.734287256
    0.205766097    0.896136451   -0.477629954    2.275726831  -34.277006714
    0.212828743    0.896136451   -0.463903293    2.058599079  -32.408463458
    0.219891389    0.896136451   -0.445910274    2.960459718  -31.752591166
    0.226954035    0.896136451   -0.421974471    3.525306694  -31.374288399
    0.234016681    0.896136451   -0.400820358    2.268534984  -31.771152571
    0.241079327    0.896136451   -0.391819701    0.326564274  -31.912801424
    0.248141973    0.896136451   -0.396739017   -1.847924880  -31.920037118
    0.255204619    0.896136451   -0.413318843   -2.491712622  -31.786605377
    0.262267265    0.896136451   -0.425604002   -0.777965553  -30.993742653
    0.269329911    0.896136451   -0.421252783    2.240075038  -29.833143716
    0.276392557    0.896136451   -0.394062354    4.987859316  -28.441686133
    0.283455203    0.896136451   -0.350396870    7.214860252  -26.635473438
    0.290517849    0.896136451   -0.294883755    8.354246061  -23.666047246
    0.297580495    0.896136451   -0.236990240    7.740827786  -20.747366268
    0.304643141    0.896136451   -0.188913740    6.113491802  -18.132014715
    0.311705787    0.896136451   -0.151825558    4.438226597  -15.977532233
    0.318768433    0.896136451   -0.126499413    2.834619713  -15.880651819
    0.325831079    0.896136451   -0.110232062    2.136073150  -14.769876102
    0.332893725    0.896136451   -0.096021598    2.147785192  -13.540916367
    0.339956371    0.896136451   -0.082058649    1.904602012  -11.896623249
    0.347019017    0.896136451   -0.069464062    1.812481432  -10.461719052
    0.354081663    0.896136451   -0.056760989    1.697542995   -8.514054329
    0.361144310    0.896136451   -0.044990402    1.769934723   -7.185186952
    0.368206956    0.896136451   -0.035387082    1.029564977   -5.209796257
    0.375269602    0.896136451   -0.026655347    1.356934546   -4.269138273
    0.382332248    0.896136451   -0.017609126    1.176031548   -2.881520162
    0.389394894    0.896136451   -0.009770997    0.946341472   -1.700308021
    0.396457540    0.896136451   -0.004192421    0.651583698   -0.900230743
    0.403520186    0.896136451   -0.000928337    0.278796595   -0.270650624
    0.410582832    0.896136451   -0.000063650    0.046648272   -0.036168962
    0.417645478    0.896136451   -0.000000000   -0.000000000   -0.000000000
    0.424708124    0.896136451   -0.000000000   -0.000000000   -0.000000000
    0.431770770    0.896136451   -0.000000000   -0.000000000   -0.000000000
    0.438833416    0.896136451   -0.000000000   -0.000000000   -0.000000000
    0.445896062    0.896136451   -0.000000000   -0.000000000   -0.000000000
    0.452958708    0.896136451   -0.000000000   -0.000000000   -0.000000000
    0.460021354    0.896136451   -0.000000000   -0.000000000   -0.000000000
    0.467084000    0.896136451   -0.000000000   -0.000000000   -0.000000000

    0.022137300    0.913783268   -0.000000000   -0.000000000   -0.000000000
    0.029199946    0.913783268   -0.000000000   -0.000000000   -0.000000000
    0.036262592    0.913783268   -0.000000000   -0.000000000   -0.000000000
    0.043325238    0.913783268   -0.000000000   -0.000000000   -0.000000000
    0.050387884    0.913783268   -0.000000000   -0.000000000   -0.000000000
    0.057450530    0.913783268   -0.000623671   -0.444309905   -0.203071155
    0.064513176    0.913783268   -0.020507114   -6.469593225   -3.373966612
    0.071575822    0.913783268   -0.106268584  -18.434298200  -11.163375437
    0.078638468    0.913783268   -0.292506829  -34.651476514  -23.743564190
    0.085701114    0.913783268   -0.592200641  -49.745333208  -40.813936470
    0.092763760    0.913783268   -0.986263153  -61.007176633  -62.629921571
    0.099826406    0.913783268   -1.435806903  -64.823444370  -87.470628618
    0.106889052    0.913783268   -1.879416098  -59.374903973 -112.046533911
    0.113951698    0.913783268   -2.259888647  -47.599823828 -133.659203889
    0.121014344    0.913783268   -2.547621140  -33.826800345 -150.209339815
    0.128076990    0.913783268   -2.739319614  -20.877199467 -160.678442109
    0.135139637    0.913783268   -2.851015577  -11.326997923 -165.969634724
    0.142202283    0.913783268   -2.905561413   -4.335522807 -167.702117442
    0.149264929    0.913783268   -2.913291817    2.257439504 -167.200227876
    0.156327575    0.913783268   -2.864420640   12.370096156 -164.668300443
    0.163390221    0.913783268   -2.731243556   25.320131776 -158.868995707
    0.170452867    0.913783268   -2.516739127   34.430906662 -149.905262524
    0.177515513    0.913783268   -2.263614282   35.699894637 -139.273847441
    0.184578159    0.913783268   -2.028088610   30.548078223 -128.750141945
    0.191640805    0.913783268   -1.841872437   21.541483083 -118.900685632
    0.198703451    0.913783268   -1.724205584   12.354534347 -112.138511921
    0.205766097    0.913783268   -1.659895478    6.660963656 -109.666709318
    0.212828743    0.913783268   -1.620576826    4.986607837 -108.939632401
    0.219891389    0.913783268   -1.581881448    6.088405327 -106.618910721
    0.226954035    0.913783268   -1.534497349    7.177305426 -103.559868673
    0.234016681    0.913783268   -1.489456363    5.744996819  -99.901309084
    0.241079327    0.913783268   -1.460173265    2.519373063  -96.501434116
    0.248141973    0.913783268   -1.449421271    0.956143083  -94.578142917
    0.255204619    0.913783268   -1.438833552    2.251971484  -92.915933219
    0.262267265    0.913783268   -1.411750977    5.728168819  -89.791770999
    0.269329911    0.913783268   -1.358497797    9.811336844  -85.133657000
    0.276392557    0.913783268   -1.269343846   15.317833347  -79.017623123
    0.283455203    0.913783268   -1.148372000   18.352880968  -71.301837690
    0.290517849    0.913783268   -1.013402948   19.021336217  -64.955397739
    0.297580495    0.913783268   -0.885430355   16.658591736  -59.082658642
    0.304643141    0.913783268   -0.783762335   12.136921427  -55.519489080
    0.311705787    0.913783268   -0.714688655    8.073610823  -53.053207996
    0.318768433    0.913783268   -0.667399218    5.979133197  -50.713054959
    0.325831079    0.913783268   -0.626423331    6.038634857  -48.683447484
    0.332893725    0.913783268   -0.581506402    6.689492473  -46.631055769
    0.339956371    0.913783268   -0.534689077    6.614551215  -44.734839863
    0.347019017    0.913783268   -0.483658732    7.393723457  -41.141812333
    0.354081663    0.913783268   -0.432244296    7.309939444  -37.605623312
    0.361144310    0.913783268   -0.376023987    8.547262743  -33.671132275
    0.368206956    0.913783268   -0.313460881    9.415079253  -28.604380546
    0.375269602    0.913783268   -0.244206714    9.757618250  -22.976131858
    0.382332248    0.913783268   -0.177034091    9.206055672  -17.048544850
    0.389394894    0.913783268   -0.114580037    8.295284054  -11.797741318
    0.396457540    0.913783268   -0.063505954    6.436030811   -7.382633855
    0.403520186    0.913783268   -0.027565196    3.604281333   -3.503267991
    0.410582832    0.913783268   -0.009128244    1.664729089   -1.366050811
    0.417645478    0.913783268   -0.001797974    0.514638867   -0.404606201
    0.424708124    0.913783268   -0.000000000   -0.000000000   -0.000000000
    0.431770770    0.913783268   -0.000000000   -0.000000000   -0.000000000
    0.438833416    0.913783268   -0.000000000   -0.000000000   -0.000000000
    0.445896062    0.913783268   -0.000000000   -0.000000000   -0.000000000
    0.452958708    0.913783268   -0.000000000   -0.000000000   -0.000000000
    0.460021354    0.913783268   -0.000000000   -0.000000000   -0.000000000
    0.467084000    0.913783268   -0.000000000   -0.000000000   -0.000000000

    0.022137300    0.931430085   -0.000000000   -0.000000000   -0.000000000
    0.029199946    0.931430085   -0.000000000   -0.000000000   -0.000000000
    0.036262592    0.931430085   -0.000000000   -0.000000000   -0.000000000
    0.043325238    0.931430085   -0.000000000   -0.000000000   -0.000000000
    0.050387884    0.931430085   -0.000654630   -0.523226624   -0.187641500
    0.057450530    0.931430085   -0.028622807   -9.697923467   -3.910193010
    0.064513176    0.931430085   -0.155792858  -27.188077398  -12.369506355
    0.071575822    0.931430085   -0.439164111  -54.839465080  -27.911675543
    0.078638468    0.931430085   -0.944983778  -89.070823003  -53.144782826
    0.085701114    0.931430085   -1.699948978 -124.340022618  -89.792807048
    0.092763760    0.931430085   -2.682550875 -151.616629821 -137.268576000
    0.099826406    0.931430085   -3.798967128 -161.062616485 -191.064437840
    0.106889052    0.931430085   -4.909162689 -149.814276374 -245.358983635
    0.113951698    0.931430085   -5.874713402 -121.289946505 -292.684919201
    0.121014344    0.931430085   -6.598725700  -83.160683417 -326.839611304
    0.128076990    0.931430085   -7.056924891  -48.004066329 -347.644517765
    0.135139637    0.931430085   -7.303425201  -23.698975260 -358.659655646
    0.142202283    0.931430085   -7.412914526   -8.349860819 -363.483327571
    0.149264929    0.931430085   -7.425186941    5.656238854 -363.945115869
    0.156327575    0.931430085   -7.318465793   25.698257618 -358.535636762
    0.163390221    0.931430085   -7.053131609   49.046622580 -348.564815214
    0.170452867    0.931430085   -6.625577587   70.366644423 -331.457769405
    0.177515513    0.931430085   -6.090810965   78.126670511 -308.789914038
    0.184578159    0.931430085   -5.565630401   67.870694246 -287.075396793
    0.191640805    0.931430085   -5.154679587   47.564147920 -271.202799057
    0.198703451    0.931430085   -4.898926158   26.125841355 -262.000351115
    0.205766097    0.931430085   -4.763100365   14.360995966 -256.527260077
    0.212828743    0.931430085   -4.673593926   12.825115050 -251.679636939
    0.219891389    0.931430085   -4.569969860   16.907114244 -246.186827765
    0.226954035    0.931430085   -4.436479645   20.567074220 -239.019901121
    0.234016681    0.931430085   -4.293631108   18.801193248 -231.969805622
    0.241079327    0.931430085   -4.179572065   12.866421191 -225.316651566
    0.248141973    0.931430085   -4.105280233    8.744656443 -219.044841852
    0.255204619    0.931430085   -4.038873316   11.235514793 -213.318778521
    0.262267265    0.931430085   -3.936487260   19.363374414 -206.884446940
    0.269329911    0.931430085   -3.755138527   32.239736956 -196.038932726
    0.276392557    0.931430085   -3.489521723   42.075223190 -182.399420598
    0.283455203    0.931430085   -3.177851395   45.478719291 -167.710336944
    0.290517849    0.931430085   -2.862630599   42.207519552 -154.157398852
    0.297580495    0.931430085   -2.598410291   33.154216906 -143.489438383
    0.304643141    0.931430085   -2.398438740   24.008752154 -136.066766018
    0.311705787    0.931430085   -2.255522536   16.970957281 -130.245498658
    0.318768433    0.931430085   -2.150662656   13.259071294 -126.612520208
    0.325831079    0.931430085   -2.063709735   12.278253441 -123.313481156
    0.332893725    0.931430085   -1.972673921   14.326298658 -119.528658324
    0.339956371    0.931430085   -1.860298088   17.598632071 -113.931212742
    0.347019017    0.931430085   -1.723561749   21.425454123 -106.457451609
    0.354081663    0.931430085   -1.559836803   25.023039953  -97.182636363
    0.361144310    0.931430085   -1.374303766   27.567431935  -85.911302376
    0.368206956    0.931430085   -1.167959065   31.046532959  -73.724749147
    0.375269602    0.931430085   -0.941522095   33.052233780  -60.424107141
    0.382332248    0.931430085   -0.707929338   32.517778569  -46.529415186
    0.389394894    0.931430085   -0.491039709   28.522045534  -33.128174218
    0.396457540    0.931430085   -0.304195558   23.342245433  -21.908723876
    0.403520186    0.931430085   -0.164264535   16.046509352  -12.697633853
    0.410582832    0.931430085   -0.072972771    9.756364276   -6.642491169
    0.417645478    0.931430085   -0.024851195    4.406141220   -2.688093507
    0.424708124    0.931430085   -0.005846697    1.313892507   -0.750891537
    0.431770770    0.931430085   -0.000775268    0.243957856   -0.137217060
    0.438833416    0.931430085   -0.000000000   -0.000000000   -0.000000000
    0.445896062    0.931430085   -0.000000000   -0.000000000   -0.000000000
    0.452958708    0.931430085   -0.000000000   -0.000000000   -0.000000000
    0.460021354    0.931430085   -0.000000000   -0.000000000   -0.000000000
    0.467084000    0.931430085   -0.000000000   -0.000000000   -0.000000000

    0.022137300    0.949076901   -0.000000000   -0.000000000   -0.000000000
    0.029199946    0.949076901   -0.000000000   -0.000000000   -0.000000000
    0.036262592    0.949076901   -0.000000000   -0.000000000   -0.000000000
    0.043325238    0.949076901   -0.000191166   -0.197638236   -0.055259590
    0.050387884    0.949076901   -0.020977340   -8.804676964   -2.728286084
    0.057450530    0.949076901   -0.153433674  -30.059420249  -10.312964528
    0.064513176    0.949076901   -0.483582005  -67.421339013  -25.810084732
    0.071575822    0.949076901   -1.154314034 -125.362655061  -55.206229085
    0.078638468    0.949076901   -2.292376259 -199.008517220 -103.679510895
    0.085701114    0.949076901   -3.973397445 -275.963811356 -174.217262766
    0.092763760    0.949076901   -6.149253390 -335.585883668 -265.185971692
    0.099826406    0.949076901   -8.625561129 -357.686209507 -368.356387784
    0.106889052    0.949076901  -11.082058905 -330.179384969 -468.750262667
    0.113951698    0.949076901  -13.191321839 -261.585551399 -553.354854784
    0.121014344    0.949076901  -14.736563912 -175.841886510 -614.300166159
    0.128076990    0.949076901  -15.700963084 -101.326535735 -651.937812928
    0.135139637    0.949076901  -16.227150289  -51.972586560 -672.785108358
    0.142202283    0.949076901  -16.472528821  -19.087712209 -682.457993652
    0.149264929    0.949076901  -16.496476529   13.729711532 -683.372283608
    0.156327575    0.949076901  -16.265557407   53.280261502 -675.557693140
    0.163390221    0.949076901  -15.722719074  100.362659347 -654.437480792
    0.170452867    0.949076901  -14.860447016  141.064175590 -622.543147681
    0.177515513    0.949076901  -13.802640743  152.699625162 -585.580791870
    0.184578159    0.949076901  -12.791697334  128.913738739 -551.947715718
    0.191640805    0.949076901  -12.035544119   84.799526988 -528.274663227
    0.198703451    0.949076901  -11.578060731   47.294817789 -514.424625826
    0.205766097    0.949076901  -11.323218066   28.249501925 -506.802060495
    0.212828743    0.949076901  -11.127792002   29.763497613 -499.415140386
    0.219891389    0.949076901  -10.880776409   40.323769059 -488.608493265
    0.226954035    0.949076901  -10.568670111   46.162515876 -475.369448784
    0.234016681    0.949076901  -10.249174760   44.219505744 -460.989511244
    0.241079327    0.949076901   -9.958090540   37.653663862 -447.315433049
    0.248141973    0.949076901   -9.708989916   33.606129352 -433.140903469
    0.255204619    0.949076901   -9.474346739   36.544058072 -418.057823376
    0.262267265    0.949076901   -9.163256879   53.257019631 -400.244595464
    0.269329911    0.949076901   -8.708333781   75.077468545 -379.006758244
    0.276392557    0.949076901   -8.115707470   91.304027246 -354.417367304
    0.283455203    0.949076901   -7.452012291   93.708295472 -329.016056762
    0.290517849    0.949076901   -6.827587480   81.657554847 -306.315659544
    0.297580495    0.949076901   -6.317714401   62.657326126 -289.868532866
    0.304643141    0.949076901   -5.949289529   43.015099067 -278.306252013
    0.311705787    0.949076901   -5.698250136   29.041489799 -272.297389513
    0.318768433    0.949076901   -5.520334045   21.921338908 -268.328872890
    0.325831079    0.949076901   -5.366269556   23.513483278 -263.217007804
    0.332893725    0.949076901   -5.174002345   31.367957381 -255.770620831
    0.339956371    0.949076901   -4.914485895   42.429322111 -244.236707497
    0.347019017    0.949076901   -4.579299622   52.547345024 -228.544803033
    0.354081663    0.949076901   -4.171272200   62.796784651 -209.380393379
    0.361144310    0.949076901   -3.694862714   72.010420591 -186.778366972
    0.368206956    0.949076901   -3.161255455   79.476981481 -160.707885845
    0.375269602    0.949076901   -2.579174487   84.940288162 -132.251578095
    0.382332248    0.949076901   -1.977447607   84.710429100 -102.758643332
    0.389394894    0.949076901   -1.403234544   76.141565214  -74.136865294
    0.396457540    0.949076901   -0.912908262   61.936878430  -49.467444849
    0.403520186    0.949076901   -0.530494264   45.673600355  -30.363232679
    0.410582832    0.949076901   -0.268721028   28.784080475  -16.488819208
    0.417645478    0.949076901   -0.113596350   15.719472841   -7.917200614
    0.424708124    0.949076901   -0.037348225    6.702494990   -3.066388966
    0.431770770    0.949076901   -0.008451086    1.824093225   -0.783576176
    0.438833416    0.949076901   -0.001295263    0.486194476   -0.203388883
    0.445896062    0.949076901   -0.000000000   -0.000000000   -0.000000000
    0.452958708    0.949076901   -0.000000000   -0.000000000   -0.000000000
    0.460021354    0.949076901   -0.000000000   -0.000000000   -0.000000000
    0.467084000    0.949076901   -0.000000000   -0.000000000   -0.000000000

    0.022137300    0.966723718   -0.000000000   -0.000000000   -0.000000000
    0.029199946    0.966723718   -0.000000000   -0.000000000   -0.000000000
    0.036262592    0.966723718   -0.000002400   -0.014041259   -0.003020445
    0.043325238    0.966723718   -0.006594899   -4.041650409   -0.966816874
    0.050387884    0.966723718   -0.103455766  -25.287613926   -6.515335130
    0.057450530    0.966723718   -0.404028532  -64.776784900  -18.630802903
    0.064513176    0.966723718   -1.104868241 -139.628697701  -45.532008348
    0.071575822    0.966723718   -2.463718319 -251.435567866  -94.903048587
    0.078638468    0.966723718   -4.732673821 -395.086719765 -176.117635612
    0.085701114    0.966723718   -8.061026998 -545.619409877 -294.395814672
    0.092763760    0.966723718  -12.353522272 -659.442465293 -444.852423008
    0.099826406    0.966723718  -17.190421331 -694.547299903 -611.733912733
    0.106889052    0.966723718  -21.939400691 -634.539328488 -772.983582712
    0.113951698    0.966723718  -25.965031450 -496.533553192 -907.307304888
    0.121014344    0.966723718  -28.887498494 -331.754462045 -1003.728456496
    0.128076990    0.966723718  -30.704405034 -189.866260072 -1062.595401420
    0.135139637    0.966723718  -31.678417241  -93.558708718 -1092.545809623
    0.142202283    0.966723718  -32.112897963  -32.374242682 -1104.458252311
    0.149264929    0.966723718  -32.160465545   20.733787073 -1105.925934478
    0.156327575    0.966723718  -31.767709416   94.638110069 -1095.016844265
    0.163390221    0.966723718  -30.790240515  181.408637177 -1067.388990862
    0.170452867    0.966723718  -29.259215604  245.672918554 -1025.256188488
    0.177515513    0.966723718  -27.446942327  258.362980905 -977.348414280
    0.184578159    0.966723718  -25.751791993  212.550673305 -934.828239483
    0.191640805    0.966723718  -24.507881101  138.042820650 -904.320045312
    0.198703451    0.966723718  -23.774698810   73.891163437 -887.459020025
    0.205766097    0.966723718  -23.370394735   47.437852688 -878.034175951
    0.212828743    0.966723718  -23.016672904   56.948986236 -867.434331294
    0.219891389    0.966723718  -22.536222082   79.663043113 -851.439883964
    0.226954035    0.966723718  -21.913991692   94.079932754 -828.828872263
    0.234016681    0.966723718  -21.241632576   93.706060749 -802.910980282
    0.241079327    0.966723718  -20.598554517   88.510733305 -775.620138765
    0.248141973    0.966723718  -19.989065024   85.638850415 -747.416881248
    0.255204619    0.966723718  -19.349389179   96.890034322 -715.810368450
    0.262267265    0.966723718  -18.579823178  122.791893205 -680.085713818
    0.269329911    0.966723718  -17.600041742  154.729442885 -640.283173139
    0.276392557    0.966723718  -16.425837461  174.200254633 -598.656424301
    0.283455203    0.966723718  -15.198044743  169.260257358 -559.518912953
    0.290517849    0.966723718  -14.093242087  140.720315435 -527.833996673
    0.297580495    0.966723718  -13.240031599  100.616027925 -505.944883609
    0.304643141    0.966723718  -12.663254322   63.416195138 -494.623539364
    0.311705787    0.966723718  -12.313966417   38.675304563 -489.997576277
    0.318768433    0.966723718  -12.077437511   32.278228440 -487.446790310
    0.325831079    0.966723718  -11.820413554   42.118339324 -481.689411218
    0.332893725    0.966723718  -11.458056220   62.800036328 -469.382275401
    0.339956371    0.966723718  -10.928010887   87.675476129 -449.732077870
    0.347019017    0.966723718  -10.220345962  112.141699060 -422.760010675
    0.354081663    0.966723718   -9.351471851  133.717976552 -388.792504044
    0.361144310    0.966723718   -8.327777588  155.518162326 -348.556989033
    0.368206956    0.966723718   -7.158905845  174.031329722 -301.487649415
    0.375269602    0.966723718   -5.876824462  187.474125747 -249.288628341
    0.382332248    0.966723718   -4.543488296  187.791326681 -194.329526831
    0.389394894    0.966723718   -3.266575298  171.682874544 -141.368672499
    0.396457540    0.966723718   -2.158066625  140.001606917  -94.661925237
    0.403520186    0.966723718   -1.297965798  103.515748810  -58.431854567
    0.410582832    0.966723718   -0.694535727   67.809341476  -32.747086459
    0.417645478    0.966723718   -0.322833914   38.701515739  -16.344952238
    0.424708124    0.966723718   -0.124738182   18.652803921   -7.066997770
    0.431770770    0.966723718   -0.037162529    7.268995511   -2.528725094
    0.438833416    0.966723718   -0.007552205    1.903399116   -0.618474850
    0.445896062    0.966723718   -0.000953501    0.354710747   -0.109969915
    0.452958708    0.966723718   -0.000000000   -0.000000000   -0.000000000
    0.460021354    0.966723718   -0.000000000   -0.000000000   -0.000000000
    0.467084000    0.966723718   -0.000000000   -0.000000000   -0.000000000

    0.022137300    0.984370535   -0.000000000   -0.000000000   -0.000000000
    0.029199946    0.984370535   -0.000000000   -0.000000000   -0.000000000
    0.036262592    0.984370535   -0.000586163   -0.549493813   -0.100969173
    0.043325238    0.984370535   -0.040587510  -14.909630250   -2.841968281
    0.050387884    0.984370535   -0.251311727  -49.021803305  -10.367079242
    0.057450530    0.984370535   -0.825754234 -122.216830287  -29.259669184
    0.064513176    0.984370535   -2.109451802 -251.902100929  -68.446403033
    0.071575822    0.984370535   -4.543666140 -448.616606139 -141.260698695
    0.078638468    0.984370535   -8.584621556 -702.257413499 -261.264392927
    0.085701114    0.984370535  -14.472203871 -960.140428346 -431.873372999
    0.092763760    0.984370535  -21.986508338 -1149.638018333 -646.492270776
    0.099826406    0.984370535  -30.383387654 -1201.342573587 -882.958783986
    0.106889052    0.984370535  -38.556879114 -1087.321901007 -1109.587107299
    0.113951698    0.984370535  -45.434430859 -845.319639273 -1297.896087678
    0.121014344    0.984370535  -50.398377730 -560.543493933 -1432.273714247
    0.128076990    0.984370535  -53.449836008 -314.706304973 -1513.076810709
    0.135139637    0.984370535  -55.042151281 -149.045512788 -1553.047515623
    0.142202283    0.984370535  -55.711971353  -48.911997059 -1567.727945391
    0.149264929    0.984370535  -55.766707776   35.489407378 -1566.859377382
    0.156327575    0.984370535  -55.142893457  146.415934370 -1551.586579393
    0.163390221    0.984370535  -53.654386983  274.075600617 -1521.988228386
    0.170452867    0.984370535  -51.354793555  366.095249988 -1478.759199844
    0.177515513    0.984370535  -48.674522040  377.402292054 -1430.953414025
    0.184578159    0.984370535  -46.220344115  306.126544417 -1389.518797096
    0.191640805    0.984370535  -44.445910709  194.639805686 -1361.949707882
    0.198703451    0.984370535  -43.427455488  102.387038122 -1347.544807767
    0.205766097    0.984370535  -42.849472568   71.950159171 -1337.768886533
    0.212828743    0.984370535  -42.280881831   95.330372881 -1323.756248779
    0.219891389    0.984370535  -41.449790537  140.185267389 -1299.650491738
    0.226954035    0.984370535  -40.331896424  172.969486073 -1265.676766561
    0.234016681    0.984370535  -39.065992778  182.254441107 -1224.006569372
    0.241079327    0.984370535  -37.782266610  181.195531694 -1177.692245910
    0.248141973    0.984370535  -36.492031304  187.409410061 -1127.880240791
    0.255204619    0.984370535  -35.096318548  211.962388061 -1072.091993585
    0.262267265    0.984370535  -33.472501643  249.182008922 -1010.396821896
    0.269329911    0.984370535  -31.577367224  285.576375629 -945.945808649
    0.276392557    0.984370535  -29.496245473  297.986495473 -884.831136389
    0.283455203    0.984370535  -27.457711192  272.050699151 -832.617999330
    0.290517849    0.984370535  -25.727706926  213.396764720 -794.623449814
    0.297580495    0.984370535  -24.480542815  139.852171676 -772.889354207
    0.304643141    0.984370535  -23.737477431   75.898951946 -765.724498325
    0.311705787    0.984370535  -23.351028508   39.184215754 -766.672309846
    0.318768433    0.984370535  -23.094541915   38.431698511 -767.595017630
    0.325831079    0.984370535  -22.736706686   66.912659567 -761.984073141
    0.332893725    0.984370535  -22.113108977  111.210660582 -744.715497647
    0.339956371    0.984370535  -21.152235945  160.934447697 -715.392097223
    0.347019017    0.984370535  -19.847173911  207.621529958 -674.492626653
    0.354081663    0.984370535  -18.225399379  250.811402430 -623.049567692
    0.361144310    0.984370535  -16.303060514  293.911056373 -561.064965895
    0.368206956    0.984370535  -14.080551763  334.415043719 -488.239003669
    0.375269602    0.984370535  -11.611377985  361.720261995 -405.423325246
    0.382332248    0.984370535   -9.023085568  365.728001768 -317.456894348
    0.389394894    0.984370535   -6.528556189  335.411161967 -231.360525890
    0.396457540    0.984370535   -4.350754914  277.344977074 -155.873021025
    0.403520186    0.984370535   -2.649148399  204.336075650  -96.104571798
    0.410582832    0.984370535   -1.455981758  135.385065097  -54.189325673
    0.417645478    0.984370535   -0.708631600   79.289376863  -27.664277010
    0.424708124    0.984370535   -0.296631232   40.319042628  -12.511238415
    0.431770770    0.984370535   -0.101968854   17.053650893   -4.827218524
    0.438833416    0.984370535   -0.025778783    5.802814886   -1.524729540
    0.445896062    0.984370535   -0.004669009    1.017365636   -0.264598331
    0.452958708    0.984370535   -0.000196073    0.285908729   -0.065106570
    0.460021354    0.984370535   -0.000000000   -0.000000000   -0.000000000
    0.467084000    0.984370535   -0.000000000   -0.000000000   -0.000000000

    0.022137300    1.002017352   -0.000000000   -0.000000000   -0.000000000
    0.029199946    1.002017352   -0.000000000   -0.000000000   -0.000000000
    0.036262592    1.002017352   -0.005273451   -3.228896378   -0.468689791
    0.043325238    1.002017352   -0.103011927  -27.802026289   -4.126339154
    0.050387884    1.002017352   -0.470858433  -83.597761981  -14.363132663
    0.057450530    1.002017352   -1.427201732 -200.029716573  -38.502501727
    0.064513176    1.002017352   -3.510814516 -406.640112571  -89.455049172
    0.071575822    1.002017352   -7.427610884 -719.776314452 -183.244585661
    0.078638468    1.002017352  -13.877476429 -1114.802538553 -334.543113374
    0.085701114    1.002017352  -23.189740370 -1513.790441158 -549.500616349
    0.092763760    1.002017352  -34.993774743 -1799.836021609 -817.059948063
    0.099826406    1.002017352  -48.092214625 -1867.673564879 -1109.469414819
    0.106889052    1.002017352  -60.765497940 -1681.113671061 -1388.695176139
    0.113951698    1.002017352  -71.379054698 -1302.160155074 -1620.542265881
    0.121014344    1.002017352  -79.004599445 -857.948756190 -1785.683080307
    0.128076990    1.002017352  -83.646486095 -474.993180011 -1884.199877019
    0.135139637    1.002017352  -86.004362214 -214.130429791 -1930.198910599
    0.142202283    1.002017352  -86.935016598  -60.856270665 -1943.896171916
    0.149264929    1.002017352  -86.936212529   61.361942995 -1937.993395285
    0.156327575    1.002017352  -86.011451418  204.952887367 -1919.261236304
    0.163390221    1.002017352  -84.008565707  360.825360279 -1891.155758422
    0.170452867    1.002017352  -81.019968578  472.038709828 -1858.111632023
    0.177515513    1.002017352  -77.611537102  474.422272868 -1826.228179000
    0.184578159    1.002017352  -74.558633133  375.501362969 -1803.076337476
    0.191640805    1.002017352  -72.419213381  229.308984042 -1791.047069793
    0.198703451    1.002017352  -71.220091212  122.733007827 -1785.479542837
    0.205766097    1.002017352  -70.483174935  100.294174330 -1777.452747027
    0.212828743    1.002017352  -69.627746693  150.232991389 -1758.730410191
    0.219891389    1.002017352  -68.294485590  226.973843851 -1725.648393306
    0.226954035    1.002017352  -66.464226355  287.257396471 -1678.958723885
    0.234016681    1.002017352  -64.310753513  317.082361516 -1620.277104639
    0.241079327    1.002017352  -62.020410650  330.812300224 -1552.311343717
    0.248141973    1.002017352  -59.615294811  353.930072438 -1475.897899282
    0.255204619    1.002017352  -56.983315286  393.787625283 -1392.033124071
    0.262267265    1.002017352  -54.030644003  442.319527219 -1303.858661825
    0.269329911    1.002017352  -50.790339566  471.137991588 -1217.118826934
    0.276392557    1.002017352  -47.479995075  457.773055570 -1140.682507800
    0.283455203    1.002017352  -44.446909905  392.198779816 -1081.825658993
    0.290517849    1.002017352  -42.043496302  283.832107851 -1044.708022280
    0.297580495    1.002017352  -40.462802879  164.344861206 -1029.441572327
    0.304643141    1.002017352  -39.660355320   68.740373261 -1030.742264859
    0.311705787    1.002017352  -39.354789971   26.977314591 -1039.060967385
    0.318768433    1.002017352  -39.155647153   38.507222810 -1044.182627494
    0.325831079    1.002017352  -38.699652842   96.847101816 -1038.768591758
    0.332893725    1.002017352  -37.736558206  177.613580742 -1017.743559710
    0.339956371    1.002017352  -36.179472031  262.459614692 -979.822731082
    0.347019017    1.002017352  -34.041665413  341.684236446 -927.105526640
    0.354081663    1.002017352  -31.367480543  415.531288622 -860.219257921
    0.361144310    1.002017352  -28.167175855  491.223854887 -778.027001719
    0.368206956    1.002017352  -24.428402839  565.858565025 -679.553277431
    0.375269602    1.002017352  -20.221358265  619.669609036 -566.477323379
    0.382332248    1.002017352  -15.778172209  630.043372796 -444.949854515
    0.389394894    1.002017352  -11.463898074  581.431345285 -325.482176712
    0.396457540    1.002017352   -7.679927695  483.322950969 -220.024660182
    0.403520186    1.002017352   -4.702995121  357.757404147 -136.123711732
    0.410582832    1.002017352   -2.614609096  236.733036255  -76.603091538
    0.417645478    1.002017352   -1.300729725  139.662872084  -39.182544667
    0.424708124    1.002017352   -0.566346633   72.513753779  -17.908352627
    0.431770770    1.002017352   -0.208838241   32.817223655   -7.306001887
    0.438833416    1.002017352   -0.061200125   11.903568911   -2.455318851
    0.445896062    1.002017352   -0.012428789    3.178854531   -0.617727431
    0.452958708    1.002017352   -0.001905050    0.725309422   -0.133606387
    0.460021354    1.002017352   -0.000000000   -0.000000000   -0.000000000
    0.467084000    1.002017352   -0.000000000   -0.000000000   -0.000000000

    0.022137300    1.019664169   -0.000000000   -0.000000000   -0.000000000
    0.029199946    1.019664169   -0.000084004   -0.057268542   -0.006896607
    0.036262592    1.019664169   -0.017338112   -8.288915757   -0.839801261
    0.043325238    1.019664169   -0.186001632  -44.505527925   -5.165784396
    0.050387884    1.019664169   -0.746728951 -124.924388662  -16.489327825
    0.057450530    1.019664169   -2.164640173 -295.077562961  -44.204736277
    0.064513176    1.019664169   -5.211082125 -592.465078260 -100.994970862
    0.071575822    1.019664169  -10.895266417 -1041.329598012 -205.507027700
    0.078638468    1.019664169  -20.180735277 -1599.365360006 -371.381598594
    0.085701114    1.019664169  -33.491803517 -2157.086560719 -604.439057426
    0.092763760    1.019664169  -50.256929725 -2548.824399044 -892.334887990
    0.099826406    1.019664169  -68.763215464 -2632.373436258 -1205.426444369
    0.106889052    1.019664169  -86.596588328 -2362.237909992 -1504.099971583
    0.113951698    1.019664169 -101.500416941 -1826.619974055 -1752.767795880
    0.121014344    1.019664169 -112.188420982 -1200.212731259 -1930.783285661
    0.128076990    1.019664169 -118.652684462 -654.467992027 -2036.432961469
    0.135139637    1.019664169 -121.839885998 -279.615640242 -2083.382563419
    0.142202283    1.019664169 -122.956826076  -55.678884394 -2090.192053489
    0.149264929    1.019664169 -122.776972664  103.499543505 -2074.682040692
    0.156327575    1.019664169 -121.483939809  264.614998601 -2051.030417609
    0.163390221    1.019664169 -119.034503860  424.982589703 -2028.546202489
    0.170452867    1.019664169 -115.615465707  526.974107722 -2012.486014949
    0.177515513    1.019664169 -111.871414185  512.227449161 -2006.608748584
    0.184578159    1.019664169 -108.641089656  389.936363760 -2009.892457430
    0.191640805    1.019664169 -106.467869263  227.736954806 -2018.565010710
    0.198703451    1.019664169 -105.274043813  127.529031272 -2024.391865742
    0.205766097    1.019664169 -104.411192697  134.512713775 -2017.708907310
    0.212828743    1.019664169 -103.175847429  225.600376454 -1993.112678426
    0.219891389    1.019664169 -101.168730808  341.563153901 -1950.389114923
    0.226954035    1.019664169  -98.402410146  435.930632913 -1892.453945073
    0.234016681    1.019664169  -95.097387121  494.548663316 -1821.905267569
    0.241079327    1.019664169  -91.461822306  533.539606433 -1739.805487308
    0.248141973    1.019664169  -87.535395859  579.698742728 -1646.926344964
    0.255204619    1.019664169  -83.246461203  635.286696584 -1546.418687516
    0.262267265    1.019664169  -78.583090012  682.255296850 -1444.698302473
    0.269329911    1.019664169  -73.716211098  686.720559880 -1351.139884389
    0.276392557    1.019664169  -69.032757664  628.047772515 -1274.872486991
    0.283455203    1.019664169  -64.997019121  504.656877401 -1223.235235391
    0.290517849    1.019664169  -62.017713047  335.750046045 -1196.719559433
    0.297580495    1.019664169  -60.263289629  165.722750669 -1192.234601373
    0.304643141    1.019664169  -59.561884354   42.974540334 -1201.845914963
    0.311705787    1.019664169  -59.457765851    0.598608778 -1215.402402670
    0.318768433    1.019664169  -59.371614545   36.241089695 -1222.407517928
    0.325831079    1.019664169  -58.805046253  132.079234958 -1214.563875008
    0.332893725    1.019664169  -57.431164222  258.606671776 -1188.674972129
    0.339956371    1.019664169  -55.152556812  385.374053125 -1144.471356335
    0.347019017    1.019664169  -52.011029260  503.059771788 -1083.675341942
    0.354081663    1.019664169  -48.058360375  616.609936544 -1007.494930281
    0.361144310    1.019664169  -43.287644974  735.691562067 -914.029794148
    0.368206956    1.019664169  -37.661085306  855.867284514 -801.632469406
    0.375269602    1.019664169  -31.269186668  945.625942252 -670.499035739
    0.382332248    1.019664169  -24.469212684  966.664816882 -528.220536982
    0.389394894    1.019664169  -17.831555116  897.426707223 -387.549800981
    0.396457540    1.019664169  -11.984838803  747.453300976 -262.263001313
    0.403520186    1.019664169   -7.371213140  555.821895627 -162.505063184
    0.410582832    1.019664169   -4.121872461  368.726287189  -91.959328450
    0.417645478    1.019664169   -2.071477069  218.804574037  -47.190490202
    0.424708124    1.019664169   -0.920929311  114.925503455  -21.637624430
    0.431770770    1.019664169   -0.352566316   52.481970334   -8.859217473
    0.438833416    1.019664169   -0.111351930   20.161417516   -3.084445527
    0.445896062    1.019664169   -0.025690237    6.236653713   -0.887018246
    0.452958708    1.019664169   -0.004493734    1.122975844   -0.155320773
    0.460021354    1.019664169   -0.000000000   -0.000000000   -0.000000000
    0.467084000    1.019664169   -0.000000000   -0.000000000   -0.000000000

    0.022137300    1.037310986   -0.000000000   -0.000000000   -0.000000000
    0.029199946    1.037310986   -0.000403089   -0.384841645   -0.027560901
    0.036262592    1.037310986   -0.033540146  -13.828426697   -0.949487690
    0.043325238    1.037310986   -0.278727559  -61.524325011   -5.171443089
    0.050387884    1.037310986   -1.041744478 -169.329641563  -16.447030752
    0.057450530    1.037310986   -2.942993397 -392.639218084  -42.929281063
    0.064513176    1.037310986   -6.993714899 -786.272454530  -98.491957303
    0.071575822    1.037310986  -14.496697017 -1368.428608466 -197.118854967
    0.078638468    1.037310986  -26.651642910 -2087.646368625 -352.022588332
    0.085701114    1.037310986  -43.975324144 -2799.408242109 -567.592350008
    0.092763760    1.037310986  -65.680451588 -3292.897109063 -831.967829347
    0.099826406    1.037310986  -89.542553123 -3388.820022623 -1117.425667158
    0.106889052    1.037310986 -112.482755567 -3037.507569256 -1389.337215733
    0.113951698    1.037310986 -131.644523068 -2349.392974222 -1616.153274775
    0.121014344    1.037310986 -145.386589431 -1542.134011702 -1779.359606370
    0.128076990    1.037310986 -153.657945008 -828.571158240 -1874.852272377
    0.135139637    1.037310986 -157.598615664 -325.371167778 -1910.545703939
    0.142202283    1.037310986 -158.720925323  -19.213655415 -1902.257108000
    0.149264929    1.037310986 -158.130833624  175.386929257 -1870.486444351
    0.156327575    1.037310986 -156.326522306  332.890975286 -1834.592636126
    0.163390221    1.037310986 -153.482943009  465.766323184 -1811.419882606
    0.170452867    1.037310986 -149.918397767  527.019981868 -1809.069604906
    0.177515513    1.037310986 -146.290657625  480.857277748 -1826.272854597
    0.184578159    1.037310986 -143.346477490  342.656263774 -1854.083398335
    0.191640805    1.037310986 -141.487039692  190.568711084 -1879.117068520
    0.198703451    1.037310986 -140.457253535  120.914184421 -1891.068809050
    0.205766097    1.037310986 -139.472929045  177.115082437 -1883.272131873
    0.212828743    1.037310986 -137.757501674  318.175305484 -1854.461489618
    0.219891389    1.037310986 -134.952109612  473.995064154 -1808.417791360
    0.226954035    1.037310986 -131.136087074  600.424241724 -1748.597828256
    0.234016681    1.037310986 -126.568365785  688.208327002 -1678.791337024
    0.241079327    1.037310986 -121.471024522  753.955136466 -1599.086837864
    0.248141973    1.037310986 -115.909313285  821.079278327 -1511.135422930
    0.255204619    1.037310986 -109.885691065  882.367400338 -1420.204579084
    0.262267265    1.037310986 -103.517750934  912.402834131 -1334.460607147
    0.269329911    1.037310986  -97.142737943  878.398198600 -1262.638647497
    0.276392557    1.037310986  -91.300080581  762.981679898 -1211.306398898
    0.283455203    1.037310986  -86.536681113  576.453428014 -1183.241178280
    0.290517849    1.037310986  -83.247353051  352.829670745 -1176.441386795
    0.297580495    1.037310986  -81.520207744  145.479011986 -1183.910714594
    0.304643141    1.037310986  -81.033197934    9.709496457 -1196.714934971
    0.311705787    1.037310986  -81.148824088  -23.793322001 -1206.645002656
    0.318768433    1.037310986  -81.128688875   44.399945242 -1205.526212077
    0.325831079    1.037310986  -80.357154924  182.766754442 -1189.403864529
    0.332893725    1.037310986  -78.473156295  352.744141585 -1157.620239512
    0.339956371    1.037310986  -75.382467939  520.467629588 -1110.753721756
    0.347019017    1.037310986  -71.159893738  674.105293323 -1050.869524012
    0.354081663    1.037310986  -65.872737321  825.179419285 -978.485732387
    0.361144310    1.037310986  -59.474745734  989.487413243 -890.492223293
    0.368206956    1.037310986  -51.880994771 1159.399141046 -783.691515660
    0.375269602    1.037310986  -43.188678887 1290.573427896 -658.071709785
    0.382332248    1.037310986  -33.876686954 1327.283836846 -520.524300935
    0.389394894    1.037310986  -24.743584520 1237.690479497 -383.026950700
    0.396457540    1.037310986  -16.669967631 1034.121486546 -259.946297821
    0.403520186    1.037310986  -10.277149217  771.378629185 -161.507560823
    0.410582832    1.037310986   -5.763386042  512.510867773  -91.303857157
    0.417645478    1.037310986   -2.915129707  304.519947665  -46.773629423
    0.424708124    1.037310986   -1.309327389  160.928220730  -21.600826837
    0.431770770    1.037310986   -0.509378514   73.432980752   -8.616299071
    0.438833416    1.037310986   -0.165976860   28.803855591   -3.055831064
    0.445896062    1.037310986   -0.041838588    9.207432026   -0.875621304
    0.452958708    1.037310986   -0.007178146    1.535520234   -0.141941099
    0.460021354    1.037310986   -0.000472517    0.366036391   -0.029075100
    0.467084000    1.037310986   -0.000000000   -0.000000000   -0.000000000

    0.022137300    1.054957803   -0.000000000   -0.000000000   -0.000000000
    0.029199946    1.054957803   -0.000906216   -0.728776971   -0.025673679
    0.036262592    1.054957803   -0.049858278  -19.148021201   -0.840567329
    0.043325238    1.054957803   -0.362650104  -76.916240782   -4.281626512
    0.050387884    1.054957803   -1.309149849 -208.523091763  -13.466850715
    0.057450530    1.054957803   -3.646428615 -481.898909881  -35.654425044
    0.064513176    1.054957803   -8.588961280 -954.967024394  -79.890712209
    0.071575822    1.054957803  -17.663169966 -1649.707614012 -157.189879492
    0.078638468    1.054957803  -32.276086616 -2503.879397651 -277.295052568
    0.085701114    1.054957803  -52.995342753 -3340.695230776 -441.662266490
    0.092763760    1.054957803  -78.836339905 -3911.996789321 -639.815510221
    0.099826406    1.054957803 -107.137259149 -4013.920980445 -850.470699057
    0.106889052    1.054957803 -134.287648729 -3592.750451138 -1048.592361221
    0.113951698    1.054957803 -156.953147015 -2779.399708576 -1212.374914130
    0.121014344    1.054957803 -173.201448098 -1819.712123184 -1327.150028152
    0.128076990    1.054957803 -182.882606784 -952.379972566 -1386.911394645
    0.135139637    1.054957803 -187.234941098 -322.749375442 -1395.449803397
    0.142202283    1.054957803 -188.014684277   66.656803378 -1364.061051212
    0.149264929    1.054957803 -186.672971158  292.689897828 -1310.524863400
    0.156327575    1.054957803 -184.092538901  427.161504553 -1258.435009191
    0.163390221    1.054957803 -180.776541508  501.996645545 -1226.956577234
    0.170452867    1.054957803 -177.194866975  496.724488941 -1225.402333673
    0.177515513    1.054957803 -173.966111420  403.189105716 -1250.382806589
    0.184578159    1.054957803 -171.619089347  258.175731859 -1287.147543760
    0.191640805    1.054957803 -170.267153716  136.191419878 -1316.551798158
    0.198703451    1.054957803 -169.448679366  117.183782137 -1327.224380290
    0.205766097    1.054957803 -168.301536535  226.502099575 -1316.641980620
    0.212828743    1.054957803 -166.067879310  411.419849706 -1287.731816114
    0.219891389    1.054957803 -162.483888962  598.373235383 -1248.163785773
    0.226954035    1.054957803 -157.710196200  744.823377966 -1202.493660630
    0.234016681    1.054957803 -152.056432085  850.222979668 -1152.997987179
    0.241079327    1.054957803 -145.760511502  930.678299767 -1101.432511278
    0.248141973    1.054957803 -138.923713302 1004.067275457 -1049.883377509
    0.255204619    1.054957803 -131.635930006 1054.776913167 -1003.297282395
    0.262267265    1.054957803 -124.144562388 1055.078751121 -967.276330283
    0.269329911    1.054957803 -116.916055250  975.900549271 -946.498693333
    0.276392557    1.054957803 -110.560997477  810.604142984 -942.879341509
    0.283455203    1.054957803 -105.625975561  578.684315826 -953.376679311
    0.290517849    1.054957803 -102.426675945  327.196079024 -970.254985917
    0.297580495    1.054957803 -100.913198216  113.389199322 -986.038571103
    0.304643141    1.054957803 -100.622048978  -11.072753605 -994.453785123
    0.311705787    1.054957803 -100.806627252  -19.900512615 -991.129649617
    0.318768433    1.054957803 -100.642854814   81.788152704 -975.022923530
    0.325831079    1.054957803  -99.488154621  252.972583754 -947.483094126
    0.332893725    1.054957803  -96.993137314  453.692477133 -910.807522262
    0.339956371    1.054957803  -93.098736089  645.457239307 -867.740140491
    0.347019017    1.054957803  -87.911386345  822.183007626 -819.812513666
    0.354081663    1.054957803  -81.483118420 1001.124797200 -764.923886687
    0.361144310    1.054957803  -73.711679335 1204.261610753 -699.481709706
    0.368206956    1.054957803  -64.435768104 1420.301531865 -618.337419124
    0.375269602    1.054957803  -53.752967219 1591.259488237 -521.138628369
    0.382332248    1.054957803  -42.244624342 1643.915069363 -413.377958552
    0.389394894    1.054957803  -30.911055121 1538.655886371 -305.281166228
    0.396457540    1.054957803  -20.857224479 1289.380445539 -207.459487706
    0.403520186    1.054957803  -12.880174675  963.628188307 -129.048605626
    0.410582832    1.054957803   -7.234713041  640.977991220  -72.831031993
    0.417645478    1.054957803   -3.668874260  381.690114999  -37.358017551
    0.424708124    1.054957803   -1.657514171  201.735949256  -17.173913659
    0.431770770    1.054957803   -0.648209368   93.492855296   -6.891744101
    0.438833416    1.054957803   -0.213201128   36.352631240   -2.225917034
    0.445896062    1.054957803   -0.055343078   11.976384623   -0.645847097
    0.452958708    1.054957803   -0.009764606    2.758036998   -0.130258096
    0.460021354    1.054957803   -0.001013080    0.656323681   -0.027376002
    0.467084000    1.054957803   -0.000000000   -0.000000000   -0.000000000

    0.022137300    1.072604620   -0.000000000   -0.000000000   -0.000000000
    0.029199946    1.072604620   -0.001237980   -1.084107248   -0.019347324
    0.036262592    1.072604620   -0.062430278  -22.851442610   -0.544005262
    0.043325238    1.072604620   -0.424403266  -88.384271262   -2.657148752
    0.050387884    1.072604620   -1.509856560 -239.528494918   -9.006625177
    0.057450530    1.072604620   -4.168936844 -545.537784961  -22.876274901
    0.064513176    1.072604620   -9.744705077 -1074.001592261  -49.763160494
    0.071575822    1.072604620  -19.916623689 -1844.689753037  -95.673991360
    0.078638468    1.072604620  -36.215960046 -2786.244721335 -164.878284147
    0.085701114    1.072604620  -59.207514293 -3698.219931230 -255.685073777
    0.092763760    1.072604620  -87.742094173 -4309.750801096 -359.869797104
    0.099826406    1.072604620 -118.849188555 -4402.534618118 -463.332287461
    0.106889052    1.072604620 -148.574095195 -3926.232601677 -552.605066478
    0.113951698    1.072604620 -173.298481928 -3023.946563686 -617.466057194
    0.121014344    1.072604620 -190.895938835 -1955.833668682 -651.297019580
    0.128076990    1.072604620 -201.146935801 -978.536141223 -653.221214650
    0.135139637    1.072604620 -205.328944420 -251.546049715 -624.464006226
    0.142202283    1.072604620 -205.339358058  206.992824835 -569.903067899
    0.149264929    1.072604620 -202.909245264  451.353824001 -502.700264397
    0.156327575    1.072604620 -199.301736040  551.213029049 -441.315629882
    0.163390221    1.072604620 -195.351352812  553.506139590 -402.665453046
    0.170452867    1.072604620 -191.687568371  470.513430107 -394.548959924
    0.177515513    1.072604620 -188.855180256  324.889864867 -412.361481919
    0.184578159    1.072604620 -187.090327569  178.061928965 -439.935297426
    0.191640805    1.072604620 -186.192025933   92.373053717 -460.277815886
    0.198703451    1.072604620 -185.510692593  123.374785818 -464.530165971
    0.205766097    1.072604620 -184.159274263  274.944155301 -453.518733829
    0.212828743    1.072604620 -181.488574128  482.935478936 -434.676493458
    0.219891389    1.072604620 -177.368399490  676.806549054 -415.968951137
    0.226954035    1.072604620 -172.047593993  821.386270351 -402.398662827
    0.234016681    1.072604620 -165.871158086  921.536696464 -395.514904739
    0.241079327    1.072604620 -159.096835554  994.054875591 -396.213251832
    0.248141973    1.072604620 -151.873214472 1049.135083707 -406.852799560
    0.255204619    1.072604620 -144.353675260 1072.491331493 -430.115278045
    0.262267265    1.072604620 -136.853752718 1039.879795222 -466.719629227
    0.269329911    1.072604620 -129.855016074  927.694050406 -514.603656888
    0.276392557    1.072604620 -123.945067796  736.435236529 -568.148635183
    0.283455203    1.072604620 -119.557671157  501.705782032 -619.048551622
    0.290517849    1.072604620 -116.852094308  267.409077339 -657.090844275
    0.297580495    1.072604620 -115.658474878   83.771220990 -676.979346270
    0.304643141    1.072604620 -115.432565101   -0.685512745 -675.747431892
    0.311705787    1.072604620 -115.408292976   26.518925197 -655.688812691
    0.318768433    1.072604620 -114.817543066  154.063914371 -623.801952316
    0.325831079    1.072604620 -113.084103745  342.456951532 -586.485137786
    0.332893725    1.072604620 -109.934594471  548.824434511 -550.101975684
    0.339956371    1.072604620 -105.366145935  741.392833966 -517.739172087
    0.347019017    1.072604620  -99.492589849  921.712369479 -488.619159521
    0.354081663    1.072604620  -92.313843486 1115.738199376 -458.416546608
    0.361144310    1.072604620  -83.636807990 1347.510561842 -421.532967838
    0.368206956    1.072604620  -73.228423151 1598.271115881 -374.404253491
    0.375269602    1.072604620  -61.172256553 1799.911453374 -316.318877812
    0.382332248    1.072604620  -48.135008524 1864.818577091 -251.013390789
    0.389394894    1.072604620  -35.264072073 1749.057567918 -185.558319337
    0.396457540    1.072604620  -23.823782820 1469.022138109 -126.756681696
    0.403520186    1.072604620  -14.725798789 1099.627181425  -79.146915755
    0.410582832    1.072604620   -8.278013868  733.178113186  -44.843678873
    0.417645478    1.072604620   -4.200427922  436.237194188  -22.701571743
    0.424708124    1.072604620   -1.899669287  230.458821329  -10.219230256
    0.431770770    1.072604620   -0.746572162  107.203212440   -4.120808353
    0.438833416    1.072604620   -0.243878173   42.099927700   -1.293776564
    0.445896062    1.072604620   -0.063364176   13.709920608   -0.211759800
    0.452958708    1.072604620   -0.011037779    2.963728670   -0.009627369
    0.460021354    1.072604620   -0.001266095    0.699792301   -0.000418541
    0.467084000    1.072604620   -0.000000000   -0.000000000   -0.000000000

    0.022137300    1.090251437   -0.000000000   -0.000000000   -0.000000000
    0.029199946    1.090251437   -0.001510754   -1.127924839   -0.007400381
    0.036262592    1.090251437   -0.069060432  -24.409218558   -0.196768528
    0.043325238    1.090251437   -0.455170912  -94.878532223   -0.820599587
    0.050387884    1.090251437   -1.618169866 -255.114835168   -3.252742399
    0.057450530    1.090251437   -4.438366917 -576.639645728   -7.473190881
    0.064513176    1.090251437  -10.316475174 -1129.879898218  -14.742057051
    0.071575822    1.090251437  -20.990103816 -1931.746190187  -25.559400518
    0.078638468    1.090251437  -38.014780011 -2903.043777905  -38.581969410
    0.085701114    1.090251437  -61.902357741 -3831.847274288  -49.369564215
    0.092763760    1.090251437  -91.366661356 -4434.874429232  -50.517076569
    0.099826406    1.090251437 -123.253549816 -4495.366057595  -35.751991488
    0.106889052    1.090251437 -153.471828065 -3971.601106423   -2.216490565
    0.113951698    1.090251437 -178.326310974 -3016.085879157   47.794723088
    0.121014344    1.090251437 -195.697066922 -1899.919025695  107.606783318
    0.128076990    1.090251437 -205.399742037 -880.268336008  170.921832714
    0.135139637    1.090251437 -208.748611866 -115.429612067  234.335912983
    0.142202283    1.090251437 -207.697107643  367.447303283  296.376704228
    0.149264929    1.090251437 -204.125514835  608.562459775  353.488733530
    0.156327575    1.090251437 -199.527075131  669.244058801  399.201735034
    0.163390221    1.090251437 -194.957833154  607.754490275  426.048287214
    0.170452867    1.090251437 -191.144021597  460.891001213  432.270549128
    0.177515513    1.090251437 -188.535115605  276.746999533  422.757970082
    0.184578159    1.090251437 -187.132083327  130.127459317  408.531800645
    0.191640805    1.090251437 -186.484615570   71.663214961  399.991486869
    0.198703451    1.090251437 -185.827246996  134.876285350  400.327462799
    0.205766097    1.090251437 -184.338799567  299.719745439  403.673611598
    0.212828743    1.090251437 -181.509115935  500.330522666  401.280962259
    0.219891389    1.090251437 -177.339152296  671.854275065  386.805459615
    0.226954035    1.090251437 -172.157254402  786.718573120  356.286937272
    0.234016681    1.090251437 -166.331344291  857.756130224  309.352899604
    0.241079327    1.090251437 -160.119010858  896.750775176  246.242232303
    0.248141973    1.090251437 -153.700393350  917.222241855  166.694542970
    0.255204619    1.090251437 -147.245165488  905.205728829   71.778917980
    0.262267265    1.090251437 -141.022569900  846.354427991  -33.622373348
    0.269329911    1.090251437 -135.429405736  726.028514133 -141.276786069
    0.276392557    1.090251437 -130.897344949  552.368904040 -240.397282031
    0.283455203    1.090251437 -127.681838830  358.694273198 -319.510911739
    0.290517849    1.090251437 -125.781049615  184.293055925 -370.701870708
    0.297580495    1.090251437 -124.937227316   67.784077041 -389.652379717
    0.304643141    1.090251437 -124.606717721   42.929571538 -379.559476590
    0.311705787    1.090251437 -124.118789684  110.395973059 -348.554841408
    0.318768433    1.090251437 -122.871341417  253.578855801 -307.985199752
    0.325831079    1.090251437 -120.451350849  434.925820329 -268.749811417
    0.332893725    1.090251437 -116.711329149  622.825943030 -239.058646808
    0.339956371    1.090251437 -111.692299801  795.396914284 -220.682224247
    0.347019017    1.090251437 -105.478409984  965.968077350 -210.519816182
    0.354081663    1.090251437  -97.966444147 1167.699079277 -201.954540290
    0.361144310    1.090251437  -88.864513916 1418.383472616 -188.767230077
    0.368206956    1.090251437  -77.878049814 1691.266834014 -168.052160809
    0.375269602    1.090251437  -65.096809938 1911.285938332 -141.185958347
    0.382332248    1.090251437  -51.240093441 1983.156145594 -110.835685156
    0.389394894    1.090251437  -37.554835417 1859.928660994  -81.046069796
    0.396457540    1.090251437  -25.389125872 1561.901620134  -55.383556866
    0.403520186    1.090251437  -15.708401777 1171.485065010  -35.170595510
    0.410582832    1.090251437   -8.837440594  781.876854865  -20.297769429
    0.417645478    1.090251437   -4.485400387  465.867887675  -10.537651334
    0.424708124    1.090251437   -2.026419760  246.424936831   -4.611786876
    0.431770770    1.090251437   -0.794901553  114.166222427   -1.704354485
    0.438833416    1.090251437   -0.260276888   45.120543708   -0.586931147
    0.445896062    1.090251437   -0.064816565   14.876232345   -0.079184530
    0.452958708    1.090251437   -0.010535675    3.157602233    0.056081899
    0.460021354    1.090251437   -0.001026967    0.658964481    0.026686269
    0.467084000    1.090251437   -0.000000000   -0.000000000   -0.000000000

    0.022137300    1.107898254   -0.000000000   -0.000000000   -0.000000000
    0.029199946    1.107898254   -0.001554479   -1.291280956   -0.001673528
    0.036262592    1.107898254   -0.069713778  -24.214626094    0.133702872
    0.043325238    1.107898254   -0.453723955  -95.282294968    0.982960951
    0.050387884    1.107898254   -1.623342324 -255.417152887    2.697678034
    0.057450530    1.107898254   -4.433072292 -573.403180278    7.923161509
    0.064513176    1.107898254  -10.268503269 -1120.205884791   19.747177909
    0.071575822    1.107898254  -20.832115244 -1908.660282865   42.397789056
    0.078638468    1.107898254  -37.612955102 -2854.131825692   82.074292929
    0.085701114    1.107898254  -61.015716448 -3740.593827911  145.980208433
    0.092763760    1.107898254  -89.647760349 -4289.032378507  238.709840995
    0.099826406    1.107898254 -120.305994798 -4293.440675040  359.014171613
    0.106889052    1.107898254 -148.939103783 -3727.648934572  499.656931353
    0.113951698    1.107898254 -172.000267470 -2757.355843239  648.053727368
    0.121014344    1.107898254 -187.581576645 -1657.437611474  785.825447576
    0.128076990    1.107898254 -195.705390095 -677.522733784  896.198218345
    0.135139637    1.107898254 -197.779254589   42.863653237  971.775801794
    0.142202283    1.107898254 -195.763174668  483.568003848 1013.784070441
    0.149264929    1.107898254 -191.503218747  687.405920055 1029.574814281
    0.156327575    1.107898254 -186.471633348  712.188030020 1028.231824265
    0.163390221    1.107898254 -181.732231233  613.657598971 1016.238283485
    0.170452867    1.107898254 -177.983410486  438.411175626  999.007147682
    0.177515513    1.107898254 -175.590628640  243.352115710  981.012833293
    0.184578159    1.107898254 -174.402802840  105.982432511  968.418444902
    0.191640805    1.107898254 -173.863690500   65.626481251  962.206226612
    0.198703451    1.107898254 -173.220928961  134.199543458  958.807151139
    0.205766097    1.107898254 -171.793794500  278.751386382  947.594365774
    0.212828743    1.107898254 -169.234667249  442.629360925  919.074003078
    0.219891389    1.107898254 -165.643880377  564.786049995  868.745347783
    0.226954035    1.107898254 -161.392390022  630.438253037  795.511191232
    0.234016681    1.107898254 -156.837927950  653.442026188  701.011019138
    0.241079327    1.107898254 -152.218283636  650.560505352  587.501688916
    0.248141973    1.107898254 -147.692273955  629.200789445  457.277969679
    0.255204619    1.107898254 -143.371451640  590.111081898  316.183976487
    0.262267265    1.107898254 -139.412096734  525.287646805  171.500028553
    0.269329911    1.107898254 -136.030083319  426.271945150   34.987844113
    0.276392557    1.107898254 -133.449122070  304.057003677  -81.566473282
    0.283455203    1.107898254 -131.723019933  186.942482966 -167.394111516
    0.290517849    1.107898254 -130.740413162   97.775290808 -218.139356209
    0.297580495    1.107898254 -130.205278948   65.314996296 -233.527500456
    0.304643141    1.107898254 -129.652206897  103.606994191 -219.603254909
    0.311705787    1.107898254 -128.591152131  207.072126445 -187.095665574
    0.318768433    1.107898254 -126.628320139  353.381996222 -148.758485326
    0.325831079    1.107898254 -123.567507855  512.229178742 -116.860485433
    0.332893725    1.107898254 -119.392824462  667.513175936  -97.392494473
    0.339956371    1.107898254 -114.169094369  811.516992727  -91.835288941
    0.347019017    1.107898254 -107.897832944  970.267719715  -93.971686093
    0.354081663    1.107898254 -100.350401389 1177.038091472  -96.481232567
    0.361144310    1.107898254  -91.120302651 1444.756077097  -92.490338954
    0.368206956    1.107898254  -79.878411322 1735.534922940  -81.150026045
    0.375269602    1.107898254  -66.751668528 1962.402848492  -64.977032350
    0.382332248    1.107898254  -52.515387460 2036.372954944  -48.458608272
    0.389394894    1.107898254  -38.474179019 1905.814295300  -34.080651744
    0.396457540    1.107898254  -26.017675688 1598.722199317  -23.465585915
    0.403520186    1.107898254  -16.115930188 1198.266177466  -15.867535573
    0.410582832    1.107898254   -9.081679913  801.093072470  -10.163594167
    0.417645478    1.107898254   -4.619048719  478.852744233   -6.003607147
    0.424708124    1.107898254   -2.087702311  254.627330853   -3.093999069
    0.431770770    1.107898254   -0.818169799  117.403687961   -1.288670838
    0.438833416    1.107898254   -0.268316956   46.162308815   -0.527746326
    0.445896062    1.107898254   -0.066741173   15.146199936   -0.179926182
    0.452958708    1.107898254   -0.009837497    3.427067863   -0.054710182
    0.460021354    1.107898254   -0.000380243    0.350357209    0.030387299
    0.467084000    1.107898254   -0.000000000   -0.000000000   -0.000000000

    0.022137300    1.125545070   -0.000000000   -0.000000000   -0.000000000
    0.029199946    1.125545070   -0.001415431   -1.377649909    0.014204814
    0.036262592    1.125545070   -0.064467821  -22.354600813    0.443347043
    0.043325238    1.125545070   -0.422699184  -89.374172410    2.470516084
    0.050387884    1.125545070   -1.526659423 -240.461300804    8.121167663
    0.057450530    1.125545070   -4.169110447 -538.539071896   21.612451833
    0.064513176    1.125545070   -9.645156051 -1050.919143584   49.972699536
    0.071575822    1.125545070  -19.547381046 -1786.868390920  101.380386411
    0.078638468    1.125545070  -35.219477238 -2658.648231024  185.602529316
    0.085701114    1.125545070  -56.939104127 -3458.171423042  309.249870752
    0.092763760    1.125545070  -83.278051772 -3924.785418734  471.336357795
    0.099826406    1.125545070 -111.119944214 -3864.321124707  664.522794662
    0.106889052    1.125545070 -136.586325461 -3269.131684603  874.442667813
    0.113951698    1.125545070 -156.468168248 -2325.362583228 1076.509820080
    0.121014344    1.125545070 -169.263128756 -1307.931072901 1244.790604120
    0.128076990    1.125545070 -175.331299130 -448.343732860 1358.774429396
    0.135139637    1.125545070 -176.234580140  146.220166863 1409.365608469
    0.142202283    1.125545070 -173.880154006  481.572568287 1401.732878311
    0.149264929    1.125545070 -169.892174151  619.994893272 1353.241043247
    0.156327575    1.125545070 -165.450959473  618.235563612 1286.556971208
    0.163390221    1.125545070 -161.393112784  517.813138667 1221.141563232
    0.170452867    1.125545070 -158.273740387  356.344676782 1166.559698619
    0.177515513    1.125545070 -156.375013600  187.825565742 1127.562152631
    0.184578159    1.125545070 -155.498144956   72.634019097 1103.093446173
    0.191640805    1.125545070 -155.141230544   44.681037183 1087.267770229
    0.198703451    1.125545070 -154.660159128  102.850695092 1071.662308797
    0.205766097    1.125545070 -153.571380456  209.804348475 1045.742505052
    0.212828743    1.125545070 -151.702254524  314.655582271  998.196167979
    0.219891389    1.125545070 -149.235787540  375.712542253  924.097143054
    0.226954035    1.125545070 -146.527705479  383.537267527  826.356427871
    0.234016681    1.125545070 -143.897700356  356.823561836  707.863731206
    0.241079327    1.125545070 -141.520048760  313.864140666  573.041768631
    0.248141973    1.125545070 -139.484374942  264.204192213  427.266384988
    0.255204619    1.125545070 -137.788025093  216.186840639  277.613820960
    0.262267265    1.125545070 -136.436910729  166.558407110  133.127060798
    0.269329911    1.125545070 -135.439820875  114.235332416    4.996556806
    0.276392557    1.125545070 -134.823419409   62.848699188  -96.993542333
    0.283455203    1.125545070 -134.508435322   29.884161077 -167.881261742
    0.290517849    1.125545070 -134.331496307   27.595679322 -206.966375818
    0.297580495    1.125545070 -134.019513681   69.811819068 -216.499640630
    0.304643141    1.125545070 -133.228116687  161.426157863 -204.142875303
    0.311705787    1.125545070 -131.651976043  290.388694019 -179.177437364
    0.318768433    1.125545070 -129.101972895  432.517492364 -151.032382580
    0.325831079    1.125545070 -125.570339450  565.576976166 -129.757602020
    0.332893725    1.125545070 -121.143980539  685.625290839 -119.903910227
    0.339956371    1.125545070 -115.889831226  804.388309886 -120.718080446
    0.347019017    1.125545070 -109.698081029  957.765069282 -125.931844522
    0.354081663    1.125545070 -102.201510354 1178.334970107 -127.814276999
    0.361144310    1.125545070  -92.883831916 1469.013514677 -120.487648057
    0.368206956    1.125545070  -81.407239141 1777.104815052 -104.165403966
    0.375269602    1.125545070  -67.960392853 2010.322938116  -82.855194910
    0.382332248    1.125545070  -53.403310700 2078.468785123  -61.248939960
    0.389394894    1.125545070  -39.098869447 1937.344878101  -43.745237276
    0.396457540    1.125545070  -26.452992015 1620.898743585  -30.685307863
    0.403520186    1.125545070  -16.418646013 1213.404697925  -21.730671745
    0.410582832    1.125545070   -9.286422030  813.832685609  -14.787590272
    0.417645478    1.125545070   -4.743664488  488.127060201   -9.204582731
    0.424708124    1.125545070   -2.156880327  260.861507280   -5.234170752
    0.431770770    1.125545070   -0.852113302  121.602755017   -2.790985872
    0.438833416    1.125545070   -0.282556519   47.995094523   -1.214349430
    0.445896062    1.125545070   -0.072119021   16.091312662   -0.486874587
    0.452958708    1.125545070   -0.012544185    3.456575547   -0.215987000
    0.460021354    1.125545070   -0.000000000   -0.000000000   -0.000000000
    0.467084000    1.125545070   -0.000000000   -0.000000000   -0.000000000

    0.022137300    1.143191887   -0.000000000   -0.000000000   -0.000000000
    0.029199946    1.143191887   -0.001094329   -1.101676452    0.027960497
    0.036262592    1.143191887   -0.054452907  -19.758616340    0.671034545
    0.043325238    1.143191887   -0.369372197  -78.507422944    3.537460170
    0.050387884    1.143191887   -1.343772915 -213.724395018   12.355435823
    0.057450530    1.143191887   -3.687936059 -477.710128473   32.352685300
    0.064513176    1.143191887   -8.545962188 -933.081286917   73.256637201
    0.071575822    1.143191887  -17.335709050 -1585.506526344  146.589691743
    0.078638468    1.143191887  -31.219133523 -2352.198322893  262.518508089
    0.085701114    1.143191887  -50.389588346 -3044.119629141  424.160603135
    0.092763760    1.143191887  -73.468250072 -3420.578135868  626.443241327
    0.099826406    1.143191887  -97.548303967 -3311.356786710  851.773746901
    0.106889052    1.143191887 -119.112369348 -2728.559154713 1074.424933724
    0.113951698    1.143191887 -135.421895102 -1865.399413411 1266.471879190
    0.121014344    1.143191887 -145.437846524 -989.201758073 1402.639128923
    0.128076990    1.143191887 -149.853362080 -303.590234358 1467.772162211
    0.135139637    1.143191887 -150.343785141  120.924401816 1459.895132497
    0.142202283    1.143191887 -148.666758438  324.557384335 1391.066747530
    0.149264929    1.143191887 -146.079116519  392.026098356 1284.479911497
    0.156327575    1.143191887 -143.305765818  383.539569283 1167.867669081
    0.163390221    1.143191887 -140.800150002  318.238853354 1062.392041231
    0.170452867    1.143191887 -138.923050029  208.146223681  980.455786682
    0.177515513    1.143191887 -137.881010366   91.002724341  926.227347818
    0.184578159    1.143191887 -137.551940226   11.608437840  891.315546596
    0.191640805    1.143191887 -137.556277364   -1.060801686  867.152998662
    0.198703451    1.143191887 -137.430225022   43.184235522  843.377202382
    0.205766097    1.143191887 -136.887560398  109.909947027  809.035112782
    0.212828743    1.143191887 -135.929047783  154.447975359  756.262912422
    0.219891389    1.143191887 -134.809310155  155.740647488  681.084674777
    0.226954035    1.143191887 -133.846037100  112.050916818  585.967136568
    0.234016681    1.143191887 -133.283882714   45.435648265  475.603545456
    0.241079327    1.143191887 -133.216939108  -26.290805859  353.832556652
    0.248141973    1.143191887 -133.625593515  -87.206944964  227.290537264
    0.255204619    1.143191887 -134.387366276 -125.227367192  102.825920631
    0.262267265    1.143191887 -135.343036541 -141.087462545  -10.990747445
    0.269329911    1.143191887 -136.341950929 -139.175388146 -106.527273846
    0.276392557    1.143191887 -137.256250056 -117.184072115 -175.922842660
    0.283455203    1.143191887 -137.957749183  -77.432062952 -219.536418623
    0.290517849    1.143191887 -138.308855702  -16.865861365 -239.439832632
    0.297580495    1.143191887 -138.106765789   78.622837895 -241.066171929
    0.304643141    1.143191887 -137.120589476  204.303114452 -230.817696361
    0.311705787    1.143191887 -135.170403304  348.140050818 -213.443687415
    0.318768433    1.143191887 -132.220998368  483.556752520 -196.285530040
    0.325831079    1.143191887 -128.391855329  597.965097088 -183.416187895
    0.332893725    1.143191887 -123.830467833  691.758062024 -177.485939916
    0.339956371    1.143191887 -118.595024706  795.539516119 -178.574860129
    0.347019017    1.143191887 -112.474985900  949.840326453 -181.092315946
    0.354081663    1.143191887 -104.973865820 1190.206662121 -179.097098672
    0.361144310    1.143191887  -95.484359414 1506.223479714 -167.650720693
    0.368206956    1.143191887  -83.668446895 1833.375362999 -146.893985827
    0.375269602    1.143191887  -69.788531791 2073.827391166 -120.541775730
    0.382332248    1.143191887  -54.796432381 2136.488120682  -94.061848067
    0.389394894    1.143191887  -40.118548139 1985.238456462  -70.600211596
    0.396457540    1.143191887  -27.180915815 1655.411377964  -51.052841728
    0.403520186    1.143191887  -16.933096554 1240.225587477  -36.023799386
    0.410582832    1.143191887   -9.635392717  834.717576771  -24.470217843
    0.417645478    1.143191887   -4.961419352  503.515664602  -15.262292721
    0.424708124    1.143191887   -2.280980279  271.222340563   -8.768227042
    0.431770770    1.143191887   -0.918455961  128.979893947   -4.714331329
    0.438833416    1.143191887   -0.313064509   52.718085902   -2.217469767
    0.445896062    1.143191887   -0.084718191   17.058199277   -0.908373602
    0.452958708    1.143191887   -0.017642750    4.465465682   -0.326929527
    0.460021354    1.143191887   -0.000714810    0.639101509   -0.097433985
    0.467084000    1.143191887   -0.000000000   -0.000000000   -0.000000000

    0.022137300    1.160838704   -0.000000000   -0.000000000   -0.000000000
    0.029199946    1.160838704   -0.000602583   -0.656645803    0.016525678
    0.036262592    1.160838704   -0.040465478  -15.747385383    0.889173961
    0.043325238    1.160838704   -0.299035375  -65.199264364    4.383001106
    0.050387884    1.160838704   -1.102669798 -176.677729080   14.638843262
    0.057450530    1.160838704   -3.052961958 -398.704600733   38.833983669
    0.064513176    1.160838704   -7.114518262 -781.326439761   87.255192011
    0.071575822    1.160838704  -14.486754118 -1332.020233261  172.509427912
    0.078638468    1.160838704  -26.164498128 -1980.955755899  304.033710073
    0.085701114    1.160838704  -42.305528358 -2561.362255046  481.781311377
    0.092763760    1.160838704  -61.703294141 -2870.456579918  691.148263206
    0.099826406    1.160838704  -81.856913321 -2763.419936656  903.721767431
    0.106889052    1.160838704  -99.784221451 -2258.186271644 1085.450511653
    0.113951698    1.160838704 -113.237804945 -1535.021794636 1209.592583912
    0.121014344    1.160838704 -121.534599423 -836.840500932 1261.440879513
    0.128076990    1.160838704 -125.518034586 -331.161386222 1241.679983312
    0.135139637    1.160838704 -126.771767641  -58.434302232 1163.767971485
    0.142202283    1.160838704 -126.754121798   44.246183170 1048.932191519
    0.149264929    1.160838704 -126.310095679   74.734276859  920.102664082
    0.156327575    1.160838704 -125.720230660   89.440162080  799.427668840
    0.163390221    1.160838704 -125.092014631   82.688259386  701.634784556
    0.170452867    1.160838704 -124.610363201   48.584310450  633.423008474
    0.177515513    1.160838704 -124.467283793  -10.343834035  591.443999479
    0.184578159    1.160838704 -124.709898996  -53.162173584  565.587719522
    0.191640805    1.160838704 -125.122414436  -56.221521669  546.187987795
    0.198703451    1.160838704 -125.427490763  -26.078061157  523.645976836
    0.205766097    1.160838704 -125.477889845    8.938068451  492.652748703
    0.212828743    1.160838704 -125.385254481    9.438317548  449.845002078
    0.219891389    1.160838704 -125.445480416  -34.124443146  393.635298309
    0.226954035    1.160838704 -125.946767202 -112.271409073  325.489923109
    0.234016681    1.160838704 -127.066919680 -205.680750687  247.811099443
    0.241079327    1.160838704 -128.843917487 -293.715972515  163.909316199
    0.248141973    1.160838704 -131.148888232 -352.642534622   77.781643490
    0.255204619    1.160838704 -133.743035165 -374.957747494   -4.123817271
    0.262267265    1.160838704 -136.346761843 -355.819145248  -76.694908874
    0.269329911    1.160838704 -138.684108232 -299.466185453 -133.062254651
    0.276392557    1.160838704 -140.514701977 -215.659155204 -168.120608209
    0.283455203    1.160838704 -141.723435318 -125.036302911 -183.475635847
    0.290517849    1.160838704 -142.248507689  -21.899319463 -184.100188052
    0.297580495    1.160838704 -141.985877814   98.564638957 -175.868231332
    0.304643141    1.160838704 -140.807936966  238.141904442 -164.656683075
    0.311705787    1.160838704 -138.614721989  382.355415745 -154.156114644
    0.318768433    1.160838704 -135.444596362  511.389507307 -145.667092356
    0.325831079    1.160838704 -131.449451455  615.040392213 -140.150289270
    0.332893725    1.160838704 -126.822893906  694.147950087 -139.106056415
    0.339956371    1.160838704 -121.610087832  788.050842385 -141.553091253
    0.347019017    1.160838704 -115.531175536  947.581261780 -144.392318996
    0.354081663    1.160838704 -107.991797693 1204.218549155 -143.869251204
    0.361144310    1.160838704  -98.327171637 1541.760520612 -137.114544881
    0.368206956    1.160838704  -86.190632307 1887.467195605 -123.734957845
    0.375269602    1.160838704  -71.893447724 2135.610065686 -105.672249704
    0.382332248    1.160838704  -56.478421833 2194.626660225  -86.812178708
    0.389394894    1.160838704  -41.414887335 2035.879932522  -69.140551155
    0.396457540    1.160838704  -28.146761209 1698.151130346  -53.198009319
    0.403520186    1.160838704  -17.624403392 1275.045931596  -38.788934536
    0.410582832    1.160838704  -10.103985033  863.218180471  -26.588700431
    0.417645478    1.160838704   -5.256597927  525.078997027  -16.981218900
    0.424708124    1.160838704   -2.454866708  284.591191641  -10.252403559
    0.431770770    1.160838704   -1.013987334  136.655870095   -5.716405837
    0.438833416    1.160838704   -0.357979946   58.150057002   -2.704974721
    0.445896062    1.160838704   -0.103538532   19.721832761   -1.150287989
    0.452958708    1.160838704   -0.023984169    5.605191708   -0.401153918
    0.460021354    1.160838704   -0.002799696    1.225857176   -0.134923209
    0.467084000    1.160838704   -0.000000000   -0.000000000   -0.000000000

    0.022137300    1.178485521   -0.000000000   -0.000000000   -0.000000000
    0.029199946    1.178485521   -0.000269752   -0.286370231    0.016666288
    0.036262592    1.178485521   -0.025338779  -10.520469552    0.789764276
    0.043325238    1.178485521   -0.217543399  -50.216179429    4.739053596
    0.050387884    1.178485521   -0.839242038 -136.195099067   15.025064048
    0.057450530    1.178485521   -2.350511711 -310.787303475   39.850817749
    0.064513176    1.178485521   -5.534763211 -615.207706725   89.701323163
    0.071575822    1.178485521  -11.379087012 -1060.639273381  175.822817399
    0.078638468    1.178485521  -20.722178059 -1590.705402829  306.224039600
    0.085701114    1.178485521  -33.759293104 -2080.435919296  476.338356308
    0.092763760    1.178485521  -49.629614371 -2366.326551478  662.291063677
    0.099826406    1.178485521  -66.413060914 -2328.665346870  827.323427194
    0.106889052    1.178485521  -81.764666197 -1974.095999470  933.777578964
    0.113951698    1.178485521  -93.879795595 -1442.875172056  959.623255503
    0.121014344    1.178485521 -102.182565890 -925.454923489  906.809271776
    0.128076990    1.178485521 -107.312969257 -557.483854234  798.334972655
    0.135139637    1.178485521 -110.464388143 -359.408561295  666.428249295
    0.142202283    1.178485521 -112.635616896 -266.482050684  539.797652378
    0.149264929    1.178485521 -114.286476520 -199.926310808  439.438542604
    0.156327575    1.178485521 -115.430313045 -123.062490329  371.631404436
    0.163390221    1.178485521 -116.048424170  -55.324567545  336.255981735
    0.170452867    1.178485521 -116.315671392  -29.046944754  325.583435128
    0.177515513    1.178485521 -116.559930290  -45.610095822  329.034158790
    0.184578159    1.178485521 -116.998635555  -76.902099212  335.724120246
    0.191640805    1.178485521 -117.590547534  -86.540170026  336.556527154
    0.198703451    1.178485521 -118.179555927  -76.703249036  329.061212429
    0.205766097    1.178485521 -118.667334726  -64.886730520  311.578605996
    0.212828743    1.178485521 -119.172103280  -85.645000736  287.130496634
    0.219891389    1.178485521 -119.979995711 -150.422680453  259.013803837
    0.226954035    1.178485521 -121.366245197 -246.163118367  227.609942812
    0.234016681    1.178485521 -123.485905956 -353.227436283  192.110742519
    0.241079327    1.178485521 -126.337823806 -449.913902441  153.799007619
    0.248141973    1.178485521 -129.752903850 -509.612202605  113.285724886
    0.255204619    1.178485521 -133.422813685 -519.740691627   71.723779876
    0.262267265    1.178485521 -136.979118630 -476.536253330   34.394399364
    0.269329911    1.178485521 -140.013198943 -375.258822701    9.419521683
    0.276392557    1.178485521 -142.224348512 -248.801975733   -1.027496779
    0.283455203    1.178485521 -143.525830950 -120.643802625    1.428903255
    0.290517849    1.178485521 -143.946228999    2.824667957   12.814269474
    0.297580495    1.178485521 -143.485819036  128.733326015   25.515634848
    0.304643141    1.178485521 -142.116905827  260.163253163   35.268575198
    0.311705787    1.178485521 -139.795400497  395.488379998   38.588448489
    0.318768433    1.178485521 -136.558741525  517.315156372   36.927311691
    0.325831079    1.178485521 -132.557262549  610.455331313   31.061721721
    0.332893725    1.178485521 -127.989328842  682.249393530   22.201480520
    0.339956371    1.178485521 -122.878509451  773.216307257   12.174138390
    0.347019017    1.178485521 -116.905607030  934.775187540    1.865924894
    0.354081663    1.178485521 -109.431342461 1199.467615315   -6.687284457
    0.361144310    1.178485521  -99.758128113 1549.398379816  -13.218319496
    0.368206956    1.178485521  -87.529915544 1905.734543798  -16.811187396
    0.375269602    1.178485521  -73.083450163 2158.395736167  -19.190747431
    0.382332248    1.178485521  -57.503290075 2217.469294375  -20.577882960
    0.389394894    1.178485521  -42.279917507 2058.054624421  -21.640171467
    0.396457540    1.178485521  -28.854045134 1721.082142105  -21.381789526
    0.403520186    1.178485521  -18.170567941 1298.935350199  -18.760386170
    0.410582832    1.178485521  -10.490780230  883.631747195  -14.592301227
    0.417645478    1.178485521   -5.511570880  540.870344142  -10.436974513
    0.424708124    1.178485521   -2.613426219  297.011156615   -7.031093136
    0.431770770    1.178485521   -1.103990010  145.234147166   -4.094180059
    0.438833416    1.178485521   -0.403095445   62.236196350   -2.212292929
    0.445896062    1.178485521   -0.123172033   22.666385183   -0.938431116
    0.452958708    1.178485521   -0.031358820    6.480587957   -0.351047697
    0.460021354    1.178485521   -0.005068152    1.724042330   -0.118211418
    0.467084000    1.178485521   -0.000000000   -0.000000000   -0.000000000

    0.022137300    1.196132338   -0.000000000   -0.000000000   -0.000000000
    0.029199946    1.196132338   -0.000001614   -0.059803563    0.006158802
    0.036262592    1.196132338   -0.013233060   -5.969024018    0.565969652
    0.043325238    1.196132338   -0.136383789  -34.095404924    4.245783857
    0.050387884    1.196132338   -0.580448854  -98.523426514   14.055111266
    0.057450530    1.196132338   -1.675855064 -225.989572241   36.039740728
    0.064513176    1.196132338   -4.016997145 -456.589355334   80.621483840
    0.071575822    1.196132338   -8.404929875 -804.979045423  158.180137564
    0.078638468    1.196132338  -15.572239681 -1234.067332873  272.107406394
    0.085701114    1.196132338  -25.834185575 -1663.134222781  413.821562843
    0.092763760    1.196132338  -38.788138313 -1975.060523904  555.890996014
    0.099826406    1.196132338  -53.210114002 -2067.570319781  657.698033443
    0.106889052    1.196132338  -67.419982577 -1920.001608146  681.585263926
    0.113951698    1.196132338  -79.932174914 -1604.492825959  614.813506858
    0.121014344    1.196132338  -89.988092143 -1245.178776697  474.673493850
    0.128076990    1.196132338  -97.632327528 -932.459335822  305.205854113
    0.135139637    1.196132338 -103.337033328 -693.801534131  154.234726323
    0.142202283    1.196132338 -107.544739135 -500.939093815   55.116457769
    0.149264929    1.196132338 -110.432187292 -317.474387196   18.262702775
    0.156327575    1.196132338 -112.036628497 -139.159949920   36.454077872
    0.163390221    1.196132338 -112.496170555   -1.830650714   91.073696554
    0.170452867    1.196132338 -112.254194097   56.071934302  160.141122366
    0.177515513    1.196132338 -111.896737130   35.192183944  224.659379523
    0.184578159    1.196132338 -111.843236690  -21.589780658  273.611001505
    0.191640805    1.196132338 -112.173746841  -67.265813929  302.946758976
    0.198703451    1.196132338 -112.729112479  -85.985240272  314.498101040
    0.205766097    1.196132338 -113.363049810  -94.419189571  316.129812521
    0.212828743    1.196132338 -114.107349378 -121.805529029  313.221141033
    0.219891389    1.196132338 -115.175431281 -187.627180604  310.408400765
    0.226954035    1.196132338 -116.829349506 -285.596523236  309.076669658
    0.234016681    1.196132338 -119.247912082 -398.609454810  307.830366123
    0.241079327    1.196132338 -122.441805047 -502.329206465  304.270354256
    0.248141973    1.196132338 -126.264362588 -572.524203284  295.753254074
    0.255204619    1.196132338 -130.404152842 -589.296450492  281.382908044
    0.262267265    1.196132338 -134.397764975 -529.332428316  266.371128118
    0.269329911    1.196132338 -137.712772000 -402.349175701  257.019046787
    0.276392557    1.196132338 -140.008603507 -246.093081536  255.739419141
    0.283455203    1.196132338 -141.205943415  -95.244672327  263.423318501
    0.290517849    1.196132338 -141.400285310   36.615861201  275.668137973
    0.297580495    1.196132338 -140.727318932  152.749903050  285.622242002
    0.304643141    1.196132338 -139.250859731  265.680780816  286.528342768
    0.311705787    1.196132338 -136.968180524  380.316179966  278.190210939
    0.318768433    1.196132338 -133.891986854  487.917101414  260.684348275
    0.325831079    1.196132338 -130.136074034  571.522211314  237.969614465
    0.332893725    1.196132338 -125.852366880  641.889321336  214.424907662
    0.339956371    1.196132338 -121.026424154  733.612466980  191.832187302
    0.347019017    1.196132338 -115.319895413  898.663783794  172.281757529
    0.354081663    1.196132338 -108.086315596 1167.581990755  155.035650249
    0.361144310    1.196132338  -98.622597007 1521.131568416  139.535774052
    0.368206956    1.196132338  -86.590852583 1877.394804710  122.743506138
    0.375269602    1.196132338  -72.355009546 2127.646481311  103.086829969
    0.382332248    1.196132338  -56.993062618 2186.684555746   81.011014387
    0.389394894    1.196132338  -41.986610406 2028.978946150   58.147539176
    0.396457540    1.196132338  -28.739792716 1700.297268335   37.510408217
    0.403520186    1.196132338  -18.167630649 1286.989004053   21.587413156
    0.410582832    1.196132338  -10.541823658  879.493407101   10.437058809
    0.417645478    1.196132338   -5.578746773  540.810045862    4.002881281
    0.424708124    1.196132338   -2.675943612  298.718540808    0.795938654
    0.431770770    1.196132338   -1.145075611  147.741947114   -0.375242290
    0.438833416    1.196132338   -0.428526338   64.420360450   -0.472515496
    0.445896062    1.196132338   -0.135453740   24.323092650   -0.338453499
    0.452958708    1.196132338   -0.035780518    7.165383191   -0.127814847
    0.460021354    1.196132338   -0.006606091    1.976962295   -0.050961612
    0.467084000    1.196132338   -0.000000000   -0.000000000   -0.000000000

    0.022137300    1.213779155   -0.000000000   -0.000000000   -0.000000000
    0.029199946    1.213779155   -0.000000000   -0.000000000   -0.000000000
    0.036262592    1.213779155   -0.005389429   -2.740711408    0.340336459
    0.043325238    1.213779155   -0.071785971  -19.836107461    3.008743609
    0.050387884    1.213779155   -0.352091728  -65.120116276   11.529345107
    0.057450530    1.213779155   -1.095635914 -155.766312951   29.355712055
    0.064513176    1.213779155   -2.732746844 -322.859649476   64.377015448
    0.071575822    1.213779155   -5.891826470 -588.552843175  124.989136055
    0.078638468    1.213779155  -11.265737026 -945.885203080  212.920455009
    0.085701114    1.213779155  -19.363814307 -1349.460445166  316.103738114
    0.092763760    1.213779155  -30.259120860 -1723.310008440  407.401636199
    0.099826406    1.213779155  -43.428133872 -1979.666357859  450.289627161
    0.106889052    1.213779155  -57.800619075 -2058.710466675  412.666566146
    0.113951698    1.213779155  -72.068933566 -1952.474731094  288.268934353
    0.121014344    1.213779155  -85.033541717 -1699.653588954  106.988174388
    0.128076990    1.213779155  -95.874840197 -1360.106103134  -78.190218267
    0.135139637    1.213779155 -104.155409548 -982.790562295 -214.466207557
    0.142202283    1.213779155 -109.738606939 -599.347166346 -269.835633273
    0.149264929    1.213779155 -112.667743632 -235.538699576 -237.955109245
    0.156327575    1.213779155 -113.205904929   68.070247231 -141.336973764
    0.163390221    1.213779155 -111.984978651  255.537726237  -13.118750409
    0.170452867    1.213779155 -109.930514694  303.225977951  116.698947291
    0.177515513    1.213779155 -107.987680479  233.231953702  228.281563247
    0.184578159    1.213779155 -106.755326733  113.838153189  310.475759292
    0.191640805    1.213779155 -106.336723184   11.542030245  364.589089611
    0.198703451    1.213779155 -106.497380297  -48.918600534  397.186934576
    0.205766097    1.213779155 -106.949617864  -76.950029477  414.702932252
    0.212828743    1.213779155 -107.596757053 -109.994933928  426.542751093
    0.219891389    1.213779155 -108.577194673 -172.228066390  437.493667331
    0.226954035    1.213779155 -110.106858244 -266.144541087  450.430942135
    0.234016681    1.213779155 -112.383802678 -379.849723570  464.626225102
    0.241079327    1.213779155 -115.484595590 -495.547678511  474.878922425
    0.248141973    1.213779155 -119.326444283 -585.912873350  476.784919440
    0.255204619    1.213779155 -123.602561966 -611.863696761  473.530072725
    0.262267265    1.213779155 -127.768953981 -552.061257536  465.920898532
    0.269329911    1.213779155 -131.220799099 -414.795881764  457.884414172
    0.276392557    1.213779155 -133.536303783 -238.816789829  455.601385238
    0.283455203    1.213779155 -134.627670618  -72.881975106  460.109884400
    0.290517849    1.213779155 -134.658141427   58.426007598  466.017487099
    0.297580495    1.213779155 -133.888124913  154.279251177  465.810595639
    0.304643141    1.213779155 -132.501992340  237.493489161  454.116136755
    0.311705787    1.213779155 -130.513533399  325.885930784  428.817854183
    0.318768433    1.213779155 -127.908082456  412.343414983  393.820767083
    0.325831079    1.213779155 -124.706210711  491.936884098  354.810712839
    0.332893725    1.213779155 -120.964887968  568.866865446  318.089448470
    0.339956371    1.213779155 -116.614399442  672.776319699  288.573227900
    0.347019017    1.213779155 -111.284310594  853.068001505  268.351334100
    0.354081663    1.213779155 -104.332684931 1131.779332187  256.252101884
    0.361144310    1.213779155  -95.118479318 1485.052993610  246.116550129
    0.368206956    1.213779155  -83.378154055 1830.553177860  233.547668162
    0.375269602    1.213779155  -69.526826682 2065.050277713  211.969406246
    0.382332248    1.213779155  -54.658073522 2111.125679955  181.099830210
    0.389394894    1.213779155  -40.194926979 1951.286611393  143.814210330
    0.396457540    1.213779155  -27.480598700 1628.511295111  104.805913155
    0.403520186    1.213779155  -17.366586914 1229.585075545   69.157527056
    0.410582832    1.213779155  -10.087462546  839.385133857   41.447033551
    0.417645478    1.213779155   -5.349437603  516.434300885   22.379576953
    0.424708124    1.213779155   -2.572307691  285.266113180   10.896270017
    0.431770770    1.213779155   -1.109049116  142.465391469    4.683584568
    0.438833416    1.213779155   -0.417602754   62.564184206    1.776415535
    0.445896062    1.213779155   -0.133699494   23.310697159    0.507647796
    0.452958708    1.213779155   -0.035410614    7.104719153    0.170007074
    0.460021354    1.213779155   -0.006760299    2.002728260    0.034024608
    0.467084000    1.213779155   -0.000000000   -0.000000000   -0.000000000

    0.022137300    1.231425972   -0.000000000   -0.000000000   -0.000000000
    0.029199946    1.231425972   -0.000000000   -0.000000000   -0.000000000
    0.036262592    1.231425972   -0.000957588   -0.687106896    0.119459025
    0.043325238    1.231425972   -0.030660768   -9.316757258    1.674962508
    0.050387884    1.231425972   -0.180926944  -37.480820482    7.742920587
    0.057450530    1.231425972   -0.646051878 -101.949994409   21.410178568
    0.064513176    1.231425972   -1.755966550 -223.702493257   46.420282848
    0.071575822    1.231425972   -4.016861725 -432.302495051   87.687687798
    0.078638468    1.231425972   -8.100523969 -741.559389843  145.929922231
    0.085701114    1.231425972  -14.719364141 -1144.222769169  211.867487750
    0.092763760    1.231425972  -24.381806251 -1594.252306033  262.491559054
    0.099826406    1.231425972  -37.165620598 -2012.907009855  267.687703863
    0.106889052    1.231425972  -52.497903884 -2298.216258174  203.865618173
    0.113951698    1.231425972  -69.102348998 -2361.957596196   71.962172491
    0.121014344    1.231425972  -85.245337748 -2166.772571137  -97.505792088
    0.128076990    1.231425972  -99.171539560 -1743.577668438 -254.772341108
    0.135139637    1.231425972 -109.531410161 -1173.660732983 -350.338515745
    0.142202283    1.231425972 -115.651289539 -561.118184100 -359.523074450
    0.149264929    1.231425972 -117.601780769   -8.176886195 -287.766517648
    0.156327575    1.231425972 -116.103606900  403.476933329 -162.522490499
    0.163390221    1.231425972 -112.358193664  621.389860113  -15.466566611
    0.170452867    1.231425972 -107.811169933  635.420656733  127.518216492
    0.177515513    1.231425972 -103.748471762  496.717445119  248.923381944
    0.184578159    1.231425972 -100.926473219  301.643157965  341.870272590
    0.191640805    1.231425972  -99.425136585  132.210138245  406.488503453
    0.198703451    1.231425972  -98.913413662   23.256101011  447.410331780
    0.205766097    1.231425972  -98.971118969  -34.702239826  472.897569279
    0.212828743    1.231425972  -99.362450135  -77.562376045  489.105573246
    0.219891389    1.231425972 -100.104174416 -138.238401743  502.802116448
    0.226954035    1.231425972 -101.388958287 -230.829188106  515.037584088
    0.234016681    1.231425972 -103.435008694 -351.250483397  524.691724424
    0.241079327    1.231425972 -106.389065939 -484.134978422  529.251316285
    0.248141973    1.231425972 -110.210543439 -589.533467099  528.541981597
    0.255204619    1.231425972 -114.566221849 -630.462907909  520.918015418
    0.262267265    1.231425972 -118.891039510 -577.657705613  510.457304566
    0.269329911    1.231425972 -122.505990054 -433.203425246  500.919649972
    0.276392557    1.231425972 -124.897467042 -242.399466299  495.306326894
    0.283455203    1.231425972 -125.961818325  -66.492486386  493.853273380
    0.290517849    1.231425972 -125.968350364   54.182360358  489.219797207
    0.297580495    1.231425972 -125.317073327  124.325701767  475.618827738
    0.304643141    1.231425972 -124.261398102  174.041536816  449.587166366
    0.311705787    1.231425972 -122.837140318  231.471397312  412.637870762
    0.318768433    1.231425972 -120.948405433  306.386278342  369.470648626
    0.325831079    1.231425972 -118.490083650  390.042740424  327.877355627
    0.332893725    1.231425972 -115.397995669  488.010771948  295.180989977
    0.339956371    1.231425972 -111.504108660  623.974670121  276.113743105
    0.347019017    1.231425972 -106.408634446  833.919706627  272.545916415
    0.354081663    1.231425972  -99.519093356 1131.113295685  280.094513357
    0.361144310    1.231425972  -90.300392874 1483.137222008  291.806535303
    0.368206956    1.231425972  -78.637208131 1806.513959754  297.933182950
    0.375269602    1.231425972  -65.068004583 2007.085932038  288.563120001
    0.382332248    1.231425972  -50.730358972 2020.220905935  259.878810225
    0.389394894    1.231425972  -36.997164563 1839.130479623  215.063394170
    0.396457540    1.231425972  -25.100170987 1512.688495117  162.345007499
    0.403520186    1.231425972  -15.758247239 1129.800749417  111.462126237
    0.410582832    1.231425972   -9.098159422  764.713910008   69.796137073
    0.417645478    1.231425972   -4.797752829  466.713438199   39.367523542
    0.424708124    1.231425972   -2.294739250  256.781916621   20.171758853
    0.431770770    1.231425972   -0.983378502  127.239948115    9.384653696
    0.438833416    1.231425972   -0.367114144   55.144254188    3.808552177
    0.445896062    1.231425972   -0.117970663   20.722597888    1.247249132
    0.452958708    1.231425972   -0.030512030    6.391966673    0.394535347
    0.460021354    1.231425972   -0.005476985    1.792354187    0.107061792
    0.467084000    1.231425972   -0.000000000   -0.000000000   -0.000000000

    0.022137300    1.249072789   -0.000000000   -0.000000000   -0.000000000
    0.029199946    1.249072789   -0.000000000   -0.000000000   -0.000000000
    0.036262592    1.249072789   -0.000071047   -0.093456986    0.016841935
    0.043325238    1.249072789   -0.009305697   -3.974596647    0.873612058
    0.050387884    1.249072789   -0.076945346  -18.399900811    4.155219221
    0.057450530    1.249072789   -0.342471752  -63.107454958   13.108940325
    0.064513176    1.249072789   -1.088589422 -159.147985450   29.402346592
    0.071575822    1.249072789   -2.773041378 -333.059082149   54.399885134
    0.078638468    1.249072789   -6.052684208 -615.961390329   88.856558830
    0.085701114    1.249072789  -11.771496760 -1024.611997746  126.206820314
    0.092763760    1.249072789  -20.781983105 -1540.487963915  152.663541871
    0.099826406    1.249072789  -33.608540262 -2086.541624866  147.062773116
    0.106889052    1.249072789  -49.997781657 -2523.704101038   96.420793707
    0.113951698    1.249072789  -68.637981891 -2701.340240882    4.094293986
    0.121014344    1.249072789  -87.310086105 -2525.378978331 -107.399625111
    0.128076990    1.249072789 -103.491247795 -2007.053441655 -202.618575370
    0.135139637    1.249072789 -115.114766372 -1260.261460564 -250.558573313
    0.142202283    1.249072789 -121.163913618 -457.138113472 -237.467236530
    0.149264929    1.249072789 -121.828002932  240.549831929 -170.145025435
    0.156327575    1.249072789 -118.269702328  725.842603775  -70.634209742
    0.163390221    1.249072789 -112.198055289  950.002220015   37.830916528
    0.170452867    1.249072789 -105.438247676  928.191300558  138.201597007
    0.177515513    1.249072789  -99.482891483  737.691060298  226.026539988
    0.184578159    1.249072789  -95.162205771  483.971758916  297.178720176
    0.191640805    1.249072789  -92.583001337  256.772895879  350.912542004
    0.198703451    1.249072789  -91.360866209  100.991916301  388.057994671
    0.205766097    1.249072789  -90.984116284   13.392211501  411.171049612
    0.212828743    1.249072789  -91.107623543  -46.407849641  423.841077804
    0.219891389    1.249072789  -91.669258284 -116.208051623  429.796031336
    0.226954035    1.249072789  -92.833365878 -218.192413015  430.293215363
    0.234016681    1.249072789  -94.820451450 -348.118408556  427.876318275
    0.241079327    1.249072789  -97.782633752 -491.333681549  420.588697637
    0.248141973    1.249072789 -101.702743054 -610.846298269  410.092712747
    0.255204619    1.249072789 -106.241180532 -658.339963281  399.177171241
    0.262267265    1.249072789 -110.749539204 -601.673767986  391.035845848
    0.269329911    1.249072789 -114.496666886 -446.613958078  386.397746010
    0.276392557    1.249072789 -116.967411481 -251.311550114  383.373363173
    0.283455203    1.249072789 -118.104245781  -80.226114423  378.024645270
    0.290517849    1.249072789 -118.272865798   20.621952794  364.869208077
    0.297580495    1.249072789 -117.956341509   62.284467143  342.137894388
    0.304643141    1.249072789 -117.431141810   87.150743698  311.271429572
    0.311705787    1.249072789 -116.670319322  133.840402564  277.148525394
    0.318768433    1.249072789 -115.460846220  213.983257549  247.200741611
    0.325831079    1.249072789 -113.583533729  321.613992174  227.177877490
    0.332893725    1.249072789 -110.863789702  453.718641241  220.708712663
    0.339956371    1.249072789 -107.071047887  629.633766338  230.824016481
    0.347019017    1.249072789 -101.799764830  875.792170489  256.949991992
    0.354081663    1.249072789  -94.526857379 1194.193469663  291.919646377
    0.361144310    1.249072789  -84.871694381 1538.376282677  327.218192037
    0.368206956    1.249072789  -72.937514687 1824.125221669  349.232727777
    0.375269602    1.249072789  -59.449992315 1965.925978613  346.766003489
    0.382332248    1.249072789  -45.611860952 1921.101879317  316.865755324
    0.389394894    1.249072789  -32.732489123 1701.328487105  264.804010471
    0.396457540    1.249072789  -21.857974550 1365.976414093  201.764987275
    0.403520186    1.249072789  -13.515664241  997.264171528  139.917210959
    0.410582832    1.249072789   -7.688008000  661.927057566   88.275460150
    0.417645478    1.249072789   -3.995508796  397.489916169   50.359234411
    0.424708124    1.249072789   -1.880357195  214.615479013   25.975531681
    0.431770770    1.249072789   -0.790568620  103.918794067   12.016286554
    0.438833416    1.249072789   -0.289670997   44.140881121    4.776132319
    0.445896062    1.249072789   -0.091350868   16.606687102    1.694136569
    0.452958708    1.249072789   -0.022766273    4.967619625    0.499915557
    0.460021354    1.249072789   -0.003190995    1.417127415    0.145185603
    0.467084000    1.249072789   -0.000000000   -0.000000000   -0.000000000

    0.022137300    1.266719606   -0.000000000   -0.000000000   -0.000000000
    0.029199946    1.266719606   -0.000000000   -0.000000000   -0.000000000
    0.036262592    1.266719606   -0.000000000   -0.000000000   -0.000000000
    0.043325238    1.266719606   -0.000640456   -0.635316830    0.159321734
    0.050387884    1.266719606   -0.024883617   -8.200839364    1.886494450
    0.057450530    1.266719606   -0.171378912  -39.835037552    6.624391882
    0.064513176    1.266719606   -0.704097253 -120.353345294   14.871324423
    0.071575822    1.266719606   -2.048670812 -276.030385320   28.949818873
    0.078638468    1.266719606   -4.870254177 -544.971456654   47.925241222
    0.085701114    1.266719606  -10.091402426 -958.442305709   68.501100773
    0.092763760    1.266719606  -18.747618935 -1512.651737893   84.398915493
    0.099826406    1.266719606  -31.609101223 -2129.394788401   87.512929091
    0.106889052    1.266719606  -48.587588789 -2645.785319661   73.685332299
    0.113951698    1.266719606  -68.312007436 -2878.633150700   44.607799649
    0.121014344    1.266719606  -88.270819978 -2700.568485471   11.806275992
    0.128076990    1.266719606 -105.499448487 -2119.552756338  -11.531815279
    0.135139637    1.266719606 -117.575137521 -1272.211009342  -16.112810406
    0.142202283    1.266719606 -123.349648380 -370.475735401   -0.863744242
    0.149264929    1.266719606 -123.133063657  395.811087485   28.637846657
    0.156327575    1.266719606 -118.361159818  906.597705836   62.544472805
    0.163390221    1.266719606 -111.012140428 1127.362861426   96.926735285
    0.170452867    1.266719606 -103.051520084 1089.712748411  129.226339879
    0.177515513    1.266719606  -96.029816073  878.617136460  161.528078375
    0.184578159    1.266719606  -90.798263306  600.121342478  192.995603675
    0.191640805    1.266719606  -87.484531124  346.986364831  222.387289104
    0.198703451    1.266719606  -85.717786432  166.386327241  247.864333955
    0.205766097    1.266719606  -84.977173607   51.552187610  265.131248307
    0.212828743    1.266719606  -84.917800200  -32.515192413  271.425059988
    0.219891389    1.266719606  -85.454209736 -121.964233423  267.563022350
    0.226954035    1.266719606  -86.709556012 -238.075959046  256.336356741
    0.234016681    1.266719606  -88.868517052 -377.112548744  240.810616387
    0.241079327    1.266719606  -92.054162208 -523.444360963  224.458946390
    0.248141973    1.266719606  -96.194323971 -639.935014461  211.640342905
    0.255204619    1.266719606 -100.899786786 -674.848666365  204.232503700
    0.262267265    1.266719606 -105.489208683 -606.290586861  203.758879254
    0.269329911    1.266719606 -109.251086668 -446.398156372  207.440991208
    0.276392557    1.266719606 -111.730455810 -255.394452112  210.424591160
    0.283455203    1.266719606 -112.955526092 -102.604042625  207.145489803
    0.290517849    1.266719606 -113.363930641  -25.612543667  194.968367445
    0.297580495    1.266719606 -113.435432803    0.076214610  175.844895330
    0.304643141    1.266719606 -113.377243894   20.971015428  156.590087450
    0.311705787    1.266719606 -113.038111941   83.740181482  146.235472192
    0.318768433    1.266719606 -112.076896128  195.977881349  150.623880532
    0.325831079    1.266719606 -110.195049063  341.786137440  173.559469920
    0.332893725    1.266719606 -107.198886528  512.341070453  213.094529109
    0.339956371    1.266719606 -102.870707158  721.656807619  264.295060823
    0.347019017    1.266719606  -96.868100557  987.793268138  320.152375645
    0.354081663    1.266719606  -88.797668524 1303.819936454  372.434592377
    0.361144310    1.266719606  -78.459347985 1616.727641453  410.694871139
    0.368206956    1.266719606  -66.164287254 1843.487434606  425.277079024
    0.375269602    1.266719606  -52.799924288 1911.634878969  409.669568745
    0.382332248    1.266719606  -39.592658976 1799.029405432  364.459875235
    0.389394894    1.266719606  -27.746654913 1535.987665449  297.577381491
    0.396457540    1.266719606  -18.085094868 1192.058360592  222.299698511
    0.403520186    1.266719606  -10.915608997  842.976306221  151.655186203
    0.410582832    1.266719606   -6.058968239  542.631906160   93.979878781
    0.417645478    1.266719606   -3.073723949  316.408755124   52.748619419
    0.424708124    1.266719606   -1.407408268  166.763336632   26.816974910
    0.431770770    1.266719606   -0.573925002   78.196729356   12.142137720
    0.438833416    1.266719606   -0.204504678   32.116310267    4.786500278
    0.445896062    1.266719606   -0.060935312   11.548862381    1.656556619
    0.452958708    1.266719606   -0.013683519    3.438363686    0.503094380
    0.460021354    1.266719606   -0.000828754    0.790100755    0.117818916
    0.467084000    1.266719606   -0.000000000   -0.000000000   -0.000000000

    0.022137300    1.284366423   -0.000000000   -0.000000000   -0.000000000
    0.029199946    1.284366423   -0.000000000   -0.000000000   -0.000000000
    0.036262592    1.284366423   -0.000000000   -0.000000000   -0.000000000
    0.043325238    1.284366423   -0.000000000   -0.000000000   -0.000000000
    0.050387884    1.284366423   -0.004863170   -2.799880372    0.503039597
    0.057450530    1.284366423   -0.099623730  -30.865041859    1.793774932
    0.064513176    1.284366423   -0.534802884 -101.975589364    5.049023741
    0.071575822    1.284366423   -1.707899565 -245.844521638   11.063688462
    0.078638468    1.284366423   -4.284850376 -506.972955166   20.107009055
    0.085701114    1.284366423   -9.225384211 -919.670300390   31.850078522
    0.092763760    1.284366423  -17.622929388 -1480.540417352   45.982716622
    0.099826406    1.284366423  -30.304461661 -2110.448642697   63.619112511
    0.106889052    1.284366423  -47.186245386 -2637.315465475   87.921955538
    0.113951698    1.284366423  -66.858805638 -2870.706955299  120.676449044
    0.121014344    1.284366423  -86.732258810 -2683.629346341  159.140689601
    0.128076990    1.284366423 -103.798250668 -2090.536430981  197.629302696
    0.135139637    1.284366423 -115.646674723 -1239.690838964  225.750639000
    0.142202283    1.284366423 -121.210453879 -346.606661600  233.270300651
    0.149264929    1.284366423 -120.883926323  402.830694219  217.803879321
    0.156327575    1.284366423 -116.120906906  899.088761610  184.871141353
    0.163390221    1.284366423 -108.840702368 1117.772932751  145.922047776
    0.170452867    1.284366423 -100.903962484 1094.613505322  114.056429424
    0.177515513    1.284366423  -93.768577005  905.122625361   98.187298159
    0.184578159    1.284366423  -88.287603711  643.583123486   97.366436637
    0.191640805    1.284366423  -84.645680372  395.257415788  105.702447789
    0.198703451    1.284366423  -82.569899687  201.947084165  114.461129956
    0.205766097    1.284366423  -81.650077118   64.153911420  117.001175631
    0.212828743    1.284366423  -81.592436196  -46.560363912  109.533737727
    0.219891389    1.284366423  -82.309262694 -157.741914490   93.136478616
    0.226954035    1.284366423  -83.852305001 -280.930373826   72.979523922
    0.234016681    1.284366423  -86.323333765 -419.724759398   54.780277747
    0.241079327    1.284366423  -89.781637765 -555.401246034   42.849707460
    0.248141973    1.284366423  -94.078793686 -651.660840839   40.411765231
    0.255204619    1.284366423  -98.789914291 -666.347360118   48.908646135
    0.262267265    1.284366423 -103.256935421 -581.917352826   65.014564792
    0.269329911    1.284366423 -106.826852872 -419.826975433   83.820704002
    0.276392557    1.284366423 -109.151254910 -242.597963444   98.854874373
    0.283455203    1.284366423 -110.365453467 -113.319269357  104.064711804
    0.290517849    1.284366423 -110.921783883  -54.739740683  100.654144307
    0.297580495    1.284366423 -111.222735944  -31.665314260   94.957116463
    0.304643141    1.284366423 -111.312110548   14.865211737   98.900862368
    0.311705787    1.284366423 -110.864722459  122.970749783  122.586126681
    0.318768433    1.284366423 -109.434869415  288.859528165  171.048303720
    0.325831079    1.284366423 -106.716967533  482.439237871  241.896051572
    0.332893725    1.284366423 -102.610552707  680.866898293  326.012307857
    0.339956371    1.284366423  -97.066508176  893.452050734  409.706564334
    0.347019017    1.284366423  -89.914438556 1137.920483860  480.669871608
    0.354081663    1.284366423  -80.927695888 1408.630458607  528.415176238
    0.361144310    1.284366423  -70.071719309 1655.390297268  544.881848413
    0.368206956    1.284366423  -57.776934493 1802.733884898  526.469699857
    0.375269602    1.284366423  -44.973950078 1793.939141894  475.762620105
    0.382332248    1.284366423  -32.825600944 1621.440094850  399.300854056
    0.389394894    1.284366423  -22.352882097 1330.691530514  310.059651719
    0.396457540    1.284366423  -14.136158276  994.005496307  221.805303138
    0.403520186    1.284366423   -8.267466027  675.881222923  145.793717242
    0.410582832    1.284366423   -4.444840341  418.226247512   87.164529097
    0.417645478    1.284366423   -2.179174524  235.173973097   47.548744961
    0.424708124    1.284366423   -0.958753428  119.083682019   23.394118232
    0.431770770    1.284366423   -0.375081491   53.119666317   10.208500557
    0.438833416    1.284366423   -0.126299104   21.233648273    4.009270455
    0.445896062    1.284366423   -0.034109914    6.946180855    1.335169806
    0.452958708    1.284366423   -0.005834208    1.744432881    0.360820388
    0.460021354    1.284366423   -0.000010542    0.141842728    0.027320879
    0.467084000    1.284366423   -0.000000000   -0.000000000   -0.000000000

    0.022137300    1.302013239   -0.000000000   -0.000000000   -0.000000000
    0.029199946    1.302013239   -0.000000000   -0.000000000   -0.000000000
    0.036262592    1.302013239   -0.000000000   -0.000000000   -0.000000000
    0.043325238    1.302013239   -0.000000000   -0.000000000   -0.000000000
    0.050387884    1.302013239   -0.003086943   -2.084910885   -0.117941286
    0.057450530    1.302013239   -0.095882340  -29.180263322   -1.147389091
    0.064513176    1.302013239   -0.504923675  -95.927687594   -1.209258738
    0.071575822    1.302013239   -1.622058468 -235.735591578   -0.529039322
    0.078638468    1.302013239   -4.110373666 -490.874982970    0.671542978
    0.085701114    1.302013239   -8.910307300 -894.530622864    4.796674253
    0.092763760    1.302013239  -17.084194847 -1438.388113657   15.323516074
    0.099826406    1.302013239  -29.353490971 -2033.132246478   42.485834142
    0.106889052    1.302013239  -45.543854430 -2517.569176120   92.873517717
    0.113951698    1.302013239  -64.236081004 -2715.667219273  166.539263919
    0.121014344    1.302013239  -82.967581991 -2520.908101557  251.742890890
    0.128076990    1.302013239  -98.981643097 -1962.914097962  327.923764348
    0.135139637    1.302013239 -110.176407125 -1186.546504835  372.706130136
    0.142202283    1.302013239 -115.690802565 -385.230628805  371.800112966
    0.149264929    1.302013239 -115.933139756  285.078567450  326.590420891
    0.156327575    1.302013239 -112.175489821  741.042331522  251.964724996
    0.163390221    1.302013239 -106.000096515  970.231991309  172.488695303
    0.170452867    1.302013239  -98.961411808  991.854096148  108.521232583
    0.177515513    1.302013239  -92.357352645  857.396682694   68.595191523
    0.184578159    1.302013239  -87.054880119  636.128587136   52.346768313
    0.191640805    1.302013239  -83.398193866  401.063383397   47.889655443
    0.198703451    1.302013239  -81.303605263  199.326558006   42.836382029
    0.205766097    1.302013239  -80.481872201   39.657053201   29.765675327
    0.212828743    1.302013239  -80.685678393  -94.523719386    7.708914936
    0.219891389    1.302013239  -81.785441754 -215.281879021  -18.145335005
    0.226954035    1.302013239  -83.709574140 -330.664578994  -40.359907920
    0.234016681    1.302013239  -86.458409744 -447.423917948  -52.147415976
    0.241079327    1.302013239  -90.006671439 -552.117652438  -49.209491326
    0.248141973    1.302013239  -94.162251014 -614.665308856  -29.903851739
    0.255204619    1.302013239  -98.522196447 -604.970378661    2.197523819
    0.262267265    1.302013239 -102.515814070 -510.918728323   40.036338843
    0.269329911    1.302013239 -105.599600149 -356.075159697   76.082901963
    0.276392557    1.302013239 -107.549352688 -201.751499118  103.514670218
    0.283455203    1.302013239 -108.569851838  -98.709301782  120.433765708
    0.290517849    1.302013239 -109.073398976  -51.071482472  130.133505730
    0.297580495    1.302013239 -109.304202155  -10.361219665  143.872717728
    0.304643141    1.302013239 -109.091803228   83.454621555  173.843489618
    0.311705787    1.302013239 -107.928099983  258.318173074  229.452220333
    0.318768433    1.302013239 -105.309687680  488.053280339  312.388428932
    0.325831079    1.302013239 -101.029922869  720.555702840  414.423300008
    0.332893725    1.302013239  -95.200661594  923.673436890  520.551308701
    0.339956371    1.302013239  -88.055325122 1098.324063151  613.608877770
    0.347019017    1.302013239  -79.685861661 1273.275375113  676.390449245
    0.354081663    1.302013239  -70.061417259 1451.370091615  698.136301856
    0.361144310    1.302013239  -59.247693094 1600.016266329  675.154008874
    0.368206956    1.302013239  -47.673950278 1657.842249237  611.424750607
    0.375269602    1.302013239  -36.151975523 1580.733672614  517.551880147
    0.382332248    1.302013239  -25.655063676 1373.170429222  408.004716790
    0.389394894    1.302013239  -16.942766228 1085.310574870  298.993942409
    0.396457540    1.302013239  -10.364140073  779.750191519  202.938135197
    0.403520186    1.302013239   -5.849687943  507.981510657  126.471247136
    0.410582832    1.302013239   -3.026661295  302.648269524   72.578110604
    0.417645478    1.302013239   -1.420019045  162.966932503   37.902009763
    0.424708124    1.302013239   -0.593352014   78.470848553   17.845357356
    0.431770770    1.302013239   -0.216357062   33.758746487    7.702092518
    0.438833416    1.302013239   -0.065012221   12.455975288    2.904074687
    0.445896062    1.302013239   -0.014341307    3.858053312    0.922801831
    0.452958708    1.302013239   -0.000779232    0.700058613    0.180153540
    0.460021354    1.302013239   -0.000000000   -0.000000000   -0.000000000
    0.467084000    1.302013239   -0.000000000   -0.000000000   -0.000000000

    0.022137300    1.319660056   -0.000000000   -0.000000000   -0.000000000
    0.029199946    1.319660056   -0.000000000   -0.000000000   -0.000000000
    0.036262592    1.319660056   -0.000000000   -0.000000000   -0.000000000
    0.043325238    1.319660056   -0.000000000   -0.000000000   -0.000000000
    0.050387884    1.319660056   -0.010428066   -5.945384351   -0.688866400
    0.057450530    1.319660056   -0.131157988  -32.697228485   -2.543848296
    0.064513176    1.319660056   -0.566247196  -99.184240925   -5.401544089
    0.071575822    1.319660056   -1.709081967 -240.637319984   -8.976878853
    0.078638468    1.319660056   -4.234342171 -496.235907397  -14.502843875
    0.085701114    1.319660056   -9.050615453 -890.745235624  -19.806076209
    0.092763760    1.319660056  -17.090264622 -1399.838124455  -16.088143910
    0.099826406    1.319660056  -28.899580817 -1937.251647118    6.243587754
    0.106889052    1.319660056  -44.153211693 -2348.967174939   57.704487254
    0.113951698    1.319660056  -61.434517800 -2490.429876643  138.545544294
    0.121014344    1.319660056  -78.509357657 -2287.323625052  235.934283193
    0.128076990    1.319660056  -93.035108805 -1786.267202693  324.517125461
    0.135139637    1.319660056 -103.354153596 -1122.561448580  376.792785862
    0.142202283    1.319660056 -108.882829708 -452.333956748  377.441469875
    0.149264929    1.319660056 -109.991591962  114.674118552  330.332797169
    0.156327575    1.319660056 -107.615353719  530.922694373  254.818764533
    0.163390221    1.319660056 -102.886920019  779.558399850  176.953946615
    0.170452867    1.319660056  -96.999891049  859.681964297  116.103153221
    0.177515513    1.319660056  -91.094645167  790.335207987   81.090904733
    0.184578159    1.319660056  -86.082491727  615.316499808   67.174202500
    0.191640805    1.319660056  -82.521102877  389.688358066   62.118114735
    0.198703451    1.319660056  -80.569780984  167.779741909   52.803493334
    0.205766097    1.319660056  -80.066678736  -18.484064639   31.552634610
    0.212828743    1.319660056  -80.742481991 -166.783171534    1.873192827
    0.219891389    1.319660056  -82.336007539 -278.476265983  -26.355954251
    0.226954035    1.319660056  -84.623617607 -365.860213492  -44.302270306
    0.234016681    1.319660056  -87.478536728 -440.123816655  -43.866326211
    0.241079327    1.319660056  -90.800313084 -496.480516080  -21.225486521
    0.248141973    1.319660056  -94.413305580 -519.363194414   20.142821054
    0.255204619    1.319660056  -98.006708525 -487.355020035   73.980776822
    0.262267265    1.319660056 -101.156133294 -394.426256478  130.375520002
    0.269329911    1.319660056 -103.479615812 -260.440639718  179.026504164
    0.276392557    1.319660056 -104.852833357 -133.980721408  216.191965793
    0.283455203    1.319660056 -105.484313266  -52.605890985  243.198553014
    0.290517849    1.319660056 -105.691874876   -7.867265126  266.803392914
    0.297580495    1.319660056 -105.525683066   63.702997682  297.217397927
    0.304643141    1.319660056 -104.599538702  213.714288960  345.802559013
    0.311705787    1.319660056 -102.286515327  454.515522972  417.290907145
    0.318768433    1.319660056  -98.082595200  737.089452402  509.281624838
    0.325831079    1.319660056  -91.946851299  989.877160616  611.592677456
    0.332893725    1.319660056  -84.284394669 1166.644355642  707.749335656
    0.339956371    1.319660056  -75.639613064 1272.685723368  779.794593710
    0.347019017    1.319660056  -66.397478141 1341.989985813  812.900588579
    0.354081663    1.319660056  -56.704858479 1400.979413520  798.197045008
    0.361144310    1.319660056  -46.662325617 1436.065801264  735.120593940
    0.368206956    1.319660056  -36.573301615 1407.434330542  633.313523697
    0.375269602    1.319660056  -27.011056023 1283.511931888  508.640918911
    0.382332248    1.319660056  -18.641525646 1074.159678011  380.202215103
    0.389394894    1.319660056  -11.943984476  819.195040866  263.771926367
    0.396457540    1.319660056   -7.065731258  565.993643531  169.056800781
    0.403520186    1.319660056   -3.843200985  355.441979210  100.077087330
    0.410582832    1.319660056   -1.903926327  202.789922767   54.571511665
    0.417645478    1.319660056   -0.847568213  104.817325800   27.182832467
    0.424708124    1.319660056   -0.326845703   48.170598171   12.476996308
    0.431770770    1.319660056   -0.104734529   18.394434789    4.981770373
    0.438833416    1.319660056   -0.025214244    5.633525298    1.623523751
    0.445896062    1.319660056   -0.002893613    1.317943980    0.412783054
    0.452958708    1.319660056   -0.000000000   -0.000000000   -0.000000000
    0.460021354    1.319660056   -0.000000000   -0.000000000   -0.000000000
    0.467084000    1.319660056   -0.000000000   -0.000000000   -0.000000000

    0.022137300    1.337306873   -0.000000000   -0.000000000   -0.000000000
    0.029199946    1.337306873   -0.000000000   -0.000000000   -0.000000000
    0.036262592    1.337306873   -0.000000000   -0.000000000   -0.000000000
    0.043325238    1.337306873   -0.000339768   -0.511257505   -0.063946334
    0.050387884    1.337306873   -0.025545068   -9.571029114   -0.977329563
    0.057450530    1.337306873   -0.183604236  -39.325098064   -3.326972170
    0.064513176    1.337306873   -0.679416075 -110.419437928   -7.350130466
    0.071575822    1.337306873   -1.922769428 -258.080880294  -14.792112874
    0.078638468    1.337306873   -4.604828278 -521.094927294  -26.611712635
    0.085701114    1.337306873   -9.582872601 -908.265434334  -39.881624778
    0.092763760    1.337306873  -17.657339254 -1387.577580437  -47.799397441
    0.099826406    1.337306873  -29.188428730 -1865.965708309  -40.290080570
    0.106889052    1.337306873  -43.681593794 -2203.360651392   -7.645610132
    0.113951698    1.337306873  -59.680484382 -2277.959704241   53.369991460
    0.121014344    1.337306873  -75.152370432 -2056.432487093  133.543056577
    0.128076990    1.337306873  -88.185220505 -1605.976145025  210.962309716
    0.135139637    1.337306873  -97.579662799 -1047.348619449  263.775640430
    0.142202283    1.337306873 -102.992348917 -494.270834713  278.034650534
    0.149264929    1.337306873 -104.739355331  -15.931105076  256.221598953
    0.156327575    1.337306873 -103.440387446  366.297309853  213.167993833
    0.163390221    1.337306873  -99.829120049  635.693068102  167.967418355
    0.170452867    1.337306873  -94.784654026  768.474519343  135.944928817
    0.177515513    1.337306873  -89.327519467  752.652978977  121.901314810
    0.184578159    1.337306873  -84.455261928  608.663567489  120.922258212
    0.191640805    1.337306873  -80.923546931  382.713001411  123.178074942
    0.198703451    1.337306873  -79.108789802  134.174616391  118.805877809
    0.205766097    1.337306873  -78.948902406  -79.723718775  103.334332692
    0.212828743    1.337306873  -80.104149748 -236.498404897   81.618948496
    0.219891389    1.337306873  -82.143610082 -329.764507246   61.570100379
    0.226954035    1.337306873  -84.659446227 -375.301929235   55.427774541
    0.234016681    1.337306873  -87.375417162 -391.464167744   70.490479116
    0.241079327    1.337306873  -90.151829999 -392.478091229  108.511109689
    0.248141973    1.337306873  -92.887062156 -378.491091549  164.725055952
    0.255204619    1.337306873  -95.418191055 -332.676884188  228.737908060
    0.262267265    1.337306873  -97.495061130 -250.669388704  292.034982309
    0.269329911    1.337306873  -98.901823620 -144.918490076  345.746771685
    0.276392557    1.337306873  -99.569308425  -47.923811614  387.470112288
    0.283455203    1.337306873  -99.660850990   17.059925128  420.708399706
    0.290517849    1.337306873  -99.361809910   70.506425338  454.075616925
    0.297580495    1.337306873  -98.551258345  172.178322035  495.063952919
    0.304643141    1.337306873  -96.705132663  367.588304902  548.817784213
    0.311705787    1.337306873  -93.146813522  651.435661975  615.094107046
    0.318768433    1.337306873  -87.448886204  958.532173683  687.949742925
    0.325831079    1.337306873  -79.751248209 1203.901337761  758.001589020
    0.332893725    1.337306873  -70.712927868 1334.791970607  813.562921885
    0.339956371    1.337306873  -61.155881887 1356.841785069  841.813900216
    0.347019017    1.337306873  -51.691426194 1317.382338620  832.940249777
    0.354081663    1.337306873  -42.585638969 1259.771575374  782.487720574
    0.361144310    1.337306873  -33.917790528 1191.748970433  691.993635577
    0.368206956    1.337306873  -25.815081368 1096.301854892  572.819162225
    0.375269602    1.337306873  -18.546613178  952.972744594  441.697547812
    0.382332248    1.337306873  -12.452608154  767.198921773  316.070344696
    0.389394894    1.337306873   -7.752074003  564.847014155  209.159410484
    0.396457540    1.337306873   -4.440927809  377.253716923  127.706057187
    0.403520186    1.337306873   -2.325937856  229.648049202   72.474348162
    0.410582832    1.337306873   -1.095894420  126.240334709   37.825312940
    0.417645478    1.337306873   -0.449288934   62.376269108   18.149950588
    0.424708124    1.337306873   -0.150137944   25.889767635    7.618719203
    0.431770770    1.337306873   -0.038114961    8.496338342    2.655789438
    0.438833416    1.337306873   -0.004982159    2.032379642    0.700757688
    0.445896062    1.337306873   -0.000000000   -0.000000000   -0.000000000
    0.452958708    1.337306873   -0.000000000   -0.000000000   -0.000000000
    0.460021354    1.337306873   -0.000000000   -0.000000000   -0.000000000
    0.467084000    1.337306873   -0.000000000   -0.000000000   -0.000000000

    0.022137300    1.354953690   -0.000000000   -0.000000000   -0.000000000
    0.029199946    1.354953690   -0.000000000   -0.000000000   -0.000000000
    0.036262592    1.354953690   -0.000000000   -0.000000000   -0.000000000
    0.043325238    1.354953690   -0.001659869   -0.968506245   -0.097767147
    0.050387884    1.354953690   -0.044508518  -13.748424880   -1.158808946
    0.057450530    1.354953690   -0.243887186  -47.076533497   -3.451550583
    0.064513176    1.354953690   -0.819768019 -126.455815680   -8.538931709
    0.071575822    1.354953690   -2.217487428 -285.955079521  -18.006438484
    0.078638468    1.354953690   -5.137626196 -560.692352403  -32.963923930
    0.085701114    1.354953690  -10.417698950 -950.673433282  -53.454223401
    0.092763760    1.354953690  -18.743077730 -1412.454906053  -73.550528244
    0.099826406    1.354953690  -30.311707397 -1848.100593746  -85.526247668
    0.106889052    1.354953690  -44.461523415 -2121.496349812  -79.388281693
    0.113951698    1.354953690  -59.666673790 -2137.038999506  -51.462882000
    0.121014344    1.354953690  -74.007436440 -1884.311966135   -4.323633055
    0.128076990    1.354953690  -85.853806045 -1450.409835265   50.986291776
    0.135139637    1.354953690  -94.334633358 -949.240274688  101.055467730
    0.142202283    1.354953690  -99.319546546 -470.496587390  136.211577917
    0.149264929    1.354953690 -101.122094310  -50.168207049  153.015026395
    0.156327575    1.354953690 -100.176177350  306.613684377  156.777097604
    0.163390221    1.354953690  -96.974132342  583.863478281  155.237084503
    0.170452867    1.354953690  -92.198033072  746.129953141  156.084370335
    0.177515513    1.354953690  -86.788851757  759.456902276  163.142896674
    0.184578159    1.354953690  -81.807162825  630.531931803  176.054484486
    0.191640805    1.354953690  -78.139746036  397.489968568  189.932895229
    0.198703451    1.354953690  -76.279641924  129.495872354  201.666848899
    0.205766097    1.354953690  -76.228300872 -105.016200529  207.385059958
    0.212828743    1.354953690  -77.589583023 -267.111499740  209.210247387
    0.219891389    1.354953690  -79.785550148 -341.151322795  212.980705042
    0.226954035    1.354953690  -82.245187430 -345.682110632  226.346291840
    0.234016681    1.354953690  -84.573912102 -310.585270665  254.573332982
    0.241079327    1.354953690  -86.610652787 -265.588395969  299.218659442
    0.248141973    1.354953690  -88.332823542 -222.673611682  355.632575947
    0.255204619    1.354953690  -89.736820999 -172.487001267  416.545581600
    0.262267265    1.354953690  -90.729350284 -107.017911527  474.373716597
    0.269329911    1.354953690  -91.217115709  -29.444890300  522.985805591
    0.276392557    1.354953690  -91.162708293   42.795009542  562.101148924
    0.283455203    1.354953690  -90.644955499  102.284423352  597.541308343
    0.290517849    1.354953690  -89.708147800  168.391240356  634.958686476
    0.297580495    1.354953690  -88.135994212  290.828988209  678.699768633
    0.304643141    1.354953690  -85.382673982  504.729906846  726.357702577
    0.311705787    1.354953690  -80.827796755  792.856710220  770.630965609
    0.318768433    1.354953690  -74.172206004 1085.628767054  804.395442176
    0.325831079    1.354953690  -65.684473629 1297.501268708  821.821485429
    0.332893725    1.354953690  -56.168581731 1373.809631138  819.725218520
    0.339956371    1.354953690  -46.584245275 1323.493531085  794.677754743
    0.347019017    1.354953690  -37.649646197 1199.849727788  743.633401308
    0.354081663    1.354953690  -29.683875546 1055.466254308  666.643518912
    0.361144310    1.354953690  -22.718314971  918.205071862  567.325802260
    0.368206956    1.354953690  -16.698946142  786.210114346  453.762401200
    0.375269602    1.354953690  -11.634031629  646.159983960  338.511625507
    0.382332248    1.354953690   -7.589273284  498.571923359  234.512088882
    0.389394894    1.354953690   -4.584219854  354.764280389  150.199210261
    0.396457540    1.354953690   -2.535742969  229.447451968   88.686421039
    0.403520186    1.354953690   -1.266344785  135.289441980   48.308429906
    0.410582832    1.354953690   -0.554404263   71.528237887   24.010562461
    0.417645478    1.354953690   -0.197722297   32.765084441   10.585585238
    0.424708124    1.354953690   -0.051741565   11.213343763    3.730084001
    0.431770770    1.354953690   -0.007663438    2.866789123    0.943356221
    0.438833416    1.354953690   -0.000233246    0.163631727    0.049441189
    0.445896062    1.354953690   -0.000000000   -0.000000000   -0.000000000
    0.452958708    1.354953690   -0.000000000   -0.000000000   -0.000000000
    0.460021354    1.354953690   -0.000000000   -0.000000000   -0.000000000
    0.467084000    1.354953690   -0.000000000   -0.000000000   -0.000000000

    0.022137300    1.372600507   -0.000000000   -0.000000000   -0.000000000
    0.029199946    1.372600507   -0.000000000   -0.000000000   -0.000000000
    0.036262592    1.372600507   -0.000000000   -0.000000000   -0.000000000
    0.043325238    1.372600507   -0.004163725   -2.118927766   -0.183615177
    0.050387884    1.372600507   -0.064733845  -17.481898642   -1.069993720
    0.057450530    1.372600507   -0.302654261  -55.837345045   -3.139175200
    0.064513176    1.372600507   -0.972254839 -144.477991102   -8.701366893
    0.071575822    1.372600507   -2.548159406 -319.465126575  -19.297117531
    0.078638468    1.372600507   -5.755469178 -608.721073746  -36.378246496
    0.085701114    1.372600507  -11.424746111 -1011.416195154  -59.848115008
    0.092763760    1.372600507  -20.190202961 -1473.711740251  -89.092409482
    0.099826406    1.372600507  -32.122238983 -1885.844073708 -117.309966539
    0.106889052    1.372600507  -46.397727259 -2117.242456312 -136.278815126
    0.113951698    1.372600507  -61.392324915 -2082.107057287 -139.403369238
    0.121014344    1.372600507  -75.193874343 -1788.347182692 -123.973276418
    0.128076990    1.372600507  -86.273331133 -1331.493698930  -91.367504247
    0.135139637    1.372600507  -93.907164697 -831.384299767  -45.491365947
    0.142202283    1.372600507  -98.115355996 -370.088474482    6.074759079
    0.149264929    1.372600507  -99.295537360   25.643699212   58.234390901
    0.156327575    1.372600507  -97.899813517  359.175018281  102.953357367
    0.163390221    1.372600507  -94.386848416  621.451865704  137.574359425
    0.170452867    1.372600507  -89.363998571  780.715928684  162.875466736
    0.177515513    1.372600507  -83.689765517  802.236557271  184.789800475
    0.184578159    1.372600507  -78.375258596  680.872593743  209.151397193
    0.191640805    1.372600507  -74.328654853  452.867287004  237.980240204
    0.198703451    1.372600507  -72.062852594  187.241380248  272.294661378
    0.205766097    1.372600507  -71.629234109  -55.913219229  310.409360749
    0.212828743    1.372600507  -72.658108310 -220.561870299  347.112829897
    0.219891389    1.372600507  -74.513558097 -288.353034631  382.856834172
    0.226954035    1.372600507  -76.541502164 -274.094795472  419.034827341
    0.234016681    1.372600507  -78.277010834 -212.712758492  457.751927104
    0.241079327    1.372600507  -79.530532356 -142.949802263  500.860970264
    0.248141973    1.372600507  -80.334056183  -86.037621184  547.298192152
    0.255204619    1.372600507  -80.777367848  -40.076079562  594.046947896
    0.262267265    1.372600507  -80.883599418   10.792773911  636.141870384
    0.269329911    1.372600507  -80.611012819   67.759255860  673.151161183
    0.276392557    1.372600507  -79.917344551  129.043318714  705.913042162
    0.283455203    1.372600507  -78.794708860  189.644971977  737.892159065
    0.290517849    1.372600507  -77.203846999  266.793165140  773.030978884
    0.297580495    1.372600507  -74.908694719  394.314597401  810.057371022
    0.304643141    1.372600507  -71.456718250  595.061379904  840.572587190
    0.311705787    1.372600507  -66.381348856  846.944889522  854.493533480
    0.318768433    1.372600507  -59.517720727 1089.112265885  844.252321730
    0.325831079    1.372600507  -51.199722349 1246.435529825  808.645067000
    0.332893725    1.372600507  -42.225476956 1272.374232177  751.490597271
    0.339956371    1.372600507  -33.521520256 1176.023934856  679.510649514
    0.347019017    1.372600507  -25.780176993 1009.496844934  597.712095134
    0.354081663    1.372600507  -19.300653499  826.765131763  508.442647166
    0.361144310    1.372600507  -14.055856730  662.502228574  414.141380915
    0.368206956    1.372600507   -9.879962520  523.538526748  319.436265819
    0.375269602    1.372600507   -6.618601591  402.372923306  230.943526894
    0.382332248    1.372600507   -4.163698594  294.782808360  155.318132595
    0.389394894    1.372600507   -2.420547804  201.595933029   96.494938606
    0.396457540    1.372600507   -1.279387484  125.450682820   54.928254299
    0.403520186    1.372600507   -0.596574251   70.944343751   28.520733748
    0.410582832    1.372600507   -0.230845208   35.379759321   13.124672048
    0.417645478    1.372600507   -0.064950875   13.436520513    4.723659618
    0.424708124    1.372600507   -0.011384708    3.036210373    0.985876363
    0.431770770    1.372600507   -0.000661218    0.410302614    0.139358660
    0.438833416    1.372600507   -0.000000000   -0.000000000   -0.000000000
    0.445896062    1.372600507   -0.000000000   -0.000000000   -0.000000000
    0.452958708    1.372600507   -0.000000000   -0.000000000   -0.000000000
    0.460021354    1.372600507   -0.000000000   -0.000000000   -0.000000000
    0.467084000    1.372600507   -0.000000000   -0.000000000   -0.000000000

    0.022137300    1.390247324   -0.000000000   -0.000000000   -0.000000000
    0.029199946    1.390247324   -0.000000000   -0.000000000   -0.000000000
    0.036262592    1.390247324   -0.000078132   -0.126011836   -0.006624184
    0.043325238    1.390247324   -0.007570698   -3.310329155   -0.204379108
    0.050387884    1.390247324   -0.081595992  -19.871890838   -0.820398801
    0.057450530    1.390247324   -0.354742066  -64.471705456   -2.725232874
    0.064513176    1.390247324   -1.122867282 -164.403684632   -8.323237083
    0.071575822    1.390247324   -2.889515466 -353.983180806  -19.192041444
    0.078638468    1.390247324   -6.401833486 -661.694778169  -36.930369048
    0.085701114    1.390247324  -12.513318141 -1084.022549147  -62.898840597
    0.092763760    1.390247324  -21.841448497 -1557.345417909  -96.677055733
    0.099826406    1.390247324  -34.362097884 -1964.426225728 -134.090795860
    0.106889052    1.390247324  -49.120993593 -2172.056821162 -168.225490737
    0.113951698    1.390247324  -64.369986839 -2097.466685691 -191.561571120
    0.121014344    1.390247324  -78.101683093 -1753.493866964 -196.517050237
    0.128076990    1.390247324  -88.750280936 -1245.418469662 -178.993294747
    0.135139637    1.390247324  -95.614877193 -702.493961897 -137.469659488
    0.142202283    1.390247324  -98.809816867 -216.041108649  -75.967101795
    0.149264929    1.390247324  -98.879863947  180.084641256   -5.236412796
    0.156327575    1.390247324  -96.459979028  491.173526671   61.893265788
    0.163390221    1.390247324  -92.138096288  718.848217688  115.816211037
    0.170452867    1.390247324  -86.536686347  850.217774508  154.250994005
    0.177515513    1.390247324  -80.404490174  865.602753714  183.455578967
    0.184578159    1.390247324  -74.597681613  759.769223151  215.027550124
    0.191640805    1.390247324  -69.908889589  557.476856615  259.115919362
    0.198703451    1.390247324  -66.817647064  314.977167288  318.132744133
    0.205766097    1.390247324  -65.438485497   82.598172510  386.533849606
    0.212828743    1.390247324  -65.502409618  -87.005415000  457.569250391
    0.219891389    1.390247324  -66.448902826 -165.953644338  523.351841889
    0.226954035    1.390247324  -67.652568241 -163.076649698  579.564449490
    0.234016681    1.390247324  -68.627663885 -107.945491466  626.737341094
    0.241079327    1.390247324  -69.143557760  -40.709038470  666.743200573
    0.248141973    1.390247324  -69.229556395   13.277407571  701.114794139
    0.255204619    1.390247324  -68.994064961   51.745687570  731.218296463
    0.262267265    1.390247324  -68.501678598   90.486817952  756.751616628
    0.269329911    1.390247324  -67.702802047  137.589484774  779.131009023
    0.276392557    1.390247324  -66.531901335  195.378153443  800.239903808
    0.283455203    1.390247324  -64.920411140  262.647349375  822.365448136
    0.290517849    1.390247324  -62.795716248  344.441526699  846.299864533
    0.297580495    1.390247324  -59.975308227  460.797670606  867.589797503
    0.304643141    1.390247324  -56.182122779  620.392124190  875.033226977
    0.311705787    1.390247324  -51.142552874  808.431199445  857.630018932
    0.318768433    1.390247324  -44.804879716  978.585901764  810.190571034
    0.325831079    1.390247324  -37.497016905 1074.051356835  734.676510212
    0.332893725    1.390247324  -29.892162363 1060.930035541  640.543492001
    0.339956371    1.390247324  -22.742040851  950.165490396  540.320311886
    0.347019017    1.390247324  -16.608728542  781.195654463  442.732921816
    0.354081663    1.390247324  -11.728466126  602.626018296  352.859353780
    0.361144310    1.390247324   -8.038941706  447.295316474  271.712148972
    0.368206956    1.390247324   -5.333398745  324.115927206  200.123333981
    0.375269602    1.390247324   -3.387595625  230.768531247  139.210527015
    0.382332248    1.390247324   -2.024261270  158.628623235   90.455311048
    0.389394894    1.390247324   -1.114372957  101.819576948   53.851286239
    0.396457540    1.390247324   -0.549826789   60.216233736   29.107254141
    0.403520186    1.390247324   -0.231185042   32.162937933   13.912928867
    0.410582832    1.390247324   -0.073389370   13.772568730    5.434793293
    0.417645478    1.390247324   -0.014893502    4.005636455    1.505635014
    0.424708124    1.390247324   -0.001222465    0.880209533    0.321770063
    0.431770770    1.390247324   -0.000000000   -0.000000000   -0.000000000
    0.438833416    1.390247324   -0.000000000   -0.000000000   -0.000000000
    0.445896062    1.390247324   -0.000000000   -0.000000000   -0.000000000
    0.452958708    1.390247324   -0.000000000   -0.000000000   -0.000000000
    0.460021354    1.390247324   -0.000000000   -0.000000000   -0.000000000
    0.467084000    1.390247324   -0.000000000   -0.000000000   -0.000000000

    0.022137300    1.407894141   -0.000000000   -0.000000000   -0.000000000
    0.029199946    1.407894141   -0.000000000   -0.000000000   -0.000000000
    0.036262592    1.407894141   -0.000202813   -0.223460062   -0.010828065
    0.043325238    1.407894141   -0.010966436   -4.307360947   -0.199265292
    0.050387884    1.407894141   -0.094929277  -22.438607491   -0.695224641
    0.057450530    1.407894141   -0.402474855  -72.882046172   -2.805606040
    0.064513176    1.407894141   -1.265927722 -184.055363349   -8.028738566
    0.071575822    1.407894141   -3.230746606 -390.605996297  -19.622102233
    0.078638468    1.407894141   -7.063722526 -716.598136752  -38.013906402
    0.085701114    1.407894141  -13.634785278 -1160.643612076  -64.379541611
    0.092763760    1.407894141  -23.571971324 -1652.450678996  -99.311559726
    0.099826406    1.407894141  -36.783402896 -2063.677817438 -139.125194579
    0.106889052    1.407894141  -52.202995527 -2257.008379916 -177.748893795
    0.113951698    1.407894141  -67.934230854 -2144.791022216 -206.328323588
    0.121014344    1.407894141  -81.823370482 -1748.133480855 -216.797576011
    0.128076990    1.407894141  -92.213852469 -1176.351460582 -203.048304950
    0.135139637    1.407894141  -98.363804163 -571.028234787 -163.435748315
    0.142202283    1.407894141 -100.470130574  -43.710410273 -103.106023389
    0.149264929    1.407894141  -99.274402339  361.285029479  -33.501800921
    0.156327575    1.407894141  -95.643646761  648.707028177   32.626782182
    0.163390221    1.407894141  -90.342779835  837.208297864   86.865133473
    0.170452867    1.407894141  -84.023554389  936.770500527  128.195340840
    0.177515513    1.407894141  -77.323629220  945.934107090  164.224576045
    0.184578159    1.407894141  -70.867068345  868.032606884  207.310946722
    0.191640805    1.407894141  -65.260366506  709.881734441  267.024304590
    0.198703451    1.407894141  -60.955255550  503.557321293  344.513957943
    0.205766097    1.407894141  -58.159261962  290.888294987  434.061613054
    0.212828743    1.407894141  -56.762563155  114.840689104  525.536420415
    0.219891389    1.407894141  -56.370645760    8.110790671  607.956720908
    0.226954035    1.407894141  -56.471498116  -23.621689738  674.589322068
    0.234016681    1.407894141  -56.585346257   -1.800936756  723.410250406
    0.241079327    1.407894141  -56.451438176   40.223524718  757.085516730
    0.248141973    1.407894141  -56.039864087   74.671538416  779.282934611
    0.255204619    1.407894141  -55.413408317  101.033336486  794.260119723
    0.262267265    1.407894141  -54.603441412  130.016863529  805.154726162
    0.269329911    1.407894141  -53.539411983  174.212110665  813.152625746
    0.276392557    1.407894141  -52.112244759  231.754453891  820.891538332
    0.283455203    1.407894141  -50.234783486  301.148597163  828.174877485
    0.290517849    1.407894141  -47.836148344  380.256488161  834.388800486
    0.297580495    1.407894141  -44.834924547  472.046364867  833.266600591
    0.304643141    1.407894141  -41.129168996  580.369591215  816.539577676
    0.311705787    1.407894141  -36.619486612  695.960740725  775.439317845
    0.318768433    1.407894141  -31.339723803  792.558641808  705.747897631
    0.325831079    1.407894141  -25.556923542  833.032933754  612.317133705
    0.332893725    1.407894141  -19.751972789  797.632990543  506.316419649
    0.339956371    1.407894141  -14.451705091  693.905392641  400.799611869
    0.347019017    1.407894141  -10.043712813  551.243393862  305.746969679
    0.354081663    1.407894141   -6.673196616  405.191089926  226.285556938
    0.361144310    1.407894141   -4.264759047  281.126721276  162.445330213
    0.368206956    1.407894141   -2.629512157  187.907700136  112.376560146
    0.375269602    1.407894141   -1.548888385  122.175377699   74.029139246
    0.382332248    1.407894141   -0.856042495   76.248498138   45.558362472
    0.389394894    1.407894141   -0.433863513   45.186342080   25.717398442
    0.396457540    1.407894141   -0.192344516   24.877092071   13.130015105
    0.403520186    1.407894141   -0.065796128   11.972869234    5.782990971
    0.410582832    1.407894141   -0.013969620    3.703584262    1.680355956
    0.417645478    1.407894141   -0.001173128    0.683173140    0.303718137
    0.424708124    1.407894141   -0.000000000   -0.000000000   -0.000000000
    0.431770770    1.407894141   -0.000000000   -0.000000000   -0.000000000
    0.438833416    1.407894141   -0.000000000   -0.000000000   -0.000000000
    0.445896062    1.407894141   -0.000000000   -0.000000000   -0.000000000
    0.452958708    1.407894141   -0.000000000   -0.000000000   -0.000000000
    0.460021354    1.407894141   -0.000000000   -0.000000000   -0.000000000
    0.467084000    1.407894141   -0.000000000   -0.000000000   -0.000000000

    0.022137300    1.425540958   -0.000000000   -0.000000000   -0.000000000
    0.029199946    1.425540958   -0.000000000   -0.000000000   -0.000000000
    0.036262592    1.425540958   -0.000331956   -0.245214622   -0.003449347
    0.043325238    1.425540958   -0.014180275   -5.249287204   -0.171570434
    0.050387884    1.425540958   -0.107634679  -25.297678870   -0.834596336
    0.057450530    1.425540958   -0.453622185  -81.079781084   -3.222730850
    0.064513176    1.425540958   -1.416624243 -205.069779496   -9.154354248
    0.071575822    1.425540958   -3.584487559 -427.262496504  -20.736607682
    0.078638468    1.425540958   -7.753516213 -774.383902397  -40.561733414
    0.085701114    1.425540958  -14.806631722 -1238.316029763  -68.994612281
    0.092763760    1.425540958  -25.358662490 -1746.112452715 -103.794480220
    0.099826406    1.425540958  -39.254207443 -2160.225922996 -140.998263244
    0.106889052    1.425540958  -55.309065893 -2335.885852447 -173.285708121
    0.113951698    1.425540958  -71.480504707 -2187.314024991 -192.801356335
    0.121014344    1.425540958  -85.492144773 -1738.251606905 -193.952416600
    0.128076990    1.425540958  -95.592857226 -1105.120943963 -172.991568543
    0.135139637    1.425540958 -101.050309163 -448.990531015 -133.656422442
    0.142202283    1.425540958 -102.172696991  108.223271315  -83.646766946
    0.149264929    1.425540958  -99.879541798  515.398356104  -30.660713117
    0.156327575    1.425540958  -95.221057773  783.088887235   18.268832162
    0.163390221    1.425540958  -89.057878588  947.289349802   60.426742242
    0.170452867    1.425540958  -82.019092738 1035.154836593  101.032114811
    0.177515513    1.425540958  -74.590253851 1057.647841734  148.002069073
    0.184578159    1.425540958  -67.242101490 1011.221754614  205.464050239
    0.191640805    1.425540958  -60.464744745  897.251873227  278.333471176
    0.198703451    1.425540958  -54.699711039  727.391901807  364.184231472
    0.205766097    1.425540958  -50.259754207  527.355814985  457.591836073
    0.212828743    1.425540958  -47.225590782  337.537507656  547.978192044
    0.219891389    1.425540958  -45.380202329  195.290121445  626.818627796
    0.226954035    1.425540958  -44.324446428  113.692098425  688.338582244
    0.234016681    1.425540958  -43.628133542   90.221051628  730.010223757
    0.241079327    1.425540958  -42.980527440   95.169076941  754.390588736
    0.248141973    1.425540958  -42.267734412  106.269049827  766.154065832
    0.255204619    1.425540958  -41.475421003  119.185939176  770.984499685
    0.262267265    1.425540958  -40.574706684  138.224507329  771.028068894
    0.269329911    1.425540958  -39.471530786  177.225582812  768.062209511
    0.276392557    1.425540958  -38.033006097  232.558462283  762.445800589
    0.283455203    1.425540958  -36.163348833  297.040769842  754.320428327
    0.290517849    1.425540958  -33.827812460  363.738765595  741.412158481
    0.297580495    1.425540958  -31.032990055  426.966676256  720.004626461
    0.304643141    1.425540958  -27.800348652  488.229028494  684.276613574
    0.311705787    1.425540958  -24.151578364  543.169246978  629.922443735
    0.318768433    1.425540958  -20.168175961  580.021361862  555.248197118
    0.325831079    1.425540958  -16.036067100  582.686859594  464.568541653
    0.332893725    1.425540958  -12.045943353  539.886387710  368.031768855
    0.339956371    1.425540958   -8.505353978  456.808070529  276.520847931
    0.347019017    1.425540958   -5.641214745  352.312537029  197.965130470
    0.354081663    1.425540958   -3.524978089  249.247912809  136.150215607
    0.361144310    1.425540958   -2.084738147  162.415420817   90.111818531
    0.368206956    1.425540958   -1.168174963  100.643335952   57.878806162
    0.375269602    1.425540958   -0.612871096   58.997208207   35.346481808
    0.382332248    1.425540958   -0.297826586   32.572013944   20.136503794
    0.389394894    1.425540958   -0.128175888   16.788141206   10.428842874
    0.396457540    1.425540958   -0.042029361    7.851825839    4.612919832
    0.403520186    1.425540958   -0.008345143    2.531590171    1.416201258
    0.410582832    1.425540958   -0.000412114    0.195719953    0.106328620
    0.417645478    1.425540958   -0.000000000   -0.000000000   -0.000000000
    0.424708124    1.425540958   -0.000000000   -0.000000000   -0.000000000
    0.431770770    1.425540958   -0.000000000   -0.000000000   -0.000000000
    0.438833416    1.425540958   -0.000000000   -0.000000000   -0.000000000
    0.445896062    1.425540958   -0.000000000   -0.000000000   -0.000000000
    0.452958708    1.425540958   -0.000000000   -0.000000000   -0.000000000
    0.460021354    1.425540958   -0.000000000   -0.000000000   -0.000000000
    0.467084000    1.425540958   -0.000000000   -0.000000000   -0.000000000

    0.022137300    1.443187775   -0.000000000   -0.000000000   -0.000000000
    0.029199946    1.443187775   -0.000000000   -0.000000000   -0.000000000
    0.036262592    1.443187775   -0.000382368   -0.321152934   -0.008050456
    0.043325238    1.443187775   -0.017532474   -6.240959559   -0.206572080
    0.050387884    1.443187775   -0.124951851  -28.545160287   -1.185285788
    0.057450530    1.443187775   -0.520484575  -93.261298483   -4.405619253
    0.064513176    1.443187775   -1.597860334 -226.758985846  -11.466018648
    0.071575822    1.443187775   -3.978465218 -467.181891980  -24.077190023
    0.078638468    1.443187775   -8.509241657 -837.763299335  -45.554748024
    0.085701114    1.443187775  -16.085340350 -1322.406548760  -76.386041777
    0.092763760    1.443187775  -27.265102120 -1838.458289238 -112.613245001
    0.099826406    1.443187775  -41.789178266 -2243.096452261 -147.575210004
    0.106889052    1.443187775  -58.323891301 -2387.193258870 -169.396370426
    0.113951698    1.443187775  -74.704503010 -2192.782737572 -173.384670396
    0.121014344    1.443187775  -88.564769968 -1689.436408390 -153.517918370
    0.128076990    1.443187775  -98.160367823 -1014.386843296 -116.292514721
    0.135139637    1.443187775 -102.895809544 -338.826630444  -72.402322847
    0.142202283    1.443187775 -103.236972697  216.556104204  -33.927159777
    0.149264929    1.443187775 -100.215491155  612.603816401   -4.450822530
    0.156327575    1.443187775  -94.906226785  872.067010833   20.917627506
    0.163390221    1.443187775  -88.111291798 1040.992554479   50.516013963
    0.170452867    1.443187775  -80.341164966 1150.317767590   92.172152386
    0.177515513    1.443187775  -71.995506860 1203.346028780  148.912499255
    0.184578159    1.443187775  -63.514229119 1187.195056903  219.232752685
    0.191640805    1.443187775  -55.382957185 1102.151386514  298.823117744
    0.198703451    1.443187775  -48.115295405  945.000725960  380.890395186
    0.205766097    1.443187775  -42.143591466  741.191788191  458.907468661
    0.212828743    1.443187775  -37.670065563  528.495341420  528.500496136
    0.219891389    1.443187775  -34.602264427  349.076103919  586.005729213
    0.226954035    1.443187775  -32.611021715  223.793664345  628.693288214
    0.234016681    1.443187775  -31.299144333  155.185891658  655.607248060
    0.241079327    1.443187775  -30.320737292  125.902050121  668.441271595
    0.248141973    1.443187775  -29.476954685  115.069580502  671.808101074
    0.255204619    1.443187775  -28.672568065  114.734481014  668.777197363
    0.262267265    1.443187775  -27.834189408  125.525360746  662.702846749
    0.269329911    1.443187775  -26.849926297  155.921428772  652.580757686
    0.276392557    1.443187775  -25.594557966  201.539977167  638.260426198
    0.283455203    1.443187775  -23.983587838  254.811040867  618.160621357
    0.290517849    1.443187775  -22.003704726  303.777956418  591.857724449
    0.297580495    1.443187775  -19.716096357  341.650201287  557.796305218
    0.304643141    1.443187775  -17.205750155  367.503100166  513.423180804
    0.311705787    1.443187775  -14.548019970  382.590758555  457.395792212
    0.318768433    1.443187775  -11.827771673  385.052967237  390.655907637
    0.325831079    1.443187775   -9.157340364  368.156139198  317.156402934
    0.332893725    1.443187775   -6.683402751  328.918183045  243.125377082
    0.339956371    1.443187775   -4.559599660  269.705014688  174.674095172
    0.347019017    1.443187775   -2.890103108  202.381697489  118.445264181
    0.354081663    1.443187775   -1.695753189  137.774445183   75.618742157
    0.361144310    1.443187775   -0.914891439   85.485259972   45.932116375
    0.368206956    1.443187775   -0.449785289   48.454464209   26.203342009
    0.375269602    1.443187775   -0.197384612   25.086656144   14.212591132
    0.382332248    1.443187775   -0.073263142   11.683622832    6.977856166
    0.389394894    1.443187775   -0.019452045    4.336110497    2.697043680
    0.396457540    1.443187775   -0.002568443    0.912107619    0.579214932
    0.403520186    1.443187775   -0.000000000   -0.000000000   -0.000000000
    0.410582832    1.443187775   -0.000000000   -0.000000000   -0.000000000
    0.417645478    1.443187775   -0.000000000   -0.000000000   -0.000000000
    0.424708124    1.443187775   -0.000000000   -0.000000000   -0.000000000
    0.431770770    1.443187775   -0.000000000   -0.000000000   -0.000000000
    0.438833416    1.443187775   -0.000000000   -0.000000000   -0.000000000
    0.445896062    1.443187775   -0.000000000   -0.000000000   -0.000000000
    0.452958708    1.443187775   -0.000000000   -0.000000000   -0.000000000
    0.460021354    1.443187775   -0.000000000   -0.000000000   -0.000000000
    0.467084000    1.443187775   -0.000000000   -0.000000000   -0.000000000

    0.022137300    1.460834592   -0.000000000   -0.000000000   -0.000000000
    0.029199946    1.460834592   -0.000000000   -0.000000000   -0.000000000
    0.036262592    1.460834592   -0.000711021   -0.373987627   -0.028352926
    0.043325238    1.460834592   -0.022431122   -7.430503191   -0.336327015
    0.050387884    1.460834592   -0.150062404  -33.597014196   -1.596232396
    0.057450530    1.460834592   -0.609547118 -106.745574284   -5.761496804
    0.064513176    1.460834592   -1.820758002 -251.252060395  -13.774791170
    0.071575822    1.460834592   -4.439012169 -511.173394193  -27.966732993
    0.078638468    1.460834592   -9.368497833 -906.744925940  -51.534837280
    0.085701114    1.460834592  -17.508021331 -1412.207086324  -84.672744179
    0.092763760    1.460834592  -29.347390948 -1931.788558265 -123.212715253
    0.099826406    1.460834592  -44.471333367 -2314.124167762 -156.852305813
    0.106889052    1.460834592  -61.343014948 -2407.607343355 -171.999800573
    0.113951698    1.460834592  -77.629731999 -2145.702294582 -158.782466553
    0.121014344    1.460834592  -90.942192542 -1586.679658821 -117.482140502
    0.128076990    1.460834592  -99.717471290 -891.162497595  -62.140577828
    0.135139637    1.460834592 -103.621280081 -232.540854052  -11.252236584
    0.142202283    1.460834592 -103.337615605  286.165608850   22.276318230
    0.149264929    1.460834592  -99.936424813  654.469411477   36.957761969
    0.156327575    1.460834592  -94.342893431  916.219705031   45.036746264
    0.163390221    1.460834592  -87.133085751 1118.222756937   62.901415439
    0.170452867    1.460834592  -78.645676550 1276.785946288  102.708686898
    0.177515513    1.460834592  -69.241421119 1372.770457444  164.080683909
    0.184578159    1.460834592  -59.459992766 1382.643231949  239.845480098
    0.191640805    1.460834592  -49.936980215 1297.938113448  316.482946967
    0.198703451    1.460834592  -41.342335199 1123.351665981  383.334157166
    0.205766097    1.460834592  -34.203495737  891.436302939  436.320123859
    0.212828743    1.460834592  -28.774251999  649.095315027  474.556750879
    0.219891389    1.460834592  -24.960342470  439.705493771  501.504573248
    0.226954035    1.460834592  -22.435961930  283.551237685  518.348230073
    0.234016681    1.460834592  -20.808777090  185.881304602  527.464136153
    0.241079327    1.460834592  -19.701093023  133.745563909  529.861715868
    0.248141973    1.460834592  -18.861932451  107.706976600  526.363977777
    0.255204619    1.460834592  -18.144046874   97.485021142  519.466259905
    0.262267265    1.460834592  -17.453494809  101.193670395  509.369101584
    0.269329911    1.460834592  -16.678361068  120.633371987  496.523898657
    0.276392557    1.460834592  -15.719397478  152.537378774  477.991932781
    0.283455203    1.460834592  -14.509081419  190.258366209  453.821326471
    0.290517849    1.460834592  -13.046574088  221.941723910  422.993626875
    0.297580495    1.460834592  -11.401642725  241.208439363  386.213733952
    0.304643141    1.460834592   -9.672979192  246.415957741  343.280229281
    0.311705787    1.460834592   -7.941630774  242.168883837  295.641743995
    0.318768433    1.460834592   -6.269973581  229.946251263  244.240475303
    0.325831079    1.460834592   -4.714182093  209.037798063  191.372837548
    0.332893725    1.460834592   -3.335770294  179.748735877  141.296994334
    0.339956371    1.460834592   -2.195677443  142.263625928   97.139955846
    0.347019017    1.460834592   -1.330124168  102.946194691   61.888221283
    0.354081663    1.460834592   -0.730138512   67.867376117   36.716198269
    0.361144310    1.460834592   -0.355877010   39.784224233   19.965553807
    0.368206956    1.460834592   -0.148198822   20.355449142    9.556505202
    0.375269602    1.460834592   -0.049073134    8.890490227    4.104898493
    0.382332248    1.460834592   -0.011295402    2.696408049    1.106018196
    0.389394894    1.460834592   -0.001421985    0.421817046    0.132317390
    0.396457540    1.460834592   -0.000114807    0.082529574    0.025037897
    0.403520186    1.460834592   -0.000000000   -0.000000000   -0.000000000
    0.410582832    1.460834592   -0.000000000   -0.000000000   -0.000000000
    0.417645478    1.460834592   -0.000000000   -0.000000000   -0.000000000
    0.424708124    1.460834592   -0.000000000   -0.000000000   -0.000000000
    0.431770770    1.460834592   -0.000000000   -0.000000000   -0.000000000
    0.438833416    1.460834592   -0.000000000   -0.000000000   -0.000000000
    0.445896062    1.460834592   -0.000000000   -0.000000000   -0.000000000
    0.452958708    1.460834592   -0.000000000   -0.000000000   -0.000000000
    0.460021354    1.460834592   -0.000000000   -0.000000000   -0.000000000
    0.467084000    1.460834592   -0.000000000   -0.000000000   -0.000000000

    0.022137300    1.478481408   -0.000000000   -0.000000000   -0.000000000
    0.029199946    1.478481408   -0.000000000   -0.000000000   -0.000000000
    0.036262592    1.478481408   -0.001285062   -0.745211231   -0.041321253
    0.043325238    1.478481408   -0.029506365   -9.513946126   -0.460572915
    0.050387884    1.478481408   -0.180705188  -40.204729292   -1.914011828
    0.057450530    1.478481408   -0.716128578 -120.989753933   -6.169247160
    0.064513176    1.478481408   -2.071362107 -279.549913955  -14.219649467
    0.071575822    1.478481408   -4.949434531 -558.822299760  -29.094053539
    0.078638468    1.478481408  -10.303636324 -980.100012996  -53.342257735
    0.085701114    1.478481408  -19.046715545 -1506.283286865  -87.592914171
    0.092763760    1.478481408  -31.574328779 -2027.230926561 -126.710489882
    0.099826406    1.478481408  -47.270090653 -2373.600616185 -157.439994112
    0.106889052    1.478481408  -64.347431059 -2400.962322116 -165.840142211
    0.113951698    1.478481408  -80.296962997 -2057.240572716 -142.336234544
    0.121014344    1.478481408  -92.761343991 -1441.740519962  -90.086275806
    0.128076990    1.478481408 -100.454280478 -738.541845359  -24.923294589
    0.135139637    1.478481408 -103.399195591 -119.646911787   32.101061268
    0.142202283    1.478481408 -102.532668544  338.409809280   65.085753647
    0.149264929    1.478481408  -98.936665081  663.954184668   74.079181180
    0.156327575    1.478481408  -93.292509185  929.885215622   73.284116660
    0.163390221    1.478481408  -85.836020591 1179.753634238   84.223140347
    0.170452867    1.478481408  -76.685014294 1403.033187988  119.636944822
    0.177515513    1.478481408  -66.203185273 1547.409073556  179.237096936
    0.184578159    1.478481408  -55.112394072 1570.939318818  249.889974303
    0.191640805    1.478481408  -44.332611656 1459.629051321  313.963771650
    0.198703451    1.478481408  -34.741759533 1242.601211361  359.265975876
    0.205766097    1.478481408  -26.925827658  966.322511829  383.677370366
    0.212828743    1.478481408  -21.084185494  691.964094718  393.335576680
    0.219891389    1.478481408  -17.046848095  461.756755336  394.166344594
    0.226954035    1.478481408  -14.419153318  292.926425859  389.680313123
    0.234016681    1.478481408  -12.767243376  184.058222116  383.791786012
    0.241079327    1.478481408  -11.708202935  122.449228242  376.265577981
    0.248141973    1.478481408  -10.975965200   89.139000321  367.898962337
    0.255204619    1.478481408  -10.406820149   74.658948471  358.600862948
    0.262267265    1.478481408   -9.899590472   71.879553432  348.149984183
    0.269329911    1.478481408   -9.361741591   82.290398268  335.217544936
    0.276392557    1.478481408   -8.720009492  100.850447587  318.222668198
    0.283455203    1.478481408   -7.925072010  124.072708954  295.967483990
    0.290517849    1.478481408   -6.982677443  141.689459045  268.474468189
    0.297580495    1.478481408   -5.951767175  148.761940354  237.051066405
    0.304643141    1.478481408   -4.903619397  146.455880258  203.470111862
    0.311705787    1.478481408   -3.901805386  136.175148181  169.048197493
    0.318768433    1.478481408   -2.986067117  122.710937228  135.129087951
    0.325831079    1.478481408   -2.179241144  105.630043712  102.193619673
    0.332893725    1.478481408   -1.498208667   86.786705778   73.032108413
    0.339956371    1.478481408   -0.955801562   66.888714300   48.864712393
    0.347019017    1.478481408   -0.553448385   47.078737537   29.965627574
    0.354081663    1.478481408   -0.284477450   29.422297267   16.553194663
    0.361144310    1.478481408   -0.126180694   16.073749979    8.033520479
    0.368206956    1.478481408   -0.045301968    7.478706563    3.364695198
    0.375269602    1.478481408   -0.011961017    2.631061737    1.101773115
    0.382332248    1.478481408   -0.001918951    0.591987520    0.238761553
    0.389394894    1.478481408   -0.000185411    0.080528160    0.032709830
    0.396457540    1.478481408   -0.000000000   -0.000000000   -0.000000000
    0.403520186    1.478481408   -0.000000000   -0.000000000   -0.000000000
    0.410582832    1.478481408   -0.000000000   -0.000000000   -0.000000000
    0.417645478    1.478481408   -0.000000000   -0.000000000   -0.000000000
    0.424708124    1.478481408   -0.000000000   -0.000000000   -0.000000000
    0.431770770    1.478481408   -0.000000000   -0.000000000   -0.000000000
    0.438833416    1.478481408   -0.000000000   -0.000000000   -0.000000000
    0.445896062    1.478481408   -0.000000000   -0.000000000   -0.000000000
    0.452958708    1.478481408   -0.000000000   -0.000000000   -0.000000000
    0.460021354    1.478481408   -0.000000000   -0.000000000   -0.000000000
    0.467084000    1.478481408   -0.000000000   -0.000000000   -0.000000000

    0.022137300    1.496128225   -0.000000000   -0.000000000   -0.000000000
    0.029199946    1.496128225   -0.000000000   -0.000000000   -0.000000000
    0.036262592    1.496128225   -0.001985323   -1.160260217   -0.035484320
    0.043325238    1.496128225   -0.037269141  -11.208950611   -0.377036739
    0.050387884    1.496128225   -0.215320577  -46.353972741   -1.839704350
    0.057450530    1.496128225   -0.818635706 -134.378686474   -5.105708394
    0.064513176    1.496128225   -2.305719845 -304.573165252  -11.670061441
    0.071575822    1.496128225   -5.427780186 -604.845887689  -24.115088349
    0.078638468    1.496128225  -11.192162595 -1050.448419062  -44.956693729
    0.085701114    1.496128225  -20.510479908 -1596.685349030  -74.735145234
    0.092763760    1.496128225  -33.673356356 -2112.143163854 -105.969322277
    0.099826406    1.496128225  -49.857923842 -2421.674839201 -130.048567665
    0.106889052    1.496128225  -67.043801943 -2379.334939326 -134.010475250
    0.113951698    1.496128225  -82.563415108 -1959.386302714 -110.564665802
    0.121014344    1.496128225  -94.122175707 -1289.359253984  -62.831475331
    0.128076990    1.496128225 -100.689996086 -580.679036774   -3.601952857
    0.135139637    1.496128225 -102.654614105   -6.655521989   48.144086911
    0.142202283    1.496128225 -101.219560955  385.560155316   78.144281633
    0.149264929    1.496128225  -97.470750833  666.357765371   87.070236054
    0.156327575    1.496128225  -91.835252603  933.963740654   88.395875380
    0.163390221    1.496128225  -84.199132864 1231.996510206   98.995266672
    0.170452867    1.496128225  -74.457471179 1518.249191735  130.964235948
    0.177515513    1.496128225  -62.989732966 1705.797380783  182.837515144
    0.184578159    1.496128225  -50.758061694 1727.670801584  240.171318490
    0.191640805    1.496128225  -39.005631514 1573.546336742  285.660838131
    0.198703451    1.496128225  -28.811950843 1299.594780138  310.139627544
    0.205766097    1.496128225  -20.758604894  979.082815929  313.101335445
    0.212828743    1.496128225  -14.936663378  677.217282584  302.276884215
    0.219891389    1.496128225  -11.055496969  433.389354549  285.357163136
    0.226954035    1.496128225   -8.641263350  263.217791831  267.738297188
    0.234016681    1.496128225   -7.190519103  157.018810565  252.312192221
    0.241079327    1.496128225   -6.315749054   97.161238130  239.578969382
    0.248141973    1.496128225   -5.758411246   64.797146498  228.631350072
    0.255204619    1.496128225   -5.358746092   49.810663997  218.917612228
    0.262267265    1.496128225   -5.027599478   45.768581432  209.439471178
    0.269329911    1.496128225   -4.697851698   48.275221694  198.737302606
    0.276392557    1.496128225   -4.324066423   58.472264360  186.121034931
    0.283455203    1.496128225   -3.869700994   69.926658641  170.456177368
    0.290517849    1.496128225   -3.343001081   77.992371206  151.248829041
    0.297580495    1.496128225   -2.780786923   80.402282108  129.916470063
    0.304643141    1.496128225   -2.221844972   76.814008019  108.142766324
    0.311705787    1.496128225   -1.706732390   68.810318951   87.122734494
    0.318768433    1.496128225   -1.256714234   58.612408609   67.492271670
    0.325831079    1.496128225   -0.878862684   48.328169366   50.121352784
    0.332893725    1.496128225   -0.575588233   37.692480369   35.082766182
    0.339956371    1.496128225   -0.345033002   27.671712269   22.843859075
    0.347019017    1.496128225   -0.184377771   17.901456586   13.316072908
    0.354081663    1.496128225   -0.085638977   10.436901136    6.951155256
    0.361144310    1.496128225   -0.032388369    5.036679985    3.013463303
    0.368206956    1.496128225   -0.008748510    1.875716676    1.036570135
    0.375269602    1.496128225   -0.001345056    0.522291632    0.268395021
    0.382332248    1.496128225   -0.000099830    0.059930222    0.032614880
    0.389394894    1.496128225   -0.000000000   -0.000000000   -0.000000000
    0.396457540    1.496128225   -0.000000000   -0.000000000   -0.000000000
    0.403520186    1.496128225   -0.000000000   -0.000000000   -0.000000000
    0.410582832    1.496128225   -0.000000000   -0.000000000   -0.000000000
    0.417645478    1.496128225   -0.000000000   -0.000000000   -0.000000000
    0.424708124    1.496128225   -0.000000000   -0.000000000   -0.000000000
    0.431770770    1.496128225   -0.000000000   -0.000000000   -0.000000000
    0.438833416    1.496128225   -0.000000000   -0.000000000   -0.000000000
    0.445896062    1.496128225   -0.000000000   -0.000000000   -0.000000000
    0.452958708    1.496128225   -0.000000000   -0.000000000   -0.000000000
    0.460021354    1.496128225   -0.000000000   -0.000000000   -0.000000000
    0.467084000    1.496128225   -0.000000000   -0.000000000   -0.000000000

    0.022137300    1.513775042   -0.000000000   -0.000000000   -0.000000000
    0.029199946    1.513775042   -0.000000000   -0.000000000   -0.000000000
    0.036262592    1.513775042   -0.002409329   -1.424411960   -0.017101947
    0.043325238    1.513775042   -0.042800845  -12.377391815   -0.206027052
    0.050387884    1.513775042   -0.243003972  -51.059929087   -1.152342431
    0.057450530    1.513775042   -0.886686176 -142.435398042   -2.310023790
    0.064513176    1.513775042   -2.463410728 -322.404115225   -5.617494658
    0.071575822    1.513775042   -5.758942474 -636.607177927  -12.214639799
    0.078638468    1.513775042  -11.814405104 -1101.767868891  -23.484914583
    0.085701114    1.513775042  -21.536949055 -1657.047428817  -38.146146768
    0.092763760    1.513775042  -35.126898333 -2169.566470341  -53.907481972
    0.099826406    1.513775042  -51.631198393 -2450.825843899  -65.232066063
    0.106889052    1.513775042  -68.856493574 -2358.679649943  -65.559914750
    0.113951698    1.513775042  -84.034148272 -1882.907594233  -51.264983860
    0.121014344    1.513775042  -94.898367884 -1173.750907441  -23.087417369
    0.128076990    1.513775042 -100.616379500 -462.459554852   11.017347315
    0.135139637    1.513775042 -101.843739899   79.920239756   41.258212768
    0.142202283    1.513775042  -99.957695406  427.368788994   60.085544890
    0.149264929    1.513775042  -96.039319669  677.783908971   69.706913238
    0.156327575    1.513775042  -90.323033061  951.387349929   78.893847537
    0.163390221    1.513775042  -82.444364580 1287.163517443   96.811987200
    0.170452867    1.513775042  -72.141475421 1620.270495420  129.252604190
    0.177515513    1.513775042  -59.841989470 1833.002184687  172.054099853
    0.184578159    1.513775042  -46.741760328 1840.395907384  213.555551428
    0.191640805    1.513775042  -34.348271975 1639.150157462  240.253364862
    0.198703451    1.513775042  -23.884086690 1309.810033498  246.565875159
    0.205766097    1.513775042  -15.919154099  947.629150651  235.646071861
    0.212828743    1.513775042  -10.404240950  624.851883821  213.142133634
    0.219891389    1.513775042   -6.902181542  380.473294758  188.508157370
    0.226954035    1.513775042   -4.842285500  216.001623396  166.808253946
    0.234016681    1.513775042   -3.688900763  119.475865189  149.718408881
    0.241079327    1.513775042   -3.049592916   66.967492332  136.227146427
    0.248141973    1.513775042   -2.683886679   39.957991580  125.928865870
    0.255204619    1.513775042   -2.449468923   27.954269092  117.672907702
    0.262267265    1.513775042   -2.269607364   24.072115211  110.470912743
    0.269329911    1.513775042   -2.095163092   25.717742512  103.885957455
    0.276392557    1.513775042   -1.896571234   30.973775045   96.412534362
    0.283455203    1.513775042   -1.662175732   35.336280266   86.471030691
    0.290517849    1.513775042   -1.400224089   38.312717185   75.246360105
    0.297580495    1.513775042   -1.126034691   38.835651947   63.415583619
    0.304643141    1.513775042   -0.861094085   35.525950440   51.260496101
    0.311705787    1.513775042   -0.626138950   30.667421972   40.031031928
    0.318768433    1.513775042   -0.430224981   24.985505640   29.984214161
    0.325831079    1.513775042   -0.274983633   19.227956396   21.413166693
    0.332893725    1.513775042   -0.160801074   13.484587678   14.047923953
    0.339956371    1.513775042   -0.083418296    8.588130191    8.398728369
    0.347019017    1.513775042   -0.037882852    4.713499863    4.304620311
    0.354081663    1.513775042   -0.013664921    2.415999605    1.984500840
    0.361144310    1.513775042   -0.003293600    0.725865225    0.545790400
    0.368206956    1.513775042   -0.000369564    0.151967447    0.112044108
    0.375269602    1.513775042   -0.000000000   -0.000000000   -0.000000000
    0.382332248    1.513775042   -0.000000000   -0.000000000   -0.000000000
    0.389394894    1.513775042   -0.000000000   -0.000000000   -0.000000000
    0.396457540    1.513775042   -0.000000000   -0.000000000   -0.000000000
    0.403520186    1.513775042   -0.000000000   -0.000000000   -0.000000000
    0.410582832    1.513775042   -0.000000000   -0.000000000   -0.000000000
    0.417645478    1.513775042   -0.000000000   -0.000000000   -0.000000000
    0.424708124    1.513775042   -0.000000000   -0.000000000   -0.000000000
    0.431770770    1.513775042   -0.000000000   -0.000000000   -0.000000000
    0.438833416    1.513775042   -0.000000000   -0.000000000   -0.000000000
    0.445896062    1.513775042   -0.000000000   -0.000000000   -0.000000000
    0.452958708    1.513775042   -0.000000000   -0.000000000   -0.000000000
    0.460021354    1.513775042   -0.000000000   -0.000000000   -0.000000000
    0.467084000    1.513775042   -0.000000000   -0.000000000   -0.000000000

    0.022137300    1.531421859   -0.000000000   -0.000000000   -0.000000000
    0.029199946    1.531421859   -0.000000000   -0.000000000   -0.000000000
    0.036262592    1.531421859   -0.002342692   -1.327133192    0.020537555
    0.043325238    1.531421859   -0.043520500  -12.690810795    0.108288424
    0.050387884    1.531421859   -0.250871011  -52.231549696    0.294333593
    0.057450530    1.531421859   -0.899158249 -143.735867249    0.977362164
    0.064513176    1.531421859   -2.492076299 -326.805071551    2.579117849
    0.071575822    1.531421859   -5.832957884 -645.165072965    4.277126690
    0.078638468    1.531421859  -11.962395935 -1113.213890992    7.328705721
    0.085701114    1.531421859  -21.772218664 -1670.617519382   12.278359886
    0.092763760    1.531421859  -35.454231357 -2180.821163237   18.394750002
    0.099826406    1.531421859  -52.008834208 -2453.079697940   24.482961384
    0.106889052    1.531421859  -69.201857117 -2347.579089004   28.796957972
    0.113951698    1.531421859  -84.235974557 -1855.448976756   30.191499633
    0.121014344    1.531421859  -94.866249987 -1136.215777549   28.403770580
    0.128076990    1.531421859 -100.307255566 -423.982350724   23.949901089
    0.135139637    1.531421859 -101.287299354  110.891812866   21.026375575
    0.142202283    1.531421859  -99.210918220  450.929151330   22.215290211
    0.149264929    1.531421859  -95.126096361  702.998335467   31.130916914
    0.156327575    1.531421859  -89.173401636  995.893285470   49.110418678
    0.163390221    1.531421859  -80.878889563 1361.269940943   78.719627690
    0.170452867    1.531421859  -69.961793401 1717.492666189  116.258168327
    0.177515513    1.531421859  -56.964108303 1929.588870098  153.229934787
    0.184578159    1.531421859  -43.265017028 1908.378904636  179.896482820
    0.191640805    1.531421859  -30.552425577 1661.035591382  190.264811461
    0.198703451    1.531421859  -20.102594318 1287.135195550  183.262552680
    0.205766097    1.531421859  -12.417237382  894.214913274  163.586545592
    0.212828743    1.531421859   -7.329949604  560.452851292  138.424332117
    0.219891389    1.531421859   -4.271986701  320.955208385  113.566922428
    0.226954035    1.531421859   -2.586627380  169.570471767   93.469009578
    0.234016681    1.531421859   -1.723095834   83.479730272   78.228080818
    0.241079327    1.531421859   -1.299167009   40.910358319   68.034189997
    0.248141973    1.531421859   -1.089980736   20.745944462   60.820134085
    0.255204619    1.531421859   -0.972610833   13.884486853   55.959408822
    0.262267265    1.531421859   -0.885341499   11.251380871   51.948568383
    0.269329911    1.531421859   -0.804395430   12.003744072   47.879896467
    0.276392557    1.531421859   -0.712591847   13.796289655   43.061037262
    0.283455203    1.531421859   -0.607822126   15.530846272   37.791758308
    0.290517849    1.531421859   -0.492203719   16.998796037   31.916315893
    0.297580495    1.531421859   -0.372631863   16.514363107   25.885493366
    0.304643141    1.531421859   -0.262454892   14.625232270   19.917104064
    0.311705787    1.531421859   -0.169071420   11.788946670   14.636907693
    0.318768433    1.531421859   -0.096426422    8.630273431   10.070224341
    0.325831079    1.531421859   -0.047397631    5.395577121    6.166317092
    0.332893725    1.531421859   -0.019590101    2.559416546    3.223093465
    0.339956371    1.531421859   -0.006673387    1.182318864    1.428539155
    0.347019017    1.531421859   -0.002072643    0.370134631    0.424375846
    0.354081663    1.531421859   -0.000318031    0.140969415    0.125768235
    0.361144310    1.531421859   -0.000000000   -0.000000000   -0.000000000
    0.368206956    1.531421859   -0.000000000   -0.000000000   -0.000000000
    0.375269602    1.531421859   -0.000000000   -0.000000000   -0.000000000
    0.382332248    1.531421859   -0.000000000   -0.000000000   -0.000000000
    0.389394894    1.531421859   -0.000000000   -0.000000000   -0.000000000
    0.396457540    1.531421859   -0.000000000   -0.000000000   -0.000000000
    0.403520186    1.531421859   -0.000000000   -0.000000000   -0.000000000
    0.410582832    1.531421859   -0.000000000   -0.000000000   -0.000000000
    0.417645478    1.531421859   -0.000000000   -0.000000000   -0.000000000
    0.424708124    1.531421859   -0.000000000   -0.000000000   -0.000000000
    0.431770770    1.531421859   -0.000000000   -0.000000000   -0.000000000
    0.438833416    1.531421859   -0.000000000   -0.000000000   -0.000000000
    0.445896062    1.531421859   -0.000000000   -0.000000000   -0.000000000
    0.452958708    1.531421859   -0.000000000   -0.000000000   -0.000000000
    0.460021354    1.531421859   -0.000000000   -0.000000000   -0.000000000
    0.467084000    1.531421859   -0.000000000   -0.000000000   -0.000000000

    0.022137300    1.549068676   -0.000000000   -0.000000000   -0.000000000
    0.029199946    1.549068676   -0.000000000   -0.000000000   -0.000000000
    0.036262592    1.549068676   -0.001608268   -1.093557854    0.057441004
    0.043325238    1.549068676   -0.039348141  -12.223746562    0.372294373
    0.050387884    1.549068676   -0.233596587  -49.858149095    1.526853552
    0.057450530    1.549068676   -0.854395330 -136.333328208    4.019332078
    0.064513176    1.549068676   -2.377694617 -314.308275883   10.017961485
    0.071575822    1.549068676   -5.614694430 -626.498134073   19.742619767
    0.078638468    1.549068676  -11.571965356 -1081.798999525   35.544432194
    0.085701114    1.549068676  -21.122220136 -1630.111808037   59.246084940
    0.092763760    1.549068676  -34.498150823 -2137.571167230   87.053441781
    0.099826406    1.549068676  -50.782519721 -2422.699997284  110.798350600
    0.106889052    1.549068676  -67.849991551 -2343.360046643  120.527729258
    0.113951698    1.549068676  -82.971872415 -1882.902159897  110.467106860
    0.121014344    1.549068676  -93.896407677 -1189.442639031   80.168883761
    0.128076990    1.549068676  -99.745081468 -481.688115513   39.963083774
    0.135139637    1.549068676 -101.079690335   71.231167791    4.845349053
    0.142202283    1.549068676  -99.164491773  446.680969313  -14.032924153
    0.149264929    1.549068676  -94.958989528  741.544636310  -10.235981732
    0.156327575    1.549068676  -88.604851814 1069.439480812   15.233031066
    0.163390221    1.549068676  -79.703720500 1457.124016139   53.908326873
    0.170452867    1.549068676  -68.092349253 1814.334445354   95.024478032
    0.177515513    1.549068676  -54.473813266 2003.242010840  128.301055450
    0.184578159    1.549068676  -40.391670712 1941.485965232  146.057503828
    0.191640805    1.549068676  -27.600854679 1651.275964279  146.009601268
    0.198703451    1.549068676  -17.339006565 1244.644593414  132.280753134
    0.205766097    1.549068676  -10.031975487  832.751479762  109.955674681
    0.212828743    1.549068676   -5.392595662  498.110133043   84.967525321
    0.219891389    1.549068676   -2.747782437  268.214163755   63.420186419
    0.226954035    1.549068676   -1.383392213  130.887822468   47.588299665
    0.234016681    1.549068676   -0.749343389   57.317819223   36.652245514
    0.241079327    1.549068676   -0.478218576   23.795655413   29.404752310
    0.248141973    1.549068676   -0.366012137   10.590979841   25.066428016
    0.255204619    1.549068676   -0.311009522    6.076715177   22.602897498
    0.262267265    1.549068676   -0.276247260    4.344819422   20.737164672
    0.269329911    1.549068676   -0.246328448    4.170459463   18.897859136
    0.276392557    1.549068676   -0.214215400    4.911095604   16.810822432
    0.283455203    1.549068676   -0.177346835    5.678063943   14.482338886
    0.290517849    1.549068676   -0.135305758    5.976748103   11.394158515
    0.297580495    1.549068676   -0.093571135    5.799602484    8.346534277
    0.304643141    1.549068676   -0.055665722    4.964591557    5.634841184
    0.311705787    1.549068676   -0.026342177    3.242015358    3.071582264
    0.318768433    1.549068676   -0.009822387    1.590355908    1.462010090
    0.325831079    1.549068676   -0.002206124    0.642016797    0.584954492
    0.332893725    1.549068676   -0.000107371    0.056087949    0.033601105
    0.339956371    1.549068676   -0.000000000   -0.000000000   -0.000000000
    0.347019017    1.549068676   -0.000000000   -0.000000000   -0.000000000
    0.354081663    1.549068676   -0.000000000   -0.000000000   -0.000000000
    0.361144310    1.549068676   -0.000000000   -0.000000000   -0.000000000
    0.368206956    1.549068676   -0.000000000   -0.000000000   -0.000000000
    0.375269602    1.549068676   -0.000000000   -0.000000000   -0.000000000
    0.382332248    1.549068676   -0.000000000   -0.000000000   -0.000000000
    0.389394894    1.549068676   -0.000000000   -0.000000000   -0.000000000
    0.396457540    1.549068676   -0.000000000   -0.000000000   -0.000000000
    0.403520186    1.549068676   -0.000000000   -0.000000000   -0.000000000
    0.410582832    1.549068676   -0.000000000   -0.000000000   -0.000000000
    0.417645478    1.549068676   -0.000000000   -0.000000000   -0.000000000
    0.424708124    1.549068676   -0.000000000   -0.000000000   -0.000000000
    0.431770770    1.549068676   -0.000000000   -0.000000000   -0.000000000
    0.438833416    1.549068676   -0.000000000   -0.000000000   -0.000000000
    0.445896062    1.549068676   -0.000000000   -0.000000000   -0.000000000
    0.452958708    1.549068676   -0.000000000   -0.000000000   -0.000000000
    0.460021354    1.549068676   -0.000000000   -0.000000000   -0.000000000
    0.467084000    1.549068676   -0.000000000   -0.000000000   -0.000000000

    0.022137300    1.566715493   -0.000000000   -0.000000000   -0.000000000
    0.029199946    1.566715493   -0.000000000   -0.000000000   -0.000000000
    0.036262592    1.566715493   -0.000739516   -0.506446616    0.041433955
    0.043325238    1.566715493   -0.030528315  -10.144475084    0.600227041
    0.050387884    1.566715493   -0.199926588  -43.943934056    2.223013950
    0.057450530    1.566715493   -0.762055659 -125.358963325    6.046085328
    0.064513176    1.566715493   -2.164755276 -291.112558289   13.430242099
    0.071575822    1.566715493   -5.184091330 -586.611616053   27.587934445
    0.078638468    1.566715493  -10.779003645 -1019.091703472   51.679169727
    0.085701114    1.566715493  -19.804026204 -1545.078452446   85.633754138
    0.092763760    1.566715493  -32.562578400 -2049.787944857  126.209942553
    0.099826406    1.566715493  -48.311069732 -2364.380738744  161.410068353
    0.106889052    1.566715493  -65.150540495 -2341.005675490  177.483926913
    0.113951698    1.566715493  -80.498880203 -1949.764756926  164.111061114
    0.121014344    1.566715493  -92.091195626 -1306.858822328  122.239723765
    0.128076990    1.566715493  -98.836935025 -611.106951658   64.690761945
    0.135139637    1.566715493 -100.989512481  -24.420831515   10.700519990
    0.142202283    1.566715493  -99.542140631  413.107480803  -21.562600826
    0.149264929    1.566715493  -95.330705270  775.830204264  -25.419911914
    0.156327575    1.566715493  -88.535267442 1155.439477364   -2.634624283
    0.163390221    1.566715493  -78.934121723 1562.912444045   35.663682326
    0.170452867    1.566715493  -66.600504430 1908.654308585   75.249927328
    0.177515513    1.566715493  -52.430019005 2062.829714531  103.870684407
    0.184578159    1.566715493  -38.090951867 1955.345426958  115.808450487
    0.191640805    1.566715493  -25.338517255 1627.064032890  112.016470705
    0.198703451    1.566715493  -15.344540605 1194.978791286   95.777487082
    0.205766097    1.566715493   -8.432365395  772.853199322   73.960389851
    0.212828743    1.566715493   -4.204475288  443.138347094   52.317400089
    0.219891389    1.566715493   -1.901080603  227.068006709   35.497779284
    0.226954035    1.566715493   -0.780004680  102.219701433   23.732502824
    0.234016681    1.566715493   -0.307566231   39.227835246   15.919466228
    0.241079327    1.566715493   -0.140731762   12.190786026   11.131523242
    0.248141973    1.566715493   -0.089293366    4.120596322    8.600530555
    0.255204619    1.566715493   -0.066411732    2.446843263    7.309869146
    0.262267265    1.566715493   -0.053474545    1.493385217    6.111377713
    0.269329911    1.566715493   -0.044505916    1.138047817    5.243543825
    0.276392557    1.566715493   -0.036712639    1.096897785    4.757765601
    0.283455203    1.566715493   -0.029093010    1.016064273    3.900852940
    0.290517849    1.566715493   -0.020865800    1.264943099    2.972777318
    0.297580495    1.566715493   -0.012336726    1.116734497    1.840166748
    0.304643141    1.566715493   -0.005528086    0.750772760    0.951398494
    0.311705787    1.566715493   -0.001644583    0.418294820    0.437672337
    0.318768433    1.566715493   -0.000186093    0.076862587    0.075712228
    0.325831079    1.566715493   -0.000000000   -0.000000000   -0.000000000
    0.332893725    1.566715493   -0.000000000   -0.000000000   -0.000000000
    0.339956371    1.566715493   -0.000000000   -0.000000000   -0.000000000
    0.347019017    1.566715493   -0.000000000   -0.000000000   -0.000000000
    0.354081663    1.566715493   -0.000000000   -0.000000000   -0.000000000
    0.361144310    1.566715493   -0.000000000   -0.000000000   -0.000000000
    0.368206956    1.566715493   -0.000000000   -0.000000000   -0.000000000
    0.375269602    1.566715493   -0.000000000   -0.000000000   -0.000000000
    0.382332248    1.566715493   -0.000000000   -0.000000000   -0.000000000
    0.389394894    1.566715493   -0.000000000   -0.000000000   -0.000000000
    0.396457540    1.566715493   -0.000000000   -0.000000000   -0.000000000
    0.403520186    1.566715493   -0.000000000   -0.000000000   -0.000000000
    0.410582832    1.566715493   -0.000000000   -0.000000000   -0.000000000
    0.417645478    1.566715493   -0.000000000   -0.000000000   -0.000000000
    0.424708124    1.566715493   -0.000000000   -0.000000000   -0.000000000
    0.431770770    1.566715493   -0.000000000   -0.000000000   -0.000000000
    0.438833416    1.566715493   -0.000000000   -0.000000000   -0.000000000
    0.445896062    1.566715493   -0.000000000   -0.000000000   -0.000000000
    0.452958708    1.566715493   -0.000000000   -0.000000000   -0.000000000
    0.460021354    1.566715493   -0.000000000   -0.000000000   -0.000000000
    0.467084000    1.566715493   -0.000000000   -0.000000000   -0.000000000

    0.022137300    1.584362310   -0.000000000   -0.000000000   -0.000000000
    0.029199946    1.584362310   -0.000000000   -0.000000000   -0.000000000
    0.036262592    1.584362310   -0.000080121   -0.234239470    0.017629740
    0.043325238    1.584362310   -0.020055363   -7.704816680    0.544612415
    0.050387884    1.584362310   -0.159818623  -37.367110580    2.233247475
    0.057450530    1.584362310   -0.653063935 -112.586080752    5.878618746
    0.064513176    1.584362310   -1.929156256 -266.567235074   12.595004695
    0.071575822    1.584362310   -4.694686693 -538.492729238   26.449433495
    0.078638468    1.584362310   -9.852764723 -943.621750936   50.547815891
    0.085701114    1.584362310  -18.261632283 -1447.250613449   84.707666458
    0.092763760    1.584362310  -30.290091327 -1946.156553989  124.605761779
    0.099826406    1.584362310  -45.386313646 -2288.981147238  161.931728606
    0.106889052    1.584362310  -61.889515584 -2325.558154748  184.116439098
    0.113951698    1.584362310  -77.398412149 -2010.902253785  181.211683343
    0.121014344    1.584362310  -89.659132311 -1429.902175542  151.189985837
    0.128076990    1.584362310  -97.378845728 -755.359872941  102.743052920
    0.135139637    1.584362310 -100.481680111 -141.583437279   52.643885026
    0.142202283    1.584362310  -99.651054949  359.121290895   17.775872057
    0.149264929    1.584362310  -95.571417838  791.608305796    6.355153992
    0.156327575    1.584362310  -88.465949951 1223.167353390   17.336492180
    0.163390221    1.584362310  -78.289120557 1652.784077927   42.001298225
    0.170452867    1.584362310  -65.349327037 1984.883288712   68.531856846
    0.177515513    1.584362310  -50.761296152 2103.875784290   86.991069500
    0.184578159    1.584362310  -36.262323386 1957.833749474   92.152287746
    0.191640805    1.584362310  -23.613112125 1598.781272114   84.631413953
    0.198703451    1.584362310  -13.903125287 1145.746663309   68.634256172
    0.205766097    1.584362310   -7.359684950  719.304552024   49.185125949
    0.212828743    1.584362310   -3.475995883  400.331153633   31.759622744
    0.219891389    1.584362310   -1.432265407  197.046155860   19.201087940
    0.226954035    1.584362310   -0.486976540   82.927628656   10.659954821
    0.234016681    1.584362310   -0.125415170   27.593247198    5.730297773
    0.241079327    1.584362310   -0.026239709    5.093465921    2.840403414
    0.248141973    1.584362310   -0.009635552    0.960416438    1.574376233
    0.255204619    1.584362310   -0.004609387    0.260260264    1.087116446
    0.262267265    1.584362310   -0.003188316    0.107442156    0.824096996
    0.269329911    1.584362310   -0.002555045    0.047079608    0.572449007
    0.276392557    1.584362310   -0.002229253    0.084092240    0.515631112
    0.283455203    1.584362310   -0.001472870    0.124218621    0.345666023
    0.290517849    1.584362310   -0.000597086    0.124041772    0.222706123
    0.297580495    1.584362310   -0.000129641    0.034874347    0.045900082
    0.304643141    1.584362310   -0.000000000   -0.000000000   -0.000000000
    0.311705787    1.584362310   -0.000000000   -0.000000000   -0.000000000
    0.318768433    1.584362310   -0.000000000   -0.000000000   -0.000000000
    0.325831079    1.584362310   -0.000000000   -0.000000000   -0.000000000
    0.332893725    1.584362310   -0.000000000   -0.000000000   -0.000000000
    0.339956371    1.584362310   -0.000000000   -0.000000000   -0.000000000
    0.347019017    1.584362310   -0.000000000   -0.000000000   -0.000000000
    0.354081663    1.584362310   -0.000000000   -0.000000000   -0.000000000
    0.361144310    1.584362310   -0.000000000   -0.000000000   -0.000000000
    0.368206956    1.584362310   -0.000000000   -0.000000000   -0.000000000
    0.375269602    1.584362310   -0.000000000   -0.000000000   -0.000000000
    0.382332248    1.584362310   -0.000000000   -0.000000000   -0.000000000
    0.389394894    1.584362310   -0.000000000   -0.000000000   -0.000000000
    0.396457540    1.584362310   -0.000000000   -0.000000000   -0.000000000
    0.403520186    1.584362310   -0.000000000   -0.000000000   -0.000000000
    0.410582832    1.584362310   -0.000000000   -0.000000000   -0.000000000
    0.417645478    1.584362310   -0.000000000   -0.000000000   -0.000000000
    0.424708124    1.584362310   -0.000000000   -0.000000000   -0.000000000
    0.431770770    1.584362310   -0.000000000   -0.000000000   -0.000000000
    0.438833416    1.584362310   -0.000000000   -0.000000000   -0.000000000
    0.445896062    1.584362310   -0.000000000   -0.000000000   -0.000000000
    0.452958708    1.584362310   -0.000000000   -0.000000000   -0.000000000
    0.460021354    1.584362310   -0.000000000   -0.000000000   -0.000000000
    0.467084000    1.584362310   -0.000000000   -0.000000000   -0.000000000

    0.022137300    1.602009127   -0.000000000   -0.000000000   -0.000000000
    0.029199946    1.602009127   -0.000000000   -0.000000000   -0.000000000
    0.036262592    1.602009127   -0.000000000   -0.000000000   -0.000000000
    0.043325238    1.602009127   -0.012540391   -5.596168160    0.274856798
    0.050387884    1.602009127   -0.127980847  -31.720262594    1.358485500
    0.057450530    1.602009127   -0.565186713 -101.246450861    3.849420843
    0.064513176    1.602009127   -1.738561274 -246.102726664    8.727015132
    0.071575822    1.602009127   -4.293132677 -498.029983599   18.290873002
    0.078638468    1.602009127   -9.080804820 -879.146804928   35.090969120
    0.085701114    1.602009127  -16.956206126 -1362.184932537   60.450664049
    0.092763760    1.602009127  -28.347810118 -1853.817422960   91.613355767
    0.099826406    1.602009127  -42.820809852 -2208.059253916  124.597950119
    0.106889052    1.602009127  -58.874585134 -2283.298498277  153.075522399
    0.113951698    1.602009127  -74.271550510 -2023.597149784  169.524498080
    0.121014344    1.602009127  -86.824094348 -1498.036093013  168.241796490
    0.128076990    1.602009127  -95.154411295 -854.894002956  149.700927292
    0.135139637    1.602009127  -98.966865562 -236.985797418  121.330540604
    0.142202283    1.602009127  -98.704840510  297.482412420   92.969729009
    0.149264929    1.602009127  -94.895308963  776.739559471   73.426577529
    0.156327575    1.602009127  -87.747427053 1247.250105582   66.932375625
    0.163390221    1.602009127  -77.322955325 1694.501311356   70.086734660
    0.170452867    1.602009127  -64.086788808 2023.736428100   77.129151969
    0.177515513    1.602009127  -49.292749318 2120.066649237   80.491715220
    0.184578159    1.602009127  -34.790198831 1944.202212097   75.880457580
    0.191640805    1.602009127  -22.312377382 1565.050186660   64.201626504
    0.198703451    1.602009127  -12.882633892 1101.974187653   47.881761754
    0.205766097    1.602009127   -6.650686438  676.869865443   32.671095402
    0.212828743    1.602009127   -3.036383743  366.979219349   19.208704786
    0.219891389    1.602009127   -1.185709290  174.260041545    9.596972564
    0.226954035    1.602009127   -0.364387572   69.861386134    4.316779383
    0.234016681    1.602009127   -0.069460552   20.238649335    1.388955636
    0.241079327    1.602009127   -0.006199100    2.287635227    0.268776865
    0.248141973    1.602009127   -0.000786894    0.280999348    0.057560988
    0.255204619    1.602009127   -0.000000000   -0.000000000   -0.000000000
    0.262267265    1.602009127   -0.000000000   -0.000000000   -0.000000000
    0.269329911    1.602009127   -0.000000000   -0.000000000   -0.000000000
    0.276392557    1.602009127   -0.000000000   -0.000000000   -0.000000000
    0.283455203    1.602009127   -0.000000000   -0.000000000   -0.000000000
    0.290517849    1.602009127   -0.000000000   -0.000000000   -0.000000000
    0.297580495    1.602009127   -0.000000000   -0.000000000   -0.000000000
    0.304643141    1.602009127   -0.000000000   -0.000000000   -0.000000000
    0.311705787    1.602009127   -0.000000000   -0.000000000   -0.000000000
    0.318768433    1.602009127   -0.000000000   -0.000000000   -0.000000000
    0.325831079    1.602009127   -0.000000000   -0.000000000   -0.000000000
    0.332893725    1.602009127   -0.000000000   -0.000000000   -0.000000000
    0.339956371    1.602009127   -0.000000000   -0.000000000   -0.000000000
    0.347019017    1.602009127   -0.000000000   -0.000000000   -0.000000000
    0.354081663    1.602009127   -0.000000000   -0.000000000   -0.000000000
    0.361144310    1.602009127   -0.000000000   -0.000000000   -0.000000000
    0.368206956    1.602009127   -0.000000000   -0.000000000   -0.000000000
    0.375269602    1.602009127   -0.000000000   -0.000000000   -0.000000000
    0.382332248    1.602009127   -0.000000000   -0.000000000   -0.000000000
    0.389394894    1.602009127   -0.000000000   -0.000000000   -0.000000000
    0.396457540    1.602009127   -0.000000000   -0.000000000   -0.000000000
    0.403520186    1.602009127   -0.000000000   -0.000000000   -0.000000000
    0.410582832    1.602009127   -0.000000000   -0.000000000   -0.000000000
    0.417645478    1.602009127   -0.000000000   -0.000000000   -0.000000000
    0.424708124    1.602009127   -0.000000000   -0.000000000   -0.000000000
    0.431770770    1.602009127   -0.000000000   -0.000000000   -0.000000000
    0.438833416    1.602009127   -0.000000000   -0.000000000   -0.000000000
    0.445896062    1.602009127   -0.000000000   -0.000000000   -0.000000000
    0.452958708    1.602009127   -0.000000000   -0.000000000   -0.000000000
    0.460021354    1.602009127   -0.000000000   -0.000000000   -0.000000000
    0.467084000    1.602009127   -0.000000000   -0.000000000   -0.000000000

    0.022137300    1.619655944   -0.000000000   -0.000000000   -0.000000000
    0.029199946    1.619655944   -0.000000000   -0.000000000   -0.000000000
    0.036262592    1.619655944   -0.000000000   -0.000000000   -0.000000000
    0.043325238    1.619655944   -0.009633018   -4.482422817    0.046985722
    0.050387884    1.619655944   -0.113818640  -29.720753795    0.309703203
    0.057450530    1.619655944   -0.523587006  -95.714252295    0.992740720
    0.064513176    1.619655944   -1.629320664 -233.353043020    3.388248600
    0.071575822    1.619655944   -4.064507377 -475.737061201    7.545551938
    0.078638468    1.619655944   -8.641543885 -841.175847086   14.727849775
    0.085701114    1.619655944  -16.186015245 -1306.576852861   26.659398175
    0.092763760    1.619655944  -27.132526791 -1784.600037456   45.716668475
    0.099826406    1.619655944  -41.076614413 -2129.465642482   72.751489288
    0.106889052    1.619655944  -56.572453523 -2206.849431591  106.852288506
    0.113951698    1.619655944  -71.501591476 -1970.050707599  142.845516350
    0.121014344    1.619655944  -83.796422657 -1480.243175369  172.904310770
    0.128076990    1.619655944  -92.146933639 -877.866839336  187.907907903
    0.135139637    1.619655944  -96.237801815 -289.721462573  184.086808414
    0.142202283    1.619655944  -96.393761638  236.118817224  164.946684759
    0.149264929    1.619655944  -92.984938663  727.676129880  139.047848895
    0.156327575    1.619655944  -86.107832435 1220.475016158  115.340964799
    0.163390221    1.619655944  -75.806415585 1684.458890992   99.141422877
    0.170452867    1.619655944  -62.623293255 2016.050531905   87.580805145
    0.177515513    1.619655944  -47.905763650 2104.198448256   76.270569064
    0.184578159    1.619655944  -33.566332549 1914.865481303   62.734223168
    0.191640805    1.619655944  -21.332910941 1526.353456142   47.337153981
    0.198703451    1.619655944  -12.178982014 1063.681349728   32.368285093
    0.205766097    1.619655944   -6.194066870  645.814971239   19.737993584
    0.212828743    1.619655944   -2.776634422  343.575555575   11.373028327
    0.219891389    1.619655944   -1.059764462  159.741194807    5.688843140
    0.226954035    1.619655944   -0.312107524   62.540771595    2.319804814
    0.234016681    1.619655944   -0.055000474   16.835686869    0.423167689
    0.241079327    1.619655944   -0.003504129    1.692824876    0.087672241
    0.248141973    1.619655944   -0.000000000   -0.000000000   -0.000000000
    0.255204619    1.619655944   -0.000000000   -0.000000000   -0.000000000
    0.262267265    1.619655944   -0.000000000   -0.000000000   -0.000000000
    0.269329911    1.619655944   -0.000000000   -0.000000000   -0.000000000
    0.276392557    1.619655944   -0.000000000   -0.000000000   -0.000000000
    0.283455203    1.619655944   -0.000000000   -0.000000000   -0.000000000
    0.290517849    1.619655944   -0.000000000   -0.000000000   -0.000000000
    0.297580495    1.619655944   -0.000000000   -0.000000000   -0.000000000
    0.304643141    1.619655944   -0.000000000   -0.000000000   -0.000000000
    0.311705787    1.619655944   -0.000000000   -0.000000000   -0.000000000
    0.318768433    1.619655944   -0.000000000   -0.000000000   -0.000000000
    0.325831079    1.619655944   -0.000000000   -0.000000000   -0.000000000
    0.332893725    1.619655944   -0.000000000   -0.000000000   -0.000000000
    0.339956371    1.619655944   -0.000000000   -0.000000000   -0.000000000
    0.347019017    1.619655944   -0.000000000   -0.000000000   -0.000000000
    0.354081663    1.619655944   -0.000000000   -0.000000000   -0.000000000
    0.361144310    1.619655944   -0.000000000   -0.000000000   -0.000000000
    0.368206956    1.619655944   -0.000000000   -0.000000000   -0.000000000
    0.375269602    1.619655944   -0.000000000   -0.000000000   -0.000000000
    0.382332248    1.619655944   -0.000000000   -0.000000000   -0.000000000
    0.389394894    1.619655944   -0.000000000   -0.000000000   -0.000000000
    0.396457540    1.619655944   -0.000000000   -0.000000000   -0.000000000
    0.403520186    1.619655944   -0.000000000   -0.000000000   -0.000000000
    0.410582832    1.619655944   -0.000000000   -0.000000000   -0.000000000
    0.417645478    1.619655944   -0.000000000   -0.000000000   -0.000000000
    0.424708124    1.619655944   -0.000000000   -0.000000000   -0.000000000
    0.431770770    1.619655944   -0.000000000   -0.000000000   -0.000000000
    0.438833416    1.619655944   -0.000000000   -0.000000000   -0.000000000
    0.445896062    1.619655944   -0.000000000   -0.000000000   -0.000000000
    0.452958708    1.619655944   -0.000000000   -0.000000000   -0.000000000
    0.460021354    1.619655944   -0.000000000   -0.000000000   -0.000000000
    0.467084000    1.619655944   -0.000000000   -0.000000000   -0.000000000

    0.022137300    1.637302761   -0.000000000   -0.000000000   -0.000000000
    0.029199946    1.637302761   -0.000000000   -0.000000000   -0.000000000
    0.036262592    1.637302761   -0.000000000   -0.000000000   -0.000000000
    0.043325238    1.637302761   -0.010000148   -4.503526811   -0.048861052
    0.050387884    1.637302761   -0.116996749  -30.396618788   -0.605189330
    0.057450530    1.637302761   -0.527211057  -94.195389359   -1.163520897
    0.064513176    1.637302761   -1.612640177 -229.217336842   -1.389894775
    0.071575822    1.637302761   -4.014395206 -470.462476306   -1.379002808
    0.078638468    1.637302761   -8.537493047 -830.616719285   -1.648395710
    0.085701114    1.637302761  -15.970549344 -1283.773144833   -0.062404024
    0.092763760    1.637302761  -26.684907897 -1739.655406002    8.339735149
    0.099826406    1.637302761  -40.207211257 -2054.998493021   28.931496597
    0.106889052    1.637302761  -55.082987210 -2107.357848221   63.810031489
    0.113951698    1.637302761  -69.256038432 -1860.148493900  111.309267412
    0.121014344    1.637302761  -80.831910624 -1391.589225370  159.883628585
    0.128076990    1.637302761  -88.713760403 -837.450278747  194.570815339
    0.135139637    1.637302761  -92.725027277 -307.322284595  204.639908993
    0.142202283    1.637302761  -93.175709554  174.455106335  188.874981109
    0.149264929    1.637302761  -90.267953157  652.425855110  159.648019365
    0.156327575    1.637302761  -83.891474294 1156.397707568  128.651157707
    0.163390221    1.637302761  -73.979845839 1637.996588662  102.989039155
    0.170452867    1.637302761  -61.085263483 1979.047313447   84.334841227
    0.177515513    1.637302761  -46.626970569 2067.626143431   67.993594565
    0.184578159    1.637302761  -32.549281104 1876.274780755   52.487910136
    0.191640805    1.637302761  -20.593108403 1487.439824670   36.929383741
    0.198703451    1.637302761  -11.695044612 1031.539414456   22.615684685
    0.205766097    1.637302761   -5.906559926  623.190861636   12.827199526
    0.212828743    1.637302761   -2.617477403  329.278965004    6.741198853
    0.219891389    1.637302761   -0.978099348  151.877828332    3.386835682
    0.226954035    1.637302761   -0.280410661   57.509318070    1.095117086
    0.234016681    1.637302761   -0.049529017   15.273644584    0.191343542
    0.241079327    1.637302761   -0.002533837    1.595401840    0.034053919
    0.248141973    1.637302761   -0.000000000   -0.000000000   -0.000000000
    0.255204619    1.637302761   -0.000000000   -0.000000000   -0.000000000
    0.262267265    1.637302761   -0.000000000   -0.000000000   -0.000000000
    0.269329911    1.637302761   -0.000000000   -0.000000000   -0.000000000
    0.276392557    1.637302761   -0.000000000   -0.000000000   -0.000000000
    0.283455203    1.637302761   -0.000000000   -0.000000000   -0.000000000
    0.290517849    1.637302761   -0.000000000   -0.000000000   -0.000000000
    0.297580495    1.637302761   -0.000000000   -0.000000000   -0.000000000
    0.304643141    1.637302761   -0.000000000   -0.000000000   -0.000000000
    0.311705787    1.637302761   -0.000000000   -0.000000000   -0.000000000
    0.318768433    1.637302761   -0.000000000   -0.000000000   -0.000000000
    0.325831079    1.637302761   -0.000000000   -0.000000000   -0.000000000
    0.332893725    1.637302761   -0.000000000   -0.000000000   -0.000000000
    0.339956371    1.637302761   -0.000000000   -0.000000000   -0.000000000
    0.347019017    1.637302761   -0.000000000   -0.000000000   -0.000000000
    0.354081663    1.637302761   -0.000000000   -0.000000000   -0.000000000
    0.361144310    1.637302761   -0.000000000   -0.000000000   -0.000000000
    0.368206956    1.637302761   -0.000000000   -0.000000000   -0.000000000
    0.375269602    1.637302761   -0.000000000   -0.000000000   -0.000000000
    0.382332248    1.637302761   -0.000000000   -0.000000000   -0.000000000
    0.389394894    1.637302761   -0.000000000   -0.000000000   -0.000000000
    0.396457540    1.637302761   -0.000000000   -0.000000000   -0.000000000
    0.403520186    1.637302761   -0.000000000   -0.000000000   -0.000000000
    0.410582832    1.637302761   -0.000000000   -0.000000000   -0.000000000
    0.417645478    1.637302761   -0.000000000   -0.000000000   -0.000000000
    0.424708124    1.637302761   -0.000000000   -0.000000000   -0.000000000
    0.431770770    1.637302761   -0.000000000   -0.000000000   -0.000000000
    0.438833416    1.637302761   -0.000000000   -0.000000000   -0.000000000
    0.445896062    1.637302761   -0.000000000   -0.000000000   -0.000000000
    0.452958708    1.637302761   -0.000000000   -0.000000000   -0.000000000
    0.460021354    1.637302761   -0.000000000   -0.000000000   -0.000000000
    0.467084000    1.637302761   -0.000000000   -0.000000000   -0.000000000

    0.022137300    1.654949577   -0.000000000   -0.000000000   -0.000000000
    0.029199946    1.654949577   -0.000000000   -0.000000000   -0.000000000
    0.036262592    1.654949577   -0.000000000   -0.000000000   -0.000000000
    0.043325238    1.654949577   -0.011051943   -5.142081569   -0.059550631
    0.050387884    1.654949577   -0.130468778  -33.011752696   -0.818825705
    0.057450530    1.654949577   -0.557741185  -96.795657409   -2.076735296
    0.064513176    1.654949577   -1.663629359 -231.839664944   -3.922983708
    0.071575822    1.654949577   -4.084408157 -473.512059573   -5.792236365
    0.078638468    1.654949577   -8.644505564 -835.811860207   -8.638874744
    0.085701114    1.654949577  -16.092075005 -1281.360791634  -10.695864431
    0.092763760    1.654949577  -26.709935036 -1712.372905789   -6.999275723
    0.099826406    1.654949577  -39.915974145 -1991.563682261    8.797314634
    0.106889052    1.654949577  -54.196940402 -2002.981332963   40.439979063
    0.113951698    1.654949577  -67.537517831 -1733.312870221   85.517782988
    0.121014344    1.654949577  -78.241461809 -1279.238373347  132.067651876
    0.128076990    1.654949577  -85.501230614 -779.049307157  163.990596074
    0.135139637    1.654949577  -89.349676327 -319.021274101  169.809117619
    0.142202283    1.654949577  -90.082341803  111.136126727  151.949096536
    0.149264929    1.654949577  -87.702046006  572.274736039  122.256646718
    0.156327575    1.654949577  -81.863774917 1087.147340342   93.671133888
    0.163390221    1.654949577  -72.371589340 1588.352217838   73.212219579
    0.170452867    1.654949577  -59.779746026 1941.055257754   58.903771152
    0.177515513    1.654949577  -45.581736822 2030.671788661   46.946704579
    0.184578159    1.654949577  -31.764422693 1839.006882741   33.950948173
    0.191640805    1.654949577  -20.068341963 1452.515275968   20.998837932
    0.198703451    1.654949577  -11.392830331 1004.017378827   10.451641522
    0.205766097    1.654949577   -5.757786996  607.926063529    3.473568642
    0.212828743    1.654949577   -2.546237573  321.702026898    0.915281039
    0.219891389    1.654949577   -0.949652096  146.988166984   -0.384765252
    0.226954035    1.654949577   -0.275831241   54.771927774   -0.684172896
    0.234016681    1.654949577   -0.049871797   15.038701749   -0.274053622
    0.241079327    1.654949577   -0.002454285    1.275114476    0.002012930
    0.248141973    1.654949577   -0.000000000   -0.000000000   -0.000000000
    0.255204619    1.654949577   -0.000000000   -0.000000000   -0.000000000
    0.262267265    1.654949577   -0.000000000   -0.000000000   -0.000000000
    0.269329911    1.654949577   -0.000000000   -0.000000000   -0.000000000
    0.276392557    1.654949577   -0.000000000   -0.000000000   -0.000000000
    0.283455203    1.654949577   -0.000000000   -0.000000000   -0.000000000
    0.290517849    1.654949577   -0.000000000   -0.000000000   -0.000000000
    0.297580495    1.654949577   -0.000000000   -0.000000000   -0.000000000
    0.304643141    1.654949577   -0.000000000   -0.000000000   -0.000000000
    0.311705787    1.654949577   -0.000000000   -0.000000000   -0.000000000
    0.318768433    1.654949577   -0.000000000   -0.000000000   -0.000000000
    0.325831079    1.654949577   -0.000000000   -0.000000000   -0.000000000
    0.332893725    1.654949577   -0.000000000   -0.000000000   -0.000000000
    0.339956371    1.654949577   -0.000000000   -0.000000000   -0.000000000
    0.347019017    1.654949577   -0.000000000   -0.000000000   -0.000000000
    0.354081663    1.654949577   -0.000000000   -0.000000000   -0.000000000
    0.361144310    1.654949577   -0.000000000   -0.000000000   -0.000000000
    0.368206956    1.654949577   -0.000000000   -0.000000000   -0.000000000
    0.375269602    1.654949577   -0.000000000   -0.000000000   -0.000000000
    0.382332248    1.654949577   -0.000000000   -0.000000000   -0.000000000
    0.389394894    1.654949577   -0.000000000   -0.000000000   -0.000000000
    0.396457540    1.654949577   -0.000000000   -0.000000000   -0.000000000
    0.403520186    1.654949577   -0.000000000   -0.000000000   -0.000000000
    0.410582832    1.654949577   -0.000000000   -0.000000000   -0.000000000
    0.417645478    1.654949577   -0.000000000   -0.000000000   -0.000000000
    0.424708124    1.654949577   -0.000000000   -0.000000000   -0.000000000
    0.431770770    1.654949577   -0.000000000   -0.000000000   -0.000000000
    0.438833416    1.654949577   -0.000000000   -0.000000000   -0.000000000
    0.445896062    1.654949577   -0.000000000   -0.000000000   -0.000000000
    0.452958708    1.654949577   -0.000000000   -0.000000000   -0.000000000
    0.460021354    1.654949577   -0.000000000   -0.000000000   -0.000000000
    0.467084000    1.654949577   -0.000000000   -0.000000000   -0.000000000

    0.022137300    1.672596394   -0.000000000   -0.000000000   -0.000000000
    0.029199946    1.672596394   -0.000000000   -0.000000000   -0.000000000
    0.036262592    1.672596394   -0.000000000   -0.000000000   -0.000000000
    0.043325238    1.672596394   -0.012240188   -5.802982929   -0.073172953
    0.050387884    1.672596394   -0.142104480  -35.221034912   -0.468191402
    0.057450530    1.672596394   -0.591907753 -101.113138561   -1.606182418
    0.064513176    1.672596394   -1.729037382 -235.938281518   -3.125137227
    0.071575822    1.672596394   -4.182063145 -478.511234018   -4.305481075
    0.078638468    1.672596394   -8.776667740 -840.465425808   -4.883530507
    0.085701114    1.672596394  -16.241541734 -1279.844678840   -3.948191805
    0.092763760    1.672596394  -26.787228192 -1690.675835057    1.791090859
    0.099826406    1.672596394  -39.733697815 -1937.448804603   16.524942202
    0.106889052    1.672596394  -53.507741293 -1914.784806787   42.753738217
    0.113951698    1.672596394  -66.154389551 -1630.204823630   74.785774419
    0.121014344    1.672596394  -76.185521509 -1198.050535562  102.505645369
    0.128076990    1.672596394  -83.052316898 -752.099720387  113.256619550
    0.135139637    1.672596394  -86.927006056 -351.802489849  102.993878058
    0.142202283    1.672596394  -88.040701492   41.739944964   76.380880583
    0.149264929    1.672596394  -86.179221745  500.116249201   46.697543540
    0.156327575    1.672596394  -80.784438426 1035.701004072   25.041615551
    0.163390221    1.672596394  -71.576859306 1557.842845508   13.114521683
    0.170452867    1.672596394  -59.158934123 1920.031327096    7.946311533
    0.177515513    1.672596394  -45.106543522 2009.575266021    3.558376019
    0.184578159    1.672596394  -31.456391044 1814.050074925   -2.427277021
    0.191640805    1.672596394  -19.930785214 1430.144185844   -8.283102982
    0.198703451    1.672596394  -11.386168466  990.318266727  -11.609605422
    0.205766097    1.672596394   -5.815278807  602.686409321  -11.356919835
    0.212828743    1.672596394   -2.611586683  322.744445858   -8.946678846
    0.219891389    1.672596394   -1.004927693  149.587925890   -6.014958988
    0.226954035    1.672596394   -0.306503600   59.095835695   -2.882253680
    0.234016681    1.672596394   -0.060719735   16.153130273   -1.045697922
    0.241079327    1.672596394   -0.004270955    2.324308412   -0.314395988
    0.248141973    1.672596394   -0.000000000   -0.000000000   -0.000000000
    0.255204619    1.672596394   -0.000000000   -0.000000000   -0.000000000
    0.262267265    1.672596394   -0.000000000   -0.000000000   -0.000000000
    0.269329911    1.672596394   -0.000000000   -0.000000000   -0.000000000
    0.276392557    1.672596394   -0.000000000   -0.000000000   -0.000000000
    0.283455203    1.672596394   -0.000000000   -0.000000000   -0.000000000
    0.290517849    1.672596394   -0.000000000   -0.000000000   -0.000000000
    0.297580495    1.672596394   -0.000000000   -0.000000000   -0.000000000
    0.304643141    1.672596394   -0.000000000   -0.000000000   -0.000000000
    0.311705787    1.672596394   -0.000000000   -0.000000000   -0.000000000
    0.318768433    1.672596394   -0.000000000   -0.000000000   -0.000000000
    0.325831079    1.672596394   -0.000000000   -0.000000000   -0.000000000
    0.332893725    1.672596394   -0.000000000   -0.000000000   -0.000000000
    0.339956371    1.672596394   -0.000000000   -0.000000000   -0.000000000
    0.347019017    1.672596394   -0.000000000   -0.000000000   -0.000000000
    0.354081663    1.672596394   -0.000000000   -0.000000000   -0.000000000
    0.361144310    1.672596394   -0.000000000   -0.000000000   -0.000000000
    0.368206956    1.672596394   -0.000000000   -0.000000000   -0.000000000
    0.375269602    1.672596394   -0.000000000   -0.000000000   -0.000000000
    0.382332248    1.672596394   -0.000000000   -0.000000000   -0.000000000
    0.389394894    1.672596394   -0.000000000   -0.000000000   -0.000000000
    0.396457540    1.672596394   -0.000000000   -0.000000000   -0.000000000
    0.403520186    1.672596394   -0.000000000   -0.000000000   -0.000000000
    0.410582832    1.672596394   -0.000000000   -0.000000000   -0.000000000
    0.417645478    1.672596394   -0.000000000   -0.000000000   -0.000000000
    0.424708124    1.672596394   -0.000000000   -0.000000000   -0.000000000
    0.431770770    1.672596394   -0.000000000   -0.000000000   -0.000000000
    0.438833416    1.672596394   -0.000000000   -0.000000000   -0.000000000
    0.445896062    1.672596394   -0.000000000   -0.000000000   -0.000000000
    0.452958708    1.672596394   -0.000000000   -0.000000000   -0.000000000
    0.460021354    1.672596394   -0.000000000   -0.000000000   -0.000000000
    0.467084000    1.672596394   -0.000000000   -0.000000000   -0.000000000

    0.022137300    1.690243211   -0.000000000   -0.000000000   -0.000000000
    0.029199946    1.690243211   -0.000000000   -0.000000000   -0.000000000
    0.036262592    1.690243211   -0.000000000   -0.000000000   -0.000000000
    0.043325238    1.690243211   -0.012818308   -6.099543683    0.037838105
    0.050387884    1.690243211   -0.144926672  -36.575864365    0.067754778
    0.057450530    1.690243211   -0.607326744 -102.331208328   -0.133989089
    0.064513176    1.690243211   -1.756839051 -237.204786925    0.242790421
    0.071575822    1.690243211   -4.205044932 -476.403081869    2.356040359
    0.078638468    1.690243211   -8.766480617 -833.164187482    7.186775270
    0.085701114    1.690243211  -16.155364981 -1264.325603833   15.152214541
    0.092763760    1.690243211  -26.540412995 -1659.667115224   28.655658731
    0.099826406    1.690243211  -39.193859511 -1884.998759050   47.612018761
    0.106889052    1.690243211  -52.547902795 -1851.560078382   69.059860287
    0.113951698    1.690243211  -64.765964736 -1576.340899538   85.925239657
    0.121014344    1.690243211  -74.528996744 -1179.231553919   88.855215597
    0.128076990    1.690243211  -81.438343146 -783.746013155   73.003484751
    0.135139637    1.690243211  -85.692933388 -424.239715669   40.619359703
    0.142202283    1.690243211  -87.381494507  -43.165761884    2.003549224
    0.149264929    1.690243211  -86.068461323  433.884128807  -31.271860977
    0.156327575    1.690243211  -81.032354780 1000.970524041  -51.609823731
    0.163390221    1.690243211  -71.974312075 1547.092345262  -58.889377252
    0.170452867    1.690243211  -59.599651823 1916.344541225  -59.590466793
    0.177515513    1.690243211  -45.573987132 2005.002236575  -59.152358834
    0.184578159    1.690243211  -31.963664679 1808.896653746  -57.697280916
    0.191640805    1.690243211  -20.457842366 1430.764078227  -53.702327904
    0.198703451    1.690243211  -11.874740014 1000.347529448  -45.775269179
    0.205766097    1.690243211   -6.206673162  619.366806424  -34.201764352
    0.212828743    1.690243211   -2.885760143  338.988094532  -22.498703612
    0.219891389    1.690243211   -1.169289680  163.766325131  -12.837182465
    0.226954035    1.690243211   -0.385730271   68.063189595   -6.293930131
    0.234016681    1.690243211   -0.094613103   21.024961920   -2.724141061
    0.241079327    1.690243211   -0.013600120    4.767301950   -0.784559735
    0.248141973    1.690243211   -0.000389173    0.418530138   -0.104893372
    0.255204619    1.690243211   -0.000000000   -0.000000000   -0.000000000
    0.262267265    1.690243211   -0.000000000   -0.000000000   -0.000000000
    0.269329911    1.690243211   -0.000000000   -0.000000000   -0.000000000
    0.276392557    1.690243211   -0.000000000   -0.000000000   -0.000000000
    0.283455203    1.690243211   -0.000000000   -0.000000000   -0.000000000
    0.290517849    1.690243211   -0.000000000   -0.000000000   -0.000000000
    0.297580495    1.690243211   -0.000000000   -0.000000000   -0.000000000
    0.304643141    1.690243211   -0.000000000   -0.000000000   -0.000000000
    0.311705787    1.690243211   -0.000000000   -0.000000000   -0.000000000
    0.318768433    1.690243211   -0.000000000   -0.000000000   -0.000000000
    0.325831079    1.690243211   -0.000000000   -0.000000000   -0.000000000
    0.332893725    1.690243211   -0.000000000   -0.000000000   -0.000000000
    0.339956371    1.690243211   -0.000000000   -0.000000000   -0.000000000
    0.347019017    1.690243211   -0.000000000   -0.000000000   -0.000000000
    0.354081663    1.690243211   -0.000000000   -0.000000000   -0.000000000
    0.361144310    1.690243211   -0.000000000   -0.000000000   -0.000000000
    0.368206956    1.690243211   -0.000000000   -0.000000000   -0.000000000
    0.375269602    1.690243211   -0.000000000   -0.000000000   -0.000000000
    0.382332248    1.690243211   -0.000000000   -0.000000000   -0.000000000
    0.389394894    1.690243211   -0.000000000   -0.000000000   -0.000000000
    0.396457540    1.690243211   -0.000000000   -0.000000000   -0.000000000
    0.403520186    1.690243211   -0.000000000   -0.000000000   -0.000000000
    0.410582832    1.690243211   -0.000000000   -0.000000000   -0.000000000
    0.417645478    1.690243211   -0.000000000   -0.000000000   -0.000000000
    0.424708124    1.690243211   -0.000000000   -0.000000000   -0.000000000
    0.431770770    1.690243211   -0.000000000   -0.000000000   -0.000000000
    0.438833416    1.690243211   -0.000000000   -0.000000000   -0.000000000
    0.445896062    1.690243211   -0.000000000   -0.000000000   -0.000000000
    0.452958708    1.690243211   -0.000000000   -0.000000000   -0.000000000
    0.460021354    1.690243211   -0.000000000   -0.000000000   -0.000000000
    0.467084000    1.690243211   -0.000000000   -0.000000000   -0.000000000

    0.022137300    1.707890028   -0.000000000   -0.000000000   -0.000000000
    0.029199946    1.707890028   -0.000000000   -0.000000000   -0.000000000
    0.036262592    1.707890028   -0.000000000   -0.000000000   -0.000000000
    0.043325238    1.707890028   -0.011675252   -5.440315445    0.100731057
    0.050387884    1.707890028   -0.139698583  -35.678875141    0.485472640
    0.057450530    1.707890028   -0.592702968 -100.534630146    1.744771980
    0.064513176    1.707890028   -1.712996450 -230.536957895    4.580281616
    0.071575822    1.707890028   -4.087633117 -461.655734337   10.812493182
    0.078638468    1.707890028   -8.506221406 -807.330807440   22.539479000
    0.085701114    1.707890028  -15.665595472 -1224.982508496   40.869536188
    0.092763760    1.707890028  -25.726592282 -1608.259837596   64.598353607
    0.099826406    1.707890028  -37.990891006 -1829.315227468   89.431360098
    0.106889052    1.707890028  -50.987034503 -1809.470331586  108.733242598
    0.113951698    1.707890028  -63.024692007 -1570.807967781  113.736750044
    0.121014344    1.707890028  -72.915799739 -1222.979737189   97.616899561
    0.128076990    1.707890028  -80.300286128 -872.527977573   61.187169737
    0.135139637    1.707890028  -85.283719165 -537.377090229   11.912760570
    0.142202283    1.707890028  -87.766245743 -149.575462954  -38.264388136
    0.149264929    1.707890028  -87.102609352  358.969328263  -78.811208794
    0.156327575    1.707890028  -82.464384523  962.012354209 -105.578274439
    0.163390221    1.707890028  -73.587441995 1532.752582589 -119.986105674
    0.170452867    1.707890028  -61.263737609 1914.517058985 -127.206902949
    0.177515513    1.707890028  -47.228764656 2009.334753437 -128.328867160
    0.184578159    1.707890028  -33.548561565 1824.164296645 -122.218094335
    0.191640805    1.707890028  -21.884182375 1460.839237976 -107.928180807
    0.198703451    1.707890028  -13.043085163 1043.380825828  -86.262524301
    0.205766097    1.707890028   -7.046620407  666.456685687  -60.841783381
    0.212828743    1.707890028   -3.417490769  378.182056589  -37.523634789
    0.219891389    1.707890028   -1.462962833  190.504005635  -20.542886196
    0.226954035    1.707890028   -0.535107279   83.505980965  -10.564034164
    0.234016681    1.707890028   -0.157522762   30.576675967   -4.451506631
    0.241079327    1.707890028   -0.032751831    8.721342603   -1.446108841
    0.248141973    1.707890028   -0.003628227    1.386354832   -0.257113407
    0.255204619    1.707890028   -0.000000000   -0.000000000   -0.000000000
    0.262267265    1.707890028   -0.000000000   -0.000000000   -0.000000000
    0.269329911    1.707890028   -0.000000000   -0.000000000   -0.000000000
    0.276392557    1.707890028   -0.000000000   -0.000000000   -0.000000000
    0.283455203    1.707890028   -0.000000000   -0.000000000   -0.000000000
    0.290517849    1.707890028   -0.000000000   -0.000000000   -0.000000000
    0.297580495    1.707890028   -0.000000000   -0.000000000   -0.000000000
    0.304643141    1.707890028   -0.000000000   -0.000000000   -0.000000000
    0.311705787    1.707890028   -0.000000000   -0.000000000   -0.000000000
    0.318768433    1.707890028   -0.000000000   -0.000000000   -0.000000000
    0.325831079    1.707890028   -0.000000000   -0.000000000   -0.000000000
    0.332893725    1.707890028   -0.000000000   -0.000000000   -0.000000000
    0.339956371    1.707890028   -0.000000000   -0.000000000   -0.000000000
    0.347019017    1.707890028   -0.000000000   -0.000000000   -0.000000000
    0.354081663    1.707890028   -0.000000000   -0.000000000   -0.000000000
    0.361144310    1.707890028   -0.000000000   -0.000000000   -0.000000000
    0.368206956    1.707890028   -0.000000000   -0.000000000   -0.000000000
    0.375269602    1.707890028   -0.000000000   -0.000000000   -0.000000000
    0.382332248    1.707890028   -0.000000000   -0.000000000   -0.000000000
    0.389394894    1.707890028   -0.000000000   -0.000000000   -0.000000000
    0.396457540    1.707890028   -0.000000000   -0.000000000   -0.000000000
    0.403520186    1.707890028   -0.000000000   -0.000000000   -0.000000000
    0.410582832    1.707890028   -0.000000000   -0.000000000   -0.000000000
    0.417645478    1.707890028   -0.000000000   -0.000000000   -0.000000000
    0.424708124    1.707890028   -0.000000000   -0.000000000   -0.000000000
    0.431770770    1.707890028   -0.000000000   -0.000000000   -0.000000000
    0.438833416    1.707890028   -0.000000000   -0.000000000   -0.000000000
    0.445896062    1.707890028   -0.000000000   -0.000000000   -0.000000000
    0.452958708    1.707890028   -0.000000000   -0.000000000   -0.000000000
    0.460021354    1.707890028   -0.000000000   -0.000000000   -0.000000000
    0.467084000    1.707890028   -0.000000000   -0.000000000   -0.000000000

    0.022137300    1.725536845   -0.000000000   -0.000000000   -0.000000000
    0.029199946    1.725536845   -0.000000000   -0.000000000   -0.000000000
    0.036262592    1.725536845   -0.000000000   -0.000000000   -0.000000000
    0.043325238    1.725536845   -0.009428215   -4.833796045    0.107470254
    0.050387884    1.725536845   -0.126849038  -32.371345218    0.953579653
    0.057450530    1.725536845   -0.546254256  -93.983060975    3.430172490
    0.064513176    1.725536845   -1.595236748 -215.955555613    8.513792842
    0.071575822    1.725536845   -3.824386274 -433.749700063   18.765932029
    0.078638468    1.725536845   -7.975187003 -760.252377751   37.437772493
    0.085701114    1.725536845  -14.725908845 -1158.046928458   64.642246185
    0.092763760    1.725536845  -24.275994306 -1533.232368153   98.656549673
    0.099826406    1.725536845  -36.042142507 -1765.727374138  130.403346386
    0.106889052    1.725536845  -48.693647500 -1779.565548933  150.612131289
    0.113951698    1.725536845  -60.703598177 -1594.724694671  149.754765292
    0.121014344    1.725536845  -70.981413515 -1306.492266817  123.589697378
    0.128076990    1.725536845  -79.123729089 -999.180161213   75.760652866
    0.135139637    1.725536845  -85.069194949 -677.716937110   17.746585502
    0.142202283    1.725536845  -88.501314922 -274.158778172  -38.588822392
    0.149264929    1.725536845  -88.615043709  264.373304022  -86.200451592
    0.156327575    1.725536845  -84.537342777  896.711568185 -122.949856857
    0.163390221    1.725536845  -76.038491554 1489.852470477 -151.330953523
    0.170452867    1.725536845  -63.947830536 1891.676615628 -170.910929303
    0.177515513    1.725536845  -49.989493510 2011.477295726 -179.181028355
    0.184578159    1.725536845  -36.189679683 1855.871894765 -172.235606566
    0.191640805    1.725536845  -24.196956676 1520.004945676 -150.112526241
    0.198703451    1.725536845  -14.861630458 1120.240087998 -116.700041191
    0.205766097    1.725536845   -8.315653788  742.490685869  -80.820212685
    0.212828743    1.725536845   -4.194612671  438.798830601  -49.467149333
    0.219891389    1.725536845   -1.887864768  229.968551335  -27.018712467
    0.226954035    1.725536845   -0.750776552  106.129146098  -13.522010268
    0.234016681    1.725536845   -0.249534373   43.129914629   -5.831254649
    0.241079327    1.725536845   -0.063294136   13.934339666   -2.008573324
    0.248141973    1.725536845   -0.010462543    3.080314574   -0.446382128
    0.255204619    1.725536845   -0.000260063    0.446830055   -0.062093217
    0.262267265    1.725536845   -0.000000000   -0.000000000   -0.000000000
    0.269329911    1.725536845   -0.000000000   -0.000000000   -0.000000000
    0.276392557    1.725536845   -0.000000000   -0.000000000   -0.000000000
    0.283455203    1.725536845   -0.000000000   -0.000000000   -0.000000000
    0.290517849    1.725536845   -0.000000000   -0.000000000   -0.000000000
    0.297580495    1.725536845   -0.000000000   -0.000000000   -0.000000000
    0.304643141    1.725536845   -0.000000000   -0.000000000   -0.000000000
    0.311705787    1.725536845   -0.000000000   -0.000000000   -0.000000000
    0.318768433    1.725536845   -0.000000000   -0.000000000   -0.000000000
    0.325831079    1.725536845   -0.000000000   -0.000000000   -0.000000000
    0.332893725    1.725536845   -0.000000000   -0.000000000   -0.000000000
    0.339956371    1.725536845   -0.000000000   -0.000000000   -0.000000000
    0.347019017    1.725536845   -0.000000000   -0.000000000   -0.000000000
    0.354081663    1.725536845   -0.000000000   -0.000000000   -0.000000000
    0.361144310    1.725536845   -0.000000000   -0.000000000   -0.000000000
    0.368206956    1.725536845   -0.000000000   -0.000000000   -0.000000000
    0.375269602    1.725536845   -0.000000000   -0.000000000   -0.000000000
    0.382332248    1.725536845   -0.000000000   -0.000000000   -0.000000000
    0.389394894    1.725536845   -0.000000000   -0.000000000   -0.000000000
    0.396457540    1.725536845   -0.000000000   -0.000000000   -0.000000000
    0.403520186    1.725536845   -0.000000000   -0.000000000   -0.000000000
    0.410582832    1.725536845   -0.000000000   -0.000000000   -0.000000000
    0.417645478    1.725536845   -0.000000000   -0.000000000   -0.000000000
    0.424708124    1.725536845   -0.000000000   -0.000000000   -0.000000000
    0.431770770    1.725536845   -0.000000000   -0.000000000   -0.000000000
    0.438833416    1.725536845   -0.000000000   -0.000000000   -0.000000000
    0.445896062    1.725536845   -0.000000000   -0.000000000   -0.000000000
    0.452958708    1.725536845   -0.000000000   -0.000000000   -0.000000000
    0.460021354    1.725536845   -0.000000000   -0.000000000   -0.000000000
    0.467084000    1.725536845   -0.000000000   -0.000000000   -0.000000000

    0.022137300    1.743183662   -0.000000000   -0.000000000   -0.000000000
    0.029199946    1.743183662   -0.000000000   -0.000000000   -0.000000000
    0.036262592    1.743183662   -0.000000000   -0.000000000   -0.000000000
    0.043325238    1.743183662   -0.007490613   -4.019533336    0.104879852
    0.050387884    1.743183662   -0.107023402  -28.530888909    1.313520576
    0.057450530    1.743183662   -0.475802481  -83.349038387    4.425911297
    0.064513176    1.743183662   -1.418396427 -195.657718651   11.251494659
    0.071575822    1.743183662   -3.435827505 -392.607088493   24.840663715
    0.078638468    1.743183662   -7.212824983 -694.335833678   48.442841172
    0.085701114    1.743183662  -13.418163524 -1070.508140329   82.304144074
    0.092763760    1.743183662  -22.306668759 -1437.073832819  122.757945982
    0.099826406    1.743183662  -33.446402397 -1689.729941094  161.643920526
    0.106889052    1.743183662  -45.716360377 -1751.739539691  185.062707488
    0.113951698    1.743183662  -57.760991632 -1634.204916757  182.151619406
    0.121014344    1.743183662  -68.543722662 -1408.259975746  152.116897544
    0.128076990    1.743183662  -77.555896633 -1139.055707322  102.349524232
    0.135139637    1.743183662  -84.532335353 -824.845614278   44.944260707
    0.142202283    1.743183662  -88.957966303 -405.888509748   -9.635541453
    0.149264929    1.743183662  -89.924495831  154.558478605  -56.903370187
    0.156327575    1.743183662  -86.554732196  805.515658592  -98.005826981
    0.163390221    1.743183662  -78.640177745 1416.163192188 -134.478639950
    0.170452867    1.743183662  -66.992831337 1842.052651064 -163.859420873
    0.177515513    1.743183662  -53.254406781 2001.689245231 -180.136822712
    0.184578159    1.743183662  -39.361111816 1892.499724864 -177.591783661
    0.191640805    1.743183662  -26.957251777 1598.100902114 -154.710206714
    0.198703451    1.743183662  -16.999189621 1214.717475681 -119.423539719
    0.205766097    1.743183662   -9.791901520  832.225455528  -82.405082699
    0.212828743    1.743183662   -5.100329982  509.079560410  -50.850907042
    0.219891389    1.743183662   -2.386386253  275.414025467  -27.920042834
    0.226954035    1.743183662   -0.995912597  132.623406118  -13.591246948
    0.234016681    1.743183662   -0.355491271   56.684069761   -5.910728787
    0.241079327    1.743183662   -0.100332409   20.301924121   -2.074062586
    0.248141973    1.743183662   -0.018846536    4.888893956   -0.489096547
    0.255204619    1.743183662   -0.001367424    0.630027782   -0.060740975
    0.262267265    1.743183662   -0.000000000   -0.000000000   -0.000000000
    0.269329911    1.743183662   -0.000000000   -0.000000000   -0.000000000
    0.276392557    1.743183662   -0.000000000   -0.000000000   -0.000000000
    0.283455203    1.743183662   -0.000000000   -0.000000000   -0.000000000
    0.290517849    1.743183662   -0.000000000   -0.000000000   -0.000000000
    0.297580495    1.743183662   -0.000000000   -0.000000000   -0.000000000
    0.304643141    1.743183662   -0.000000000   -0.000000000   -0.000000000
    0.311705787    1.743183662   -0.000000000   -0.000000000   -0.000000000
    0.318768433    1.743183662   -0.000000000   -0.000000000   -0.000000000
    0.325831079    1.743183662   -0.000000000   -0.000000000   -0.000000000
    0.332893725    1.743183662   -0.000000000   -0.000000000   -0.000000000
    0.339956371    1.743183662   -0.000000000   -0.000000000   -0.000000000
    0.347019017    1.743183662   -0.000000000   -0.000000000   -0.000000000
    0.354081663    1.743183662   -0.000000000   -0.000000000   -0.000000000
    0.361144310    1.743183662   -0.000000000   -0.000000000   -0.000000000
    0.368206956    1.743183662   -0.000000000   -0.000000000   -0.000000000
    0.375269602    1.743183662   -0.000000000   -0.000000000   -0.000000000
    0.382332248    1.743183662   -0.000000000   -0.000000000   -0.000000000
    0.389394894    1.743183662   -0.000000000   -0.000000000   -0.000000000
    0.396457540    1.743183662   -0.000000000   -0.000000000   -0.000000000
    0.403520186    1.743183662   -0.000000000   -0.000000000   -0.000000000
    0.410582832    1.743183662   -0.000000000   -0.000000000   -0.000000000
    0.417645478    1.743183662   -0.000000000   -0.000000000   -0.000000000
    0.424708124    1.743183662   -0.000000000   -0.000000000   -0.000000000
    0.431770770    1.743183662   -0.000000000   -0.000000000   -0.000000000
    0.438833416    1.743183662   -0.000000000   -0.000000000   -0.000000000
    0.445896062    1.743183662   -0.000000000   -0.000000000   -0.000000000
    0.452958708    1.743183662   -0.000000000   -0.000000000   -0.000000000
    0.460021354    1.743183662   -0.000000000   -0.000000000   -0.000000000
    0.467084000    1.743183662   -0.000000000   -0.000000000   -0.000000000

    0.022137300    1.760830479   -0.000000000   -0.000000000   -0.000000000
    0.029199946    1.760830479   -0.000000000   -0.000000000   -0.000000000
    0.036262592    1.760830479   -0.000000000   -0.000000000   -0.000000000
    0.043325238    1.760830479   -0.005598476   -3.307372274    0.094553941
    0.050387884    1.760830479   -0.084206078  -22.728477123    1.333673886
    0.057450530    1.760830479   -0.392424217  -70.907714098    4.929288563
    0.064513176    1.760830479   -1.204888819 -169.301649710   12.724746413
    0.071575822    1.760830479   -2.963884679 -343.974154428   28.291745461
    0.078638468    1.760830479   -6.297356834 -617.359922109   54.313858356
    0.085701114    1.760830479  -11.869092619 -968.055017121   92.322192763
    0.092763760    1.760830479  -19.997959358 -1327.513822873  137.048085285
    0.099826406    1.760830479  -30.422159299 -1602.226914022  178.933165014
    0.106889052    1.760830479  -42.257886358 -1721.886371206  203.922534808
    0.113951698    1.760830479  -54.351300957 -1677.069557241  202.023093633
    0.121014344    1.760830479  -65.663869018 -1511.407713894  172.476477261
    0.128076990    1.760830479  -75.532274798 -1272.436511083  125.779920545
    0.135139637    1.760830479  -83.460797930 -956.552196428   76.417701244
    0.142202283    1.760830479  -88.755788171 -519.425933146   33.513661896
    0.149264929    1.760830479  -90.463046333   56.979098247   -0.816702432
    0.156327575    1.760830479  -87.751679242  715.398789627  -31.566610149
    0.163390221    1.760830479  -80.455820151 1331.928425522  -62.384519570
    0.170452867    1.760830479  -69.341621720 1778.413962998  -90.912912449
    0.177515513    1.760830479  -55.932083093 1974.936523320 -110.674916701
    0.184578159    1.760830479  -42.050238404 1917.044970076 -115.347754065
    0.191640805    1.760830479  -29.321834126 1661.659372001 -103.882536713
    0.198703451    1.760830479  -18.842399760 1295.899024814  -82.593914627
    0.205766097    1.760830479  -11.068569454  908.905324107  -57.785191489
    0.212828743    1.760830479   -5.896053285  569.417012552  -36.463905051
    0.219891389    1.760830479   -2.824288930  315.110720096  -20.266649172
    0.226954035    1.760830479   -1.207613060  156.502053038   -9.811326825
    0.234016681    1.760830479   -0.448609418   68.355263767   -4.370148727
    0.241079327    1.760830479   -0.133799496   26.338291677   -1.576302253
    0.248141973    1.760830479   -0.027125168    7.066317643   -0.402534901
    0.255204619    1.760830479   -0.002410042    1.170966760   -0.064539352
    0.262267265    1.760830479   -0.000000000   -0.000000000   -0.000000000
    0.269329911    1.760830479   -0.000000000   -0.000000000   -0.000000000
    0.276392557    1.760830479   -0.000000000   -0.000000000   -0.000000000
    0.283455203    1.760830479   -0.000000000   -0.000000000   -0.000000000
    0.290517849    1.760830479   -0.000000000   -0.000000000   -0.000000000
    0.297580495    1.760830479   -0.000000000   -0.000000000   -0.000000000
    0.304643141    1.760830479   -0.000000000   -0.000000000   -0.000000000
    0.311705787    1.760830479   -0.000000000   -0.000000000   -0.000000000
    0.318768433    1.760830479   -0.000000000   -0.000000000   -0.000000000
    0.325831079    1.760830479   -0.000000000   -0.000000000   -0.000000000
    0.332893725    1.760830479   -0.000000000   -0.000000000   -0.000000000
    0.339956371    1.760830479   -0.000000000   -0.000000000   -0.000000000
    0.347019017    1.760830479   -0.000000000   -0.000000000   -0.000000000
    0.354081663    1.760830479   -0.000000000   -0.000000000   -0.000000000
    0.361144310    1.760830479   -0.000000000   -0.000000000   -0.000000000
    0.368206956    1.760830479   -0.000000000   -0.000000000   -0.000000000
    0.375269602    1.760830479   -0.000000000   -0.000000000   -0.000000000
    0.382332248    1.760830479   -0.000000000   -0.000000000   -0.000000000
    0.389394894    1.760830479   -0.000000000   -0.000000000   -0.000000000
    0.396457540    1.760830479   -0.000000000   -0.000000000   -0.000000000
    0.403520186    1.760830479   -0.000000000   -0.000000000   -0.000000000
    0.410582832    1.760830479   -0.000000000   -0.000000000   -0.000000000
    0.417645478    1.760830479   -0.000000000   -0.000000000   -0.000000000
    0.424708124    1.760830479   -0.000000000   -0.000000000   -0.000000000
    0.431770770    1.760830479   -0.000000000   -0.000000000   -0.000000000
    0.438833416    1.760830479   -0.000000000   -0.000000000   -0.000000000
    0.445896062    1.760830479   -0.000000000   -0.000000000   -0.000000000
    0.452958708    1.760830479   -0.000000000   -0.000000000   -0.000000000
    0.460021354    1.760830479   -0.000000000   -0.000000000   -0.000000000
    0.467084000    1.760830479   -0.000000000   -0.000000000   -0.000000000

    0.022137300    1.778477296   -0.000000000   -0.000000000   -0.000000000
    0.029199946    1.778477296   -0.000000000   -0.000000000   -0.000000000
    0.036262592    1.778477296   -0.000000000   -0.000000000   -0.000000000
    0.043325238    1.778477296   -0.003408118   -2.322932220    0.126806107
    0.050387884    1.778477296   -0.062445832  -16.621495631    1.121797687
    0.057450530    1.778477296   -0.304496110  -58.302966816    4.985463564
    0.064513176    1.778477296   -0.976359335 -140.921815703   13.047806084
    0.071575822    1.778477296   -2.455475590 -292.201988572   28.865400069
    0.078638468    1.778477296   -5.322819583 -534.932485674   55.569525952
    0.085701114    1.778477296  -10.210259364 -859.088858267   94.530555472
    0.092763760    1.778477296  -17.529302019 -1212.094828428  140.815829628
    0.099826406    1.778477296  -27.203752475 -1512.298117682  183.223325125
    0.106889052    1.778477296  -38.602623918 -1691.004018543  208.242926469
    0.113951698    1.778477296  -50.726962067 -1717.877657280  206.385873961
    0.121014344    1.778477296  -62.542999541 -1608.392592802  179.034544635
    0.128076990    1.778477296  -73.185159842 -1387.964891403  138.198003492
    0.135139637    1.778477296  -81.884768607 -1055.110019529  100.716033042
    0.142202283    1.778477296  -87.770815170 -588.127381370   77.620348624
    0.149264929    1.778477296  -89.880303311    8.721369935   68.404249672
    0.156327575    1.778477296  -87.496085440  668.337975376   63.989508525
    0.163390221    1.778477296  -80.555580455 1278.265403124   57.409498810
    0.170452867    1.778477296  -69.831020155 1723.663270635   43.535067115
    0.177515513    1.778477296  -56.760894836 1935.480801198   25.244100059
    0.184578159    1.778477296  -43.065498232 1904.498041830    7.956490995
    0.191640805    1.778477296  -30.328200915 1675.449183292   -3.618494884
    0.198703451    1.778477296  -19.690162376 1324.446278491   -8.857361962
    0.205766097    1.778477296  -11.689119165  942.313337113   -9.323840115
    0.212828743    1.778477296   -6.294931065  597.586339555   -7.053993763
    0.219891389    1.778477296   -3.054343867  336.397161111   -4.877036811
    0.226954035    1.778477296   -1.322175649  168.168237646   -2.753364318
    0.234016681    1.778477296   -0.500375694   74.640998811   -1.294909050
    0.241079327    1.778477296   -0.152770244   29.444661387   -0.500697740
    0.248141973    1.778477296   -0.031734622    7.928115094   -0.110382823
    0.255204619    1.778477296   -0.003157919    1.296655784   -0.017689182
    0.262267265    1.778477296   -0.000000000   -0.000000000   -0.000000000
    0.269329911    1.778477296   -0.000000000   -0.000000000   -0.000000000
    0.276392557    1.778477296   -0.000000000   -0.000000000   -0.000000000
    0.283455203    1.778477296   -0.000000000   -0.000000000   -0.000000000
    0.290517849    1.778477296   -0.000000000   -0.000000000   -0.000000000
    0.297580495    1.778477296   -0.000000000   -0.000000000   -0.000000000
    0.304643141    1.778477296   -0.000000000   -0.000000000   -0.000000000
    0.311705787    1.778477296   -0.000000000   -0.000000000   -0.000000000
    0.318768433    1.778477296   -0.000000000   -0.000000000   -0.000000000
    0.325831079    1.778477296   -0.000000000   -0.000000000   -0.000000000
    0.332893725    1.778477296   -0.000000000   -0.000000000   -0.000000000
    0.339956371    1.778477296   -0.000000000   -0.000000000   -0.000000000
    0.347019017    1.778477296   -0.000000000   -0.000000000   -0.000000000
    0.354081663    1.778477296   -0.000000000   -0.000000000   -0.000000000
    0.361144310    1.778477296   -0.000000000   -0.000000000   -0.000000000
    0.368206956    1.778477296   -0.000000000   -0.000000000   -0.000000000
    0.375269602    1.778477296   -0.000000000   -0.000000000   -0.000000000
    0.382332248    1.778477296   -0.000000000   -0.000000000   -0.000000000
    0.389394894    1.778477296   -0.000000000   -0.000000000   -0.000000000
    0.396457540    1.778477296   -0.000000000   -0.000000000   -0.000000000
    0.403520186    1.778477296   -0.000000000   -0.000000000   -0.000000000
    0.410582832    1.778477296   -0.000000000   -0.000000000   -0.000000000
    0.417645478    1.778477296   -0.000000000   -0.000000000   -0.000000000
    0.424708124    1.778477296   -0.000000000   -0.000000000   -0.000000000
    0.431770770    1.778477296   -0.000000000   -0.000000000   -0.000000000
    0.438833416    1.778477296   -0.000000000   -0.000000000   -0.000000000
    0.445896062    1.778477296   -0.000000000   -0.000000000   -0.000000000
    0.452958708    1.778477296   -0.000000000   -0.000000000   -0.000000000
    0.460021354    1.778477296   -0.000000000   -0.000000000   -0.000000000
    0.467084000    1.778477296   -0.000000000   -0.000000000   -0.000000000

    0.022137300    1.796124113   -0.000000000   -0.000000000   -0.000000000
    0.029199946    1.796124113   -0.000000000   -0.000000000   -0.000000000
    0.036262592    1.796124113   -0.000000000   -0.000000000   -0.000000000
    0.043325238    1.796124113   -0.001802861   -1.169354877    0.073739168
    0.050387884    1.796124113   -0.042531255  -12.203926010    1.091049652
    0.057450530    1.796124113   -0.222698128  -44.479932867    4.247781007
    0.064513176    1.796124113   -0.753164939 -112.926277760   12.131285970
    0.071575822    1.796124113   -1.961588081 -242.054109280   26.859851839
    0.078638468    1.796124113   -4.363994112 -452.765744577   52.407571434
    0.085701114    1.796124113   -8.570067972 -750.941914722   90.043841108
    0.092763760    1.796124113  -15.086390107 -1097.142910938  134.621642803
    0.099826406    1.796124113  -24.025240044 -1424.023920535  175.532054196
    0.106889052    1.796124113  -34.984911088 -1659.233290033  199.802613490
    0.113951698    1.796124113  -47.136716022 -1755.574134170  198.766212865
    0.121014344    1.796124113  -59.412911624 -1694.794442049  174.698793714
    0.128076990    1.796124113  -70.712321956 -1479.473056204  141.647265793
    0.135139637    1.796124113  -79.949127731 -1110.522595390  118.556482373
    0.142202283    1.796124113  -86.045019396 -592.469493013  118.101694959
    0.149264929    1.796124113  -88.047863620   38.806947429  139.509628254
    0.156327575    1.796124113  -85.419923969  701.862897737  171.032537193
    0.163390221    1.796124113  -78.319821903 1286.775590272  196.005061424
    0.170452867    1.796124113  -67.659897549 1696.808344198  202.335357299
    0.177515513    1.796124113  -54.886677864 1881.193618846  187.371424235
    0.184578159    1.796124113  -41.618511062 1840.617253348  156.492432085
    0.191640805    1.796124113  -29.323128287 1616.275400901  117.829355898
    0.198703451    1.796124113  -19.057898889 1278.140001274   80.511480069
    0.205766097    1.796124113  -11.334564772  909.583543842   49.320249428
    0.212828743    1.796124113   -6.119070423  578.408822594   27.010074338
    0.219891389    1.796124113   -2.980637162  327.028263739   13.167208598
    0.226954035    1.796124113   -1.295490063  164.483613775    5.808610216
    0.234016681    1.796124113   -0.491511432   73.554196442    2.284810137
    0.241079327    1.796124113   -0.150234204   28.776552541    0.784428718
    0.248141973    1.796124113   -0.030669383    7.898245845    0.225200398
    0.255204619    1.796124113   -0.002997367    1.269592434    0.035322788
    0.262267265    1.796124113   -0.000000000   -0.000000000   -0.000000000
    0.269329911    1.796124113   -0.000000000   -0.000000000   -0.000000000
    0.276392557    1.796124113   -0.000000000   -0.000000000   -0.000000000
    0.283455203    1.796124113   -0.000000000   -0.000000000   -0.000000000
    0.290517849    1.796124113   -0.000000000   -0.000000000   -0.000000000
    0.297580495    1.796124113   -0.000000000   -0.000000000   -0.000000000
    0.304643141    1.796124113   -0.000000000   -0.000000000   -0.000000000
    0.311705787    1.796124113   -0.000000000   -0.000000000   -0.000000000
    0.318768433    1.796124113   -0.000000000   -0.000000000   -0.000000000
    0.325831079    1.796124113   -0.000000000   -0.000000000   -0.000000000
    0.332893725    1.796124113   -0.000000000   -0.000000000   -0.000000000
    0.339956371    1.796124113   -0.000000000   -0.000000000   -0.000000000
    0.347019017    1.796124113   -0.000000000   -0.000000000   -0.000000000
    0.354081663    1.796124113   -0.000000000   -0.000000000   -0.000000000
    0.361144310    1.796124113   -0.000000000   -0.000000000   -0.000000000
    0.368206956    1.796124113   -0.000000000   -0.000000000   -0.000000000
    0.375269602    1.796124113   -0.000000000   -0.000000000   -0.000000000
    0.382332248    1.796124113   -0.000000000   -0.000000000   -0.000000000
    0.389394894    1.796124113   -0.000000000   -0.000000000   -0.000000000
    0.396457540    1.796124113   -0.000000000   -0.000000000   -0.000000000
    0.403520186    1.796124113   -0.000000000   -0.000000000   -0.000000000
    0.410582832    1.796124113   -0.000000000   -0.000000000   -0.000000000
    0.417645478    1.796124113   -0.000000000   -0.000000000   -0.000000000
    0.424708124    1.796124113   -0.000000000   -0.000000000   -0.000000000
    0.431770770    1.796124113   -0.000000000   -0.000000000   -0.000000000
    0.438833416    1.796124113   -0.000000000   -0.000000000   -0.000000000
    0.445896062    1.796124113   -0.000000000   -0.000000000   -0.000000000
    0.452958708    1.796124113   -0.000000000   -0.000000000   -0.000000000
    0.460021354    1.796124113   -0.000000000   -0.000000000   -0.000000000
    0.467084000    1.796124113   -0.000000000   -0.000000000   -0.000000000

    0.022137300    1.813770930   -0.000000000   -0.000000000   -0.000000000
    0.029199946    1.813770930   -0.000000000   -0.000000000   -0.000000000
    0.036262592    1.813770930   -0.000000000   -0.000000000   -0.000000000
    0.043325238    1.813770930   -0.000858848   -0.514069488    0.035922597
    0.050387884    1.813770930   -0.024080954   -8.098454020    0.933619180
    0.057450530    1.813770930   -0.155415653  -32.442096868    3.481484201
    0.064513176    1.813770930   -0.553778137  -87.494328611   10.126243009
    0.071575822    1.813770930   -1.516210772 -195.461683177   23.357385345
    0.078638468    1.813770930   -3.489761280 -377.786296385   46.293393996
    0.085701114    1.813770930   -7.064824621 -648.774391633   79.929398679
    0.092763760    1.813770930  -12.823188239 -988.392158251  121.104162016
    0.099826406    1.813770930  -21.052429825 -1337.923768270  160.546574842
    0.106889052    1.813770930  -31.582324084 -1627.377717100  185.513622803
    0.113951698    1.813770930  -43.731130238 -1785.640051884  187.774683566
    0.121014344    1.813770930  -56.382838546 -1764.412316993  170.226336457
    0.128076990    1.813770930  -68.177415814 -1541.538738154  147.654668076
    0.135139637    1.813770930  -77.687320589 -1119.929119777  139.730317183
    0.142202283    1.813770930  -83.601977094 -531.952027215  159.751495858
    0.149264929    1.813770930  -84.979730088  149.155729966  207.058293345
    0.156327575    1.813770930  -81.527452534  816.311572176  266.579274983
    0.163390221    1.813770930  -73.747013373 1358.220616030  316.371245196
    0.170452867    1.813770930  -62.820902542 1698.709459391  338.593606074
    0.177515513    1.813770930  -50.287060389 1814.209432921  325.879727566
    0.184578159    1.813770930  -37.682750614 1724.417535669  282.086116637
    0.191640805    1.813770930  -26.283848690 1482.452239000  219.989213780
    0.198703451    1.813770930  -16.944913862 1154.248730012  153.969041791
    0.205766097    1.813770930  -10.015723161  811.217932590   97.007471054
    0.212828743    1.813770930   -5.381893677  511.669448649   54.798835739
    0.219891389    1.813770930   -2.609152333  287.745942038   28.035335991
    0.226954035    1.813770930   -1.127371810  143.599741411   12.739040791
    0.234016681    1.813770930   -0.423954813   64.280673328    5.131658189
    0.241079327    1.813770930   -0.126713266   25.139130089    1.811275315
    0.248141973    1.813770930   -0.024183337    6.664950323    0.477482376
    0.255204619    1.813770930   -0.002177580    0.941419523    0.063025347
    0.262267265    1.813770930   -0.000000000   -0.000000000   -0.000000000
    0.269329911    1.813770930   -0.000000000   -0.000000000   -0.000000000
    0.276392557    1.813770930   -0.000000000   -0.000000000   -0.000000000
    0.283455203    1.813770930   -0.000000000   -0.000000000   -0.000000000
    0.290517849    1.813770930   -0.000000000   -0.000000000   -0.000000000
    0.297580495    1.813770930   -0.000000000   -0.000000000   -0.000000000
    0.304643141    1.813770930   -0.000000000   -0.000000000   -0.000000000
    0.311705787    1.813770930   -0.000000000   -0.000000000   -0.000000000
    0.318768433    1.813770930   -0.000000000   -0.000000000   -0.000000000
    0.325831079    1.813770930   -0.000000000   -0.000000000   -0.000000000
    0.332893725    1.813770930   -0.000000000   -0.000000000   -0.000000000
    0.339956371    1.813770930   -0.000000000   -0.000000000   -0.000000000
    0.347019017    1.813770930   -0.000000000   -0.000000000   -0.000000000
    0.354081663    1.813770930   -0.000000000   -0.000000000   -0.000000000
    0.361144310    1.813770930   -0.000000000   -0.000000000   -0.000000000
    0.368206956    1.813770930   -0.000000000   -0.000000000   -0.000000000
    0.375269602    1.813770930   -0.000000000   -0.000000000   -0.000000000
    0.382332248    1.813770930   -0.000000000   -0.000000000   -0.000000000
    0.389394894    1.813770930   -0.000000000   -0.000000000   -0.000000000
    0.396457540    1.813770930   -0.000000000   -0.000000000   -0.000000000
    0.403520186    1.813770930   -0.000000000   -0.000000000   -0.000000000
    0.410582832    1.813770930   -0.000000000   -0.000000000   -0.000000000
    0.417645478    1.813770930   -0.000000000   -0.000000000   -0.000000000
    0.424708124    1.813770930   -0.000000000   -0.000000000   -0.000000000
    0.431770770    1.813770930   -0.000000000   -0.000000000   -0.000000000
    0.438833416    1.813770930   -0.000000000   -0.000000000   -0.000000000
    0.445896062    1.813770930   -0.000000000   -0.000000000   -0.000000000
    0.452958708    1.813770930   -0.000000000   -0.000000000   -0.000000000
    0.460021354    1.813770930   -0.000000000   -0.000000000   -0.000000000
    0.467084000    1.813770930   -0.000000000   -0.000000000   -0.000000000

    0.022137300    1.831417746   -0.000000000   -0.000000000   -0.000000000
    0.029199946    1.831417746   -0.000000000   -0.000000000   -0.000000000
    0.036262592    1.831417746   -0.000000000   -0.000000000   -0.000000000
    0.043325238    1.831417746   -0.000377986   -0.200678477    0.022548736
    0.050387884    1.831417746   -0.010624804   -4.699307717    0.593541620
    0.057450530    1.831417746   -0.098115736  -23.907490344    2.992857866
    0.064513176    1.831417746   -0.396440546  -66.136549567    7.909758249
    0.071575822    1.831417746   -1.141156458 -153.629574080   18.650141161
    0.078638468    1.831417746   -2.737519961 -312.248320271   38.773114281
    0.085701114    1.831417746   -5.757992678 -558.028348262   68.311551327
    0.092763760    1.831417746  -10.820981207 -885.265351345  106.048271912
    0.099826406    1.831417746  -18.361882478 -1251.421821151  145.130930774
    0.106889052    1.831417746  -28.416045496 -1583.960021551  174.987652062
    0.113951698    1.831417746  -40.446254692 -1794.777662153  187.415171008
    0.121014344    1.831417746  -53.297840586 -1805.847546779  184.058024702
    0.128076990    1.831417746  -65.368188798 -1569.587277083  176.268630811
    0.135139637    1.831417746  -74.892597821 -1090.145720064  182.214387240
    0.142202283    1.831417746  -80.331222488 -427.246296216  214.565951242
    0.149264929    1.831417746  -80.757082186  307.139614628  271.835281426
    0.156327575    1.831417746  -76.148258088  976.027165934  339.560997307
    0.163390221    1.831417746  -67.402226758 1463.718901721  395.298960083
    0.170452867    1.831417746  -56.041915855 1712.785842751  419.340740678
    0.177515513    1.831417746  -43.756666729 1730.815381281  402.302245888
    0.184578159    1.831417746  -32.021570552 1568.469978768  347.947406706
    0.191640805    1.831417746  -21.865131951 1294.518638337  271.269363614
    0.198703451    1.831417746  -13.842781582  975.142694301  190.611201047
    0.205766097    1.831417746   -8.056840420  668.785718709  120.235075890
    0.212828743    1.831417746   -4.269998344  413.477869592   68.601342616
    0.219891389    1.831417746   -2.039613545  229.391112675   34.973459695
    0.226954035    1.831417746   -0.868696955  112.875755257   15.897961244
    0.234016681    1.831417746   -0.319669418   49.889871152    6.426125056
    0.241079327    1.831417746   -0.090245380   18.754414608    2.211443449
    0.248141973    1.831417746   -0.014920018    4.428940955    0.523991851
    0.255204619    1.831417746   -0.000891616    0.727028767    0.079040374
    0.262267265    1.831417746   -0.000000000   -0.000000000   -0.000000000
    0.269329911    1.831417746   -0.000000000   -0.000000000   -0.000000000
    0.276392557    1.831417746   -0.000000000   -0.000000000   -0.000000000
    0.283455203    1.831417746   -0.000000000   -0.000000000   -0.000000000
    0.290517849    1.831417746   -0.000000000   -0.000000000   -0.000000000
    0.297580495    1.831417746   -0.000000000   -0.000000000   -0.000000000
    0.304643141    1.831417746   -0.000000000   -0.000000000   -0.000000000
    0.311705787    1.831417746   -0.000000000   -0.000000000   -0.000000000
    0.318768433    1.831417746   -0.000000000   -0.000000000   -0.000000000
    0.325831079    1.831417746   -0.000000000   -0.000000000   -0.000000000
    0.332893725    1.831417746   -0.000000000   -0.000000000   -0.000000000
    0.339956371    1.831417746   -0.000000000   -0.000000000   -0.000000000
    0.347019017    1.831417746   -0.000000000   -0.000000000   -0.000000000
    0.354081663    1.831417746   -0.000000000   -0.000000000   -0.000000000
    0.361144310    1.831417746   -0.000000000   -0.000000000   -0.000000000
    0.368206956    1.831417746   -0.000000000   -0.000000000   -0.000000000
    0.375269602    1.831417746   -0.000000000   -0.000000000   -0.000000000
    0.382332248    1.831417746   -0.000000000   -0.000000000   -0.000000000
    0.389394894    1.831417746   -0.000000000   -0.000000000   -0.000000000
    0.396457540    1.831417746   -0.000000000   -0.000000000   -0.000000000
    0.403520186    1.831417746   -0.000000000   -0.000000000   -0.000000000
    0.410582832    1.831417746   -0.000000000   -0.000000000   -0.000000000
    0.417645478    1.831417746   -0.000000000   -0.000000000   -0.000000000
    0.424708124    1.831417746   -0.000000000   -0.000000000   -0.000000000
    0.431770770    1.831417746   -0.000000000   -0.000000000   -0.000000000
    0.438833416    1.831417746   -0.000000000   -0.000000000   -0.000000000
    0.445896062    1.831417746   -0.000000000   -0.000000000   -0.000000000
    0.452958708    1.831417746   -0.000000000   -0.000000000   -0.000000000
    0.460021354    1.831417746   -0.000000000   -0.000000000   -0.000000000
    0.467084000    1.831417746   -0.000000000   -0.000000000   -0.000000000

    0.022137300    1.849064563   -0.000000000   -0.000000000   -0.000000000
    0.029199946    1.849064563   -0.000000000   -0.000000000   -0.000000000
    0.036262592    1.849064563   -0.000000000   -0.000000000   -0.000000000
    0.043325238    1.849064563   -0.000000000   -0.000000000   -0.000000000
    0.050387884    1.849064563   -0.003880566   -1.554220825    0.219079943
    0.057450530    1.849064563   -0.054795969  -15.184378292    1.947963504
    0.064513176    1.849064563   -0.271398454  -50.249583822    6.275393701
    0.071575822    1.849064563   -0.848279415 -120.756125672   14.802652798
    0.078638468    1.849064563   -2.124646645 -253.899589084   30.974781695
    0.085701114    1.849064563   -4.649332578 -476.162381278   57.473325391
    0.092763760    1.849064563   -9.060270224 -786.186083805   94.281095126
    0.099826406    1.849064563  -15.890747906 -1153.061951023  136.399176915
    0.106889052    1.849064563  -25.331639880 -1511.167840622  177.272232755
    0.113951698    1.849064563  -36.981768551 -1761.011474355  209.180644182
    0.121014344    1.849064563  -49.697470183 -1797.705130729  229.754816631
    0.128076990    1.849064563  -61.712663661 -1555.678823785  244.801158202
    0.135139637    1.849064563  -71.008323587 -1034.298269043  265.363735634
    0.142202283    1.849064563  -75.848393381 -313.746813271  300.091617572
    0.149264929    1.849064563  -75.315039948  459.529120778  348.320384260
    0.156327575    1.849064563  -69.620649813 1122.064014861  399.974733251
    0.163390221    1.849064563  -60.022026897 1551.159155500  436.813986664
    0.170452867    1.849064563  -48.362746488 1705.668989461  442.974551393
    0.177515513    1.849064563  -36.487356155 1623.763690577  412.085571103
    0.184578159    1.849064563  -25.785980204 1388.769618412  349.399856829
    0.191640805    1.849064563  -17.030418134 1084.725763127  268.317927533
    0.198703451    1.849064563  -10.461937406  779.272374360  187.058261450
    0.205766097    1.849064563   -5.922339258  514.268990602  117.678320631
    0.212828743    1.849064563   -3.055582835  308.248407367   66.669137012
    0.219891389    1.849064563   -1.423274027  164.833758370   33.524947028
    0.226954035    1.849064563   -0.589349089   79.330162021   15.177291900
    0.234016681    1.849064563   -0.207344118   34.104512533    6.078594782
    0.241079327    1.849064563   -0.052114456   12.171517432    2.000530201
    0.248141973    1.849064563   -0.006791472    2.016178952    0.335383241
    0.255204619    1.849064563   -0.000111221    0.188730615    0.029551662
    0.262267265    1.849064563   -0.000000000   -0.000000000   -0.000000000
    0.269329911    1.849064563   -0.000000000   -0.000000000   -0.000000000
    0.276392557    1.849064563   -0.000000000   -0.000000000   -0.000000000
    0.283455203    1.849064563   -0.000000000   -0.000000000   -0.000000000
    0.290517849    1.849064563   -0.000000000   -0.000000000   -0.000000000
    0.297580495    1.849064563   -0.000000000   -0.000000000   -0.000000000
    0.304643141    1.849064563   -0.000000000   -0.000000000   -0.000000000
    0.311705787    1.849064563   -0.000000000   -0.000000000   -0.000000000
    0.318768433    1.849064563   -0.000000000   -0.000000000   -0.000000000
    0.325831079    1.849064563   -0.000000000   -0.000000000   -0.000000000
    0.332893725    1.849064563   -0.000000000   -0.000000000   -0.000000000
    0.339956371    1.849064563   -0.000000000   -0.000000000   -0.000000000
    0.347019017    1.849064563   -0.000000000   -0.000000000   -0.000000000
    0.354081663    1.849064563   -0.000000000   -0.000000000   -0.000000000
    0.361144310    1.849064563   -0.000000000   -0.000000000   -0.000000000
    0.368206956    1.849064563   -0.000000000   -0.000000000   -0.000000000
    0.375269602    1.849064563   -0.000000000   -0.000000000   -0.000000000
    0.382332248    1.849064563   -0.000000000   -0.000000000   -0.000000000
    0.389394894    1.849064563   -0.000000000   -0.000000000   -0.000000000
    0.396457540    1.849064563   -0.000000000   -0.000000000   -0.000000000
    0.403520186    1.849064563   -0.000000000   -0.000000000   -0.000000000
    0.410582832    1.849064563   -0.000000000   -0.000000000   -0.000000000
    0.417645478    1.849064563   -0.000000000   -0.000000000   -0.000000000
    0.424708124    1.849064563   -0.000000000   -0.000000000   -0.000000000
    0.431770770    1.849064563   -0.000000000   -0.000000000   -0.000000000
    0.438833416    1.849064563   -0.000000000   -0.000000000   -0.000000000
    0.445896062    1.849064563   -0.000000000   -0.000000000   -0.000000000
    0.452958708    1.849064563   -0.000000000   -0.000000000   -0.000000000
    0.460021354    1.849064563   -0.000000000   -0.000000000   -0.000000000
    0.467084000    1.849064563   -0.000000000   -0.000000000   -0.000000000

    0.022137300    1.866711380   -0.000000000   -0.000000000   -0.000000000
    0.029199946    1.866711380   -0.000000000   -0.000000000   -0.000000000
    0.036262592    1.866711380   -0.000000000   -0.000000000   -0.000000000
    0.043325238    1.866711380   -0.000000000   -0.000000000   -0.000000000
    0.050387884    1.866711380   -0.001257638   -0.810978830    0.095231341
    0.057450530    1.866711380   -0.028916411   -9.177004038    1.077062934
    0.064513176    1.866711380   -0.176025100  -36.057276311    4.515220893
    0.071575822    1.866711380   -0.612687243  -93.289765226   11.902479625
    0.078638468    1.866711380   -1.628554343 -205.839915915   25.733973909
    0.085701114    1.866711380   -3.708965856 -398.582989535   49.885458526
    0.092763760    1.866711380   -7.469003875 -680.958759330   86.914236313
    0.099826406    1.866711380  -13.495573669 -1033.360618399  136.201217164
    0.106889052    1.866711380  -22.080518989 -1391.965871028  192.918161526
    0.113951698    1.866711380  -32.943908381 -1658.558276172  250.733850614
    0.121014344    1.866711380  -45.020615092 -1717.363275061  303.791490376
    0.128076990    1.866711380  -56.514409669 -1485.668062394  348.837413446
    0.135139637    1.866711380  -65.298198279 -956.703117931  386.967156918
    0.142202283    1.866711380  -69.534707220 -220.677684056  420.332155591
    0.149264929    1.866711380  -68.317070754  556.561001973  447.846049134
    0.156327575    1.866711380  -62.005727682 1194.031967476  464.296500225
    0.163390221    1.866711380  -52.085885588 1565.028264023  461.451127954
    0.170452867    1.866711380  -40.601194472 1640.875855265  433.365352518
    0.177515513    1.866711380  -29.458699630 1484.065110710  380.284226748
    0.184578159    1.866711380  -19.941534218 1198.775188240  308.547857929
    0.191640805    1.866711380  -12.596823782  882.461004491  230.089431062
    0.198703451    1.866711380   -7.402581162  597.242316419  156.532955268
    0.205766097    1.866711380   -4.014042643  372.564642386   96.568170119
    0.212828743    1.866711380   -1.985566715  211.912155251   53.460111771
    0.219891389    1.866711380   -0.886288260  108.897195196   26.792138287
    0.226954035    1.866711380   -0.347562649   49.850516118   11.970458964
    0.234016681    1.866711380   -0.111539684   20.726690117    4.723836625
    0.241079327    1.866711380   -0.022844098    6.261232712    1.327741164
    0.248141973    1.866711380   -0.002026252    0.821153578    0.176037712
    0.255204619    1.866711380   -0.000000000   -0.000000000   -0.000000000
    0.262267265    1.866711380   -0.000000000   -0.000000000   -0.000000000
    0.269329911    1.866711380   -0.000000000   -0.000000000   -0.000000000
    0.276392557    1.866711380   -0.000000000   -0.000000000   -0.000000000
    0.283455203    1.866711380   -0.000000000   -0.000000000   -0.000000000
    0.290517849    1.866711380   -0.000000000   -0.000000000   -0.000000000
    0.297580495    1.866711380   -0.000000000   -0.000000000   -0.000000000
    0.304643141    1.866711380   -0.000000000   -0.000000000   -0.000000000
    0.311705787    1.866711380   -0.000000000   -0.000000000   -0.000000000
    0.318768433    1.866711380   -0.000000000   -0.000000000   -0.000000000
    0.325831079    1.866711380   -0.000000000   -0.000000000   -0.000000000
    0.332893725    1.866711380   -0.000000000   -0.000000000   -0.000000000
    0.339956371    1.866711380   -0.000000000   -0.000000000   -0.000000000
    0.347019017    1.866711380   -0.000000000   -0.000000000   -0.000000000
    0.354081663    1.866711380   -0.000000000   -0.000000000   -0.000000000
    0.361144310    1.866711380   -0.000000000   -0.000000000   -0.000000000
    0.368206956    1.866711380   -0.000000000   -0.000000000   -0.000000000
    0.375269602    1.866711380   -0.000000000   -0.000000000   -0.000000000
    0.382332248    1.866711380   -0.000000000   -0.000000000   -0.000000000
    0.389394894    1.866711380   -0.000000000   -0.000000000   -0.000000000
    0.396457540    1.866711380   -0.000000000   -0.000000000   -0.000000000
    0.403520186    1.866711380   -0.000000000   -0.000000000   -0.000000000
    0.410582832    1.866711380   -0.000000000   -0.000000000   -0.000000000
    0.417645478    1.866711380   -0.000000000   -0.000000000   -0.000000000
    0.424708124    1.866711380   -0.000000000   -0.000000000   -0.000000000
    0.431770770    1.866711380   -0.000000000   -0.000000000   -0.000000000
    0.438833416    1.866711380   -0.000000000   -0.000000000   -0.000000000
    0.445896062    1.866711380   -0.000000000   -0.000000000   -0.000000000
    0.452958708    1.866711380   -0.000000000   -0.000000000   -0.000000000
    0.460021354    1.866711380   -0.000000000   -0.000000000   -0.000000000
    0.467084000    1.866711380   -0.000000000   -0.000000000   -0.000000000

    0.022137300    1.884358197   -0.000000000   -0.000000000   -0.000000000
    0.029199946    1.884358197   -0.000000000   -0.000000000   -0.000000000
    0.036262592    1.884358197   -0.000000000   -0.000000000   -0.000000000
    0.043325238    1.884358197   -0.000000000   -0.000000000   -0.000000000
    0.050387884    1.884358197   -0.000062156   -0.160702947    0.002206096
    0.057450530    1.884358197   -0.014607644   -5.395159377    0.562364802
    0.064513176    1.884358197   -0.112084573  -24.712108902    2.958161544
    0.071575822    1.884358197   -0.425999975  -69.372914255    9.244178462
    0.078638468    1.884358197   -1.208994464 -161.832809746   21.864598456
    0.085701114    1.884358197   -2.870954644 -322.337522646   45.179429644
    0.092763760    1.884358197   -5.962888420 -567.368906724   84.061227580
    0.099826406    1.884358197  -11.056024494 -883.563843384  140.484397193
    0.106889052    1.884358197  -18.493045489 -1218.445792273  213.773785136
    0.113951698    1.884358197  -28.093768412 -1478.297928803  297.869037533
    0.121014344    1.884358197  -38.934548687 -1551.374229909  384.503678037
    0.128076990    1.884358197  -49.349610028 -1347.755875715  461.612128369
    0.135139637    1.884358197  -57.283567344 -854.865783791  519.402011774
    0.142202283    1.884358197  -60.941247959 -159.494937463  551.973308898
    0.149264929    1.884358197  -59.449524336  571.981947123  555.746155782
    0.156327575    1.884358197  -53.211896683 1156.781890700  531.361294319
    0.163390221    1.884358197  -43.754611260 1471.153855530  481.989174678
    0.170452867    1.884358197  -33.121406685 1495.314167737  413.683396627
    0.177515513    1.884358197  -23.146718668 1302.209852353  334.863552327
    0.184578159    1.884358197  -14.975339314 1003.550443607  254.002444485
    0.191640805    1.884358197   -8.982651660  697.867992433  179.156684780
    0.198703451    1.884358197   -4.990083577  443.544033892  116.609426621
    0.205766097    1.884358197   -2.551422614  258.279114967   69.024042894
    0.212828743    1.884358197   -1.185271915  138.118281107   37.364805381
    0.219891389    1.884358197   -0.488554136   65.972332236   18.329394156
    0.226954035    1.884358197   -0.173020211   27.783135125    7.855377462
    0.234016681    1.884358197   -0.044369515    9.988136666    2.744316154
    0.241079327    1.884358197   -0.005876086    2.069425893    0.549897694
    0.248141973    1.884358197   -0.000043217    0.158418604    0.043171378
    0.255204619    1.884358197   -0.000000000   -0.000000000   -0.000000000
    0.262267265    1.884358197   -0.000000000   -0.000000000   -0.000000000
    0.269329911    1.884358197   -0.000000000   -0.000000000   -0.000000000
    0.276392557    1.884358197   -0.000000000   -0.000000000   -0.000000000
    0.283455203    1.884358197   -0.000000000   -0.000000000   -0.000000000
    0.290517849    1.884358197   -0.000000000   -0.000000000   -0.000000000
    0.297580495    1.884358197   -0.000000000   -0.000000000   -0.000000000
    0.304643141    1.884358197   -0.000000000   -0.000000000   -0.000000000
    0.311705787    1.884358197   -0.000000000   -0.000000000   -0.000000000
    0.318768433    1.884358197   -0.000000000   -0.000000000   -0.000000000
    0.325831079    1.884358197   -0.000000000   -0.000000000   -0.000000000
    0.332893725    1.884358197   -0.000000000   -0.000000000   -0.000000000
    0.339956371    1.884358197   -0.000000000   -0.000000000   -0.000000000
    0.347019017    1.884358197   -0.000000000   -0.000000000   -0.000000000
    0.354081663    1.884358197   -0.000000000   -0.000000000   -0.000000000
    0.361144310    1.884358197   -0.000000000   -0.000000000   -0.000000000
    0.368206956    1.884358197   -0.000000000   -0.000000000   -0.000000000
    0.375269602    1.884358197   -0.000000000   -0.000000000   -0.000000000
    0.382332248    1.884358197   -0.000000000   -0.000000000   -0.000000000
    0.389394894    1.884358197   -0.000000000   -0.000000000   -0.000000000
    0.396457540    1.884358197   -0.000000000   -0.000000000   -0.000000000
    0.403520186    1.884358197   -0.000000000   -0.000000000   -0.000000000
    0.410582832    1.884358197   -0.000000000   -0.000000000   -0.000000000
    0.417645478    1.884358197   -0.000000000   -0.000000000   -0.000000000
    0.424708124    1.884358197   -0.000000000   -0.000000000   -0.000000000
    0.431770770    1.884358197   -0.000000000   -0.000000000   -0.000000000
    0.438833416    1.884358197   -0.000000000   -0.000000000   -0.000000000
    0.445896062    1.884358197   -0.000000000   -0.000000000   -0.000000000
    0.452958708    1.884358197   -0.000000000   -0.000000000   -0.000000000
    0.460021354    1.884358197   -0.000000000   -0.000000000   -0.000000000
    0.467084000    1.884358197   -0.000000000   -0.000000000   -0.000000000

    0.022137300    1.902005014   -0.000000000   -0.000000000   -0.000000000
    0.029199946    1.902005014   -0.000000000   -0.000000000   -0.000000000
    0.036262592    1.902005014   -0.000000000   -0.000000000   -0.000000000
    0.043325238    1.902005014   -0.000000000   -0.000000000   -0.000000000
    0.050387884    1.902005014   -0.000000000   -0.000000000   -0.000000000
    0.057450530    1.902005014   -0.006734170   -3.292431039    0.348244133
    0.064513176    1.902005014   -0.067748955  -16.433293921    2.108046359
    0.071575822    1.902005014   -0.285514138  -49.052295227    6.963821037
    0.078638468    1.902005014   -0.854146739 -119.958254068   18.093791713
    0.085701114    1.902005014   -2.113831151 -247.176974108   40.470104683
    0.092763760    1.902005014   -4.514936814 -445.323136209   79.370173897
    0.099826406    1.902005014   -8.563881563 -709.961929342  140.476234438
    0.106889052    1.902005014  -14.600109939 -997.729300855  224.451278184
    0.113951698    1.902005014  -22.528630054 -1230.363302044  327.580440459
    0.121014344    1.902005014  -31.612660502 -1307.598273845  438.547944018
    0.128076990    1.902005014  -40.430338972 -1145.651893512  540.235401744
    0.135139637    1.902005014  -47.183616904 -727.179150507  615.128444446
    0.142202283    1.902005014  -50.263709297 -125.279090386  648.794785900
    0.149264929    1.902005014  -48.871403723  510.657633056  635.078261596
    0.156327575    1.902005014  -43.367902361 1013.779808860  578.522725621
    0.163390221    1.902005014  -35.134613076 1272.474566172  491.929733578
    0.170452867    1.902005014  -26.011380360 1271.495489732  391.374488384
    0.177515513    1.902005014  -17.624162607 1080.457337950  291.823054468
    0.184578159    1.902005014  -10.946431269  804.739077123  203.978806569
    0.191640805    1.902005014   -6.240174362  534.424337318  133.167181386
    0.198703451    1.902005014   -3.261481646  320.548948600   80.789642344
    0.205766097    1.902005014   -1.550303050  174.533913162   45.438911437
    0.212828743    1.902005014   -0.653168626   87.700022487   23.539429948
    0.219891389    1.902005014   -0.234846427   36.952317471   10.828211956
    0.226954035    1.902005014   -0.066107355   14.039363814    4.389820204
    0.234016681    1.902005014   -0.011437051    3.670616197    1.140394818
    0.241079327    1.902005014   -0.000503922    0.340006274    0.115422895
    0.248141973    1.902005014   -0.000000000   -0.000000000   -0.000000000
    0.255204619    1.902005014   -0.000000000   -0.000000000   -0.000000000
    0.262267265    1.902005014   -0.000000000   -0.000000000   -0.000000000
    0.269329911    1.902005014   -0.000000000   -0.000000000   -0.000000000
    0.276392557    1.902005014   -0.000000000   -0.000000000   -0.000000000
    0.283455203    1.902005014   -0.000000000   -0.000000000   -0.000000000
    0.290517849    1.902005014   -0.000000000   -0.000000000   -0.000000000
    0.297580495    1.902005014   -0.000000000   -0.000000000   -0.000000000
    0.304643141    1.902005014   -0.000000000   -0.000000000   -0.000000000
    0.311705787    1.902005014   -0.000000000   -0.000000000   -0.000000000
    0.318768433    1.902005014   -0.000000000   -0.000000000   -0.000000000
    0.325831079    1.902005014   -0.000000000   -0.000000000   -0.000000000
    0.332893725    1.902005014   -0.000000000   -0.000000000   -0.000000000
    0.339956371    1.902005014   -0.000000000   -0.000000000   -0.000000000
    0.347019017    1.902005014   -0.000000000   -0.000000000   -0.000000000
    0.354081663    1.902005014   -0.000000000   -0.000000000   -0.000000000
    0.361144310    1.902005014   -0.000000000   -0.000000000   -0.000000000
    0.368206956    1.902005014   -0.000000000   -0.000000000   -0.000000000
    0.375269602    1.902005014   -0.000000000   -0.000000000   -0.000000000
    0.382332248    1.902005014   -0.000000000   -0.000000000   -0.000000000
    0.389394894    1.902005014   -0.000000000   -0.000000000   -0.000000000
    0.396457540    1.902005014   -0.000000000   -0.000000000   -0.000000000
    0.403520186    1.902005014   -0.000000000   -0.000000000   -0.000000000
    0.410582832    1.902005014   -0.000000000   -0.000000000   -0.000000000
    0.417645478    1.902005014   -0.000000000   -0.000000000   -0.000000000
    0.424708124    1.902005014   -0.000000000   -0.000000000   -0.000000000
    0.431770770    1.902005014   -0.000000000   -0.000000000   -0.000000000
    0.438833416    1.902005014   -0.000000000   -0.000000000   -0.000000000
    0.445896062    1.902005014   -0.000000000   -0.000000000   -0.000000000
    0.452958708    1.902005014   -0.000000000   -0.000000000   -0.000000000
    0.460021354    1.902005014   -0.000000000   -0.000000000   -0.000000000
    0.467084000    1.902005014   -0.000000000   -0.000000000   -0.000000000

    0.022137300    1.919651831   -0.000000000   -0.000000000   -0.000000000
    0.029199946    1.919651831   -0.000000000   -0.000000000   -0.000000000
    0.036262592    1.919651831   -0.000000000   -0.000000000   -0.000000000
    0.043325238    1.919651831   -0.000000000   -0.000000000   -0.000000000
    0.050387884    1.919651831   -0.000000000   -0.000000000   -0.000000000
    0.057450530    1.919651831   -0.002880580   -1.406754672    0.158701498
    0.064513176    1.919651831   -0.037451725   -9.811631200    1.411734688
    0.071575822    1.919651831   -0.176355270  -32.582559161    5.394591762
    0.078638468    1.919651831   -0.565609895  -83.412582265   14.583919389
    0.085701114    1.919651831   -1.454965024 -176.919959498   34.106575648
    0.092763760    1.919651831   -3.190232444 -324.206711993   69.655069207
    0.099826406    1.919651831   -6.170283291 -527.147387011  128.654452592
    0.106889052    1.919651831  -10.697657017 -754.821530692  213.703119929
    0.113951698    1.919651831  -16.745630824 -944.975978123  321.363059665
    0.121014344    1.919651831  -23.767648878 -1017.296868575  440.938294918
    0.128076990    1.919651831  -30.670216589 -902.174648219  553.391269591
    0.135139637    1.919651831  -36.016790479 -579.368383956  636.345701747
    0.142202283    1.919651831  -38.491205528 -104.425725984  671.233081938
    0.149264929    1.919651831  -37.418519170  401.817482827  650.557422277
    0.156327575    1.919651831  -33.068784148  802.641401020  579.233103746
    0.163390221    1.919651831  -26.553061453 1005.531224029  474.822048626
    0.170452867    1.919651831  -19.368425532  996.967811949  359.046625107
    0.177515513    1.919651831  -12.832127192  835.483226820  251.375688641
    0.184578159    1.919651831   -7.721217893  608.252749847  163.046895097
    0.191640805    1.919651831   -4.215882211  391.300829683   98.262623078
    0.198703451    1.919651831   -2.074013554  224.337906440   55.159959793
    0.205766097    1.919651831   -0.906021197  115.601892521   28.780678903
    0.212828743    1.919651831   -0.330938278   52.618530224   13.572246183
    0.219891389    1.919651831   -0.093888527   19.118991620    5.471803718
    0.226954035    1.919651831   -0.018356813    5.012125905    1.469810487
    0.234016681    1.919651831   -0.000967161    0.678762122    0.191403305
    0.241079327    1.919651831   -0.000000000   -0.000000000   -0.000000000
    0.248141973    1.919651831   -0.000000000   -0.000000000   -0.000000000
    0.255204619    1.919651831   -0.000000000   -0.000000000   -0.000000000
    0.262267265    1.919651831   -0.000000000   -0.000000000   -0.000000000
    0.269329911    1.919651831   -0.000000000   -0.000000000   -0.000000000
    0.276392557    1.919651831   -0.000000000   -0.000000000   -0.000000000
    0.283455203    1.919651831   -0.000000000   -0.000000000   -0.000000000
    0.290517849    1.919651831   -0.000000000   -0.000000000   -0.000000000
    0.297580495    1.919651831   -0.000000000   -0.000000000   -0.000000000
    0.304643141    1.919651831   -0.000000000   -0.000000000   -0.000000000
    0.311705787    1.919651831   -0.000000000   -0.000000000   -0.000000000
    0.318768433    1.919651831   -0.000000000   -0.000000000   -0.000000000
    0.325831079    1.919651831   -0.000000000   -0.000000000   -0.000000000
    0.332893725    1.919651831   -0.000000000   -0.000000000   -0.000000000
    0.339956371    1.919651831   -0.000000000   -0.000000000   -0.000000000
    0.347019017    1.919651831   -0.000000000   -0.000000000   -0.000000000
    0.354081663    1.919651831   -0.000000000   -0.000000000   -0.000000000
    0.361144310    1.919651831   -0.000000000   -0.000000000   -0.000000000
    0.368206956    1.919651831   -0.000000000   -0.000000000   -0.000000000
    0.375269602    1.919651831   -0.000000000   -0.000000000   -0.000000000
    0.382332248    1.919651831   -0.000000000   -0.000000000   -0.000000000
    0.389394894    1.919651831   -0.000000000   -0.000000000   -0.000000000
    0.396457540    1.919651831   -0.000000000   -0.000000000   -0.000000000
    0.403520186    1.919651831   -0.000000000   -0.000000000   -0.000000000
    0.410582832    1.919651831   -0.000000000   -0.000000000   -0.000000000
    0.417645478    1.919651831   -0.000000000   -0.000000000   -0.000000000
    0.424708124    1.919651831   -0.000000000   -0.000000000   -0.000000000
    0.431770770    1.919651831   -0.000000000   -0.000000000   -0.000000000
    0.438833416    1.919651831   -0.000000000   -0.000000000   -0.000000000
    0.445896062    1.919651831   -0.000000000   -0.000000000   -0.000000000
    0.452958708    1.919651831   -0.000000000   -0.000000000   -0.000000000
    0.460021354    1.919651831   -0.000000000   -0.000000000   -0.000000000
    0.467084000    1.919651831   -0.000000000   -0.000000000   -0.000000000

    0.022137300    1.937298648   -0.000000000   -0.000000000   -0.000000000
    0.029199946    1.937298648   -0.000000000   -0.000000000   -0.000000000
    0.036262592    1.937298648   -0.000000000   -0.000000000   -0.000000000
    0.043325238    1.937298648   -0.000000000   -0.000000000   -0.000000000
    0.050387884    1.937298648   -0.000000000   -0.000000000   -0.000000000
    0.057450530    1.937298648   -0.001061067   -0.541214153    0.073380327
    0.064513176    1.937298648   -0.018094794   -5.423411194    0.859693165
    0.071575822    1.937298648   -0.096450916  -19.660482786    3.763856277
    0.078638468    1.937298648   -0.338137540  -53.032660239   11.067471409
    0.085701114    1.937298648   -0.915821102 -116.778813987   26.890747923
    0.092763760    1.937298648   -2.072549427 -217.998860341   56.298148187
    0.099826406    1.937298648   -4.088758820 -358.707408749  106.031832098
    0.106889052    1.937298648   -7.196052001 -521.850404267  180.398856801
    0.113951698    1.937298648  -11.410390120 -663.629706989  277.873443207
    0.121014344    1.937298648  -16.377694651 -724.391474051  388.677887487
    0.128076990    1.937298648  -21.323880293 -651.115296786  495.236199994
    0.135139637    1.937298648  -25.212301882 -425.876610627  575.586186115
    0.142202283    1.937298648  -27.065469364  -86.056448282  610.472418621
    0.149264929    1.937298648  -26.361529131  281.149338633  590.840924810
    0.156327575    1.937298648  -23.271907310  573.634100868  521.539554872
    0.163390221    1.937298648  -18.600786033  722.100576170  420.265433828
    0.170452867    1.937298648  -13.443233220  714.687789132  309.155985329
    0.177515513    1.937298648   -8.773386415  594.054267883  207.753232875
    0.184578159    1.937298648   -5.160529401  426.780063315  127.992072748
    0.191640805    1.937298648   -2.718483816  269.240055071   72.466702678
    0.198703451    1.937298648   -1.264483185  149.904161522   37.784382244
    0.205766097    1.937298648   -0.501199815   72.939241527   17.586030054
    0.212828743    1.937298648   -0.154724674   29.081311937    6.643436391
    0.219891389    1.937298648   -0.034552763    8.527166675    1.927510888
    0.226954035    1.937298648   -0.004071874    1.763974121    0.325154774
    0.234016681    1.937298648   -0.000000000   -0.000000000   -0.000000000
    0.241079327    1.937298648   -0.000000000   -0.000000000   -0.000000000
    0.248141973    1.937298648   -0.000000000   -0.000000000   -0.000000000
    0.255204619    1.937298648   -0.000000000   -0.000000000   -0.000000000
    0.262267265    1.937298648   -0.000000000   -0.000000000   -0.000000000
    0.269329911    1.937298648   -0.000000000   -0.000000000   -0.000000000
    0.276392557    1.937298648   -0.000000000   -0.000000000   -0.000000000
    0.283455203    1.937298648   -0.000000000   -0.000000000   -0.000000000
    0.290517849    1.937298648   -0.000000000   -0.000000000   -0.000000000
    0.297580495    1.937298648   -0.000000000   -0.000000000   -0.000000000
    0.304643141    1.937298648   -0.000000000   -0.000000000   -0.000000000
    0.311705787    1.937298648   -0.000000000   -0.000000000   -0.000000000
    0.318768433    1.937298648   -0.000000000   -0.000000000   -0.000000000
    0.325831079    1.937298648   -0.000000000   -0.000000000   -0.000000000
    0.332893725    1.937298648   -0.000000000   -0.000000000   -0.000000000
    0.339956371    1.937298648   -0.000000000   -0.000000000   -0.000000000
    0.347019017    1.937298648   -0.000000000   -0.000000000   -0.000000000
    0.354081663    1.937298648   -0.000000000   -0.000000000   -0.000000000
    0.361144310    1.937298648   -0.000000000   -0.000000000   -0.000000000
    0.368206956    1.937298648   -0.000000000   -0.000000000   -0.000000000
    0.375269602    1.937298648   -0.000000000   -0.000000000   -0.000000000
    0.382332248    1.937298648   -0.000000000   -0.000000000   -0.000000000
    0.389394894    1.937298648   -0.000000000   -0.000000000   -0.000000000
    0.396457540    1.937298648   -0.000000000   -0.000000000   -0.000000000
    0.403520186    1.937298648   -0.000000000   -0.000000000   -0.000000000
    0.410582832    1.937298648   -0.000000000   -0.000000000   -0.000000000
    0.417645478    1.937298648   -0.000000000   -0.000000000   -0.000000000
    0.424708124    1.937298648   -0.000000000   -0.000000000   -0.000000000
    0.431770770    1.937298648   -0.000000000   -0.000000000   -0.000000000
    0.438833416    1.937298648   -0.000000000   -0.000000000   -0.000000000
    0.445896062    1.937298648   -0.000000000   -0.000000000   -0.000000000
    0.452958708    1.937298648   -0.000000000   -0.000000000   -0.000000000
    0.460021354    1.937298648   -0.000000000   -0.000000000   -0.000000000
    0.467084000    1.937298648   -0.000000000   -0.000000000   -0.000000000

    0.022137300    1.954945465   -0.000000000   -0.000000000   -0.000000000
    0.029199946    1.954945465   -0.000000000   -0.000000000   -0.000000000
    0.036262592    1.954945465   -0.000000000   -0.000000000   -0.000000000
    0.043325238    1.954945465   -0.000000000   -0.000000000   -0.000000000
    0.050387884    1.954945465   -0.000000000   -0.000000000   -0.000000000
    0.057450530    1.954945465   -0.000072864   -0.146243335    0.028362793
    0.064513176    1.954945465   -0.007168468   -2.497680120    0.454952053
    0.071575822    1.954945465   -0.044953175   -9.395863803    2.085782526
    0.078638468    1.954945465   -0.175531161  -30.037888041    7.432043575
    0.085701114    1.954945465   -0.512172486  -68.983624543   18.825604387
    0.092763760    1.954945465   -1.213415306 -133.729581607   41.062718242
    0.099826406    1.954945465   -2.459578746 -223.015408688   78.364693100
    0.106889052    1.954945465   -4.402029891 -328.058749184  135.138902220
    0.113951698    1.954945465   -7.071727774 -423.063743346  211.606157863
    0.121014344    1.954945465  -10.261161805 -468.315066171  300.630293720
    0.128076990    1.954945465  -13.482517068 -427.184434502  388.021376091
    0.135139637    1.954945465  -16.055289942 -285.202037675  455.596844089
    0.142202283    1.954945465  -17.323734342  -65.028942002  486.172454517
    0.149264929    1.954945465  -16.923117217  176.206063069  471.966607244
    0.156327575    1.954945465  -14.946807640  370.424989520  416.104878627
    0.163390221    1.954945465  -11.917879569  469.381649676  332.898036053
    0.170452867    1.954945465   -8.563071360  464.966626844  241.715179341
    0.177515513    1.954945465   -5.530568082  384.717988719  158.683960792
    0.184578159    1.954945465   -3.194409578  275.026596408   94.838984502
    0.191640805    1.954945465   -1.629975178  170.814092297   50.993987162
    0.198703451    1.954945465   -0.721516006   91.478762098   24.149025763
    0.205766097    1.954945465   -0.266169070   42.049810840    9.664212293
    0.212828743    1.954945465   -0.073923171   15.511627635    3.105622948
    0.219891389    1.954945465   -0.013704639    3.756217193    0.660796848
    0.226954035    1.954945465   -0.001716896    0.613982020    0.081001706
    0.234016681    1.954945465   -0.000000000   -0.000000000   -0.000000000
    0.241079327    1.954945465   -0.000000000   -0.000000000   -0.000000000
    0.248141973    1.954945465   -0.000000000   -0.000000000   -0.000000000
    0.255204619    1.954945465   -0.000000000   -0.000000000   -0.000000000
    0.262267265    1.954945465   -0.000000000   -0.000000000   -0.000000000
    0.269329911    1.954945465   -0.000000000   -0.000000000   -0.000000000
    0.276392557    1.954945465   -0.000000000   -0.000000000   -0.000000000
    0.283455203    1.954945465   -0.000000000   -0.000000000   -0.000000000
    0.290517849    1.954945465   -0.000000000   -0.000000000   -0.000000000
    0.297580495    1.954945465   -0.000000000   -0.000000000   -0.000000000
    0.304643141    1.954945465   -0.000000000   -0.000000000   -0.000000000
    0.311705787    1.954945465   -0.000000000   -0.000000000   -0.000000000
    0.318768433    1.954945465   -0.000000000   -0.000000000   -0.000000000
    0.325831079    1.954945465   -0.000000000   -0.000000000   -0.000000000
    0.332893725    1.954945465   -0.000000000   -0.000000000   -0.000000000
    0.339956371    1.954945465   -0.000000000   -0.000000000   -0.000000000
    0.347019017    1.954945465   -0.000000000   -0.000000000   -0.000000000
    0.354081663    1.954945465   -0.000000000   -0.000000000   -0.000000000
    0.361144310    1.954945465   -0.000000000   -0.000000000   -0.000000000
    0.368206956    1.954945465   -0.000000000   -0.000000000   -0.000000000
    0.375269602    1.954945465   -0.000000000   -0.000000000   -0.000000000
    0.382332248    1.954945465   -0.000000000   -0.000000000   -0.000000000
    0.389394894    1.954945465   -0.000000000   -0.000000000   -0.000000000
    0.396457540    1.954945465   -0.000000000   -0.000000000   -0.000000000
    0.403520186    1.954945465   -0.000000000   -0.000000000   -0.000000000
    0.410582832    1.954945465   -0.000000000   -0.000000000   -0.000000000
    0.417645478    1.954945465   -0.000000000   -0.000000000   -0.000000000
    0.424708124    1.954945465   -0.000000000   -0.000000000   -0.000000000
    0.431770770    1.954945465   -0.000000000   -0.000000000   -0.000000000
    0.438833416    1.954945465   -0.000000000   -0.000000000   -0.000000000
    0.445896062    1.954945465   -0.000000000   -0.000000000   -0.000000000
    0.452958708    1.954945465   -0.000000000   -0.000000000   -0.000000000
    0.460021354    1.954945465   -0.000000000   -0.000000000   -0.000000000
    0.467084000    1.954945465   -0.000000000   -0.000000000   -0.000000000

    0.022137300    1.972592282   -0.000000000   -0.000000000   -0.000000000
    0.029199946    1.972592282   -0.000000000   -0.000000000   -0.000000000
    0.036262592    1.972592282   -0.000000000   -0.000000000   -0.000000000
    0.043325238    1.972592282   -0.000000000   -0.000000000   -0.000000000
    0.050387884    1.972592282   -0.000000000   -0.000000000   -0.000000000
    0.057450530    1.972592282   -0.000000000   -0.000000000   -0.000000000
    0.064513176    1.972592282   -0.001361247   -0.623757494    0.153333397
    0.071575822    1.972592282   -0.018142686   -4.258689579    1.082776804
    0.078638468    1.972592282   -0.074948538  -13.769671539    3.912547512
    0.085701114    1.972592282   -0.245482526  -36.186855936   11.568326544
    0.092763760    1.972592282   -0.621846429  -73.419656310   26.288423343
    0.099826406    1.972592282   -1.317292628 -125.929436264   51.647931227
    0.106889052    1.972592282   -2.420945918 -187.422380581   90.198952386
    0.113951698    1.972592282   -3.953590363 -244.167360724  142.608360373
    0.121014344    1.972592282   -5.806990029 -274.049259969  205.161687724
    0.128076990    1.972592282   -7.704884105 -253.543231034  267.598754344
    0.135139637    1.972592282   -9.244611412 -172.726873738  316.793153907
    0.142202283    1.972592282  -10.029581076  -43.914711497  340.322477526
    0.149264929    1.972592282   -9.830926622   99.108228797  331.687745947
    0.156327575    1.972592282   -8.694195972  215.359356646  292.547187519
    0.163390221    1.972592282   -6.924708894  275.135632086  233.388408762
    0.170452867    1.972592282   -4.956485421  272.777123455  167.763012001
    0.177515513    1.972592282   -3.174726134  226.366967213  109.038374534
    0.184578159    1.972592282   -1.804141001  160.557046322   63.483018138
    0.191640805    1.972592282   -0.900247171   97.148720773   32.496999821
    0.198703451    1.972592282   -0.388050580   51.156521707   14.673951384
    0.205766097    1.972592282   -0.134974898   23.144906774    5.780660440
    0.212828743    1.972592282   -0.033582038    7.349184625    1.693158496
    0.219891389    1.972592282   -0.006403790    1.575141948    0.308843463
    0.226954035    1.972592282   -0.000449223    0.240787003    0.042630287
    0.234016681    1.972592282   -0.000000000   -0.000000000   -0.000000000
    0.241079327    1.972592282   -0.000000000   -0.000000000   -0.000000000
    0.248141973    1.972592282   -0.000000000   -0.000000000   -0.000000000
    0.255204619    1.972592282   -0.000000000   -0.000000000   -0.000000000
    0.262267265    1.972592282   -0.000000000   -0.000000000   -0.000000000
    0.269329911    1.972592282   -0.000000000   -0.000000000   -0.000000000
    0.276392557    1.972592282   -0.000000000   -0.000000000   -0.000000000
    0.283455203    1.972592282   -0.000000000   -0.000000000   -0.000000000
    0.290517849    1.972592282   -0.000000000   -0.000000000   -0.000000000
    0.297580495    1.972592282   -0.000000000   -0.000000000   -0.000000000
    0.304643141    1.972592282   -0.000000000   -0.000000000   -0.000000000
    0.311705787    1.972592282   -0.000000000   -0.000000000   -0.000000000
    0.318768433    1.972592282   -0.000000000   -0.000000000   -0.000000000
    0.325831079    1.972592282   -0.000000000   -0.000000000   -0.000000000
    0.332893725    1.972592282   -0.000000000   -0.000000000   -0.000000000
    0.339956371    1.972592282   -0.000000000   -0.000000000   -0.000000000
    0.347019017    1.972592282   -0.000000000   -0.000000000   -0.000000000
    0.354081663    1.972592282   -0.000000000   -0.000000000   -0.000000000
    0.361144310    1.972592282   -0.000000000   -0.000000000   -0.000000000
    0.368206956    1.972592282   -0.000000000   -0.000000000   -0.000000000
    0.375269602    1.972592282   -0.000000000   -0.000000000   -0.000000000
    0.382332248    1.972592282   -0.000000000   -0.000000000   -0.000000000
    0.389394894    1.972592282   -0.000000000   -0.000000000   -0.000000000
    0.396457540    1.972592282   -0.000000000   -0.000000000   -0.000000000
    0.403520186    1.972592282   -0.000000000   -0.000000000   -0.000000000
    0.410582832    1.972592282   -0.000000000   -0.000000000   -0.000000000
    0.417645478    1.972592282   -0.000000000   -0.000000000   -0.000000000
    0.424708124    1.972592282   -0.000000000   -0.000000000   -0.000000000
    0.431770770    1.972592282   -0.000000000   -0.000000000   -0.000000000
    0.438833416    1.972592282   -0.000000000   -0.000000000   -0.000000000
    0.445896062    1.972592282   -0.000000000   -0.000000000   -0.000000000
    0.452958708    1.972592282   -0.000000000   -0.000000000   -0.000000000
    0.460021354    1.972592282   -0.000000000   -0.000000000   -0.000000000
    0.467084000    1.972592282   -0.000000000   -0.000000000   -0.000000000

    0.022137300    1.990239099   -0.000000000   -0.000000000   -0.000000000
    0.029199946    1.990239099   -0.000000000   -0.000000000   -0.000000000
    0.036262592    1.990239099   -0.000000000   -0.000000000   -0.000000000
    0.043325238    1.990239099   -0.000000000   -0.000000000   -0.000000000
    0.050387884    1.990239099   -0.000000000   -0.000000000   -0.000000000
    0.057450530    1.990239099   -0.000000000   -0.000000000   -0.000000000
    0.064513176    1.990239099   -0.000000000   -0.000000000   -0.000000000
    0.071575822    1.990239099   -0.004314434   -1.663580967    0.503302844
    0.078638468    1.990239099   -0.026661972   -5.208759014    1.756355994
    0.085701114    1.990239099   -0.095876160  -15.797755402    5.708262647
    0.092763760    1.990239099   -0.268645446  -34.321517389   14.127424552
    0.099826406    1.990239099   -0.608700454  -63.119975596   29.741816030
    0.106889052    1.990239099   -1.171487424  -96.483472126   53.179877241
    0.113951698    1.990239099   -1.966306177 -127.392486625   85.204503011
    0.121014344    1.990239099   -2.938473756 -144.442490635  123.553210269
    0.128076990    1.990239099   -3.944593283 -135.442487238  162.738651932
    0.135139637    1.990239099   -4.774066408  -94.205997418  194.386497674
    0.142202283    1.990239099   -5.212020185  -26.548451915  210.378954648
    0.149264929    1.990239099   -5.128758409   49.716401980  205.913479124
    0.156327575    1.990239099   -4.543200567  112.141626886  181.926466146
    0.163390221    1.990239099   -3.616034240  144.827012014  145.176979947
    0.170452867    1.990239099   -2.575742310  144.588467888  104.483649441
    0.177515513    1.990239099   -1.632314172  119.604043161   67.372357051
    0.184578159    1.990239099   -0.913656771   83.741314913   38.626800040
    0.191640805    1.990239099   -0.447577118   50.307771014   19.577106632
    0.198703451    1.990239099   -0.183562841   25.999183134    8.674146962
    0.205766097    1.990239099   -0.057068898   11.236989928    3.291271338
    0.212828743    1.990239099   -0.012306004    2.511051013    0.684739538
    0.219891389    1.990239099   -0.002045861    0.767152347    0.184038935
    0.226954035    1.990239099   -0.000000000   -0.000000000   -0.000000000
    0.234016681    1.990239099   -0.000000000   -0.000000000   -0.000000000
    0.241079327    1.990239099   -0.000000000   -0.000000000   -0.000000000
    0.248141973    1.990239099   -0.000000000   -0.000000000   -0.000000000
    0.255204619    1.990239099   -0.000000000   -0.000000000   -0.000000000
    0.262267265    1.990239099   -0.000000000   -0.000000000   -0.000000000
    0.269329911    1.990239099   -0.000000000   -0.000000000   -0.000000000
    0.276392557    1.990239099   -0.000000000   -0.000000000   -0.000000000
    0.283455203    1.990239099   -0.000000000   -0.000000000   -0.000000000
    0.290517849    1.990239099   -0.000000000   -0.000000000   -0.000000000
    0.297580495    1.990239099   -0.000000000   -0.000000000   -0.000000000
    0.304643141    1.990239099   -0.000000000   -0.000000000   -0.000000000
    0.311705787    1.990239099   -0.000000000   -0.000000000   -0.000000000
    0.318768433    1.990239099   -0.000000000   -0.000000000   -0.000000000
    0.325831079    1.990239099   -0.000000000   -0.000000000   -0.000000000
    0.332893725    1.990239099   -0.000000000   -0.000000000   -0.000000000
    0.339956371    1.990239099   -0.000000000   -0.000000000   -0.000000000
    0.347019017    1.990239099   -0.000000000   -0.000000000   -0.000000000
    0.354081663    1.990239099   -0.000000000   -0.000000000   -0.000000000
    0.361144310    1.990239099   -0.000000000   -0.000000000   -0.000000000
    0.368206956    1.990239099   -0.000000000   -0.000000000   -0.000000000
    0.375269602    1.990239099   -0.000000000   -0.000000000   -0.000000000
    0.382332248    1.990239099   -0.000000000   -0.000000000   -0.000000000
    0.389394894    1.990239099   -0.000000000   -0.000000000   -0.000000000
    0.396457540    1.990239099   -0.000000000   -0.000000000   -0.000000000
    0.403520186    1.990239099   -0.000000000   -0.000000000   -0.000000000
    0.410582832    1.990239099   -0.000000000   -0.000000000   -0.000000000
    0.417645478    1.990239099   -0.000000000   -0.000000000   -0.000000000
    0.424708124    1.990239099   -0.000000000   -0.000000000   -0.000000000
    0.431770770    1.990239099   -0.000000000   -0.000000000   -0.000000000
    0.438833416    1.990239099   -0.000000000   -0.000000000   -0.000000000
    0.445896062    1.990239099   -0.000000000   -0.000000000   -0.000000000
    0.452958708    1.990239099   -0.000000000   -0.000000000   -0.000000000
    0.460021354    1.990239099   -0.000000000   -0.000000000   -0.000000000
    0.467084000    1.990239099   -0.000000000   -0.000000000   -0.000000000

    0.022137300    2.007885915   -0.000000000   -0.000000000   -0.000000000
    0.029199946    2.007885915   -0.000000000   -0.000000000   -0.000000000
    0.036262592    2.007885915   -0.000000000   -0.000000000   -0.000000000
    0.043325238    2.007885915   -0.000000000   -0.000000000   -0.000000000
    0.050387884    2.007885915   -0.000000000   -0.000000000   -0.000000000
    0.057450530    2.007885915   -0.000000000   -0.000000000   -0.000000000
    0.064513176    2.007885915   -0.000000000   -0.000000000   -0.000000000
    0.071575822    2.007885915   -0.000000000   -0.000000000   -0.000000000
    0.078638468    2.007885915   -0.005892977   -1.744163918    0.696158023
    0.085701114    2.007885915   -0.028676643   -5.525299690    2.349919058
    0.092763760    2.007885915   -0.094159419  -13.858657057    6.371505729
    0.099826406    2.007885915   -0.234115303  -26.336042666   13.899680119
    0.106889052    2.007885915   -0.480039228  -43.510226661   26.791282073
    0.113951698    2.007885915   -0.846249889  -59.505253818   44.499869838
    0.121014344    2.007885915   -1.303850280  -68.455236044   65.514769802
    0.128076990    2.007885915   -1.784281126  -65.115218328   87.195413793
    0.135139637    2.007885915   -2.186394178  -46.173837223  104.920437696
    0.142202283    2.007885915   -2.405397372  -14.269793430  114.152161688
    0.149264929    2.007885915   -2.376776535   22.192766846  112.256703435
    0.156327575    2.007885915   -2.106352789   52.516842116   99.724404879
    0.163390221    2.007885915   -1.669355694   68.559776506   79.725838772
    0.170452867    2.007885915   -1.177521165   68.163292088   57.085696955
    0.177515513    2.007885915   -0.735296757   55.311672817   36.227230567
    0.184578159    2.007885915   -0.403593802   38.502795052   20.666496204
    0.191640805    2.007885915   -0.188999314   22.644269443   10.201348411
    0.198703451    2.007885915   -0.069250009   11.626070637    4.520700403
    0.205766097    2.007885915   -0.017323533    3.808795501    1.363468465
    0.212828743    2.007885915   -0.003804116    0.899572606    0.294636353
    0.219891389    2.007885915   -0.000192155    0.177878321    0.053488802
    0.226954035    2.007885915   -0.000000000   -0.000000000   -0.000000000
    0.234016681    2.007885915   -0.000000000   -0.000000000   -0.000000000
    0.241079327    2.007885915   -0.000000000   -0.000000000   -0.000000000
    0.248141973    2.007885915   -0.000000000   -0.000000000   -0.000000000
    0.255204619    2.007885915   -0.000000000   -0.000000000   -0.000000000
    0.262267265    2.007885915   -0.000000000   -0.000000000   -0.000000000
    0.269329911    2.007885915   -0.000000000   -0.000000000   -0.000000000
    0.276392557    2.007885915   -0.000000000   -0.000000000   -0.000000000
    0.283455203    2.007885915   -0.000000000   -0.000000000   -0.000000000
    0.290517849    2.007885915   -0.000000000   -0.000000000   -0.000000000
    0.297580495    2.007885915   -0.000000000   -0.000000000   -0.000000000
    0.304643141    2.007885915   -0.000000000   -0.000000000   -0.000000000
    0.311705787    2.007885915   -0.000000000   -0.000000000   -0.000000000
    0.318768433    2.007885915   -0.000000000   -0.000000000   -0.000000000
    0.325831079    2.007885915   -0.000000000   -0.000000000   -0.000000000
    0.332893725    2.007885915   -0.000000000   -0.000000000   -0.000000000
    0.339956371    2.007885915   -0.000000000   -0.000000000   -0.000000000
    0.347019017    2.007885915   -0.000000000   -0.000000000   -0.000000000
    0.354081663    2.007885915   -0.000000000   -0.000000000   -0.000000000
    0.361144310    2.007885915   -0.000000000   -0.000000000   -0.000000000
    0.368206956    2.007885915   -0.000000000   -0.000000000   -0.000000000
    0.375269602    2.007885915   -0.000000000   -0.000000000   -0.000000000
    0.382332248    2.007885915   -0.000000000   -0.000000000   -0.000000000
    0.389394894    2.007885915   -0.000000000   -0.000000000   -0.000000000
    0.396457540    2.007885915   -0.000000000   -0.000000000   -0.000000000
    0.403520186    2.007885915   -0.000000000   -0.000000000   -0.000000000
    0.410582832    2.007885915   -0.000000000   -0.000000000   -0.000000000
    0.417645478    2.007885915   -0.000000000   -0.000000000   -0.000000000
    0.424708124    2.007885915   -0.000000000   -0.000000000   -0.000000000
    0.431770770    2.007885915   -0.000000000   -0.000000000   -0.000000000
    0.438833416    2.007885915   -0.000000000   -0.000000000   -0.000000000
    0.445896062    2.007885915   -0.000000000   -0.000000000   -0.000000000
    0.452958708    2.007885915   -0.000000000   -0.000000000   -0.000000000
    0.460021354    2.007885915   -0.000000000   -0.000000000   -0.000000000
    0.467084000    2.007885915   -0.000000000   -0.000000000   -0.000000000

    0.022137300    2.025532732   -0.000000000   -0.000000000   -0.000000000
    0.029199946    2.025532732   -0.000000000   -0.000000000   -0.000000000
    0.036262592    2.025532732   -0.000000000   -0.000000000   -0.000000000
    0.043325238    2.025532732   -0.000000000   -0.000000000   -0.000000000
    0.050387884    2.025532732   -0.000000000   -0.000000000   -0.000000000
    0.057450530    2.025532732   -0.000000000   -0.000000000   -0.000000000
    0.064513176    2.025532732   -0.000000000   -0.000000000   -0.000000000
    0.071575822    2.025532732   -0.000000000   -0.000000000   -0.000000000
    0.078638468    2.025532732   -0.000000000   -0.000000000   -0.000000000
    0.085701114    2.025532732   -0.004357007   -1.280622875    0.673354963
    0.092763760    2.025532732   -0.022249172   -4.428698867    2.340888220
    0.099826406    2.025532732   -0.069363373   -9.549637043    5.642352168
    0.106889052    2.025532732   -0.160287004  -16.299884973   11.258801414
    0.113951698    2.025532732   -0.302192712  -23.882259940   19.675640872
    0.121014344    2.025532732   -0.489687416  -28.515472781   30.003928875
    0.128076990    2.025532732   -0.692299753  -27.849407286   40.993092159
    0.135139637    2.025532732   -0.865737116  -20.116635492   49.904731135
    0.142202283    2.025532732   -0.962708656   -6.618425151   54.753287060
    0.149264929    2.025532732   -0.954462939    8.941853405   54.094364008
    0.156327575    2.025532732   -0.843003611   21.837150702   47.958911708
    0.163390221    2.025532732   -0.662138440   28.396392030   38.063647941
    0.170452867    2.025532732   -0.460796071   27.624596259   26.667557049
    0.177515513    2.025532732   -0.281860638   22.484252166   16.897363432
    0.184578159    2.025532732   -0.147457953   15.451821808    9.488372358
    0.191640805    2.025532732   -0.060414145    9.106806161    4.718344643
    0.198703451    2.025532732   -0.017030221    3.531634168    1.615288970
    0.205766097    2.025532732   -0.004166987    0.906351197    0.392309882
    0.212828743    2.025532732   -0.000355159    0.175206895    0.070478673
    0.219891389    2.025532732   -0.000000000   -0.000000000   -0.000000000
    0.226954035    2.025532732   -0.000000000   -0.000000000   -0.000000000
    0.234016681    2.025532732   -0.000000000   -0.000000000   -0.000000000
    0.241079327    2.025532732   -0.000000000   -0.000000000   -0.000000000
    0.248141973    2.025532732   -0.000000000   -0.000000000   -0.000000000
    0.255204619    2.025532732   -0.000000000   -0.000000000   -0.000000000
    0.262267265    2.025532732   -0.000000000   -0.000000000   -0.000000000
    0.269329911    2.025532732   -0.000000000   -0.000000000   -0.000000000
    0.276392557    2.025532732   -0.000000000   -0.000000000   -0.000000000
    0.283455203    2.025532732   -0.000000000   -0.000000000   -0.000000000
    0.290517849    2.025532732   -0.000000000   -0.000000000   -0.000000000
    0.297580495    2.025532732   -0.000000000   -0.000000000   -0.000000000
    0.304643141    2.025532732   -0.000000000   -0.000000000   -0.000000000
    0.311705787    2.025532732   -0.000000000   -0.000000000   -0.000000000
    0.318768433    2.025532732   -0.000000000   -0.000000000   -0.000000000
    0.325831079    2.025532732   -0.000000000   -0.000000000   -0.000000000
    0.332893725    2.025532732   -0.000000000   -0.000000000   -0.000000000
    0.339956371    2.025532732   -0.000000000   -0.000000000   -0.000000000
    0.347019017    2.025532732   -0.000000000   -0.000000000   -0.000000000
    0.354081663    2.025532732   -0.000000000   -0.000000000   -0.000000000
    0.361144310    2.025532732   -0.000000000   -0.000000000   -0.000000000
    0.368206956    2.025532732   -0.000000000   -0.000000000   -0.000000000
    0.375269602    2.025532732   -0.000000000   -0.000000000   -0.000000000
    0.382332248    2.025532732   -0.000000000   -0.000000000   -0.000000000
    0.389394894    2.025532732   -0.000000000   -0.000000000   -0.000000000
    0.396457540    2.025532732   -0.000000000   -0.000000000   -0.000000000
    0.403520186    2.025532732   -0.000000000   -0.000000000   -0.000000000
    0.410582832    2.025532732   -0.000000000   -0.000000000   -0.000000000
    0.417645478    2.025532732   -0.000000000   -0.000000000   -0.000000000
    0.424708124    2.025532732   -0.000000000   -0.000000000   -0.000000000
    0.431770770    2.025532732   -0.000000000   -0.000000000   -0.000000000
    0.438833416    2.025532732   -0.000000000   -0.000000000   -0.000000000
    0.445896062    2.025532732   -0.000000000   -0.000000000   -0.000000000
    0.452958708    2.025532732   -0.000000000   -0.000000000   -0.000000000
    0.460021354    2.025532732   -0.000000000   -0.000000000   -0.000000000
    0.467084000    2.025532732   -0.000000000   -0.000000000   -0.000000000

    0.022137300    2.043179549   -0.000000000   -0.000000000   -0.000000000
    0.029199946    2.043179549   -0.000000000   -0.000000000   -0.000000000
    0.036262592    2.043179549   -0.000000000   -0.000000000   -0.000000000
    0.043325238    2.043179549   -0.000000000   -0.000000000   -0.000000000
    0.050387884    2.043179549   -0.000000000   -0.000000000   -0.000000000
    0.057450530    2.043179549   -0.000000000   -0.000000000   -0.000000000
    0.064513176    2.043179549   -0.000000000   -0.000000000   -0.000000000
    0.071575822    2.043179549   -0.000000000   -0.000000000   -0.000000000
    0.078638468    2.043179549   -0.000000000   -0.000000000   -0.000000000
    0.085701114    2.043179549   -0.000000000   -0.000000000   -0.000000000
    0.092763760    2.043179549   -0.001253564   -0.393871899    0.264693148
    0.099826406    2.043179549   -0.010893554   -2.254561273    1.497828174
    0.106889052    2.043179549   -0.036123818   -5.055387079    3.866800450
    0.113951698    2.043179549   -0.081108368   -7.737726846    7.079536701
    0.121014344    2.043179549   -0.143814506  -10.022910219   11.485121021
    0.128076990    2.043179549   -0.216475250  -10.229481761   16.106870401
    0.135139637    2.043179549   -0.280943583   -7.598948728   19.851113457
    0.142202283    2.043179549   -0.318689416   -2.793908806   22.188581933
    0.149264929    2.043179549   -0.318469185    2.827713761   21.845405171
    0.156327575    2.043179549   -0.280877967    7.447976673   19.272496497
    0.163390221    2.043179549   -0.218248110    9.837234548   15.265162227
    0.170452867    2.043179549   -0.147262797    9.907565475   10.921693767
    0.177515513    2.043179549   -0.083096321    7.959599533    6.805789696
    0.184578159    2.043179549   -0.036176195    5.153115231    3.581523764
    0.191640805    2.043179549   -0.010939263    2.120088775    1.260319011
    0.198703451    2.043179549   -0.002795602    0.638895440    0.372540096
    0.205766097    2.043179549   -0.000181032    0.131673569    0.070873925
    0.212828743    2.043179549   -0.000000000   -0.000000000   -0.000000000
    0.219891389    2.043179549   -0.000000000   -0.000000000   -0.000000000
    0.226954035    2.043179549   -0.000000000   -0.000000000   -0.000000000
    0.234016681    2.043179549   -0.000000000   -0.000000000   -0.000000000
    0.241079327    2.043179549   -0.000000000   -0.000000000   -0.000000000
    0.248141973    2.043179549   -0.000000000   -0.000000000   -0.000000000
    0.255204619    2.043179549   -0.000000000   -0.000000000   -0.000000000
    0.262267265    2.043179549   -0.000000000   -0.000000000   -0.000000000
    0.269329911    2.043179549   -0.000000000   -0.000000000   -0.000000000
    0.276392557    2.043179549   -0.000000000   -0.000000000   -0.000000000
    0.283455203    2.043179549   -0.000000000   -0.000000000   -0.000000000
    0.290517849    2.043179549   -0.000000000   -0.000000000   -0.000000000
    0.297580495    2.043179549   -0.000000000   -0.000000000   -0.000000000
    0.304643141    2.043179549   -0.000000000   -0.000000000   -0.000000000
    0.311705787    2.043179549   -0.000000000   -0.000000000   -0.000000000
    0.318768433    2.043179549   -0.000000000   -0.000000000   -0.000000000
    0.325831079    2.043179549   -0.000000000   -0.000000000   -0.000000000
    0.332893725    2.043179549   -0.000000000   -0.000000000   -0.000000000
    0.339956371    2.043179549   -0.000000000   -0.000000000   -0.000000000
    0.347019017    2.043179549   -0.000000000   -0.000000000   -0.000000000
    0.354081663    2.043179549   -0.000000000   -0.000000000   -0.000000000
    0.361144310    2.043179549   -0.000000000   -0.000000000   -0.000000000
    0.368206956    2.043179549   -0.000000000   -0.000000000   -0.000000000
    0.375269602    2.043179549   -0.000000000   -0.000000000   -0.000000000
    0.382332248    2.043179549   -0.000000000   -0.000000000   -0.000000000
    0.389394894    2.043179549   -0.000000000   -0.000000000   -0.000000000
    0.396457540    2.043179549   -0.000000000   -0.000000000   -0.000000000
    0.403520186    2.043179549   -0.000000000   -0.000000000   -0.000000000
    0.410582832    2.043179549   -0.000000000   -0.000000000   -0.000000000
    0.417645478    2.043179549   -0.000000000   -0.000000000   -0.000000000
    0.424708124    2.043179549   -0.000000000   -0.000000000   -0.000000000
    0.431770770    2.043179549   -0.000000000   -0.000000000   -0.000000000
    0.438833416    2.043179549   -0.000000000   -0.000000000   -0.000000000
    0.445896062    2.043179549   -0.000000000   -0.000000000   -0.000000000
    0.452958708    2.043179549   -0.000000000   -0.000000000   -0.000000000
    0.460021354    2.043179549   -0.000000000   -0.000000000   -0.000000000
    0.467084000    2.043179549   -0.000000000   -0.000000000   -0.000000000

    0.022137300    2.060826366   -0.000000000   -0.000000000   -0.000000000
    0.029199946    2.060826366   -0.000000000   -0.000000000   -0.000000000
    0.036262592    2.060826366   -0.000000000   -0.000000000   -0.000000000
    0.043325238    2.060826366   -0.000000000   -0.000000000   -0.000000000
    0.050387884    2.060826366   -0.000000000   -0.000000000   -0.000000000
    0.057450530    2.060826366   -0.000000000   -0.000000000   -0.000000000
    0.064513176    2.060826366   -0.000000000   -0.000000000   -0.000000000
    0.071575822    2.060826366   -0.000000000   -0.000000000   -0.000000000
    0.078638468    2.060826366   -0.000000000   -0.000000000   -0.000000000
    0.085701114    2.060826366   -0.000000000   -0.000000000   -0.000000000
    0.092763760    2.060826366   -0.000000000   -0.000000000   -0.000000000
    0.099826406    2.060826366   -0.000243529   -0.096816344    0.076696362
    0.106889052    2.060826366   -0.002587982   -0.875010588    0.630708786
    0.113951698    2.060826366   -0.011058662   -1.608755143    1.552111861
    0.121014344    2.060826366   -0.025809109   -2.510129601    3.171902915
    0.128076990    2.060826366   -0.045157951   -2.706489365    4.739955893
    0.135139637    2.060826366   -0.063490130   -2.338665739    6.360436067
    0.142202283    2.060826366   -0.075968729   -1.048230834    7.315479189
    0.149264929    2.060826366   -0.077671431    0.646020199    7.375016944
    0.156327575    2.060826366   -0.067745741    2.140847280    6.539023175
    0.163390221    2.060826366   -0.049583475    2.931676020    5.146389310
    0.170452867    2.060826366   -0.029434045    2.684667126    3.296235028
    0.177515513    2.060826366   -0.013059648    1.781352894    1.672849900
    0.184578159    2.060826366   -0.004010673    0.786913091    0.653985724
    0.191640805    2.060826366   -0.000560269    0.288490745    0.239409808
    0.198703451    2.060826366   -0.000000000   -0.000000000   -0.000000000
    0.205766097    2.060826366   -0.000000000   -0.000000000   -0.000000000
    0.212828743    2.060826366   -0.000000000   -0.000000000   -0.000000000
    0.219891389    2.060826366   -0.000000000   -0.000000000   -0.000000000
    0.226954035    2.060826366   -0.000000000   -0.000000000   -0.000000000
    0.234016681    2.060826366   -0.000000000   -0.000000000   -0.000000000
    0.241079327    2.060826366   -0.000000000   -0.000000000   -0.000000000
    0.248141973    2.060826366   -0.000000000   -0.000000000   -0.000000000
    0.255204619    2.060826366   -0.000000000   -0.000000000   -0.000000000
    0.262267265    2.060826366   -0.000000000   -0.000000000   -0.000000000
    0.269329911    2.060826366   -0.000000000   -0.000000000   -0.000000000
    0.276392557    2.060826366   -0.000000000   -0.000000000   -0.000000000
    0.283455203    2.060826366   -0.000000000   -0.000000000   -0.000000000
    0.290517849    2.060826366   -0.000000000   -0.000000000   -0.000000000
    0.297580495    2.060826366   -0.000000000   -0.000000000   -0.000000000
    0.304643141    2.060826366   -0.000000000   -0.000000000   -0.000000000
    0.311705787    2.060826366   -0.000000000   -0.000000000   -0.000000000
    0.318768433    2.060826366   -0.000000000   -0.000000000   -0.000000000
    0.325831079    2.060826366   -0.000000000   -0.000000000   -0.000000000
    0.332893725    2.060826366   -0.000000000   -0.000000000   -0.000000000
    0.339956371    2.060826366   -0.000000000   -0.000000000   -0.000000000
    0.347019017    2.060826366   -0.000000000   -0.000000000   -0.000000000
    0.354081663    2.060826366   -0.000000000   -0.000000000   -0.000000000
    0.361144310    2.060826366   -0.000000000   -0.000000000   -0.000000000
    0.368206956    2.060826366   -0.000000000   -0.000000000   -0.000000000
    0.375269602    2.060826366   -0.000000000   -0.000000000   -0.000000000
    0.382332248    2.060826366   -0.000000000   -0.000000000   -0.000000000
    0.389394894    2.060826366   -0.000000000   -0.000000000   -0.000000000
    0.396457540    2.060826366   -0.000000000   -0.000000000   -0.000000000
    0.403520186    2.060826366   -0.000000000   -0.000000000   -0.000000000
    0.410582832    2.060826366   -0.000000000   -0.000000000   -0.000000000
    0.417645478    2.060826366   -0.000000000   -0.000000000   -0.000000000
    0.424708124    2.060826366   -0.000000000   -0.000000000   -0.000000000
    0.431770770    2.060826366   -0.000000000   -0.000000000   -0.000000000
    0.438833416    2.060826366   -0.000000000   -0.000000000   -0.000000000
    0.445896062    2.060826366   -0.000000000   -0.000000000   -0.000000000
    0.452958708    2.060826366   -0.000000000   -0.000000000   -0.000000000
    0.460021354    2.060826366   -0.000000000   -0.000000000   -0.000000000
    0.467084000    2.060826366   -0.000000000   -0.000000000   -0.000000000

    0.022137300    2.078473183   -0.000000000   -0.000000000   -0.000000000
    0.029199946    2.078473183   -0.000000000   -0.000000000   -0.000000000
    0.036262592    2.078473183   -0.000000000   -0.000000000   -0.000000000
    0.043325238    2.078473183   -0.000000000   -0.000000000   -0.000000000
    0.050387884    2.078473183   -0.000000000   -0.000000000   -0.000000000
    0.057450530    2.078473183   -0.000000000   -0.000000000   -0.000000000
    0.064513176    2.078473183   -0.000000000   -0.000000000   -0.000000000
    0.071575822    2.078473183   -0.000000000   -0.000000000   -0.000000000
    0.078638468    2.078473183   -0.000000000   -0.000000000   -0.000000000
    0.085701114    2.078473183   -0.000000000   -0.000000000   -0.000000000
    0.092763760    2.078473183   -0.000000000   -0.000000000   -0.000000000
    0.099826406    2.078473183   -0.000000000   -0.000000000   -0.000000000
    0.106889052    2.078473183   -0.000000000   -0.000000000   -0.000000000
    0.113951698    2.078473183   -0.000062321   -0.059688231    0.051113796
    0.121014344    2.078473183   -0.001503701   -0.363936639    0.442934125
    0.128076990    2.078473183   -0.004819748   -0.471894259    0.832726670
    0.135139637    2.078473183   -0.007923436   -0.389983940    1.160592623
    0.142202283    2.078473183   -0.009847681   -0.167289037    1.433949852
    0.149264929    2.078473183   -0.009906042    0.147722150    1.457280707
    0.156327575    2.078473183   -0.007787729    0.410887145    1.271708277
    0.163390221    2.078473183   -0.004521883    0.481258169    0.890372027
    0.170452867    2.078473183   -0.001357000    0.378262932    0.515928845
    0.177515513    2.078473183   -0.000061224    0.062563722    0.054076441
    0.184578159    2.078473183   -0.000000000   -0.000000000   -0.000000000
    0.191640805    2.078473183   -0.000000000   -0.000000000   -0.000000000
    0.198703451    2.078473183   -0.000000000   -0.000000000   -0.000000000
    0.205766097    2.078473183   -0.000000000   -0.000000000   -0.000000000
    0.212828743    2.078473183   -0.000000000   -0.000000000   -0.000000000
    0.219891389    2.078473183   -0.000000000   -0.000000000   -0.000000000
    0.226954035    2.078473183   -0.000000000   -0.000000000   -0.000000000
    0.234016681    2.078473183   -0.000000000   -0.000000000   -0.000000000
    0.241079327    2.078473183   -0.000000000   -0.000000000   -0.000000000
    0.248141973    2.078473183   -0.000000000   -0.000000000   -0.000000000
    0.255204619    2.078473183   -0.000000000   -0.000000000   -0.000000000
    0.262267265    2.078473183   -0.000000000   -0.000000000   -0.000000000
    0.269329911    2.078473183   -0.000000000   -0.000000000   -0.000000000
    0.276392557    2.078473183   -0.000000000   -0.000000000   -0.000000000
    0.283455203    2.078473183   -0.000000000   -0.000000000   -0.000000000
    0.290517849    2.078473183   -0.000000000   -0.000000000   -0.000000000
    0.297580495    2.078473183   -0.000000000   -0.000000000   -0.000000000
    0.304643141    2.078473183   -0.000000000   -0.000000000   -0.000000000
    0.311705787    2.078473183   -0.000000000   -0.000000000   -0.000000000
    0.318768433    2.078473183   -0.000000000   -0.000000000   -0.000000000
    0.325831079    2.078473183   -0.000000000   -0.000000000   -0.000000000
    0.332893725    2.078473183   -0.000000000   -0.000000000   -0.000000000
    0.339956371    2.078473183   -0.000000000   -0.000000000   -0.000000000
    0.347019017    2.078473183   -0.000000000   -0.000000000   -0.000000000
    0.354081663    2.078473183   -0.000000000   -0.000000000   -0.000000000
    0.361144310    2.078473183   -0.000000000   -0.000000000   -0.000000000
    0.368206956    2.078473183   -0.000000000   -0.000000000   -0.000000000
    0.375269602    2.078473183   -0.000000000   -0.000000000   -0.000000000
    0.382332248    2.078473183   -0.000000000   -0.000000000   -0.000000000
    0.389394894    2.078473183   -0.000000000   -0.000000000   -0.000000000
    0.396457540    2.078473183   -0.000000000   -0.000000000   -0.000000000
    0.403520186    2.078473183   -0.000000000   -0.000000000   -0.000000000
    0.410582832    2.078473183   -0.000000000   -0.000000000   -0.000000000
    0.417645478    2.078473183   -0.000000000   -0.000000000   -0.000000000
    0.424708124    2.078473183   -0.000000000   -0.000000000   -0.000000000
    0.431770770    2.078473183   -0.000000000   -0.000000000   -0.000000000
    0.438833416    2.078473183   -0.000000000   -0.000000000   -0.000000000
    0.445896062    2.078473183   -0.000000000   -0.000000000   -0.000000000
    0.452958708    2.078473183   -0.000000000   -0.000000000   -0.000000000
    0.460021354    2.078473183   -0.000000000   -0.000000000   -0.000000000
    0.467084000    2.078473183   -0.000000000   -0.000000000   -0.000000000

    0.022137300    2.096120000   -0.000000000   -0.000000000   -0.000000000
    0.029199946    2.096120000   -0.000000000   -0.000000000   -0.000000000
    0.036262592    2.096120000   -0.000000000   -0.000000000   -0.000000000
    0.043325238    2.096120000   -0.000000000   -0.000000000   -0.000000000
    0.050387884    2.096120000   -0.000000000   -0.000000000   -0.000000000
    0.057450530    2.096120000   -0.000000000   -0.000000000   -0.000000000
    0.064513176    2.096120000   -0.000000000   -0.000000000   -0.000000000
    0.071575822    2.096120000   -0.000000000   -0.000000000   -0.000000000
    0.078638468    2.096120000   -0.000000000   -0.000000000   -0.000000000
    0.085701114    2.096120000   -0.000000000   -0.000000000   -0.000000000
    0.092763760    2.096120000   -0.000000000   -0.000000000   -0.000000000
    0.099826406    2.096120000   -0.000000000   -0.000000000   -0.000000000
    0.106889052    2.096120000   -0.000000000   -0.000000000   -0.000000000
    0.113951698    2.096120000   -0.000000000   -0.000000000   -0.000000000
    0.121014344    2.096120000   -0.000000000   -0.000000000   -0.000000000
    0.128076990    2.096120000   -0.000000000   -0.000000000   -0.000000000
    0.135139637    2.096120000   -0.000000000   -0.000000000   -0.000000000
    0.142202283    2.096120000   -0.000000000   -0.000000000   -0.000000000
    0.149264929    2.096120000   -0.000000000   -0.000000000   -0.000000000
    0.156327575    2.096120000   -0.000000000   -0.000000000   -0.000000000
    0.163390221    2.096120000   -0.000000000   -0.000000000   -0.000000000
    0.170452867    2.096120000   -0.000000000   -0.000000000   -0.000000000
    0.177515513    2.096120000   -0.000000000   -0.000000000   -0.000000000
    0.184578159    2.096120000   -0.000000000   -0.000000000   -0.000000000
    0.191640805    2.096120000   -0.000000000   -0.000000000   -0.000000000
    0.198703451    2.096120000   -0.000000000   -0.000000000   -0.000000000
    0.205766097    2.096120000   -0.000000000   -0.000000000   -0.000000000
    0.212828743    2.096120000   -0.000000000   -0.000000000   -0.000000000
    0.219891389    2.096120000   -0.000000000   -0.000000000   -0.000000000
    0.226954035    2.096120000   -0.000000000   -0.000000000   -0.000000000
    0.234016681    2.096120000   -0.000000000   -0.000000000   -0.000000000
    0.241079327    2.096120000   -0.000000000   -0.000000000   -0.000000000
    0.248141973    2.096120000   -0.000000000   -0.000000000   -0.000000000
    0.255204619    2.096120000   -0.000000000   -0.000000000   -0.000000000
    0.262267265    2.096120000   -0.000000000   -0.000000000   -0.000000000
    0.269329911    2.096120000   -0.000000000   -0.000000000   -0.000000000
    0.276392557    2.096120000   -0.000000000   -0.000000000   -0.000000000
    0.283455203    2.096120000   -0.000000000   -0.000000000   -0.000000000
    0.290517849    2.096120000   -0.000000000   -0.000000000   -0.000000000
    0.297580495    2.096120000   -0.000000000   -0.000000000   -0.000000000
    0.304643141    2.096120000   -0.000000000   -0.000000000   -0.000000000
    0.311705787    2.096120000   -0.000000000   -0.000000000   -0.000000000
    0.318768433    2.096120000   -0.000000000   -0.000000000   -0.000000000
    0.325831079    2.096120000   -0.000000000   -0.000000000   -0.000000000
    0.332893725    2.096120000   -0.000000000   -0.000000000   -0.000000000
    0.339956371    2.096120000   -0.000000000   -0.000000000   -0.000000000
    0.347019017    2.096120000   -0.000000000   -0.000000000   -0.000000000
    0.354081663    2.096120000   -0.000000000   -0.000000000   -0.000000000
    0.361144310    2.096120000   -0.000000000   -0.000000000   -0.000000000
    0.368206956    2.096120000   -0.000000000   -0.000000000   -0.000000000
    0.375269602    2.096120000   -0.000000000   -0.000000000   -0.000000000
    0.382332248    2.096120000   -0.000000000   -0.000000000   -0.000000000
    0.389394894    2.096120000   -0.000000000   -0.000000000   -0.000000000
    0.396457540    2.096120000   -0.000000000   -0.000000000   -0.000000000
    0.403520186    2.096120000   -0.000000000   -0.000000000   -0.000000000
    0.410582832    2.096120000   -0.000000000   -0.000000000   -0.000000000
    0.417645478    2.096120000   -0.000000000   -0.000000000   -0.000000000
    0.424708124    2.096120000   -0.000000000   -0.000000000   -0.000000000
    0.431770770    2.096120000   -0.000000000   -0.000000000   -0.000000000
    0.438833416    2.096120000   -0.000000000   -0.000000000   -0.000000000
    0.445896062    2.096120000   -0.000000000   -0.000000000   -0.000000000
    0.452958708    2.096120000   -0.000000000   -0.000000000   -0.000000000
    0.460021354    2.096120000   -0.000000000   -0.000000000   -0.000000000
    0.467084000    2.096120000   -0.000000000   -0.000000000   -0.000000000
