#! FIELDS q rg file.free der_q der_rg
#! SET min_q 0.0221373
#! SET max_q 0.467084
#! SET nbins_q  64
#! SET periodic_q false
#! SET min_rg 0.843196
#! SET max_rg 2.09612
#! SET nbins_rg  72
#! SET periodic_rg false
    0.022137300    0.843196000   -0.000000000   -0.000000000   -0.000000000
    0.029199946    0.843196000   -0.000000000   -0.000000000   -0.000000000
    0.036262592    0.843196000   -0.000000000   -0.000000000   -0.000000000
    0.043325238    0.843196000   -0.000000000   -0.000000000   -0.000000000
    0.050387884    0.843196000   -0.000000000   -0.000000000   -0.000000000
    0.057450530    0.843196000   -0.000000000   -0.000000000   -0.000000000
    0.064513176    0.843196000   -0.000000000   -0.000000000   -0.000000000
    0.071575822    0.843196000   -0.000000000   -0.000000000   -0.000000000
    0.078638468    0.843196000   -0.000000000   -0.000000000   -0.000000000
    0.085701114    0.843196000   -0.000000000   -0.000000000   -0.000000000
    0.092763760    0.843196000   -0.000000000   -0.000000000   -0.000000000
    0.099826406    0.843196000   -0.000000000   -0.000000000   -0.000000000
    0.106889052    0.843196000   -0.000000000   -0.000000000   -0.000000000
    0.113951698    0.843196000   -0.000000000   -0.000000000   -0.000000000
    0.121014344    0.843196000   -0.000000000   -0.000000000   -0.000000000
    0.128076990    0.843196000   -0.000000000   -0.000000000   -0.000000000
    0.135139637    0.843196000   -0.000000000   -0.000000000   -0.000000000
    0.142202283    0.843196000   -0.000000000   -0.000000000   -0.000000000
    0.149264929    0.843196000   -0.000000000   -0.000000000   -0.000000000
    0.156327575    0.843196000   -0.000000000   -0.000000000   -0.000000000
    0.163390221    0.843196000   -0.000000000   -0.000000000   -0.000000000
    0.170452867    0.843196000   -0.000000000   -0.000000000   -0.000000000
    0.177515513    0.843196000   -0.000000000   -0.000000000   -0.000000000
    0.184578159    0.843196000   -0.000000000   -0.000000000   -0.000000000
    0.191640805    0.843196000   -0.000000000   -0.000000000   -0.000000000
    0.198703451    0.843196000   -0.000000000   -0.000000000   -0.000000000
    0.205766097    0.843196000   -0.000000000   -0.000000000   -0.000000000
    0.212828743    0.843196000   -0.000000000   -0.000000000   -0.000000000
    0.219891389    0.843196000   -0.000000000   -0.000000000   -0.000000000
    0.226954035    0.843196000   -0.000000000   -0.000000000   -0.000000000
    0.234016681    0.843196000   -0.000000000   -0.000000000   -0.000000000
    0.241079327    0.843196000   -0.000000000   -0.000000000   -0.000000000
    0.248141973    0.843196000   -0.000000000   -0.000000000   -0.000000000
    0.255204619    0.843196000   -0.000000000   -0.000000000   -0.000000000
    0.262267265    0.843196000   -0.000000000   -0.000000000   -0.000000000
    0.269329911    0.843196000   -0.000000000   -0.000000000   -0.000000000
    0.276392557    0.843196000   -0.000000000   -0.000000000   -0.000000000
    0.283455203    0.843196000   -0.000000000   -0.000000000   -0.000000000
    0.290517849    0.843196000   -0.000000000   -0.000000000   -0.000000000
    0.297580495    0.843196000   -0.000000000   -0.000000000   -0.000000000
    0.304643141    0.843196000   -0.000000000   -0.000000000   -0.000000000
    0.311705787    0.843196000   -0.000000000   -0.000000000   -0.000000000
    0.318768433    0.843196000   -0.000000000   -0.000000000   -0.000000000
    0.325831079    0.843196000   -0.000000000   -0.000000000   -0.000000000
    0.332893725    0.843196000   -0.000000000   -0.000000000   -0.000000000
    0.339956371    0.843196000   -0.000000000   -0.000000000   -0.000000000
    0.347019017    0.843196000   -0.000000000   -0.000000000   -0.000000000
    0.354081663    0.843196000   -0.000000000   -0.000000000   -0.000000000
    0.361144310    0.843196000   -0.000000000   -0.000000000   -0.000000000
    0.368206956    0.843196000   -0.000000000   -0.000000000   -0.000000000
    0.375269602    0.843196000   -0.000000000   -0.000000000   -0.000000000
    0.382332248    0.843196000   -0.000000000   -0.000000000   -0.000000000
    0.389394894    0.843196000   -0.000000000   -0.000000000   -0.000000000
    0.396457540    0.843196000   -0.000000000   -0.000000000   -0.000000000
    0.403520186    0.843196000   -0.000000000   -0.000000000   -0.000000000
    0.410582832    0.843196000   -0.000000000   -0.000000000   -0.000000000
    0.417645478    0.843196000   -0.000000000   -0.000000000   -0.000000000
    0.424708124    0.843196000   -0.000000000   -0.000000000   -0.000000000
    0.431770770    0.843196000   -0.000000000   -0.000000000   -0.000000000
    0.438833416    0.843196000   -0.000000000   -0.000000000   -0.000000000
    0.445896062    0.843196000   -0.000000000   -0.000000000   -0.000000000
    0.452958708    0.843196000   -0.000000000   -0.000000000   -0.000000000
    0.460021354    0.843196000   -0.000000000   -0.000000000   -0.000000000
    0.467084000    0.843196000   -0.000000000   -0.000000000   -0.000000000

    0.022137300    0.860842817   -0.000000000   -0.000000000   -0.000000000
    0.029199946    0.860842817   -0.000000000   -0.000000000   -0.000000000
    0.036262592    0.860842817   -0.000000000   -0.000000000   -0.000000000
    0.043325238    0.860842817   -0.000000000   -0.000000000   -0.000000000
    0.050387884    0.860842817   -0.000000000   -0.000000000   -0.000000000
    0.057450530    0.860842817   -0.000000000   -0.000000000   -0.000000000
    0.064513176    0.860842817   -0.000000000   -0.000000000   -0.000000000
    0.071575822    0.860842817   -0.000000000   -0.000000000   -0.000000000
    0.078638468    0.860842817   -0.000000000   -0.000000000   -0.000000000
    0.085701114    0.860842817   -0.000000000   -0.000000000   -0.000000000
    0.092763760    0.860842817   -0.000000558   -0.002091331   -0.003398708
    0.099826406    0.860842817   -0.000088401   -0.028819248   -0.067986678
    0.106889052    0.860842817   -0.000433126   -0.072839580   -0.236550528
    0.113951698    0.860842817   -0.001202996   -0.157551071   -0.584615828
    0.121014344    0.860842817   -0.002445173   -0.171344631   -1.048525905
    0.128076990    0.860842817   -0.003293889   -0.043595948   -1.262026206
    0.135139637    0.860842817   -0.003270232    0.008953402   -1.212596738
    0.142202283    0.860842817   -0.003631574   -0.152137756   -1.240293656
    0.149264929    0.860842817   -0.005711687   -0.418155336   -1.752673969
    0.156327575    0.860842817   -0.008988801   -0.449164544   -2.453760297
    0.163390221    0.860842817   -0.011218349   -0.150460613   -2.821747648
    0.170452867    0.860842817   -0.010699904    0.278208575   -2.630564899
    0.177515513    0.860842817   -0.007867637    0.455444968   -2.056181947
    0.184578159    0.860842817   -0.005277683    0.195540967   -1.576466488
    0.191640805    0.860842817   -0.005318537   -0.204036768   -1.428840108
    0.198703451    0.860842817   -0.007670680   -0.436202112   -1.802174924
    0.205766097    0.860842817   -0.010456998   -0.335840373   -2.260587752
    0.212828743    0.860842817   -0.011826890   -0.020144059   -2.478555288
    0.219891389    0.860842817   -0.010855726    0.276805891   -2.364990163
    0.226954035    0.860842817   -0.008427954    0.363283857   -1.977781475
    0.234016681    0.860842817   -0.006128353    0.253908362   -1.638294821
    0.241079327    0.860842817   -0.004980124    0.058735695   -1.591150168
    0.248141973    0.860842817   -0.005443711   -0.145502272   -1.770722142
    0.255204619    0.860842817   -0.006389935   -0.088049989   -2.129997647
    0.262267265    0.860842817   -0.006376586    0.109545650   -2.142027377
    0.269329911    0.860842817   -0.005111331    0.238361187   -1.784454371
    0.276392557    0.860842817   -0.003551826    0.193316336   -1.322563057
    0.283455203    0.860842817   -0.002558789    0.090711178   -0.890041820
    0.290517849    0.860842817   -0.002100104    0.022926876   -0.606886704
    0.297580495    0.860842817   -0.001989288    0.007929573   -0.564248878
    0.304643141    0.860842817   -0.001803026    0.051990028   -0.504755995
    0.311705787    0.860842817   -0.001305542    0.086764900   -0.405288342
    0.318768433    0.860842817   -0.000714720    0.075636025   -0.224468644
    0.325831079    0.860842817   -0.000328620    0.035534004   -0.105736138
    0.332893725    0.860842817   -0.000139759    0.022154820   -0.074203000
    0.339956371    0.860842817   -0.000110126   -0.019734592   -0.088064709
    0.347019017    0.860842817   -0.000268229   -0.023404533   -0.128301388
    0.354081663    0.860842817   -0.000413068   -0.010896296   -0.202370505
    0.361144310    0.860842817   -0.000383235    0.020220905   -0.193359867
    0.368206956    0.860842817   -0.000185687    0.035127456   -0.119424598
    0.375269602    0.860842817   -0.000000000   -0.000000000   -0.000000000
    0.382332248    0.860842817   -0.000000000   -0.000000000   -0.000000000
    0.389394894    0.860842817   -0.000000000   -0.000000000   -0.000000000
    0.396457540    0.860842817   -0.000000000   -0.000000000   -0.000000000
    0.403520186    0.860842817   -0.000000000   -0.000000000   -0.000000000
    0.410582832    0.860842817   -0.000000000   -0.000000000   -0.000000000
    0.417645478    0.860842817   -0.000000000   -0.000000000   -0.000000000
    0.424708124    0.860842817   -0.000000000   -0.000000000   -0.000000000
    0.431770770    0.860842817   -0.000000000   -0.000000000   -0.000000000
    0.438833416    0.860842817   -0.000000000   -0.000000000   -0.000000000
    0.445896062    0.860842817   -0.000000000   -0.000000000   -0.000000000
    0.452958708    0.860842817   -0.000000000   -0.000000000   -0.000000000
    0.460021354    0.860842817   -0.000000000   -0.000000000   -0.000000000
    0.467084000    0.860842817   -0.000000000   -0.000000000   -0.000000000

    0.022137300    0.878489634   -0.000000000   -0.000000000   -0.000000000
    0.029199946    0.878489634   -0.000000000   -0.000000000   -0.000000000
    0.036262592    0.878489634   -0.000000000   -0.000000000   -0.000000000
    0.043325238    0.878489634   -0.000000000   -0.000000000   -0.000000000
    0.050387884    0.878489634   -0.000000000   -0.000000000   -0.000000000
    0.057450530    0.878489634   -0.000000000   -0.000000000   -0.000000000
    0.064513176    0.878489634   -0.000000000   -0.000000000   -0.000000000
    0.071575822    0.878489634   -0.000000000   -0.000000000   -0.000000000
    0.078638468    0.878489634   -0.000297273   -0.155326711   -0.141688535
    0.085701114    0.878489634   -0.004618442   -1.175658932   -1.354032250
    0.092763760    0.878489634   -0.018376987   -2.840495662   -4.007012334
    0.099826406    0.878489634   -0.047668210   -5.273423315   -8.922665014
    0.106889052    0.878489634   -0.088430969   -5.913367355  -13.809242740
    0.113951698    0.878489634   -0.127036021   -4.818715226  -17.837226745
    0.121014344    0.878489634   -0.154624669   -2.959534774  -20.799871898
    0.128076990    0.878489634   -0.169005601   -1.245478131  -22.641172965
    0.135139637    0.878489634   -0.175838812   -0.841000162  -24.211429009
    0.142202283    0.878489634   -0.182823413   -1.134736379  -25.324335843
    0.149264929    0.878489634   -0.191700737   -1.178414410  -25.454679117
    0.156327575    0.878489634   -0.197864945   -0.390667283  -24.128811149
    0.163390221    0.878489634   -0.195143309    1.281928065  -22.000632729
    0.170452867    0.878489634   -0.179754589    2.922743085  -19.880024164
    0.177515513    0.878489634   -0.155774000    3.666243728  -17.710339255
    0.184578159    0.878489634   -0.132316822    2.757697000  -15.653956531
    0.191640805    0.878489634   -0.118146882    1.137327568  -14.054050749
    0.198703451    0.878489634   -0.116301486   -0.552548054  -12.748200552
    0.205766097    0.878489634   -0.122857815   -1.012896270  -12.291617416
    0.212828743    0.878489634   -0.128088727   -0.278505959  -12.478539471
    0.219891389    0.878489634   -0.126642626    0.589104892  -12.811191890
    0.226954035    0.878489634   -0.121574621    0.645971530  -13.258612417
    0.234016681    0.878489634   -0.121221254   -0.582521797  -14.152374490
    0.241079327    0.878489634   -0.130668804   -2.070662917  -15.490519900
    0.248141973    0.878489634   -0.149174259   -3.021476328  -17.456130275
    0.255204619    0.878489634   -0.169355833   -2.453006832  -19.158351513
    0.262267265    0.878489634   -0.181368111   -0.874167545  -20.387389277
    0.269329911    0.878489634   -0.179511047    1.471662962  -20.492368876
    0.276392557    0.878489634   -0.161714524    3.428102491  -19.170504206
    0.283455203    0.878489634   -0.133709797    4.274043397  -17.004846518
    0.290517849    0.878489634   -0.104044206    4.070365249  -14.222004363
    0.297580495    0.878489634   -0.079117091    2.980836550  -11.765773074
    0.304643141    0.878489634   -0.061240516    2.346978870   -9.678733889
    0.311705787    0.878489634   -0.046715298    1.707967367   -7.671595135
    0.318768433    0.878489634   -0.036741821    0.940976747   -6.210055319
    0.325831079    0.878489634   -0.031080095    0.526665028   -5.332353464
    0.332893725    0.878489634   -0.028055600    0.350081943   -5.288218893
    0.339956371    0.878489634   -0.025952388    0.226527540   -4.796068424
    0.347019017    0.878489634   -0.024307028    0.248683798   -4.367988490
    0.354081663    0.878489634   -0.021856843    0.362958935   -3.521898483
    0.361144310    0.878489634   -0.018276806    0.578140833   -2.854895683
    0.368206956    0.878489634   -0.013839007    0.687042542   -2.263018104
    0.375269602    0.878489634   -0.008672200    0.741397696   -1.530827788
    0.382332248    0.878489634   -0.003991570    0.553806937   -0.838991954
    0.389394894    0.878489634   -0.001034438    0.305298677   -0.323428480
    0.396457540    0.878489634   -0.000000000   -0.000000000   -0.000000000
    0.403520186    0.878489634   -0.000000000   -0.000000000   -0.000000000
    0.410582832    0.878489634   -0.000000000   -0.000000000   -0.000000000
    0.417645478    0.878489634   -0.000000000   -0.000000000   -0.000000000
    0.424708124    0.878489634   -0.000000000   -0.000000000   -0.000000000
    0.431770770    0.878489634   -0.000000000   -0.000000000   -0.000000000
    0.438833416    0.878489634   -0.000000000   -0.000000000   -0.000000000
    0.445896062    0.878489634   -0.000000000   -0.000000000   -0.000000000
    0.452958708    0.878489634   -0.000000000   -0.000000000   -0.000000000
    0.460021354    0.878489634   -0.000000000   -0.000000000   -0.000000000
    0.467084000    0.878489634   -0.000000000   -0.000000000   -0.000000000

    0.022137300    0.896136451   -0.000000000   -0.000000000   -0.000000000
    0.029199946    0.896136451   -0.000000000   -0.000000000   -0.000000000
    0.036262592    0.896136451   -0.000000000   -0.000000000   -0.000000000
    0.043325238    0.896136451   -0.000000000   -0.000000000   -0.000000000
    0.050387884    0.896136451   -0.000000000   -0.000000000   -0.000000000
    0.057450530    0.896136451   -0.000000000   -0.000000000   -0.000000000
    0.064513176    0.896136451   -0.000123872   -0.107782292   -0.064525326
    0.071575822    0.896136451   -0.006611386   -2.304082996   -1.566465924
    0.078638468    0.896136451   -0.040120444   -7.629096261   -6.235622632
    0.085701114    0.896136451   -0.123272304  -16.196196348  -15.315289062
    0.092763760    0.896136451   -0.264069702  -23.107029701  -26.604680197
    0.099826406    0.896136451   -0.441439590  -26.491388639  -39.298572098
    0.106889052    0.896136451   -0.628486843  -25.705161038  -52.217299063
    0.113951698    0.896136451   -0.794370783  -20.792658714  -63.541857218
    0.121014344    0.896136451   -0.920184514  -15.153156947  -73.215406245
    0.128076990    0.896136451   -1.011948582  -11.103268755  -81.348907767
    0.135139637    0.896136451   -1.078801854   -7.761886932  -86.856398620
    0.142202283    0.896136451   -1.120934939   -3.958795084  -89.204322294
    0.149264929    0.896136451   -1.131640780    1.204233872  -89.387190991
    0.156327575    0.896136451   -1.103875667    6.729745415  -87.607546209
    0.163390221    0.896136451   -1.038228056   11.731454882  -82.817377734
    0.170452867    0.896136451   -0.943862045   14.469645106  -75.790935756
    0.177515513    0.896136451   -0.838485371   15.057240041  -67.995431279
    0.184578159    0.896136451   -0.739519435   12.519621576  -60.793522241
    0.191640805    0.896136451   -0.663494444    8.703941852  -55.349268357
    0.198703451    0.896136451   -0.618519622    4.250618932  -51.988247471
    0.205766097    0.896136451   -0.601423783    0.709054297  -49.791988791
    0.212828743    0.896136451   -0.606234149   -1.841916151  -49.540347149
    0.219891389    0.896136451   -0.624235369   -3.336971499  -51.709880587
    0.226954035    0.896136451   -0.652186201   -4.752021118  -55.148757892
    0.234016681    0.896136451   -0.694053396   -7.005086784  -59.867451726
    0.241079327    0.896136451   -0.749417225   -8.511791904  -63.912699254
    0.248141973    0.896136451   -0.811837939   -9.194105315  -67.616754558
    0.255204619    0.896136451   -0.872419132   -7.645800300  -70.801746741
    0.262267265    0.896136451   -0.911510918   -3.156403279  -72.354684977
    0.269329911    0.896136451   -0.913557006    2.772365260  -72.162892900
    0.276392557    0.896136451   -0.873956596    7.879479740  -70.717580932
    0.283455203    0.896136451   -0.804827360   11.374903664  -68.516020808
    0.290517849    0.896136451   -0.717304244   13.065294972  -63.706153314
    0.297580495    0.896136451   -0.627094599   12.102920477  -58.349704221
    0.304643141    0.896136451   -0.548948492   10.121315730  -53.382716141
    0.311705787    0.896136451   -0.486990097    7.580308192  -49.308949454
    0.318768433    0.896136451   -0.442009020    5.162218815  -47.926403677
    0.325831079    0.896136451   -0.413515437    3.355944046  -46.021276106
    0.332893725    0.896136451   -0.391651891    3.253450324  -43.499129389
    0.339956371    0.896136451   -0.369944705    3.004381026  -40.770947256
    0.347019017    0.896136451   -0.345807120    4.071578862  -38.286083143
    0.354081663    0.896136451   -0.311099284    5.548651557  -34.932459760
    0.361144310    0.896136451   -0.265248003    7.557586972  -30.502898760
    0.368206956    0.896136451   -0.209977393    8.074008735  -24.485350289
    0.375269602    0.896136451   -0.150615165    8.499540891  -18.962972613
    0.382332248    0.896136451   -0.094900910    7.233082473  -12.728576582
    0.389394894    0.896136451   -0.048962491    5.568272106   -7.541508735
    0.396457540    0.896136451   -0.017796221    3.208713322   -3.492292091
    0.403520186    0.896136451   -0.003287947    1.117572240   -0.993096692
    0.410582832    0.896136451   -0.000108597    0.081325670   -0.070100143
    0.417645478    0.896136451   -0.000000000   -0.000000000   -0.000000000
    0.424708124    0.896136451   -0.000000000   -0.000000000   -0.000000000
    0.431770770    0.896136451   -0.000000000   -0.000000000   -0.000000000
    0.438833416    0.896136451   -0.000000000   -0.000000000   -0.000000000
    0.445896062    0.896136451   -0.000000000   -0.000000000   -0.000000000
    0.452958708    0.896136451   -0.000000000   -0.000000000   -0.000000000
    0.460021354    0.896136451   -0.000000000   -0.000000000   -0.000000000
    0.467084000    0.896136451   -0.000000000   -0.000000000   -0.000000000

    0.022137300    0.913783268   -0.000000000   -0.000000000   -0.000000000
    0.029199946    0.913783268   -0.000000000   -0.000000000   -0.000000000
    0.036262592    0.913783268   -0.000000000   -0.000000000   -0.000000000
    0.043325238    0.913783268   -0.000000000   -0.000000000   -0.000000000
    0.050387884    0.913783268   -0.000000000   -0.000000000   -0.000000000
    0.057450530    0.913783268   -0.000623671   -0.444309905   -0.203071155
    0.064513176    0.913783268   -0.020516790   -6.504900402   -3.392752572
    0.071575822    0.913783268   -0.107781862  -19.005540771  -11.531940865
    0.078638468    0.913783268   -0.304119043  -37.248660784  -25.687285682
    0.085701114    0.913783268   -0.634884955  -56.424362076  -46.355157296
    0.092763760    0.913783268   -1.094381455  -72.896137303  -74.132435973
    0.099826406    0.913783268   -1.642464621  -80.435890089 -105.704520884
    0.106889052    0.913783268   -2.203758783  -76.872271057 -137.452207768
    0.113951698    0.913783268   -2.713377524  -66.710991603 -167.570825028
    0.121014344    0.913783268   -3.137755764  -52.861778717 -193.033362303
    0.128076990    0.913783268   -3.452528279  -36.272019861 -211.129561087
    0.135139637    0.913783268   -3.653316478  -21.060150163 -221.852487415
    0.142202283    0.913783268   -3.757007906   -8.628918485 -227.115564613
    0.149264929    0.913783268   -3.777596930    2.692023566 -228.238709123
    0.156327575    0.913783268   -3.713793836   15.780305345 -226.343830105
    0.163390221    0.913783268   -3.551519517   30.170554983 -220.356829687
    0.170452867    0.913783268   -3.301304594   39.489394679 -210.860080352
    0.177515513    0.913783268   -3.016889243   39.272497583 -199.863576374
    0.184578159    0.913783268   -2.760517232   32.854561041 -189.031937732
    0.191640805    0.913783268   -2.564554432   22.096131476 -178.837204349
    0.198703451    0.913783268   -2.451648064   10.630306519 -173.647670053
    0.205766097    0.913783268   -2.410770584    1.475128650 -173.744673526
    0.212828743    0.913783268   -2.426840488   -6.007226985 -175.846527447
    0.219891389    0.913783268   -2.488940804  -11.680686953 -177.514974537
    0.226954035    0.913783268   -2.587434818  -15.714536880 -180.351325035
    0.234016681    0.913783268   -2.714703911  -19.599004190 -184.913094869
    0.241079327    0.913783268   -2.864084665  -22.298317891 -190.797779311
    0.248141973    0.913783268   -3.019749735  -20.723719727 -197.688103291
    0.255204619    0.913783268   -3.142336410  -13.478428924 -203.178700779
    0.262267265    0.913783268   -3.203648886   -3.486451695 -205.205434457
    0.269329911    0.913783268   -3.191150628    7.202965346 -203.713653315
    0.276392557    0.913783268   -3.098081477   18.614784070 -198.236374372
    0.283455203    0.913783268   -2.936555215   26.133978454 -189.338145372
    0.290517849    0.913783268   -2.734598324   30.280480904 -180.218615004
    0.297580495    0.913783268   -2.520217838   29.868916926 -170.430047173
    0.304643141    0.913783268   -2.323531623   25.236929458 -161.924603779
    0.311705787    0.913783268   -2.167851454   19.335840603 -154.238835520
    0.318768433    0.913783268   -2.047184871   15.431372208 -146.836556601
    0.325831079    0.913783268   -1.945732966   13.562259481 -140.028041608
    0.332893725    0.913783268   -1.852526933   13.056556962 -134.350327035
    0.339956371    0.913783268   -1.760968519   13.434359438 -129.093335805
    0.347019017    0.913783268   -1.651534717   17.491328183 -120.918734825
    0.354081663    0.913783268   -1.514284289   21.896103915 -111.199944823
    0.361144310    0.913783268   -1.334485581   29.000678435  -99.101451403
    0.368206956    0.913783268   -1.109554349   34.505555561  -83.923187988
    0.375269602    0.913783268   -0.855270810   36.531362852  -66.790288691
    0.382332248    0.913783268   -0.602496898   34.208438994  -49.133852923
    0.389394894    0.913783268   -0.378339581   28.572339409  -33.138975378
    0.396457540    0.913783268   -0.204516651   21.092876997  -20.302134546
    0.403520186    0.913783268   -0.085395626   12.485361821  -10.184970761
    0.410582832    0.913783268   -0.023633812    5.066031543   -3.651642614
    0.417645478    0.913783268   -0.003261596    1.189334493   -0.819969164
    0.424708124    0.913783268   -0.000000000   -0.000000000   -0.000000000
    0.431770770    0.913783268   -0.000000000   -0.000000000   -0.000000000
    0.438833416    0.913783268   -0.000000000   -0.000000000   -0.000000000
    0.445896062    0.913783268   -0.000000000   -0.000000000   -0.000000000
    0.452958708    0.913783268   -0.000000000   -0.000000000   -0.000000000
    0.460021354    0.913783268   -0.000000000   -0.000000000   -0.000000000
    0.467084000    0.913783268   -0.000000000   -0.000000000   -0.000000000

    0.022137300    0.931430085   -0.000000000   -0.000000000   -0.000000000
    0.029199946    0.931430085   -0.000000000   -0.000000000   -0.000000000
    0.036262592    0.931430085   -0.000000000   -0.000000000   -0.000000000
    0.043325238    0.931430085   -0.000000000   -0.000000000   -0.000000000
    0.050387884    0.931430085   -0.000654630   -0.523226624   -0.187641500
    0.057450530    0.931430085   -0.028770939   -9.787210742   -3.950600073
    0.064513176    0.931430085   -0.160652284  -28.998760120  -13.338337875
    0.071575822    0.931430085   -0.474383463  -62.080197162  -32.545802563
    0.078638468    0.931430085   -1.061669355 -105.576068274  -64.992651721
    0.085701114    0.931430085   -1.969674453 -151.340271823 -111.749809066
    0.092763760    0.931430085   -3.177092617 -188.106276196 -172.262348408
    0.099826406    0.931430085   -4.581892861 -206.069441827 -242.741656984
    0.106889052    0.931430085   -6.038760946 -202.929642969 -317.444174451
    0.113951698    0.931430085   -7.392200631 -176.686205716 -385.613317582
    0.121014344    0.931430085   -8.493742388 -133.432667777 -439.104192862
    0.128076990    0.931430085   -9.271720089  -87.619390913 -475.802340183
    0.135139637    0.931430085   -9.752296171  -50.061201841 -498.553317010
    0.142202283    0.931430085   -9.999075150  -21.177907197 -510.832738816
    0.149264929    0.931430085  -10.063907269    3.231748774 -514.297467892
    0.156327575    0.931430085   -9.953493424   28.236962983 -509.937114057
    0.163390221    0.931430085   -9.666088183   52.414404400 -502.054511238
    0.170452867    0.931430085   -9.218842231   72.568742219 -486.640535902
    0.177515513    0.931430085   -8.675004536   78.455025412 -467.232726061
    0.184578159    0.931430085   -8.153881627   66.184070706 -448.703453924
    0.191640805    0.931430085   -7.761562378   43.846684381 -435.618701279
    0.198703451    0.931430085   -7.544784525   18.242698316 -428.931260739
    0.205766097    0.931430085   -7.484670034    0.564759258 -426.976384054
    0.212828743    0.931430085   -7.522271619   -9.843277873 -427.553713023
    0.219891389    0.931430085   -7.615421985  -16.462336364 -429.179126433
    0.226954035    0.931430085   -7.756889093  -24.008326616 -431.754067650
    0.234016681    0.931430085   -7.961523112  -34.152285118 -437.217359425
    0.241079327    0.931430085   -8.235352570  -42.420652689 -445.444093799
    0.248141973    0.931430085   -8.536068496  -41.150220246 -454.431725586
    0.255204619    0.931430085   -8.785263432  -27.134523522 -461.916771659
    0.262267265    0.931430085   -8.903787536   -4.409983599 -465.831375952
    0.269329911    0.931430085   -8.839169547   23.049189820 -460.754562734
    0.276392557    0.931430085   -8.590233083   46.165663589 -448.858625454
    0.283455203    0.931430085   -8.210840907   60.278812520 -432.242026750
    0.290517849    0.931430085   -7.760746114   65.256076117 -413.519406639
    0.297580495    0.931430085   -7.311940802   62.054063065 -395.361003183
    0.304643141    0.931430085   -6.896730247   55.538244173 -378.749204564
    0.311705787    0.931430085   -6.529773579   48.245691874 -362.244496713
    0.318768433    0.931430085   -6.214614618   41.170075827 -347.622720732
    0.325831079    0.931430085   -5.948281287   35.203327460 -335.472974028
    0.332893725    0.931430085   -5.707504889   34.449281242 -323.329440769
    0.339956371    0.931430085   -5.447870546   39.957499176 -309.312297321
    0.347019017    0.931430085   -5.127275811   52.109972267 -291.603937397
    0.354081663    0.931430085   -4.703745615   68.589387450 -267.847168273
    0.361144310    0.931430085   -4.161670158   84.663264566 -237.347285474
    0.368206956    0.931430085   -3.510641306   99.237082018 -201.978316675
    0.375269602    0.931430085   -2.782254810  105.713113640 -162.587146221
    0.382332248    0.931430085   -2.043808937  101.554498532 -122.302064200
    0.389394894    0.931430085   -1.373281203   86.986572447  -85.058199188
    0.396457540    0.931430085   -0.825100797   66.789639941  -54.292749361
    0.403520186    0.931430085   -0.433046433   44.590461340  -30.950791915
    0.410582832    0.931430085   -0.184258566   26.218087308  -15.799710494
    0.417645478    0.931430085   -0.054913641   11.317108956   -6.143284063
    0.424708124    0.931430085   -0.009844613    2.934130041   -1.510477614
    0.431770770    0.931430085   -0.000861457    0.311218575   -0.165874081
    0.438833416    0.931430085   -0.000000000   -0.000000000   -0.000000000
    0.445896062    0.931430085   -0.000000000   -0.000000000   -0.000000000
    0.452958708    0.931430085   -0.000000000   -0.000000000   -0.000000000
    0.460021354    0.931430085   -0.000000000   -0.000000000   -0.000000000
    0.467084000    0.931430085   -0.000000000   -0.000000000   -0.000000000

    0.022137300    0.949076901   -0.000000000   -0.000000000   -0.000000000
    0.029199946    0.949076901   -0.000000000   -0.000000000   -0.000000000
    0.036262592    0.949076901   -0.000000000   -0.000000000   -0.000000000
    0.043325238    0.949076901   -0.000191166   -0.197638236   -0.055259590
    0.050387884    0.949076901   -0.021164095   -8.911316888   -2.769575461
    0.057450530    0.949076901   -0.162815524  -33.773483971  -11.990498737
    0.064513176    0.949076901   -0.549108986  -80.564036876  -32.525895179
    0.071575822    0.949076901   -1.363205484 -153.606029592  -71.258857354
    0.078638468    0.949076901   -2.769902564 -247.649159171 -134.806203988
    0.085701114    0.949076901   -4.873564990 -347.075128487 -226.941073094
    0.092763760    0.949076901   -7.632311149 -429.653458638 -347.129181897
    0.099826406    0.949076901  -10.850741371 -473.393066655 -486.852648283
    0.106889052    0.949076901  -14.177190333 -458.787789141 -627.647043747
    0.113951698    0.949076901  -17.199530769 -389.331952456 -752.392667242
    0.121014344    0.949076901  -19.606850737 -290.197323216 -850.539524950
    0.128076990    0.949076901  -21.300820126 -192.155205954 -919.706363144
    0.135139637    0.949076901  -22.366980170 -113.575850734 -964.454991168
    0.142202283    0.949076901  -22.944439047  -52.225999836 -989.901659613
    0.149264929    0.949076901  -23.123807647    0.749502917 -1000.095579152
    0.156327575    0.949076901  -22.947906419   48.913035569 -997.771247003
    0.163390221    0.949076901  -22.428671640   96.204582928 -981.580974266
    0.170452867    0.949076901  -21.616713377  130.945435216 -955.391705714
    0.177515513    0.949076901  -20.644409716  139.024616782 -926.659671008
    0.184578159    0.949076901  -19.733923056  114.883622030 -901.076106737
    0.191640805    0.949076901  -19.074983972   70.926215440 -884.381102522
    0.198703451    0.949076901  -18.721852511   30.763727064 -875.564718464
    0.205766097    0.949076901  -18.616344885    1.350913924 -872.770415775
    0.212828743    0.949076901  -18.661395880  -12.239268076 -872.824023115
    0.219891389    0.949076901  -18.774997565  -20.729425952 -873.780712485
    0.226954035    0.949076901  -18.966477083  -35.414585698 -876.759320581
    0.234016681    0.949076901  -19.284658228  -53.181127206 -883.227064353
    0.241079327    0.949076901  -19.708550362  -65.800519156 -891.834321888
    0.248141973    0.949076901  -20.173799928  -62.775142304 -900.664743009
    0.255204619    0.949076901  -20.558401663  -40.909507133 -907.130709710
    0.262267265    0.949076901  -20.703445683    1.987329086 -906.130327461
    0.269329911    0.949076901  -20.511624113   52.137015437 -896.010473124
    0.276392557    0.949076901  -19.986425164   94.601932232 -875.394068919
    0.283455203    0.949076901  -19.216256434  120.213107405 -847.399123963
    0.290517849    0.949076901  -18.335787545  127.133398770 -816.578685404
    0.297580495    0.949076901  -17.453477870  121.220267341 -785.634468234
    0.304643141    0.949076901  -16.639896286  110.016409536 -756.105551968
    0.311705787    0.949076901  -15.903902134   97.998585790 -730.257681068
    0.318768433    0.949076901  -15.259134459   84.160654355 -707.462739182
    0.325831079    0.949076901  -14.698694827   76.721747243 -684.862494750
    0.332893725    0.949076901  -14.149558088   80.347479429 -661.880268603
    0.339956371    0.949076901  -13.529195824   97.620748620 -633.633806750
    0.347019017    0.949076901  -12.742133156  127.018949464 -597.410758647
    0.354081663    0.949076901  -11.708656146  166.291559326 -550.011055968
    0.361144310    0.949076901  -10.390249083  206.792590473 -490.298196881
    0.368206956    0.949076901   -8.813394205  238.236715910 -417.925342615
    0.375269602    0.949076901   -7.063344557  254.162102030 -338.143856312
    0.382332248    0.949076901   -5.282573641  246.363909036 -256.392461809
    0.389394894    0.949076901   -3.640834126  214.318770984 -180.266611506
    0.396457540    0.949076901   -2.286751037  167.332227842 -116.680590341
    0.403520186    0.949076901   -1.283884986  116.375439442  -68.828710255
    0.410582832    0.949076901   -0.629665929   70.955654754  -36.457316899
    0.417645478    0.949076901   -0.252650903   37.860590397  -17.168920999
    0.424708124    0.949076901   -0.072575596   15.024210480   -6.267583052
    0.431770770    0.949076901   -0.012829445    3.600438985   -1.422651478
    0.438833416    0.949076901   -0.001343255    0.558168844   -0.226395635
    0.445896062    0.949076901   -0.000000000   -0.000000000   -0.000000000
    0.452958708    0.949076901   -0.000000000   -0.000000000   -0.000000000
    0.460021354    0.949076901   -0.000000000   -0.000000000   -0.000000000
    0.467084000    0.949076901   -0.000000000   -0.000000000   -0.000000000

    0.022137300    0.966723718   -0.000000000   -0.000000000   -0.000000000
    0.029199946    0.966723718   -0.000000000   -0.000000000   -0.000000000
    0.036262592    0.966723718   -0.000002400   -0.014041259   -0.003020445
    0.043325238    0.966723718   -0.006687591   -4.107004224   -0.987629151
    0.050387884    0.966723718   -0.113162957  -29.482547657   -8.043476921
    0.057450530    0.966723718   -0.483193403  -81.748692275  -25.408429002
    0.064513176    0.966723718   -1.373025402 -177.497203640  -62.296946026
    0.071575822    0.966723718   -3.110983210 -322.566213933 -130.078139630
    0.078638468    0.966723718   -6.029354938 -508.976848782 -240.637186844
    0.085701114    0.966723718  -10.332933394 -708.430732365 -401.926248482
    0.092763760    0.966723718  -15.952254517 -871.570941992 -609.843180662
    0.099826406    0.966723718  -22.438103479 -945.987340500 -845.558712957
    0.106889052    0.966723718  -29.034230223 -902.110934882 -1079.464134158
    0.113951698    0.966723718  -34.935602617 -756.335915855 -1284.622780874
    0.121014344    0.966723718  -39.597406077 -561.349735168 -1444.088988041
    0.128076990    0.966723718  -42.878105750 -372.423229026 -1554.852445966
    0.135139637    0.966723718  -44.948201354 -220.812050203 -1624.368294475
    0.142202283    0.966723718  -46.094983441 -108.513765199 -1664.078330047
    0.149264929    0.966723718  -46.541068059  -18.947090387 -1683.359704709
    0.156327575    0.966723718  -46.357794611   71.031871349 -1685.001374064
    0.163390221    0.966723718  -45.549446957  154.652954344 -1670.043618497
    0.170452867    0.966723718  -44.248808103  207.193058651 -1643.507308826
    0.177515513    0.966723718  -42.737657916  212.669879903 -1612.857170006
    0.184578159    0.966723718  -41.360622871  169.826980897 -1588.127963992
    0.191640805    0.966723718  -40.392734413  102.878419694 -1571.652429587
    0.198703451    0.966723718  -39.892580799   41.407153525 -1564.499891589
    0.205766097    0.966723718  -39.743989278    4.659932667 -1562.804544861
    0.212828743    0.966723718  -39.776555612  -11.479199239 -1561.289119082
    0.219891389    0.966723718  -39.897091363  -21.963741383 -1559.383888351
    0.226954035    0.966723718  -40.107030109  -39.363178131 -1555.847443845
    0.234016681    0.966723718  -40.471964812  -64.779485935 -1554.185012858
    0.241079327    0.966723718  -40.996524362  -80.356127343 -1554.424600116
    0.248141973    0.966723718  -41.566027967  -76.112667022 -1555.250317097
    0.255204619    0.966723718  -41.989096017  -38.324220574 -1551.302920488
    0.262267265    0.966723718  -42.036992592   28.202341219 -1539.279971738
    0.269329911    0.966723718  -41.562419704  106.802888063 -1516.362115400
    0.276392557    0.966723718  -40.562001017  172.669259668 -1483.348162877
    0.283455203    0.966723718  -39.188665163  210.780437422 -1442.380412473
    0.290517849    0.966723718  -37.649555912  220.897576799 -1398.941541943
    0.297580495    0.966723718  -36.118225835  211.793595009 -1356.022881797
    0.304643141    0.966723718  -34.678473453  194.166759094 -1316.802744610
    0.311705787    0.966723718  -33.388118724  171.372168894 -1280.312440667
    0.318768433    0.966723718  -32.249113559  154.111102777 -1246.445896005
    0.325831079    0.966723718  -31.184943517  148.974378575 -1211.803623009
    0.332893725    0.966723718  -30.096515401  164.219706853 -1172.060879404
    0.339956371    0.966723718  -28.809222612  204.658083184 -1123.579694247
    0.347019017    0.966723718  -27.151517424  268.014208530 -1060.399614095
    0.354081663    0.966723718  -24.986771527  346.977898032 -977.772859915
    0.361144310    0.966723718  -22.237539406  430.292698568 -873.202636766
    0.368206956    0.966723718  -18.939976895  498.553561441 -747.938885597
    0.375269602    0.966723718  -15.271634886  532.991956279 -607.318123627
    0.382332248    0.966723718  -11.525601588  519.422452083 -462.724280876
    0.389394894    0.966723718   -8.052329876  457.627478321 -328.013001010
    0.396457540    0.966723718   -5.151940200  359.697585580 -213.548304420
    0.403520186    0.966723718   -2.987233878  253.843579521 -127.480099393
    0.410582832    0.966723718   -1.541106530  158.499411686  -68.889657587
    0.417645478    0.966723718   -0.689927319   87.317599752  -33.393062069
    0.424708124    0.966723718   -0.249344273   40.976350980  -14.106545760
    0.431770770    0.966723718   -0.064145377   14.343486654   -4.614019788
    0.438833416    0.966723718   -0.009754890    2.920657497   -0.903238735
    0.445896062    0.966723718   -0.000953501    0.354710747   -0.109969915
    0.452958708    0.966723718   -0.000000000   -0.000000000   -0.000000000
    0.460021354    0.966723718   -0.000000000   -0.000000000   -0.000000000
    0.467084000    0.966723718   -0.000000000   -0.000000000   -0.000000000

    0.022137300    0.984370535   -0.000000000   -0.000000000   -0.000000000
    0.029199946    0.984370535   -0.000000000   -0.000000000   -0.000000000
    0.036262592    0.984370535   -0.000593515   -0.577066531   -0.107135615
    0.043325238    0.984370535   -0.045696134  -17.728079133   -3.668142070
    0.050387884    0.984370535   -0.316593187  -64.984651499  -15.314868875
    0.057450530    0.984370535   -1.085409656 -163.244257367  -43.183245035
    0.064513176    0.984370535   -2.801427714 -336.702018809 -100.456328346
    0.071575822    0.984370535   -6.054690773 -599.171712163 -205.610742175
    0.078638468    0.984370535  -11.454320572 -939.531875494 -378.633177704
    0.085701114    0.984370535  -19.365010177 -1295.916476362 -627.244995896
    0.092763760    0.984370535  -29.579369864 -1575.302887713 -941.146833717
    0.099826406    0.984370535  -41.212379456 -1685.330395079 -1290.449464726
    0.106889052    0.984370535  -52.883206543 -1586.081568629 -1632.708918268
    0.113951698    0.984370535  -63.204480648 -1315.141997171 -1928.727754038
    0.121014344    0.984370535  -71.282933183 -968.072540393 -2156.514960289
    0.128076990    0.984370535  -76.913504245 -635.005829354 -2310.747301795
    0.135139637    0.984370535  -80.432966574 -374.744174707 -2404.468873647
    0.142202283    0.984370535  -82.388933619 -191.004872192 -2455.702256615
    0.149264929    0.984370535  -83.225121902  -49.587572633 -2480.041224952
    0.156327575    0.984370535  -83.113110352   80.530616692 -2486.516989802
    0.163390221    0.984370535  -82.120825858  196.136735561 -2482.162519192
    0.170452867    0.984370535  -80.453570042  265.717218235 -2469.921516685
    0.177515513    0.984370535  -78.530020178  266.789320593 -2457.220658459
    0.184578159    0.984370535  -76.832445488  205.986292786 -2449.234010798
    0.191640805    0.984370535  -75.683269798  118.477206186 -2448.001009160
    0.198703451    0.984370535  -75.134478999   42.647415398 -2451.245423189
    0.205766097    0.984370535  -74.972696200    9.027443451 -2451.657469799
    0.212828743    0.984370535  -74.942545937    2.209873051 -2445.016251834
    0.219891389    0.984370535  -74.924103513    1.853395539 -2430.079933481
    0.226954035    0.984370535  -74.947629945  -11.160206580 -2410.026194372
    0.234016681    0.984370535  -75.117008053  -38.201663240 -2387.287024232
    0.241079327    0.984370535  -75.467517052  -57.377717962 -2364.125378070
    0.248141973    0.984370535  -75.858791456  -46.086019206 -2340.401582189
    0.255204619    0.984370535  -76.017512437    8.352771948 -2311.639610828
    0.262267265    0.984370535  -75.662729695   96.863003838 -2275.593790469
    0.269329911    0.984370535  -74.619620461  198.446690881 -2233.170076043
    0.276392557    0.984370535  -72.902827946  283.072489251 -2185.014118342
    0.283455203    0.984370535  -70.716917080  328.966392137 -2134.567882578
    0.290517849    0.984370535  -68.334267112  339.356953193 -2083.889917780
    0.297580495    0.984370535  -65.985579843  323.017846704 -2035.782371997
    0.304643141    0.984370535  -63.799528232  296.622681844 -1990.381899025
    0.311705787    0.984370535  -61.810187437  268.878316761 -1947.815607725
    0.318768433    0.984370535  -59.968655208  254.241818352 -1903.265550766
    0.325831079    0.984370535  -58.168086288  261.023999446 -1854.322393284
    0.332893725    0.984370535  -56.209377382  298.821319637 -1795.858054300
    0.339956371    0.984370535  -53.846452820  376.747935903 -1722.738846257
    0.347019017    0.984370535  -50.794512412  493.117260324 -1627.070009335
    0.354081663    0.984370535  -46.811470909  637.870547883 -1502.668326033
    0.361144310    0.984370535  -41.760365038  791.791274655 -1345.747931992
    0.368206956    0.984370535  -35.685841097  921.098916394 -1156.387044843
    0.375269602    0.984370535  -28.899006677  987.671160113 -942.372734097
    0.382332248    0.984370535  -21.932959120  968.906382327 -721.481806110
    0.389394894    0.984370535  -15.437871778  856.809946396 -512.744786082
    0.396457540    0.984370535   -9.981197834  681.098491042 -336.112188378
    0.403520186    0.984370535   -5.874119625  482.862407559 -201.306868635
    0.410582832    0.984370535   -3.111687921  305.706909972 -109.788890372
    0.417645478    0.984370535   -1.458028666  171.013942299  -54.034608598
    0.424708124    0.984370535   -0.582442657   83.920527799  -23.697315819
    0.431770770    0.984370535   -0.182177325   33.919778473   -8.793985101
    0.438833416    0.984370535   -0.039224224   10.090618308   -2.479742771
    0.445896062    0.984370535   -0.005092310    1.412344442   -0.345505157
    0.452958708    0.984370535   -0.000196073    0.285908729   -0.065106570
    0.460021354    0.984370535   -0.000000000   -0.000000000   -0.000000000
    0.467084000    0.984370535   -0.000000000   -0.000000000   -0.000000000

    0.022137300    1.002017352   -0.000000000   -0.000000000   -0.000000000
    0.029199946    1.002017352   -0.000000000   -0.000000000   -0.000000000
    0.036262592    1.002017352   -0.006260581   -3.994659125   -0.647117233
    0.043325238    1.002017352   -0.138070562  -38.746019076   -6.746736244
    0.050387884    1.002017352   -0.659614886 -118.907044514  -23.393805701
    0.057450530    1.002017352   -2.011899385 -281.768766785  -61.575391134
    0.064513176    1.002017352   -4.934719483 -569.584015726 -141.065959015
    0.071575822    1.002017352  -10.411319049 -1006.305756113 -287.450054070
    0.078638468    1.002017352  -19.436950518 -1561.207040939 -523.596280894
    0.085701114    1.002017352  -32.500323018 -2128.653912930 -857.154137337
    0.092763760    1.002017352  -49.181813756 -2557.965315616 -1273.124659108
    0.099826406    1.002017352  -67.956820756 -2704.311316439 -1729.726373806
    0.106889052    1.002017352  -86.582454330 -2517.246971391 -2171.826467524
    0.113951698    1.002017352 -102.887078967 -2067.514269875 -2549.795056729
    0.121014344    1.002017352 -115.505462227 -1499.658337762 -2832.567111244
    0.128076990    1.002017352 -124.154115779 -965.807766291 -3016.639127274
    0.135139637    1.002017352 -129.442712241 -556.361538118 -3120.600283877
    0.142202283    1.002017352 -132.334847952 -280.685544906 -3172.252284604
    0.149264929    1.002017352 -133.599794100  -86.196504839 -3194.466307131
    0.156327575    1.002017352 -133.644805975   68.889495922 -3204.941324131
    0.163390221    1.002017352 -132.701768057  192.377495567 -3215.197534292
    0.170452867    1.002017352 -131.056968632  261.704667751 -3231.806506178
    0.177515513    1.002017352 -129.214167175  248.064039137 -3256.434398263
    0.184578159    1.002017352 -127.690100933  175.274170632 -3287.453285993
    0.191640805    1.002017352 -126.783789808   81.748485908 -3318.156226943
    0.198703451    1.002017352 -126.441345189   23.805695876 -3339.251999040
    0.205766097    1.002017352 -126.319851877   19.175608124 -3342.914292476
    0.212828743    1.002017352 -126.082209150   49.887371966 -3325.079118442
    0.219891389    1.002017352 -125.619666884   77.437032871 -3288.473934334
    0.226954035    1.002017352 -125.045489299   81.213616076 -3239.589708558
    0.234016681    1.002017352 -124.521976076   63.642506170 -3182.117357894
    0.241079327    1.002017352 -124.137058266   48.190211555 -3119.562030655
    0.248141973    1.002017352 -123.757025608   67.911175369 -3053.462354556
    0.255204619    1.002017352 -123.077108400  132.232501147 -2985.675112075
    0.262267265    1.002017352 -121.814953865  230.257554695 -2917.431764260
    0.269329911    1.002017352 -119.812532455  336.323593329 -2851.597131310
    0.276392557    1.002017352 -117.127072492  417.853483016 -2790.205257470
    0.283455203    1.002017352 -113.995402813  460.965265935 -2735.249380681
    0.290517849    1.002017352 -110.720285897  462.232041799 -2685.144212072
    0.297580495    1.002017352 -107.529876398  437.799698553 -2639.840442765
    0.304643141    1.002017352 -104.551318047  404.351939828 -2597.131515729
    0.311705787    1.002017352 -101.781615236  382.315884931 -2553.125041887
    0.318768433    1.002017352  -99.109135861  378.892505563 -2504.320085247
    0.325831079    1.002017352  -96.349730032  409.515006253 -2446.068697302
    0.332893725    1.002017352  -93.220695663  485.193094737 -2372.405078740
    0.339956371    1.002017352  -89.355463218  618.324951372 -2276.497811044
    0.347019017    1.002017352  -84.342058211  809.871697716 -2150.970260748
    0.354081663    1.002017352  -77.809675717 1045.265589974 -1988.082031745
    0.361144310    1.002017352  -69.535623687 1296.920988488 -1782.085095288
    0.368206956    1.002017352  -59.578178706 1512.360321474 -1533.208846889
    0.375269602    1.002017352  -48.402067455 1631.111102856 -1252.976862863
    0.382332248    1.002017352  -36.883125046 1605.177685704 -961.423779670
    0.389394894    1.002017352  -26.090832511 1427.725845382 -686.035569533
    0.396457540    1.002017352  -16.974631156 1141.118357148 -451.493351594
    0.403520186    1.002017352  -10.072818535  813.603821579 -271.574193427
    0.410582832    1.002017352   -5.405698402  517.527819901 -148.512757615
    0.417645478    1.002017352   -2.591023447  292.449268549  -73.567123049
    0.424708124    1.002017352   -1.083157918  146.307276846  -32.685629433
    0.431770770    1.002017352   -0.374485939   63.662573328  -12.894146337
    0.438833416    1.002017352   -0.096568455   21.080132891   -4.026510810
    0.445896062    1.002017352   -0.015390489    4.476254227   -0.831153372
    0.452958708    1.002017352   -0.001905050    0.725309422   -0.133606387
    0.460021354    1.002017352   -0.000000000   -0.000000000   -0.000000000
    0.467084000    1.002017352   -0.000000000   -0.000000000   -0.000000000

    0.022137300    1.019664169   -0.000000000   -0.000000000   -0.000000000
    0.029199946    1.019664169   -0.000084004   -0.057268542   -0.006896607
    0.036262592    1.019664169   -0.027231543  -12.852187593   -1.684109254
    0.043325238    1.019664169   -0.282989946  -67.425032733   -9.508988678
    0.050387884    1.019664169   -1.128927202 -188.073115633  -29.412868965
    0.057450530    1.019664169   -3.238871620 -436.148769354  -76.440122728
    0.064513176    1.019664169   -7.734452795 -873.340809184 -173.974174242
    0.071575822    1.019664169  -16.098142945 -1529.754220780 -351.564253316
    0.078638468    1.019664169  -29.723286445 -2345.011014953 -631.975750059
    0.085701114    1.019664169  -49.246649326 -3167.416340104 -1024.146279633
    0.092763760    1.019664169  -73.936691432 -3767.242368497 -1507.733477205
    0.099826406    1.019664169 -101.456839340 -3944.400817444 -2033.030350622
    0.106889052    1.019664169 -128.500381656 -3636.996973534 -2535.769433764
    0.113951698    1.019664169 -151.928730237 -2949.971193148 -2956.482602910
    0.121014344    1.019664169 -169.788987306 -2100.280208590 -3260.649494943
    0.128076990    1.019664169 -181.754847491 -1312.996062326 -3446.903720120
    0.135139637    1.019664169 -188.810089336 -723.743107030 -3538.955128236
    0.142202283    1.019664169 -192.463933528 -342.454820719 -3569.978787092
    0.149264929    1.019664169 -193.990859738 -108.229141089 -3574.001557049
    0.156327575    1.019664169 -194.187150861   41.794362586 -3578.096138697
    0.163390221    1.019664169 -193.540002540  131.585362263 -3599.384801631
    0.170452867    1.019664169 -192.469819032  159.621543973 -3645.762584128
    0.177515513    1.019664169 -191.451452486  119.527808715 -3712.906239917
    0.184578159    1.019664169 -190.870198087   43.562399783 -3787.348722261
    0.191640805    1.019664169 -190.813871553  -21.580781527 -3851.934193292
    0.198703451    1.019664169 -191.015014750  -22.611968202 -3890.912792975
    0.205766097    1.019664169 -190.955389717   48.087361595 -3893.803612329
    0.212828743    1.019664169 -190.272056190  146.502325156 -3860.928035950
    0.219891389    1.019664169 -188.941003024  223.167931062 -3799.363262188
    0.226954035    1.019664169 -187.211823477  259.706101683 -3718.976454793
    0.234016681    1.019664169 -185.342479658  264.893197424 -3625.150038542
    0.241079327    1.019664169 -183.478596443  264.052971698 -3521.690132815
    0.248141973    1.019664169 -181.535418398  290.928259619 -3412.709069062
    0.255204619    1.019664169 -179.286384984  350.929242680 -3304.313474097
    0.262267265    1.019664169 -176.523755886  433.620713192 -3204.144842208
    0.269329911    1.019664169 -173.179140670  512.486307416 -3119.852808205
    0.276392557    1.019664169 -169.352256570  565.933115478 -3052.882902229
    0.283455203    1.019664169 -165.269335655  584.106035624 -3002.575599912
    0.290517849    1.019664169 -161.194895821  567.162249380 -2963.597374126
    0.297580495    1.019664169 -157.308483049  532.862608012 -2931.024731291
    0.304643141    1.019664169 -153.665545620  500.314257364 -2899.863696956
    0.311705787    1.019664169 -150.182266232  489.865283757 -2864.749245209
    0.318768433    1.019664169 -146.672851050  511.036476655 -2820.318905340
    0.325831079    1.019664169 -142.855101080  578.924980035 -2759.950280259
    0.332893725    1.019664169 -138.338493832  710.353375267 -2677.929523887
    0.339956371    1.019664169 -132.645734871  915.264773334 -2567.277549249
    0.347019017    1.019664169 -125.221548111 1199.442435739 -2421.170448909
    0.354081663    1.019664169 -115.558450079 1544.766266139 -2232.786493194
    0.361144310    1.019664169 -103.345842255 1911.955535295 -1997.363765276
    0.368206956    1.019664169  -88.662710745 2230.638681987 -1717.328168173
    0.375269602    1.019664169  -72.171591003 2409.288857867 -1402.985870790
    0.382332248    1.019664169  -55.134908149 2377.578629642 -1077.564360794
    0.389394894    1.019664169  -39.125829705 2121.385413505 -769.950640662
    0.396457540    1.019664169  -25.560902175 1700.679554713 -507.675100523
    0.403520186    1.019664169  -15.248354426 1218.770605766 -306.392807570
    0.410582832    1.019664169   -8.246232622  778.485115611 -168.364273557
    0.417645478    1.019664169   -3.999144291  443.195129645  -83.811986082
    0.424708124    1.019664169   -1.712346191  223.744496533  -37.424582212
    0.431770770    1.019664169   -0.622754913   98.444312295  -14.871377727
    0.438833416    1.019664169   -0.177816451   35.587336125   -4.971749914
    0.445896062    1.019664169   -0.034302728    9.739156144   -1.287318815
    0.452958708    1.019664169   -0.004496710    1.205739288   -0.162797016
    0.460021354    1.019664169   -0.000000000   -0.000000000   -0.000000000
    0.467084000    1.019664169   -0.000000000   -0.000000000   -0.000000000

    0.022137300    1.037310986   -0.000000000   -0.000000000   -0.000000000
    0.029199946    1.037310986   -0.000940838   -0.907849686   -0.095496268
    0.036262592    1.037310986   -0.063748320  -23.815584724   -2.328629498
    0.043325238    1.037310986   -0.462302346  -98.741476076  -10.461466674
    0.050387884    1.037310986   -1.674895627 -267.235194765  -31.703973941
    0.057450530    1.037310986   -4.652428412 -613.002994974  -82.027380629
    0.064513176    1.037310986  -10.951931732 -1219.300503457 -186.177878785
    0.071575822    1.037310986  -22.553372006 -2111.627988550 -370.815317316
    0.078638468    1.037310986  -41.265976759 -3208.730094220 -660.001554008
    0.085701114    1.037310986  -67.877523563 -4300.704702218 -1061.394929348
    0.092763760    1.037310986 -101.266272639 -5075.155150228 -1552.124664308
    0.099826406    1.037310986 -138.186692439 -5270.832112335 -2079.670323025
    0.106889052    1.037310986 -174.157953580 -4812.749620041 -2576.143781736
    0.113951698    1.037310986 -204.964970381 -3848.834328217 -2980.566380327
    0.121014344    1.037310986 -228.039394792 -2678.747009695 -3259.088603914
    0.128076990    1.037310986 -243.041595961 -1605.172334092 -3410.602561773
    0.135139637    1.037310986 -251.389068406 -811.624991469 -3459.749698218
    0.142202283    1.037310986 -255.226716251 -322.138465314 -3444.979342437
    0.149264929    1.037310986 -256.497233412  -69.486689843 -3408.820333039
    0.156327575    1.037310986 -256.558042216   33.788531123 -3384.898593099
    0.163390221    1.037310986 -256.236340960   43.793746512 -3396.578569056
    0.170452867    1.037310986 -256.100834758  -13.979078239 -3449.874995735
    0.177515513    1.037310986 -256.491549224  -98.766296482 -3535.733742493
    0.184578159    1.037310986 -257.465713075 -169.375188639 -3632.141870291
    0.191640805    1.037310986 -258.732208500 -173.625060244 -3711.734594026
    0.198703451    1.037310986 -259.683166794  -78.989519578 -3755.160652677
    0.205766097    1.037310986 -259.645600408   97.539430729 -3754.263027723
    0.212828743    1.037310986 -258.280358130  286.118884320 -3712.125056231
    0.219891389    1.037310986 -255.729535113  425.778465784 -3639.158678208
    0.226954035    1.037310986 -252.412552119  505.168664149 -3543.746886673
    0.234016681    1.037310986 -248.697185087  543.092518636 -3432.919233346
    0.241079327    1.037310986 -244.779489107  566.016996884 -3309.171158631
    0.248141973    1.037310986 -240.666162407  600.585526858 -3177.380474387
    0.255204619    1.037310986 -236.276206245  642.980296324 -3048.141399077
    0.262267265    1.037310986 -231.589893092  681.027522729 -2935.091512163
    0.269329911    1.037310986 -226.695832457  701.247545985 -2847.578650999
    0.276392557    1.037310986 -221.741847297  697.839668322 -2788.821647207
    0.283455203    1.037310986 -216.894759609  671.116785038 -2754.336230941
    0.290517849    1.037310986 -212.296525550  628.783436014 -2736.341464066
    0.297580495    1.037310986 -208.014429453  586.276274852 -2725.216343635
    0.304643141    1.037310986 -203.987957574  561.074820048 -2713.430840598
    0.311705787    1.037310986 -200.016718103  570.903092208 -2694.376332846
    0.318768433    1.037310986 -195.806959341  630.471813388 -2660.853162210
    0.325831079    1.037310986 -190.967447937  751.972144882 -2606.958823704
    0.332893725    1.037310986 -185.001101624  952.301211951 -2526.819352176
    0.339956371    1.037310986 -177.311057291 1241.304187128 -2413.726748339
    0.347019017    1.037310986 -167.249254818 1623.612111811 -2264.059042976
    0.354081663    1.037310986 -154.209865100 2078.398440707 -2074.654439190
    0.361144310    1.037310986 -137.833342344 2557.674242749 -1844.015218700
    0.368206956    1.037310986 -118.238557120 2970.959225922 -1575.549503421
    0.375269602    1.037310986  -96.293229322 3203.286904092 -1281.134085825
    0.382332248    1.037310986  -73.644977196 3160.945477905 -981.304476116
    0.389394894    1.037310986  -52.348475227 2824.521515522 -700.474243247
    0.396457540    1.037310986  -34.280739137 2267.051880671 -461.723587040
    0.403520186    1.037310986  -20.516578639 1629.071926519 -279.210734161
    0.410582832    1.037310986  -11.139991758 1043.868911396 -153.635550367
    0.417645478    1.037310986   -5.443498784  595.989710606  -76.563915345
    0.424708124    1.037310986   -2.358884915  302.034460885  -34.346778980
    0.431770770    1.037310986   -0.878742908  133.756796554  -13.546983769
    0.438833416    1.037310986   -0.264015673   49.755354684   -4.650489592
    0.445896062    1.037310986   -0.057784185   14.480972480   -1.258543656
    0.452958708    1.037310986   -0.007588171    2.020324417   -0.174964740
    0.460021354    1.037310986   -0.000472517    0.366036391   -0.029075100
    0.467084000    1.037310986   -0.000000000   -0.000000000   -0.000000000

    0.022137300    1.054957803   -0.000000000   -0.000000000   -0.000000000
    0.029199946    1.054957803   -0.003810820   -2.757469406   -0.220892699
    0.036262592    1.054957803   -0.105782561  -34.712997467   -2.299997485
    0.043325238    1.054957803   -0.639101745 -128.774481746   -9.291508071
    0.050387884    1.054957803   -2.213997293 -345.571822147  -28.515669473
    0.057450530    1.054957803   -6.058318708 -788.940437486  -74.659693376
    0.064513176    1.054957803  -14.115289818 -1552.509102698 -166.919615225
    0.071575822    1.054957803  -28.824953519 -2668.204996238 -329.793480906
    0.078638468    1.054957803  -52.398181210 -4032.421461559 -584.076778863
    0.085701114    1.054957803  -85.735713665 -5373.607541902 -935.288561247
    0.092763760    1.054957803 -127.313700327 -6299.553643406 -1360.545489649
    0.099826406    1.054957803 -172.981871470 -6494.717446585 -1811.423912474
    0.106889052    1.054957803 -217.101035564 -5870.909075579 -2226.071343871
    0.113951698    1.054957803 -254.421636547 -4622.212233437 -2549.699397151
    0.121014344    1.054957803 -281.807683501 -3125.889512698 -2751.352825026
    0.128076990    1.054957803 -298.889348679 -1758.040246804 -2829.964750159
    0.135139637    1.054957803 -307.528758106 -757.202126932 -2811.155424766
    0.142202283    1.054957803 -310.571691420 -169.320342874 -2734.538561614
    0.149264929    1.054957803 -310.711289036   82.422499282 -2641.670889928
    0.156327575    1.054957803 -309.948647879  104.845832019 -2570.799356966
    0.163390221    1.054957803 -309.530979876   -0.880399207 -2543.378180458
    0.170452867    1.054957803 -310.108733735 -167.877145101 -2564.564170786
    0.177515513    1.054957803 -311.858196282 -319.868284452 -2624.679318106
    0.184578159    1.054957803 -314.412168468 -384.460926206 -2699.158001509
    0.191640805    1.054957803 -316.976227771 -318.236442174 -2759.753431724
    0.198703451    1.054957803 -318.592771705 -120.723454034 -2788.418021534
    0.205766097    1.054957803 -318.485732832  157.433274970 -2781.675965863
    0.212828743    1.054957803 -316.389854768  427.312800268 -2743.820321633
    0.219891389    1.054957803 -312.625736882  623.866852222 -2684.889913070
    0.226954035    1.054957803 -307.751076072  744.655494915 -2610.551132272
    0.234016681    1.054957803 -302.205073543  821.166306661 -2521.278156032
    0.241079327    1.054957803 -296.209564911  875.075398795 -2417.752964566
    0.248141973    1.054957803 -289.868973568  918.125526759 -2304.306014238
    0.255204619    1.054957803 -283.299031570  937.708738104 -2193.541956283
    0.262267265    1.054957803 -276.729874965  916.585693207 -2099.521263383
    0.269329911    1.054957803 -270.443199479  857.975007307 -2033.161544185
    0.276392557    1.054957803 -264.648960219  781.028004469 -1999.483282874
    0.283455203    1.054957803 -259.420047742  699.009402324 -1992.745513633
    0.290517849    1.054957803 -254.737302870  628.095058473 -2001.625442512
    0.297580495    1.054957803 -250.485666795  580.865629069 -2016.506071778
    0.304643141    1.054957803 -246.457232925  569.687914835 -2028.897838642
    0.311705787    1.054957803 -242.331932896  609.851631240 -2030.967080279
    0.318768433    1.054957803 -237.686243466  717.439722403 -2016.007387356
    0.325831079    1.054957803 -232.021921775  900.518477109 -1977.509274352
    0.332893725    1.054957803 -224.733860701 1178.618844677 -1909.943760851
    0.339956371    1.054957803 -215.141009169 1553.146956224 -1809.721546401
    0.347019017    1.054957803 -202.557764412 2025.235873895 -1676.672872651
    0.354081663    1.054957803 -186.360334958 2570.201727204 -1512.153980015
    0.361144310    1.054957803 -166.213834825 3131.394671512 -1320.541273643
    0.368206956    1.054957803 -142.320732687 3608.759225572 -1108.148617565
    0.375269602    1.054957803 -115.757560242 3867.057305352 -886.084153317
    0.382332248    1.054957803  -88.477068651 3799.544951063 -669.276132507
    0.389394894    1.054957803  -62.903089687 3389.046949788 -473.569170375
    0.396457540    1.054957803  -41.222029568 2719.757320058 -310.365016698
    0.403520186    1.054957803  -24.711731413 1954.469964295 -187.105667241
    0.410582832    1.054957803  -13.449570873 1254.669021621 -102.918867544
    0.417645478    1.054957803   -6.594394395  717.643290257  -51.344469825
    0.424708124    1.054957803   -2.876479110  364.627936412  -23.072032042
    0.431770770    1.054957803   -1.082855460  163.178223638   -9.154029302
    0.438833416    1.054957803   -0.332672219   61.239596224   -2.975426032
    0.445896062    1.054957803   -0.076678111   18.384197059   -0.843761971
    0.452958708    1.054957803   -0.010702745    3.525173891   -0.152364359
    0.460021354    1.054957803   -0.001013080    0.656323681   -0.027376002
    0.467084000    1.054957803   -0.000000000   -0.000000000   -0.000000000

    0.022137300    1.072604620   -0.000000000   -0.000000000   -0.000000000
    0.029199946    1.072604620   -0.007816935   -4.675760490   -0.211435493
    0.036262592    1.072604620   -0.140941294  -42.922615959   -1.556795789
    0.043325238    1.072604620   -0.777571617 -153.435468365   -6.145204305
    0.050387884    1.072604620   -2.654392406 -411.900908677  -20.433840514
    0.057450530    1.072604620   -7.200974039 -929.535855313  -52.846489864
    0.064513176    1.072604620  -16.663871069 -1818.532377311 -117.570387571
    0.071575822    1.072604620  -33.856567517 -3112.918377070 -232.707295960
    0.078638468    1.072604620  -61.316232906 -4689.163256791 -413.077723464
    0.085701114    1.072604620 -100.000641284 -6221.620238296 -660.484245715
    0.092763760    1.072604620 -148.023969137 -7257.655683373 -956.882815169
    0.099826406    1.072604620 -200.459248378 -7429.202414788 -1263.747393639
    0.106889052    1.072604620 -250.686115854 -6644.242806542 -1532.699751184
    0.113951698    1.072604620 -292.589235647 -5133.608972607 -1721.205985538
    0.121014344    1.072604620 -322.537157676 -3341.120408926 -1805.581250510
    0.128076990    1.072604620 -340.189218949 -1715.188388192 -1790.231236691
    0.135139637    1.072604620 -347.850126703 -538.952904914 -1699.375103172
    0.142202283    1.072604620 -349.015844937  127.069601378 -1566.762765666
    0.149264929    1.072604620 -347.079437025  360.199783723 -1428.200365284
    0.156327575    1.072604620 -344.627737600  297.030437482 -1311.182136460
    0.163390221    1.072604620 -343.261334151   73.525842109 -1231.874630133
    0.170452867    1.072604620 -343.713561022 -201.418563978 -1193.819304705
    0.177515513    1.072604620 -345.988117289 -426.154838592 -1188.823077506
    0.184578159    1.072604620 -349.339808290 -495.628082653 -1200.448979945
    0.191640805    1.072604620 -352.559537825 -386.001798379 -1210.406718684
    0.198703451    1.072604620 -354.439831515 -125.597699276 -1210.042795610
    0.205766097    1.072604620 -354.165774271  206.474074978 -1199.595519564
    0.212828743    1.072604620 -351.582609465  512.460668332 -1184.869584413
    0.219891389    1.072604620 -347.126986446  733.518501037 -1169.465610498
    0.226954035    1.072604620 -341.399534345  879.233767417 -1151.988979519
    0.234016681    1.072604620 -334.787343577  990.305937136 -1125.581606880
    0.241079327    1.072604620 -327.463428132 1080.654110500 -1084.327590268
    0.248141973    1.072604620 -319.603842176 1138.786098930 -1030.876464044
    0.255204619    1.072604620 -311.520394978 1137.816314268 -975.206583374
    0.262267265    1.072604620 -303.702078294 1065.662226812 -931.159294327
    0.269329911    1.072604620 -296.612071646  934.943202141 -909.387196931
    0.276392557    1.072604620 -290.547430001  784.611126055 -913.363546514
    0.283455203    1.072604620 -285.485965016  653.239194357 -939.533958315
    0.290517849    1.072604620 -281.220287856  559.160295226 -977.884401814
    0.297580495    1.072604620 -277.472457359  510.776510773 -1019.943600038
    0.304643141    1.072604620 -273.879803154  518.488312190 -1056.867580917
    0.311705787    1.072604620 -269.991499774  595.018819274 -1081.613423221
    0.318768433    1.072604620 -265.274268258  755.423932671 -1088.289110972
    0.325831079    1.072604620 -259.107600517 1006.722298886 -1070.138312364
    0.332893725    1.072604620 -250.807472816 1360.832723251 -1024.013802277
    0.339956371    1.072604620 -239.654048691 1812.668351371 -948.937384015
    0.347019017    1.072604620 -224.986081641 2354.217693114 -847.862014885
    0.354081663    1.072604620 -206.253145943 2956.076483343 -726.933666123
    0.361144310    1.072604620 -183.232072814 3554.725588280 -595.299438122
    0.368206956    1.072604620 -156.292339906 4044.127219509 -464.684859855
    0.375269602    1.072604620 -126.690091343 4286.446776630 -344.671350672
    0.382332248    1.072604620  -96.583286417 4177.055270814 -242.997290937
    0.389394894    1.072604620  -68.558352154 3703.953276111 -162.737781082
    0.396457540    1.072604620  -44.901210554 2964.574497478 -103.336803446
    0.403520186    1.072604620  -26.917427262 2126.759491443  -61.204874921
    0.410582832    1.072604620  -14.663622439 1366.541263254  -33.731091774
    0.417645478    1.072604620   -7.197094492  781.633352160  -16.625043644
    0.424708124    1.072604620   -3.146020375  397.391678694   -7.350517797
    0.431770770    1.072604620   -1.191153696  178.430083070   -2.985174696
    0.438833416    1.072604620   -0.366658050   67.387565406   -0.923993637
    0.445896062    1.072604620   -0.085839760   20.366503346   -0.137459825
    0.452958708    1.072604620   -0.012094332    3.751289084   -0.000528480
    0.460021354    1.072604620   -0.001266095    0.699792301   -0.000418541
    0.467084000    1.072604620   -0.000000000   -0.000000000   -0.000000000

    0.022137300    1.090251437   -0.000000000   -0.000000000   -0.000000000
    0.029199946    1.090251437   -0.010485184   -5.568734115   -0.070550644
    0.036262592    1.090251437   -0.158563731  -46.555137404   -0.396862743
    0.043325238    1.090251437   -0.849159183 -167.845132102   -1.877880814
    0.050387884    1.090251437   -2.907383051 -449.517857680   -7.859938293
    0.057450530    1.090251437   -7.864599344 -1011.554670706  -21.390420386
    0.064513176    1.090251437  -18.155343873 -1977.687817727  -49.798783717
    0.071575822    1.090251437  -36.835269137 -3380.431862521 -101.507055442
    0.078638468    1.090251437  -66.629635855 -5083.038080728 -183.249427561
    0.085701114    1.090251437 -108.510209109 -6726.938331112 -295.426312048
    0.092763760    1.090251437 -160.334535069 -7815.372916752 -426.983677538
    0.099826406    1.090251437 -216.620079931 -7944.855989145 -553.766242404
    0.106889052    1.090251437 -270.042778734 -7017.949642217 -643.799146424
    0.113951698    1.090251437 -313.858597817 -5295.961668094 -671.742911418
    0.121014344    1.090251437 -344.161680474 -3282.113593768 -628.370164229
    0.128076990    1.090251437 -360.731020981 -1478.483478007 -524.506661859
    0.135139637    1.090251437 -366.293735150 -195.200888590 -383.853131164
    0.142202283    1.090251437 -364.881294077  501.214827012 -232.515436571
    0.149264929    1.090251437 -360.371494723  706.249252655  -89.224006865
    0.156327575    1.090251437 -355.694067152  577.534617152   37.334190516
    0.163390221    1.090251437 -352.626052705  274.514375906  143.905557756
    0.170452867    1.090251437 -351.910806778  -70.016033293  233.172367553
    0.177515513    1.090251437 -353.453738470 -345.515161319  307.787430525
    0.184578159    1.090251437 -356.349372037 -441.657905477  368.805187220
    0.191640805    1.090251437 -359.233177166 -343.347894761  415.868292131
    0.198703451    1.090251437 -360.834447932  -92.309965366  445.563599470
    0.205766097    1.090251437 -360.404538644  215.717739073  452.004081322
    0.212828743    1.090251437 -357.857423767  491.736735590  432.361027085
    0.219891389    1.090251437 -353.631852265  691.888407668  391.303869690
    0.226954035    1.090251437 -348.222461036  836.222834030  338.323371015
    0.234016681    1.090251437 -341.828919742  974.541965134  288.100171118
    0.241079327    1.090251437 -334.475315328 1103.557669982  251.050878655
    0.248141973    1.090251437 -326.340722255 1189.573457832  229.202812169
    0.255204619    1.090251437 -317.891827511 1186.250413455  215.563710838
    0.262267265    1.090251437 -309.828267960 1081.371495711  199.600011269
    0.269329911    1.090251437 -302.801183038  900.079807771  171.834992750
    0.276392557    1.090251437 -297.156939798  701.561231618  129.326453371
    0.283455203    1.090251437 -292.826746006  533.577826007   73.769477957
    0.290517849    1.090251437 -289.473240032  424.207919496   10.287230820
    0.297580495    1.090251437 -286.670182039  381.271562008  -53.009334664
    0.304643141    1.090251437 -283.916273088  413.011772830 -109.706964480
    0.311705787    1.090251437 -280.642456304  529.611141140 -153.276746155
    0.318768433    1.090251437 -276.211918791  743.770199269 -178.043378472
    0.325831079    1.090251437 -269.908089652 1058.821684386 -179.679884161
    0.332893725    1.090251437 -261.009001854 1478.874653039 -157.721010300
    0.339956371    1.090251437 -248.799422049 1991.531250357 -113.677998015
    0.347019017    1.090251437 -232.698063587 2578.103250665  -53.046316881
    0.354081663    1.090251437 -212.285558864 3202.882924828   15.239424940
    0.361144310    1.090251437 -187.537442686 3792.601077778   79.326070435
    0.368206956    1.090251437 -159.044669665 4242.466877871  125.995356372
    0.375269602    1.090251437 -128.229723386 4430.429139695  146.356488831
    0.382332248    1.090251437  -97.315948557 4263.717579840  140.326522693
    0.389394894    1.090251437  -68.849275099 3745.066285813  115.111523268
    0.396457540    1.090251437  -45.004524009 2979.067734881   81.501003539
    0.403520186    1.090251437  -26.957192738 2131.837926878   50.405914085
    0.410582832    1.090251437  -14.686709011 1367.409776903   27.494992732
    0.417645478    1.090251437   -7.209574544  783.282736534   13.301872397
    0.424708124    1.090251437   -3.150284339  398.348837921    5.996207949
    0.431770770    1.090251437   -1.191287171  178.402078841    2.449170019
    0.438833416    1.090251437   -0.367612904   67.479462788    0.728076782
    0.445896062    1.090251437   -0.083664102   20.824898530    0.237426756
    0.452958708    1.090251437   -0.011223378    3.800356542    0.088463430
    0.460021354    1.090251437   -0.001026967    0.658964481    0.026686269
    0.467084000    1.090251437   -0.000000000   -0.000000000   -0.000000000

    0.022137300    1.107898254   -0.000000000   -0.000000000   -0.000000000
    0.029199946    1.107898254   -0.010114097   -5.466521300    0.100584661
    0.036262592    1.107898254   -0.154889428  -45.247643938    0.792978419
    0.043325238    1.107898254   -0.842733216 -169.762225728    2.575882463
    0.050387884    1.107898254   -2.927221811 -455.894671545    5.516245782
    0.057450530    1.107898254   -7.950140236 -1026.274677500   11.202869183
    0.064513176    1.107898254  -18.403574214 -2010.239428520   20.826113406
    0.071575822    1.107898254  -37.403813891 -3440.184087210   35.444839194
    0.078638468    1.107898254  -67.737692628 -5175.996750225   54.584197760
    0.085701114    1.107898254 -110.373487440 -6844.932265778   79.151064243
    0.092763760    1.107898254 -163.036050655 -7927.766740937  113.163166977
    0.099826406    1.107898254 -219.955432926 -8001.533160458  163.859773309
    0.106889052    1.107898254 -273.419968966 -6966.476610058  243.473393361
    0.113951698    1.107898254 -316.406824756 -5111.563995813  359.570404737
    0.121014344    1.107898254 -344.974119172 -2982.701342583  505.597768845
    0.128076990    1.107898254 -359.177047422 -1118.357429838  661.348655285
    0.135139637    1.107898254 -362.159580305  166.262554336  803.902043731
    0.142202283    1.107898254 -358.314276005  825.464724448  918.580626820
    0.149264929    1.107898254 -351.671251201  987.302963021 1006.704736643
    0.156327575    1.107898254 -345.115034810  831.615353416 1083.637380121
    0.163390221    1.107898254 -340.291824714  519.833259147 1166.389074043
    0.170452867    1.107898254 -337.851756470  170.906820534 1263.319943472
    0.177515513    1.107898254 -337.728351923 -116.272834719 1369.352149356
    0.184578159    1.107898254 -339.113995571 -247.881506273 1472.452919458
    0.191640805    1.107898254 -340.811637693 -205.863795936 1554.287164366
    0.198703451    1.107898254 -341.720455600  -35.862770854 1600.697157369
    0.205766097    1.107898254 -341.230184796  176.020033537 1601.285403173
    0.212828743    1.107898254 -339.290365697  365.870736124 1555.188637000
    0.219891389    1.107898254 -336.193564468  503.650637054 1473.563260526
    0.226954035    1.107898254 -332.201227857  630.993994085 1372.919175303
    0.234016681    1.107898254 -327.211019114  787.155420715 1271.279066011
    0.241079327    1.107898254 -321.047675146  954.891634611 1180.477100539
    0.248141973    1.107898254 -313.833540943 1075.023517673 1103.933646800
    0.255204619    1.107898254 -306.119554669 1087.961801461 1039.520177951
    0.262267265    1.107898254 -298.764326419  975.240037623  979.476895000
    0.269329911    1.107898254 -292.564526028  771.314638260  917.716782692
    0.276392557    1.107898254 -287.913169283  549.002035724  851.418970061
    0.283455203    1.107898254 -284.722123503  363.738547363  781.053420573
    0.290517849    1.107898254 -282.605851878  247.654313140  707.423122226
    0.297580495    1.107898254 -281.021066753  216.499624659  635.787332811
    0.304643141    1.107898254 -279.349698044  273.433686614  572.248061556
    0.311705787    1.107898254 -276.927463546  430.160092832  522.076315261
    0.318768433    1.107898254 -273.020460917  694.435348042  489.291905983
    0.325831079    1.107898254 -266.875076502 1061.265747780  474.155762674
    0.332893725    1.107898254 -257.779443723 1529.695987418  475.537489425
    0.339956371    1.107898254 -245.077311517 2078.810979899  487.606040936
    0.347019017    1.107898254 -228.287351163 2683.177243640  504.928831950
    0.354081663    1.107898254 -207.152061423 3298.298404215  518.556348726
    0.361144310    1.107898254 -181.844852100 3848.532827105  518.974807405
    0.368206956    1.107898254 -153.177086030 4232.763774517  495.124836916
    0.375269602    1.107898254 -122.699588786 4344.443705865  441.957252031
    0.382332248    1.107898254  -92.596032047 4122.638437126  363.066916376
    0.389394894    1.107898254  -65.228852985 3580.143889042  271.411757008
    0.396457540    1.107898254  -42.529235155 2825.702544673  182.549434865
    0.403520186    1.107898254  -25.452705248 2013.826182600  109.740046061
    0.410582832    1.107898254  -13.873741583 1289.502444960   58.788395056
    0.417645478    1.107898254   -6.820350430  740.545876982   27.874542745
    0.424708124    1.107898254   -2.980368682  377.902430915   11.807907523
    0.431770770    1.107898254   -1.124328271  168.749014529    4.515418661
    0.438833416    1.107898254   -0.347326159   63.345882529    1.259558624
    0.445896062    1.107898254   -0.078715208   19.425521902    0.222388665
    0.452958708    1.107898254   -0.009952269    3.695337952   -0.031358912
    0.460021354    1.107898254   -0.000380243    0.350357209    0.030387299
    0.467084000    1.107898254   -0.000000000   -0.000000000   -0.000000000

    0.022137300    1.125545070   -0.000000000   -0.000000000   -0.000000000
    0.029199946    1.125545070   -0.007328200   -4.319682033    0.195562003
    0.036262592    1.125545070   -0.132909197  -40.220154873    1.634255023
    0.043325238    1.125545070   -0.763442459 -157.948181085    6.167634580
    0.050387884    1.125545070   -2.726788934 -431.514952969   16.581223252
    0.057450530    1.125545070   -7.504430303 -978.161952549   37.988108601
    0.064513176    1.125545070  -17.489308672 -1924.030482802   79.927872842
    0.071575822    1.125545070  -35.719332223 -3307.461286536  149.863015795
    0.078638468    1.125545070  -64.938583394 -4991.765314201  253.233151586
    0.085701114    1.125545070 -106.089200665 -6608.943755621  390.950303852
    0.092763760    1.125545070 -156.918081903 -7645.472389965  556.992625525
    0.099826406    1.125545070 -211.658979798 -7664.919236738  744.703373709
    0.106889052    1.125545070 -262.534381581 -6571.887240387  947.694361898
    0.113951698    1.125545070 -302.579824562 -4678.857340268 1152.667695914
    0.121014344    1.125545070 -328.095650055 -2560.040544950 1340.431707417
    0.128076990    1.125545070 -339.529742086 -766.111740950 1487.292137317
    0.135139637    1.125545070 -340.408197752  406.619188102 1573.981374544
    0.142202283    1.125545070 -335.267252870  957.258255286 1599.408846516
    0.149264929    1.125545070 -327.930571986 1064.494759701 1585.121678889
    0.156327575    1.125545070 -320.808896546  925.763610689 1567.477907717
    0.163390221    1.125545070 -315.102158967  680.673873028 1579.757227896
    0.170452867    1.125545070 -311.268270888  401.642356531 1634.389092805
    0.177515513    1.125545070 -309.352607281  154.740401516 1724.636830443
    0.184578159    1.125545070 -308.867945261    1.991335211 1827.005994081
    0.191640805    1.125545070 -309.040443823  -30.983432886 1913.726816190
    0.198703451    1.125545070 -309.088387161   27.665180128 1963.920174249
    0.205766097    1.125545070 -308.587813314  114.990948957 1967.746266607
    0.212828743    1.125545070 -307.485855398  193.101593392 1924.739950309
    0.219891389    1.125545070 -305.887713872  261.743098226 1844.549753029
    0.226954035    1.125545070 -303.724428974  362.440224248 1747.034890671
    0.234016681    1.125545070 -300.609950329  529.039020981 1645.476529918
    0.241079327    1.125545070 -296.175351945  725.732167734 1548.824245299
    0.248141973    1.125545070 -290.479108436  875.380481850 1460.643606119
    0.255204619    1.125545070 -284.097455993  909.260451002 1380.596800566
    0.262267265    1.125545070 -277.970490207  805.127824767 1306.664975014
    0.269329911    1.125545070 -272.961898387  603.580216151 1238.121381704
    0.276392557    1.125545070 -269.498414891  379.422864059 1173.561994984
    0.283455203    1.125545070 -267.520261899  190.387267369 1110.441068304
    0.290517849    1.125545070 -266.639667486   74.827752097 1047.752413511
    0.297580495    1.125545070 -266.245103786   54.243950696  988.109986706
    0.304643141    1.125545070 -265.625899668  138.399830194  935.449025398
    0.311705787    1.125545070 -264.035409256  332.225080924  894.091503448
    0.318768433    1.125545070 -260.687070796  634.938142938  866.447322337
    0.325831079    1.125545070 -254.847394845 1034.317840589  848.460583354
    0.332893725    1.125545070 -245.871198015 1520.186300290  834.835323510
    0.339956371    1.125545070 -233.215962742 2072.089425945  818.176195986
    0.347019017    1.125545070 -216.501521532 2664.809563507  792.866300741
    0.354081663    1.125545070 -195.591622881 3250.262110007  754.086397657
    0.361144310    1.125545070 -170.786511023 3751.367094515  697.927114427
    0.368206956    1.125545070 -143.032147636 4070.801356526  620.444416324
    0.375269602    1.125545070 -113.927158971 4121.194198630  521.713501367
    0.382332248    1.125545070  -85.560169441 3860.030349018  409.092766918
    0.389394894    1.125545070  -60.070107820 3317.183467124  294.107767029
    0.396457540    1.125545070  -39.113102093 2599.909337665  191.580931316
    0.403520186    1.125545070  -23.428762912 1846.459011553  111.289787435
    0.410582832    1.125545070  -12.810544654 1183.394918372   57.136409971
    0.417645478    1.125545070   -6.325806195  681.447704716   25.682096768
    0.424708124    1.125545070   -2.778838616  350.257749892    9.908207801
    0.431770770    1.125545070   -1.053955582  157.466749089    2.962193366
    0.438833416    1.125545070   -0.330600037   59.056010156    0.440362516
    0.445896062    1.125545070   -0.077784966   18.321958308   -0.179714606
    0.452958708    1.125545070   -0.012544185    3.456575547   -0.215987000
    0.460021354    1.125545070   -0.000000000   -0.000000000   -0.000000000
    0.467084000    1.125545070   -0.000000000   -0.000000000   -0.000000000

    0.022137300    1.143191887   -0.000000000   -0.000000000   -0.000000000
    0.029199946    1.143191887   -0.003856847   -2.669838831    0.185687906
    0.036262592    1.143191887   -0.100256513  -32.658766041    1.982259215
    0.043325238    1.143191887   -0.636261578 -136.400175425    7.909607425
    0.050387884    1.143191887   -2.371564514 -386.560190505   22.848770374
    0.057450530    1.143191887   -6.667157940 -882.431576266   55.065133359
    0.064513176    1.143191887  -15.710028871 -1748.143998595  117.836827931
    0.071575822    1.143191887  -32.353462162 -3030.282278670  224.312089290
    0.078638468    1.143191887  -59.210434600 -4601.158016237  383.206301844
    0.085701114    1.143191887  -97.233499353 -6118.402111923  592.452848059
    0.092763760    1.143191887 -144.332117887 -7085.171920008  840.047154336
    0.099826406    1.143191887 -194.993254098 -7077.192513373 1102.741241624
    0.106889052    1.143191887 -241.748560928 -6001.126477127 1353.225257649
    0.113951698    1.143191887 -277.981232891 -4178.584565976 1566.613186970
    0.121014344    1.143191887 -300.383014462 -2188.433503899 1718.780973638
    0.128076990    1.143191887 -309.795390380 -571.484118400 1791.589678781
    0.135139637    1.143191887 -309.971513947  412.068606588 1779.826529446
    0.142202283    1.143191887 -305.348454042  818.372637935 1695.977370787
    0.149264929    1.143191887 -299.232036161  875.907695784 1575.607798411
    0.156327575    1.143191887 -293.287614406  796.293866042 1464.722990485
    0.163390221    1.143191887 -288.074986966  676.840535582 1399.596548476
    0.170452867    1.143191887 -283.802420877  528.979876716 1396.398103606
    0.177515513    1.143191887 -280.632449510  370.845476245 1449.612994652
    0.184578159    1.143191887 -278.527868255  231.444122104 1531.384854133
    0.191640805    1.143191887 -277.223511514  147.927396177 1612.187431022
    0.198703451    1.143191887 -276.321625636  113.205039395 1670.948642265
    0.205766097    1.143191887 -275.590591611   94.430902264 1696.611841907
    0.212828743    1.143191887 -274.975502564   78.996970534 1689.887639746
    0.219891389    1.143191887 -274.416916254   88.456271853 1658.014550913
    0.226954035    1.143191887 -273.577179752  165.127059736 1612.073163514
    0.234016681    1.143191887 -271.885865481  326.681689225 1558.554913606
    0.241079327    1.143191887 -268.876314615  525.172652587 1498.771363126
    0.248141973    1.143191887 -264.555569646  683.740679679 1434.987347878
    0.255204619    1.143191887 -259.489118269  728.260423198 1369.622021530
    0.262267265    1.143191887 -254.585002667  639.676646717 1307.480626069
    0.269329911    1.143191887 -250.682830685  455.848753383 1253.004359937
    0.276392557    1.143191887 -248.195784838  248.784178419 1209.752575729
    0.283455203    1.143191887 -247.110925370   67.859691816 1173.739216762
    0.290517849    1.143191887 -247.082438784  -45.601375004 1142.716025155
    0.297580495    1.143191887 -247.495214080  -54.805259835 1114.327425053
    0.304643141    1.143191887 -247.577627912   50.369508470 1090.067438707
    0.311705787    1.143191887 -246.509300686  269.900501598 1073.698356033
    0.318768433    1.143191887 -243.520407691  591.737048206 1061.388031360
    0.325831079    1.143191887 -237.958522460  996.520749977 1048.510450207
    0.332893725    1.143191887 -229.302173810 1463.564916163 1026.148320490
    0.339956371    1.143191887 -217.161575487 1981.243253149  984.668210406
    0.347019017    1.143191887 -201.246402886 2528.815061153  920.231833329
    0.354081663    1.143191887 -181.458242948 3068.916078776  832.684666524
    0.361144310    1.143191887 -158.100818210 3523.893224146  726.110060413
    0.368206956    1.143191887 -132.103792086 3801.312326011  605.759918120
    0.375269602    1.143191887 -105.008432684 3824.630799261  478.560870222
    0.382332248    1.143191887  -78.763507620 3560.022913712  352.868132769
    0.389394894    1.143191887  -55.306087344 3047.118967731  239.336706592
    0.396457540    1.143191887  -36.088036448 2380.730820166  147.001686492
    0.403520186    1.143191887  -21.721622362 1692.597657704   79.680658760
    0.410582832    1.143191887  -11.969319188 1090.578539226   36.888351964
    0.417645478    1.143191887   -5.971362547  632.922848084   13.943803797
    0.424708124    1.143191887   -2.656863584  329.136487768    3.696036020
    0.431770770    1.143191887   -1.029216810  150.241672111   -0.303426741
    0.438833416    1.143191887   -0.335143488   58.862253843   -0.984269678
    0.445896062    1.143191887   -0.086115535   17.896622224   -0.752419277
    0.452958708    1.143191887   -0.017642750    4.465465682   -0.326929527
    0.460021354    1.143191887   -0.000714810    0.639101509   -0.097433985
    0.467084000    1.143191887   -0.000000000   -0.000000000   -0.000000000

    0.022137300    1.160838704   -0.000000000   -0.000000000   -0.000000000
    0.029199946    1.160838704   -0.001310194   -1.210154802    0.090138512
    0.036262592    1.160838704   -0.065011670  -24.204344956    1.944183421
    0.043325238    1.160838704   -0.492541184 -113.004546690    8.154765657
    0.050387884    1.160838704   -1.947857891 -327.292577053   24.388392391
    0.057450530    1.160838704   -5.624402234 -759.822444232   61.362611301
    0.064513176    1.160838704  -13.466591674 -1524.123191217  132.799632479
    0.071575822    1.160838704  -28.065444222 -2671.211889694  254.456805515
    0.078638468    1.160838704  -51.870286536 -4098.052096124  436.454664810
    0.085701114    1.160838704  -85.888192464 -5493.874212761  674.257470366
    0.092763760    1.160838704 -128.318687068 -6402.095317044  946.204090823
    0.099826406    1.160838704 -174.201825314 -6422.780239732 1214.379587001
    0.106889052    1.160838704 -216.685258392 -5457.168399196 1436.855537149
    0.113951698    1.160838704 -249.656230928 -3807.250104474 1582.893754374
    0.121014344    1.160838704 -270.175106199 -2031.128469816 1635.969378557
    0.128076990    1.160838704 -279.266841886 -636.117294639 1596.638510776
    0.135139637    1.160838704 -280.607852944  155.715197895 1479.316233643
    0.142202283    1.160838704 -278.266505517  443.917293066 1311.943127690
    0.149264929    1.160838704 -274.899937832  489.611945832 1131.008030814
    0.156327575    1.160838704 -271.399092117  504.881272428  978.029432593
    0.163390221    1.160838704 -267.702136981  543.076594407  882.824600109
    0.170452867    1.160838704 -263.754973027  567.777270106  858.322980719
    0.177515513    1.160838704 -259.834800065  530.597386533  896.410489071
    0.184578159    1.160838704 -256.378887756  441.472926683  972.170037000
    0.191640805    1.160838704 -253.607959348  343.002534580 1060.897186263
    0.198703451    1.160838704 -251.505024344  254.489187922 1141.262818788
    0.205766097    1.160838704 -249.988891074  176.089107705 1206.328021789
    0.212828743    1.160838704 -249.006731107  104.616687460 1256.467887435
    0.219891389    1.160838704 -248.399607387   77.333546001 1294.451064960
    0.226954035    1.160838704 -247.728712034  126.820621768 1320.942830538
    0.234016681    1.160838704 -246.408940749  257.589022810 1331.633313946
    0.241079327    1.160838704 -244.005332330  423.369351794 1322.808387766
    0.248141973    1.160838704 -240.498846371  558.051390573 1294.041260979
    0.255204619    1.160838704 -236.369381201  592.321489715 1252.988886630
    0.262267265    1.160838704 -232.394809633  515.792629341 1209.540699379
    0.269329911    1.160838704 -229.264293709  363.951313817 1176.354890580
    0.276392557    1.160838704 -227.305501206  190.813547952 1159.520005821
    0.283455203    1.160838704 -226.545121218   30.641773082 1157.694422471
    0.290517849    1.160838704 -226.717631000  -67.983487636 1165.458471600
    0.297580495    1.160838704 -227.272740848  -72.272557272 1177.430306633
    0.304643141    1.160838704 -227.456936400   40.867305337 1189.300153151
    0.311705787    1.160838704 -226.439720473  263.847485866 1198.995745842
    0.318768433    1.160838704 -223.519413396  576.773374109 1202.881940904
    0.325831079    1.160838704 -218.143130834  953.968318379 1193.455463035
    0.332893725    1.160838704 -209.973551514 1366.176913142 1160.038566444
    0.339956371    1.160838704 -198.769521986 1811.246896315 1095.449907567
    0.347019017    1.160838704 -184.303194212 2289.317505602  997.398165515
    0.354081663    1.160838704 -166.426176437 2769.795581170  869.931683252
    0.361144310    1.160838704 -145.328761891 3186.434192836  722.832162999
    0.368206956    1.160838704 -121.768725695 3452.377432778  569.035199856
    0.375269602    1.160838704  -97.106856804 3487.824531569  421.224384750
    0.382332248    1.160838704  -73.138892487 3257.787261468  289.276777285
    0.389394894    1.160838704  -51.633425086 2799.485551563  181.182897307
    0.396457540    1.160838704  -33.930891827 2200.084520352  101.138047001
    0.403520186    1.160838704  -20.615256337 1575.172112640   48.465881256
    0.410582832    1.160838704  -11.497516084 1025.825901939   18.271669986
    0.417645478    1.160838704   -5.823923387  603.650919297    3.790441945
    0.424708124    1.160838704   -2.645202155  317.669694528   -1.747207025
    0.431770770    1.160838704   -1.062794488  147.255788437   -3.047437081
    0.438833416    1.160838704   -0.364479919   60.542647241   -2.113354796
    0.445896062    1.160838704   -0.103538532   19.721832761   -1.150287989
    0.452958708    1.160838704   -0.023984169    5.605191708   -0.401153918
    0.460021354    1.160838704   -0.002799696    1.225857176   -0.134923209
    0.467084000    1.160838704   -0.000000000   -0.000000000   -0.000000000

    0.022137300    1.178485521   -0.000000000   -0.000000000   -0.000000000
    0.029199946    1.178485521   -0.000370530   -0.466990927    0.023166518
    0.036262592    1.178485521   -0.036078629  -15.368780349    1.283521823
    0.043325238    1.178485521   -0.356229671  -89.215334280    7.152090215
    0.050387884    1.178485521   -1.531402016 -266.113265715   22.553883674
    0.057450530    1.178485521   -4.557602734 -631.762198694   58.288601515
    0.064513176    1.178485521  -11.137807268 -1288.576346147  128.350857267
    0.071575822    1.178485521  -23.589606171 -2294.411242634  247.386525156
    0.078638468    1.178485521  -44.192961353 -3568.974371020  424.666104055
    0.085701114    1.178485521  -74.045316055 -4853.922887289  653.833103521
    0.092763760    1.178485521 -111.820411348 -5741.591249732  903.407373910
    0.099826406    1.178485521 -153.318679270 -5861.761892356 1126.255963174
    0.106889052    1.178485521 -192.514499401 -5098.985486585 1271.369935643
    0.113951698    1.178485521 -223.835435201 -3702.064091831 1310.480669004
    0.121014344    1.178485521 -244.489528736 -2169.093263688 1241.685087502
    0.128076990    1.178485521 -255.279596638 -967.486437690 1092.386973902
    0.135139637    1.178485521 -259.416490602 -289.664708432  900.776095733
    0.142202283    1.178485521 -260.361288004  -27.262844095  706.647205612
    0.149264929    1.178485521 -260.157429741   79.849906594  541.962830684
    0.156327575    1.178485521 -259.132456690  223.729108549  427.353822834
    0.163390221    1.178485521 -256.839248232  431.566785611  375.439226083
    0.170452867    1.178485521 -253.082598066  619.517074050  387.366760587
    0.177515513    1.178485521 -248.320384178  707.060327382  452.086184925
    0.184578159    1.178485521 -243.364023811  682.039804762  549.958469789
    0.191640805    1.178485521 -238.828238238  595.797648951  662.821894686
    0.198703451    1.178485521 -235.013147041  485.059126938  776.938218399
    0.205766097    1.178485521 -231.962473496  380.006118703  884.716616808
    0.212828743    1.178485521 -229.612057856  289.299561497  986.787347143
    0.219891389    1.178485521 -227.782861499  236.917777044 1082.982113856
    0.226954035    1.178485521 -226.112936318  246.513903761 1165.010142314
    0.234016681    1.178485521 -224.148284737  318.963124144 1222.534691754
    0.241079327    1.178485521 -221.546354328  417.431736349 1249.246751629
    0.248141973    1.178485521 -218.303509793  492.449126039 1244.428035000
    0.255204619    1.178485521 -214.762879372  498.790734125 1215.902364027
    0.262267265    1.178485521 -211.451291711  429.992992642 1181.658026950
    0.269329911    1.178485521 -208.775845333  322.357149639 1160.568250711
    0.276392557    1.178485521 -206.943416110  195.739975211 1160.177150215
    0.283455203    1.178485521 -205.990354807   76.549529681 1180.382905706
    0.290517849    1.178485521 -205.763985045   -0.859369225 1214.966412291
    0.297580495    1.178485521 -205.835007221   -2.758018612 1253.888919528
    0.304643141    1.178485521 -205.569910627   96.462250024 1289.675138786
    0.311705787    1.178485521 -204.230316336  297.313826106 1313.436407076
    0.318768433    1.178485521 -201.178633425  575.533716299 1321.406776100
    0.325831079    1.178485521 -196.014349443  890.322475736 1304.740964179
    0.332893725    1.178485521 -188.559700555 1223.680527829 1256.414674488
    0.339956371    1.178485521 -178.682983231 1579.247838665 1171.772504322
    0.347019017    1.178485521 -166.168621407 1971.600648314 1050.929783156
    0.354081663    1.178485521 -150.777330506 2388.109035199  900.509080684
    0.361144310    1.178485521 -132.501345717 2775.895913113  731.895157053
    0.368206956    1.178485521 -111.835891191 3049.734514511  561.472614801
    0.375269602    1.178485521  -89.898103403 3123.342367804  402.703479115
    0.382332248    1.178485521  -68.294853724 2954.731060603  267.621757502
    0.389394894    1.178485521  -48.673757442 2569.554917792  161.853850587
    0.396457540    1.178485521  -32.326744024 2044.609815309   86.883461657
    0.403520186    1.178485521  -19.879568546 1484.024794040   39.912988624
    0.410582832    1.178485521  -11.236872122  979.368756840   14.431584232
    0.417645478    1.178485521   -5.784991149  583.606984555    2.248462336
    0.424708124    1.178485521   -2.690992299  312.360859132   -2.531659798
    0.431770770    1.178485521   -1.118900135  149.337582174   -2.918379013
    0.438833416    1.178485521   -0.403663755   62.680871199   -2.077106170
    0.445896062    1.178485521   -0.123172033   22.666385183   -0.938431116
    0.452958708    1.178485521   -0.031358820    6.480587957   -0.351047697
    0.460021354    1.178485521   -0.005068152    1.724042330   -0.118211418
    0.467084000    1.178485521   -0.000000000   -0.000000000   -0.000000000

    0.022137300    1.196132338   -0.000000000   -0.000000000   -0.000000000
    0.029199946    1.196132338   -0.000030300   -0.181162831    0.008061884
    0.036262592    1.196132338   -0.020008589   -9.023501005    0.575324468
    0.043325238    1.196132338   -0.243938518  -66.290128609    5.394761034
    0.050387884    1.196132338   -1.162196092 -210.911060574   19.210222551
    0.057450530    1.196132338   -3.598646905 -513.262536778   49.942422788
    0.064513176    1.196132338   -9.014668220 -1070.458544486  110.654708075
    0.071575822    1.196132338  -19.475696013 -1945.436377974  216.205131004
    0.078638468    1.196132338  -37.120231277 -3083.673484147  372.564533164
    0.085701114    1.196132338  -63.188526984 -4282.150747276  569.639936326
    0.092763760    1.196132338  -96.946175006 -5196.856164133  772.976627477
    0.099826406    1.196132338 -135.094231621 -5479.709266205  929.855538088
    0.106889052    1.196132338 -172.490884680 -4984.795076558  990.340449588
    0.113951698    1.196132338 -204.055223051 -3880.252171260  930.113728167
    0.121014344    1.196132338 -226.837457354 -2575.786583467  765.448755174
    0.128076990    1.196132338 -240.949421442 -1480.245105975  548.126147107
    0.135139637    1.196132338 -248.716199608 -786.259173102  337.959613511
    0.142202283    1.196132338 -252.840118614 -419.069841889  179.898617176
    0.149264929    1.196132338 -254.910048133 -168.298501744   93.659877039
    0.156327575    1.196132338 -255.091778885  130.161813604   77.851882631
    0.163390221    1.196132338 -252.925130234  486.880650441  120.357222186
    0.170452867    1.196132338 -248.324506151  799.361856641  206.641886036
    0.177515513    1.196132338 -241.980224268  969.631437941  322.082913852
    0.184578159    1.196132338 -234.990687228  989.453288221  453.587047145
    0.191640805    1.196132338 -228.232386923  913.888959576  590.818409946
    0.198703451    1.196132338 -222.172902679  799.221915706  727.944417295
    0.205766097    1.196132338 -216.940888392  683.756750836  864.008064653
    0.212828743    1.196132338 -212.488801279  580.076557224  995.236816303
    0.219891389    1.196132338 -208.695323545  498.756464388 1115.019709844
    0.226954035    1.196132338 -205.359168728  452.493854152 1214.656945906
    0.234016681    1.196132338 -202.221506435  442.910448346 1283.388236154
    0.241079327    1.196132338 -199.062821242  451.604053037 1314.438250961
    0.248141973    1.196132338 -195.886621018  444.649289544 1307.618767953
    0.255204619    1.196132338 -192.866998132  405.283803322 1274.226859224
    0.262267265    1.196132338 -190.186428654  352.021873424 1234.138305708
    0.269329911    1.196132338 -187.908571336  290.328745767 1207.395569736
    0.276392557    1.196132338 -186.091637729  224.008555517 1202.898484458
    0.283455203    1.196132338 -184.755123726  155.759864095 1222.750801201
    0.290517849    1.196132338 -183.858047782  103.772995223 1259.775924067
    0.297580495    1.196132338 -183.173806961  101.043574673 1302.034028183
    0.304643141    1.196132338 -182.247843439  174.663987461 1336.314149317
    0.311705787    1.196132338 -180.510432179  331.132579296 1354.690701541
    0.318768433    1.196132338 -177.420941105  550.078661445 1348.331912663
    0.325831079    1.196132338 -172.691960965  790.301856003 1314.399455805
    0.332893725    1.196132338 -166.236103538 1039.360531167 1250.280169153
    0.339956371    1.196132338 -157.970898995 1307.543641155 1154.126799285
    0.347019017    1.196132338 -147.656496192 1622.434633630 1029.295408865
    0.354081663    1.196132338 -134.939855281 1984.640698359  881.699674077
    0.361144310    1.196132338 -119.609307416 2351.975412741  722.037334858
    0.368206956    1.196132338 -101.906291086 2639.809369257  561.584027769
    0.375269602    1.196132338  -82.720750362 2758.792124967  412.395975703
    0.382332248    1.196132338  -63.463592223 2658.133294289  284.111845319
    0.389394894    1.196132338  -45.687043409 2345.885697632  181.642804963
    0.396457540    1.196132338  -30.659300613 1893.204045565  106.816250137
    0.403520186    1.196132338  -19.055187056 1392.221244691   57.344617996
    0.410582832    1.196132338  -10.890650647  930.813210965   27.028324208
    0.417645478    1.196132338   -5.686986435  561.022072942   10.364808619
    0.424708124    1.196132338   -2.699998273  304.408183503    2.598244783
    0.431770770    1.196132338   -1.147040682  148.568382049   -0.147502810
    0.438833416    1.196132338   -0.428526338   64.420360450   -0.472515496
    0.445896062    1.196132338   -0.135453740   24.323092650   -0.338453499
    0.452958708    1.196132338   -0.035780518    7.165383191   -0.127814847
    0.460021354    1.196132338   -0.006606091    1.976962295   -0.050961612
    0.467084000    1.196132338   -0.000000000   -0.000000000   -0.000000000

    0.022137300    1.213779155   -0.000000000   -0.000000000   -0.000000000
    0.029199946    1.213779155   -0.000000000   -0.000000000   -0.000000000
    0.036262592    1.213779155   -0.013315320   -6.306156948    0.243592878
    0.043325238    1.213779155   -0.167511035  -46.556805724    3.309377799
    0.050387884    1.213779155   -0.857628651 -165.284630945   15.091462386
    0.057450530    1.213779155   -2.806090789 -415.528792461   39.668312108
    0.064513176    1.213779155   -7.256152117 -887.140115427   88.797610851
    0.071575822    1.213779155  -16.020064213 -1644.470371048  174.944695663
    0.078638468    1.213779155  -31.141159923 -2674.259053309  303.546000113
    0.085701114    1.213779155  -54.075886774 -3817.131459776  462.598681409
    0.092763760    1.213779155  -84.671956202 -4789.050417433  619.294703450
    0.099826406    1.213779155 -120.548731158 -5265.795005436  723.394562847
    0.106889052    1.213779155 -157.432449876 -5062.706122032  727.977266367
    0.113951698    1.213779155 -190.600187681 -4246.903669987  616.411857257
    0.121014344    1.213779155 -216.686454635 -3118.795955446  417.716629025
    0.128076990    1.213779155 -234.774373675 -2033.795397174  194.612883809
    0.135139637    1.213779155 -246.034616040 -1203.522952041   15.766972236
    0.142202283    1.213779155 -252.374342028 -623.773135239  -74.499272533
    0.149264929    1.213779155 -255.115519371 -159.287609310  -64.248645886
    0.156327575    1.213779155 -254.612019198  305.048381131   24.016314362
    0.163390221    1.213779155 -250.824919041  760.982649726  159.459133238
    0.170452867    1.213779155 -244.076253776 1126.451395973  310.413851605
    0.177515513    1.213779155 -235.339617275 1317.227542359  461.786963302
    0.184578159    1.213779155 -225.868776673 1341.245814760  606.349839168
    0.191640805    1.213779155 -216.620176810 1266.951179147  746.791833963
    0.198703451    1.213779155 -208.075581772 1149.900679652  887.026592670
    0.205766097    1.213779155 -200.393648714 1024.516086705 1022.636524313
    0.212828743    1.213779155 -193.613646473  893.913459823 1148.884358521
    0.219891389    1.213779155 -187.766799212  763.365857980 1257.654408961
    0.226954035    1.213779155 -182.798682118  646.141054534 1339.059893874
    0.234016681    1.213779155 -178.601181272  545.537040209 1386.508262791
    0.241079327    1.213779155 -175.078472424  454.061556836 1392.998346890
    0.248141973    1.213779155 -172.198843244  362.078645151 1362.549646038
    0.255204619    1.213779155 -169.916699283  287.382981259 1311.246871863
    0.262267265    1.213779155 -168.078362524  241.470888822 1253.943189343
    0.269329911    1.213779155 -166.441621027  226.956106949 1206.954626171
    0.276392557    1.213779155 -164.848250066  224.131313774 1184.526841389
    0.283455203    1.213779155 -163.308358754  211.214191607 1187.019229030
    0.290517849    1.213779155 -161.895718657  189.348583317 1206.187202401
    0.297580495    1.213779155 -160.607334311  179.883347320 1229.108742546
    0.304643141    1.213779155 -159.237018982  217.403665968 1242.769018581
    0.311705787    1.213779155 -157.366791873  321.958628086 1237.379375471
    0.318768433    1.213779155 -154.586915725  472.705739631 1209.412098094
    0.325831079    1.213779155 -150.627665405  649.179965392 1157.599363264
    0.332893725    1.213779155 -145.397515860  833.424998471 1084.179155816
    0.339956371    1.213779155 -138.807653269 1040.858761140  993.881562111
    0.347019017    1.213779155 -130.559345803 1307.500851940  889.292544136
    0.354081663    1.213779155 -120.192592657 1637.123882343  775.087681628
    0.361144310    1.213779155 -107.369957636 1992.974459050  654.616568766
    0.368206956    1.213779155  -92.184523195 2290.517600978  534.338677106
    0.375269602    1.213779155  -75.370071681 2439.402932820  418.015737552
    0.382332248    1.213779155  -58.208638844 2384.885244870  311.619870660
    0.389394894    1.213779155  -42.153926677 2131.124037889  220.038573929
    0.396457540    1.213779155  -28.442080789 1734.667152301  145.765006613
    0.403520186    1.213779155  -17.773624355 1284.906984704   88.808468043
    0.410582832    1.213779155  -10.226405375  862.927726084   49.186902448
    0.417645478    1.213779155   -5.383602147  524.457120518   24.855339800
    0.424708124    1.213779155   -2.577199938  287.080620679   11.379759158
    0.431770770    1.213779155   -1.109206770  142.719476013    4.728108413
    0.438833416    1.213779155   -0.417602754   62.564184206    1.776415535
    0.445896062    1.213779155   -0.133699494   23.310697159    0.507647796
    0.452958708    1.213779155   -0.035410614    7.104719153    0.170007074
    0.460021354    1.213779155   -0.006760299    2.002728260    0.034024608
    0.467084000    1.213779155   -0.000000000   -0.000000000   -0.000000000

    0.022137300    1.231425972   -0.000000000   -0.000000000   -0.000000000
    0.029199946    1.231425972   -0.000018819   -0.059234246   -0.000541678
    0.036262592    1.231425972   -0.009854619   -4.585457264    0.122824673
    0.043325238    1.231425972   -0.121166365  -32.829323682    2.045882953
    0.050387884    1.231425972   -0.632594153 -126.515570872   10.304650527
    0.057450530    1.231425972   -2.190327196 -339.403018516   30.075697801
    0.064513176    1.231425972   -5.872755322 -740.559425594   68.319351059
    0.071575822    1.231425972  -13.298158940 -1408.864731728  134.113420127
    0.078638468    1.231425972  -26.408890216 -2344.006472976  233.954249989
    0.085701114    1.231425972  -46.827546744 -3448.217051156  361.237581948
    0.092763760    1.231425972  -74.957614471 -4480.510665419  486.172200428
    0.099826406    1.231425972 -109.256105079 -5146.926516336  566.313305920
    0.106889052    1.231425972 -146.219736409 -5210.722490930  561.640047184
    0.113951698    1.231425972 -181.351353531 -4642.895550301  460.968958767
    0.121014344    1.231425972 -210.767622709 -3637.931373606  293.103028830
    0.128076990    1.231425972 -232.431083300 -2497.600197567  118.624300850
    0.135139637    1.231425972 -246.321389797 -1464.592969798    3.378699270
    0.142202283    1.231425972 -253.584906161 -623.663052765  -15.790481638
    0.149264929    1.231425972 -255.485028760   67.512244982   61.320928048
    0.156327575    1.231425972 -252.840609072  668.993393008  205.070629382
    0.163390221    1.231425972 -246.252093120 1174.928319210  374.482304058
    0.170452867    1.231425972 -236.619896499 1521.637745231  538.693390320
    0.177515513    1.231425972 -225.221732063 1673.766873994  680.537102555
    0.184578159    1.231425972 -213.333141970 1673.050633023  804.566262243
    0.191640805    1.231425972 -201.784211726 1587.753138566  918.319844600
    0.198703451    1.231425972 -190.989133552 1464.062715296 1027.613657581
    0.205766097    1.231425972 -181.140608779 1320.806909829 1134.404186799
    0.212828743    1.231425972 -172.374663813 1156.972567227 1230.919789676
    0.219891389    1.231425972 -164.860369202  967.132933660 1308.325247826
    0.226954035    1.231425972 -158.736374151  766.190555988 1356.348701718
    0.234016681    1.231425972 -154.032622169  568.204530511 1365.955668015
    0.241079327    1.231425972 -150.702964031  378.746922291 1338.304651318
    0.248141973    1.231425972 -148.600921629  223.572246210 1281.844263793
    0.255204619    1.231425972 -147.434284629  117.954127585 1207.731413550
    0.262267265    1.231425972 -146.778358159   80.498810556 1132.876125405
    0.269329911    1.231425972 -146.131014220  112.583439425 1069.899840163
    0.276392557    1.231425972 -145.124457988  171.799479873 1027.865433128
    0.283455203    1.231425972 -143.743585108  213.016632606 1007.447332487
    0.290517849    1.231425972 -142.215119349  213.923278270  999.201489803
    0.297580495    1.231425972 -140.776599698  194.454757739  992.496956116
    0.304643141    1.231425972 -139.415525711  197.295092851  977.499207711
    0.311705787    1.231425972 -137.854949855  252.864941814  950.329752973
    0.318768433    1.231425972 -135.720435039  358.588850127  908.178529274
    0.325831079    1.231425972 -132.731370990  490.502895657  853.502082237
    0.332893725    1.231425972 -128.730354385  645.605348767  792.360445815
    0.339956371    1.231425972 -123.527686690  835.900289702  729.009564931
    0.347019017    1.231425972 -116.766420012 1090.557340726  667.472673396
    0.354081663    1.231425972 -107.963657074 1412.162582286  606.876829574
    0.361144310    1.231425972  -96.751184433 1761.970859498  545.490458533
    0.368206956    1.231425972  -83.207689507 2056.115098337  481.694902149
    0.375269602    1.231425972  -68.041970694 2207.908841760  411.781429884
    0.382332248    1.231425972  -52.488268668 2163.642908879  335.423123031
    0.389394894    1.231425972  -37.925854583 1931.469872220  257.487006448
    0.396457540    1.231425972  -25.527142046 1564.048429840  183.249054143
    0.403520186    1.231425972  -15.921639745 1154.884423064  120.555097417
    0.410582832    1.231425972   -9.145531975  774.533504115   72.971251233
    0.417645478    1.231425972   -4.807351645  469.007365528   39.981269386
    0.424708124    1.231425972   -2.295957215  257.159576389   20.264769188
    0.431770770    1.231425972   -0.983378502  127.239948115    9.384653696
    0.438833416    1.231425972   -0.367114144   55.144254188    3.808552177
    0.445896062    1.231425972   -0.117970663   20.722597888    1.247249132
    0.452958708    1.231425972   -0.030512030    6.391966673    0.394535347
    0.460021354    1.231425972   -0.005476985    1.792354187    0.107061792
    0.467084000    1.231425972   -0.000000000   -0.000000000   -0.000000000

    0.022137300    1.249072789   -0.000000000   -0.000000000   -0.000000000
    0.029199946    1.249072789   -0.000007597   -0.057260217    0.001773978
    0.036262592    1.249072789   -0.007859882   -3.493867473    0.134900758
    0.043325238    1.249072789   -0.092351979  -26.217832377    1.372405900
    0.050387884    1.249072789   -0.488726428  -98.824579212    6.132823710
    0.057450530    1.249072789   -1.741795366 -279.152778050   21.016147267
    0.064513176    1.249072789   -4.836039973 -634.218839542   48.923646803
    0.071575822    1.249072789  -11.262639830 -1228.669591908   97.507868371
    0.078638468    1.249072789  -22.828495805 -2088.798578335  173.451316949
    0.085701114    1.249072789  -41.252943404 -3149.974283399  272.226235247
    0.092763760    1.249072789  -67.357362847 -4222.031600324  378.076650887
    0.099826406    1.249072789 -100.265368628 -5025.625222306  458.666043731
    0.106889052    1.249072789 -137.067739568 -5292.246873541  485.601998712
    0.113951698    1.249072789 -173.473683022 -4912.549449705  448.515007058
    0.121014344    1.249072789 -205.167628479 -3992.073373777  364.091141275
    0.128076990    1.249072789 -229.181737180 -2786.379783161  275.069689232
    0.135139637    1.249072789 -244.506409560 -1568.562373312  227.041398137
    0.142202283    1.249072789 -251.706219976 -500.619553966  248.163580364
    0.149264929    1.249072789 -252.051327121  370.515219826  337.883876368
    0.156327575    1.249072789 -246.907303406 1056.342345354  466.122743922
    0.163390221    1.249072789 -237.572284822 1554.957561758  597.338407292
    0.170452867    1.249072789 -225.442943274 1844.932305462  707.416536279
    0.177515513    1.249072789 -211.975126503 1940.700994086  793.661454237
    0.184578159    1.249072789 -198.346184900 1903.847607424  861.474711067
    0.191640805    1.249072789 -185.227358018 1805.084338344  922.252915064
    0.198703451    1.249072789 -172.901117016 1680.228536816  985.120069300
    0.205766097    1.249072789 -161.540640831 1530.243335649 1050.083862859
    0.212828743    1.249072789 -151.403931709 1331.378158911 1108.935676308
    0.219891389    1.249072789 -142.853571675 1082.102409234 1149.698184243
    0.226954035    1.249072789 -136.211484414  796.776891901 1161.726327937
    0.234016681    1.249072789 -131.619144920  506.504432367 1143.236280071
    0.241079327    1.249072789 -128.993664242  242.669430879 1091.891369803
    0.248141973    1.249072789 -128.054720164   34.815796828 1019.695083443
    0.255204619    1.249072789 -128.289366101  -84.563090083  939.520139636
    0.262267265    1.249072789 -128.997753982 -100.427754655  864.062090396
    0.269329911    1.249072789 -129.486669438  -26.333793117  800.943574962
    0.276392557    1.249072789 -129.298995972   79.737158964  751.873429624
    0.283455203    1.249072789 -128.439988167  154.170560889  715.932531145
    0.290517849    1.249072789 -127.269998332  167.487701664  685.578539409
    0.297580495    1.249072789 -126.165986590  142.040476252  656.908795347
    0.304643141    1.249072789 -125.237557730  127.546778950  626.672604880
    0.311705787    1.249072789 -124.243085973  163.057944453  594.412779672
    0.318768433    1.249072789 -122.809527825  251.022694826  561.980617451
    0.325831079    1.249072789 -120.606170517  378.708921959  532.093585602
    0.332893725    1.249072789 -117.395982183  536.420814452  507.014087385
    0.339956371    1.249072789 -112.927251128  738.240418414  489.680264760
    0.347019017    1.249072789 -106.809465883 1005.605126719  480.478312152
    0.354081663    1.249072789  -98.574306667 1334.926952963  474.604328147
    0.361144310    1.249072789  -87.925694791 1676.617122815  467.237742697
    0.368206956    1.249072789  -75.065366308 1946.031263295  448.980219328
    0.375269602    1.249072789  -60.803293870 2061.962066898  412.012418617
    0.382332248    1.249072789  -46.386067414 1988.906934963  355.926580541
    0.389394894    1.249072789  -33.121802788 1743.469894055  285.673952217
    0.396457540    1.249072789  -22.024679029 1388.684285628  211.547855388
    0.403520186    1.249072789  -13.573652206 1007.025970406  143.552505746
    0.410582832    1.249072789   -7.702613850  665.120056596   89.350104126
    0.417645478    1.249072789   -3.998044734  398.172384805   50.573387939
    0.424708124    1.249072789   -1.880357195  214.615479013   25.975531681
    0.431770770    1.249072789   -0.790568620  103.918794067   12.016286554
    0.438833416    1.249072789   -0.289670997   44.140881121    4.776132319
    0.445896062    1.249072789   -0.091350868   16.606687102    1.694136569
    0.452958708    1.249072789   -0.022766273    4.967619625    0.499915557
    0.460021354    1.249072789   -0.003190995    1.417127415    0.145185603
    0.467084000    1.249072789   -0.000000000   -0.000000000   -0.000000000

    0.022137300    1.266719606   -0.000000000   -0.000000000   -0.000000000
    0.029199946    1.266719606   -0.000000000   -0.000000000   -0.000000000
    0.036262592    1.266719606   -0.005199160   -2.669441275    0.151838247
    0.043325238    1.266719606   -0.074000108  -21.237099435    0.693204532
    0.050387884    1.266719606   -0.403887270  -82.726315142    3.611976946
    0.057450530    1.266719606   -1.446863973 -235.724219932   12.520693707
    0.064513176    1.266719606   -4.137881236 -556.807637975   30.756012924
    0.071575822    1.266719606   -9.831130057 -1097.281052032   65.219294592
    0.078638468    1.266719606  -20.255435176 -1897.014378257  119.202700889
    0.085701114    1.266719606  -37.151253772 -2913.999248918  192.893035382
    0.092763760    1.266719606  -61.558889610 -3987.792363534  280.439368240
    0.099826406    1.266719606  -92.984285024 -4852.105639098  365.878660231
    0.106889052    1.266719606 -128.930567993 -5227.535828953  434.534886095
    0.113951698    1.266719606 -165.301963576 -4962.539342897  474.817489989
    0.121014344    1.266719606 -197.609863649 -4100.703431821  490.187149192
    0.128076990    1.266719606 -222.364892655 -2872.678633697  494.470881937
    0.135139637    1.266719606 -237.981830878 -1556.403647243  507.087486886
    0.142202283    1.266719606 -244.666888653 -367.965759528  538.693107686
    0.149264929    1.266719606 -243.727303539  591.895518327  590.190362037
    0.156327575    1.266719606 -236.895769600 1299.545017386  646.347724842
    0.163390221    1.266719606 -225.952103636 1759.352897626  693.249359956
    0.170452867    1.266719606 -212.591127460 1989.822604835  719.440206102
    0.177515513    1.266719606 -198.287838792 2035.573645168  728.003730649
    0.184578159    1.266719606 -184.078092728 1977.967926710  727.947847425
    0.191640805    1.266719606 -170.405274817 1891.642946549  733.157007671
    0.198703451    1.266719606 -157.381777238 1792.490322253  753.187518898
    0.205766097    1.266719606 -145.181569888 1650.274147177  785.218410123
    0.212828743    1.266719606 -134.255779078 1428.893863372  817.754126674
    0.219891389    1.266719606 -125.207034769 1121.085641037  835.423994614
    0.226954035    1.266719606 -118.543420800  760.905970491  827.534182069
    0.234016681    1.266719606 -114.452917065  399.747512481  792.572732519
    0.241079327    1.266719606 -112.797227260   81.079673246  737.830566244
    0.248141973    1.266719606 -113.105739742 -151.664280921  671.198835589
    0.255204619    1.266719606 -114.655073606 -264.862884621  604.131046017
    0.262267265    1.266719606 -116.570909808 -257.596366327  544.796432642
    0.269329911    1.266719606 -118.072150294 -156.167855447  495.283102684
    0.276392557    1.266719606 -118.705056032  -23.922869418  453.987292753
    0.283455203    1.266719606 -118.514872347   66.356379995  416.872960249
    0.290517849    1.266719606 -117.942557981   84.621606133  382.991272115
    0.297580495    1.266719606 -117.402678899   65.858306779  352.009548306
    0.304643141    1.266719606 -116.983057252   59.886494235  327.644758084
    0.311705787    1.266719606 -116.427902537  108.620979584  314.189577108
    0.318768433    1.266719606 -115.301090046  218.867889706  314.723633647
    0.325831079    1.266719606 -113.239018028  370.485312193  330.919448406
    0.332893725    1.266719606 -110.002758924  550.987819691  359.888138819
    0.339956371    1.266719606 -105.362777784  770.986656283  396.615920514
    0.347019017    1.266719606  -98.979421671 1045.342030636  433.760466221
    0.354081663    1.266719606  -90.484031217 1365.739651263  464.655217962
    0.361144310    1.266719606  -79.711500675 1676.709742597  480.632012920
    0.368206956    1.266719606  -67.018325938 1895.288181911  474.111991393
    0.375269602    1.266719606  -53.327432348 1951.528358085  440.788951129
    0.382332248    1.266719606  -39.882264822 1826.579369339  382.379225492
    0.389394894    1.266719606  -27.883820703 1552.176175768  306.600373364
    0.396457540    1.266719606  -18.139620948 1200.190338046  226.190543919
    0.403520186    1.266719606  -10.931835562  846.179940960  152.974904708
    0.410582832    1.266719606   -6.062102422  543.454129246   94.320933713
    0.417645478    1.266719606   -3.073832524  316.600808584   52.824235167
    0.424708124    1.266719606   -1.407408268  166.763336632   26.816974910
    0.431770770    1.266719606   -0.573925002   78.196729356   12.142137720
    0.438833416    1.266719606   -0.204504678   32.116310267    4.786500278
    0.445896062    1.266719606   -0.060935312   11.548862381    1.656556619
    0.452958708    1.266719606   -0.013683519    3.438363686    0.503094380
    0.460021354    1.266719606   -0.000828754    0.790100755    0.117818916
    0.467084000    1.266719606   -0.000000000   -0.000000000   -0.000000000

    0.022137300    1.284366423   -0.000000000   -0.000000000   -0.000000000
    0.029199946    1.284366423   -0.000000000   -0.000000000   -0.000000000
    0.036262592    1.284366423   -0.003310278   -2.336995400    0.041416817
    0.043325238    1.284366423   -0.066718301  -19.294935012    0.203783790
    0.050387884    1.284366423   -0.357345672  -71.381093575    1.790163683
    0.057450530    1.284366423   -1.293020098 -214.794402737    5.394147053
    0.064513176    1.284366423   -3.733324899 -506.317404456   15.748033177
    0.071575822    1.284366423   -8.941511854 -1008.638706485   36.759641501
    0.078638468    1.284366423  -18.589698569 -1765.482194646   70.543438340
    0.085701114    1.284366423  -34.394586564 -2738.486351840  120.253131616
    0.092763760    1.284366423  -57.444524365 -3782.118724110  186.649656278
    0.099826406    1.284366423  -87.373543857 -4638.118045564  269.465452649
    0.106889052    1.284366423 -121.851200337 -5030.438283630  364.568676310
    0.113951698    1.284366423 -156.938181883 -4797.558533678  465.361795589
    0.121014344    1.284366423 -188.211579249 -3974.155878474  560.901717485
    0.128076990    1.284366423 -212.185519252 -2775.669448174  639.657530504
    0.135139637    1.284366423 -227.187811867 -1478.712487302  693.586868757
    0.142202283    1.284366423 -233.362698321 -303.973872043  716.207389980
    0.149264929    1.284366423 -232.027848634  637.629061850  709.563860852
    0.156327575    1.284366423 -224.975862739 1314.564483282  677.701809344
    0.163390221    1.284366423 -214.057854335 1737.225095146  631.053679088
    0.170452867    1.284366423 -200.960301017 1937.249575980  576.792370517
    0.177515513    1.284366423 -187.085543332 1971.080688837  526.124762418
    0.184578159    1.284366423 -173.287621617 1932.358121009  486.293142651
    0.191640805    1.284366423 -159.803913959 1887.055569836  464.485506390
    0.198703451    1.284366423 -146.654579784 1829.940076192  461.802844844
    0.205766097    1.284366423 -134.095081383 1708.661850157  473.802790966
    0.212828743    1.284366423 -122.783638586 1472.095319547  486.058798752
    0.219891389    1.284366423 -113.584538810 1117.583056591  486.520899645
    0.226954035    1.284366423 -107.152964141  700.578969073  469.506493171
    0.234016681    1.284366423 -103.679092840  289.915472766  436.993875926
    0.241079327    1.284366423 -102.907491578  -54.735534588  395.156172038
    0.248141973    1.284366423 -104.199358846 -290.174023720  352.292575359
    0.255204619    1.284366423 -106.679575834 -388.991908766  316.141652873
    0.262267265    1.284366423 -109.394989711 -358.711411797  286.944259962
    0.269329911    1.284366423 -111.546080468 -240.097213119  264.455571647
    0.276392557    1.284366423 -112.735166571 -100.954325831  244.012624641
    0.283455203    1.284366423 -113.082112487   -8.232836754  222.468424706
    0.290517849    1.284366423 -113.021723223   16.559844810  200.046195865
    0.297580495    1.284366423 -112.918737500   13.409816151  183.176605711
    0.304643141    1.284366423 -112.758556187   41.399543044  180.418540021
    0.311705787    1.284366423 -112.162428533  139.416602185  199.990104862
    0.318768433    1.284366423 -110.633457735  301.574165913  245.473477921
    0.325831079    1.284366423 -107.826557666  495.879852762  312.383905966
    0.332893725    1.284366423 -103.617330612  696.962030342  390.969305153
    0.339956371    1.284366423  -97.948310034  912.783814531  467.505256378
    0.347019017    1.284366423  -90.650037407 1159.975911822  529.728625205
    0.354081663    1.284366423  -81.502512506 1431.661854323  567.544088673
    0.361144310    1.284366423  -70.489127121 1676.934549486  573.821951441
    0.368206956    1.284366423  -58.054150739 1820.710321417  546.099933959
    0.375269602    1.284366423  -45.139471299 1807.415612098  487.640577169
    0.382332248    1.284366423  -32.913008824 1630.012924783  405.554236870
    0.389394894    1.284366423  -22.391682487 1335.781802514  313.170757596
    0.396457540    1.284366423  -14.148929666  996.438885263  223.106448358
    0.403520186    1.284366423   -8.269724728  676.598113193  146.173365117
    0.410582832    1.284366423   -4.444840341  418.226247512   87.164529097
    0.417645478    1.284366423   -2.179174524  235.173973097   47.548744961
    0.424708124    1.284366423   -0.958753428  119.083682019   23.394118232
    0.431770770    1.284366423   -0.375081491   53.119666317   10.208500557
    0.438833416    1.284366423   -0.126299104   21.233648273    4.009270455
    0.445896062    1.284366423   -0.034109914    6.946180855    1.335169806
    0.452958708    1.284366423   -0.005834208    1.744432881    0.360820388
    0.460021354    1.284366423   -0.000010542    0.141842728    0.027320879
    0.467084000    1.284366423   -0.000000000   -0.000000000   -0.000000000

    0.022137300    1.302013239   -0.000000000   -0.000000000   -0.000000000
    0.029199946    1.302013239   -0.000000000   -0.000000000   -0.000000000
    0.036262592    1.302013239   -0.003297217   -2.529228239   -0.021547670
    0.043325238    1.302013239   -0.065494315  -18.364297703   -0.031748821
    0.050387884    1.302013239   -0.339263841  -67.293488945    0.490247898
    0.057450530    1.302013239   -1.237357983 -204.634980892    1.337090910
    0.064513176    1.302013239   -3.548079479 -478.581356372    6.327762469
    0.071575822    1.302013239   -8.490766005 -960.371954963   16.194849136
    0.078638468    1.302013239  -17.697531980 -1687.126845984   33.316921310
    0.085701114    1.302013239  -32.831463481 -2624.850510378   60.434985043
    0.092763760    1.302013239  -54.909837871 -3618.082019295  104.577039365
    0.099826406    1.302013239  -83.470279410 -4413.999558256  175.257252020
    0.106889052    1.302013239 -116.175523344 -4753.481015304  276.780202113
    0.113951698    1.302013239 -149.184735987 -4492.935941082  404.759934212
    0.121014344    1.302013239 -178.350173466 -3689.218479204  540.851084575
    0.128076990    1.302013239 -200.539371058 -2563.435989631  657.057268677
    0.135139637    1.302013239 -214.436558610 -1381.732104452  725.070916883
    0.142202283    1.302013239 -220.374629962 -331.670983903  728.935433605
    0.149264929    1.302013239 -219.632892677  503.842552927  672.275653519
    0.156327575    1.302013239 -213.776557800 1119.409697692  575.104283198
    0.163390221    1.302013239 -204.305132528 1529.052986559  464.632267462
    0.170452867    1.302013239 -192.628962690 1749.268485157  364.179585303
    0.177515513    1.302013239 -179.922606560 1831.267112098  288.374621233
    0.184578159    1.302013239 -166.909820418 1849.626494073  245.593602611
    0.191640805    1.302013239 -153.811330266 1858.146499175  229.240705524
    0.198703451    1.302013239 -140.716647427 1840.442124931  229.545181598
    0.205766097    1.302013239 -128.031672952 1730.844995480  234.180681743
    0.212828743    1.302013239 -116.624242089 1473.712688602  233.914957805
    0.219891389    1.302013239 -107.518824122 1088.034832650  223.906085048
    0.226954035    1.302013239 -101.404613492  640.072607544  205.376043256
    0.234016681    1.302013239  -98.420055799  214.276308908  183.523196613
    0.241079327    1.302013239  -98.176652244 -126.404728093  166.192817396
    0.248141973    1.302013239  -99.920315187 -344.508946202  158.072063935
    0.255204619    1.302013239 -102.721846027 -424.520176088  159.652755505
    0.262267265    1.302013239 -105.628314363 -379.343844935  167.293659249
    0.269329911    1.302013239 -107.901191913 -255.847457634  175.500755149
    0.276392557    1.302013239 -109.230315001 -125.039730324  179.107002730
    0.283455203    1.302013239 -109.777326480  -41.504525228  178.729978632
    0.290517849    1.302013239 -109.938415792  -11.093388827  176.485478516
    0.297580495    1.302013239 -109.937862754   15.929871342  182.016249654
    0.304643141    1.302013239 -109.579254248   99.445450137  206.868936018
    0.311705787    1.302013239 -108.327283194  267.889804254  259.341792978
    0.318768433    1.302013239 -105.655552011  494.133920309  340.216063655
    0.325831079    1.302013239 -101.335648038  725.481841949  440.481973746
    0.332893725    1.302013239  -95.469647384  929.052270578  544.293168730
    0.339956371    1.302013239  -88.284935747 1103.907955415  634.166738075
    0.347019017    1.302013239  -79.873797878 1279.181993463  693.119303929
    0.354081663    1.302013239  -70.207159931 1457.106140257  710.723837961
    0.361144310    1.302013239  -59.355375178 1605.257419020  683.937885326
    0.368206956    1.302013239  -47.746093564 1662.526687146  617.349601920
    0.375269602    1.302013239  -36.193394057 1584.464761232  521.250130582
    0.382332248    1.302013239  -25.674185493 1375.655947862  410.045172749
    0.389394894    1.302013239  -16.948452213 1086.710055394  299.973330437
    0.396457540    1.302013239  -10.364690069  780.094217153  203.181444715
    0.403520186    1.302013239   -5.849687943  507.981510657  126.471247136
    0.410582832    1.302013239   -3.026661295  302.648269524   72.578110604
    0.417645478    1.302013239   -1.420019045  162.966932503   37.902009763
    0.424708124    1.302013239   -0.593352014   78.470848553   17.845357356
    0.431770770    1.302013239   -0.216357062   33.758746487    7.702092518
    0.438833416    1.302013239   -0.065012221   12.455975288    2.904074687
    0.445896062    1.302013239   -0.014341307    3.858053312    0.922801831
    0.452958708    1.302013239   -0.000779232    0.700058613    0.180153540
    0.460021354    1.302013239   -0.000000000   -0.000000000   -0.000000000
    0.467084000    1.302013239   -0.000000000   -0.000000000   -0.000000000

    0.022137300    1.319660056   -0.000000000   -0.000000000   -0.000000000
    0.029199946    1.319660056   -0.000000000   -0.000000000   -0.000000000
    0.036262592    1.319660056   -0.004200886   -2.577441154   -0.050964797
    0.043325238    1.319660056   -0.065866363  -17.740773093    0.034915759
    0.050387884    1.319660056   -0.335138099  -68.728067492    0.020023113
    0.057450530    1.319660056   -1.225298984 -199.981323887    0.610289960
    0.064513176    1.319660056   -3.475041764 -466.188275416    2.966679488
    0.071575822    1.319660056   -8.292464914 -938.162758586    8.435403446
    0.078638468    1.319660056  -17.295781998 -1651.195425667   16.141722161
    0.085701114    1.319660056  -32.091616161 -2560.950760728   29.957953133
    0.092763760    1.319660056  -53.543101744 -3499.088567807   58.182746386
    0.099826406    1.319660056  -81.021307912 -4222.467258806  109.541208156
    0.106889052    1.319660056 -112.059523754 -4475.548556268  193.648631341
    0.113951698    1.319660056 -142.872554453 -4156.851336678  308.920429592
    0.121014344    1.319660056 -169.630983386 -3357.137121186  438.631076342
    0.128076990    1.319660056 -189.739364670 -2320.898977005  551.827259642
    0.135139637    1.319660056 -202.452912028 -1297.023691319  614.647452862
    0.142202283    1.319660056 -208.437816816 -427.862109891  606.380669045
    0.149264929    1.319660056 -208.918751174  263.455507488  529.461821930
    0.156327575    1.319660056 -205.052383009  810.098177325  408.198386237
    0.163390221    1.319660056 -197.771943497 1229.795557394  278.883404765
    0.170452867    1.319660056 -187.976866917 1522.054010972  173.632397456
    0.177515513    1.319660056 -176.526918561 1704.449087463  112.849752650
    0.184578159    1.319660056 -164.064399590 1814.627894572   96.979778305
    0.191640805    1.319660056 -151.009982377 1873.692655981  110.128589348
    0.198703451    1.319660056 -137.754254978 1865.323748622  130.171566415
    0.205766097    1.319660056 -124.954196799 1735.078649196  139.988995220
    0.212828743    1.319660056 -113.613908793 1451.302296493  134.233671187
    0.219891389    1.319660056 -104.743628627 1046.203752368  118.479265153
    0.226954035    1.319660056  -98.948530128  595.938492861  100.813885149
    0.234016681    1.319660056  -96.227623829  187.052052583   92.319487413
    0.241079327    1.319660056  -96.060730343 -121.324129448  100.164852056
    0.248141973    1.319660056  -97.653107012 -308.201122362  123.718254917
    0.255204619    1.319660056 -100.112639122 -367.256019987  159.028515799
    0.262267265    1.319660056 -102.594868931 -320.654424067  197.285709650
    0.269329911    1.319660056 -104.492906561 -211.511191359  229.956985254
    0.276392557    1.319660056 -105.566496771  -96.718415770  253.697489724
    0.283455203    1.319660056 -105.966456369  -24.112350182  270.468528927
    0.290517849    1.319660056 -106.004324236   12.203002507  286.640367242
    0.297580495    1.319660056 -105.721387485   76.732010462  311.769325605
    0.304643141    1.319660056 -104.722697936  221.459028841  356.972307529
    0.311705787    1.319660056 -102.369728644  458.301764890  426.302296977
    0.318768433    1.319660056  -98.144872310  739.337431323  516.773127775
    0.325831079    1.319660056  -91.998177322  991.108768798  617.677287011
    0.332893725    1.319660056  -84.328711961 1167.415996939  712.618360715
    0.339956371    1.319660056  -75.678539516 1273.226195805  784.002124916
    0.347019017    1.319660056  -66.432278559 1342.714036306  816.444940012
    0.354081663    1.319660056  -56.733187087 1402.052070453  801.305311152
    0.361144310    1.319660056  -46.681958024 1437.367947672  737.517789310
    0.368206956    1.319660056  -36.584255125 1408.569641091  634.979908798
    0.375269602    1.319660056  -27.015451488 1284.234581170  509.346187614
    0.382332248    1.319660056  -18.642138063 1074.502829287  380.492971640
    0.389394894    1.319660056  -11.943984476  819.195040866  263.771926367
    0.396457540    1.319660056   -7.065731258  565.993643531  169.056800781
    0.403520186    1.319660056   -3.843200985  355.441979210  100.077087330
    0.410582832    1.319660056   -1.903926327  202.789922767   54.571511665
    0.417645478    1.319660056   -0.847568213  104.817325800   27.182832467
    0.424708124    1.319660056   -0.326845703   48.170598171   12.476996308
    0.431770770    1.319660056   -0.104734529   18.394434789    4.981770373
    0.438833416    1.319660056   -0.025214244    5.633525298    1.623523751
    0.445896062    1.319660056   -0.002893613    1.317943980    0.412783054
    0.452958708    1.319660056   -0.000000000   -0.000000000   -0.000000000
    0.460021354    1.319660056   -0.000000000   -0.000000000   -0.000000000
    0.467084000    1.319660056   -0.000000000   -0.000000000   -0.000000000

    0.022137300    1.337306873   -0.000000000   -0.000000000   -0.000000000
    0.029199946    1.337306873   -0.000000000   -0.000000000   -0.000000000
    0.036262592    1.337306873   -0.004200873   -2.479539949    0.048158093
    0.043325238    1.337306873   -0.062698778  -17.563371054    0.329839361
    0.050387884    1.337306873   -0.330254976  -68.793173719    0.679269762
    0.057450530    1.337306873   -1.207346600 -195.615988377    1.814485098
    0.064513176    1.337306873   -3.407103633 -455.526552296    5.335851963
    0.071575822    1.337306873   -8.129234580 -921.336068389   11.580410896
    0.078638468    1.337306873  -17.000063097 -1627.475087721   20.678170818
    0.085701114    1.337306873  -31.562687741 -2516.784106867   34.738122475
    0.092763760    1.337306873  -52.584275903 -3419.228886783   57.162154057
    0.099826406    1.337306873  -79.295639152 -4081.647248039   93.039085620
    0.106889052    1.337306873 -109.099439790 -4265.176699829  148.196724450
    0.113951698    1.337306873 -138.206027830 -3889.934490099  223.071980004
    0.121014344    1.337306873 -163.021661904 -3085.720715874  308.723654096
    0.128076990    1.337306873 -181.424526098 -2123.425664477  383.627955002
    0.135139637    1.337306873 -193.217220587 -1242.714717857  423.999206253
    0.142202283    1.337306873 -199.403258730 -539.945409748  410.819981104
    0.149264929    1.337306873 -201.193985886   14.350393771  343.702803993
    0.156327575    1.337306873 -199.348689676  501.614966908  242.028050691
    0.163390221    1.337306873 -194.185073079  953.558283432  138.061608220
    0.170452867    1.337306873 -186.007660456 1350.178696379   64.743140177
    0.177515513    1.337306873 -175.319581129 1660.135459303   41.575591166
    0.184578159    1.337306873 -162.797045361 1868.251772377   64.791768439
    0.191640805    1.337306873 -149.191362864 1964.002131088  112.941705339
    0.198703451    1.337306873 -135.359630342 1930.638470303  158.252238028
    0.205766097    1.337306873 -122.278001783 1749.009570140  181.321196198
    0.212828743    1.337306873 -111.012241699 1419.602231005  179.974317473
    0.219891389    1.337306873 -102.450214095  998.641178608  162.954476088
    0.226954035    1.337306873  -96.945418803  566.812958611  148.159612902
    0.234016681    1.337306873  -94.276770758  203.468045300  149.930347052
    0.241079327    1.337306873  -93.819021491  -55.665777364  173.391930373
    0.248141973    1.337306873  -94.796365332 -204.358377771  217.240317592
    0.255204619    1.337306873  -96.449689756 -247.996045388  270.053412974
    0.262267265    1.337306873  -98.097083909 -208.607971995  323.510740472
    0.269329911    1.337306873  -99.284873173 -122.232467745  369.089181517
    0.276392557    1.337306873  -99.823261215  -32.438739723  404.137964806
    0.283455203    1.337306873  -99.818635637   28.933241748  432.130901164
    0.290517849    1.337306873  -99.449189173   78.717143211  461.409491713
    0.297580495    1.337306873  -98.592703990  177.175016257  499.434672766
    0.304643141    1.337306873  -96.722682722  369.759399653  551.129644228
    0.311705787    1.337306873  -93.154463099  652.368187221  616.387503335
    0.318768433    1.337306873  -87.453752907  958.728285333  688.770050228
    0.325831079    1.337306873  -79.755212597 1203.904228405  758.849560898
    0.332893725    1.337306873  -70.717199176 1334.788838706  814.298811620
    0.339956371    1.337306873  -61.159904708 1356.891262365  842.504077490
    0.347019017    1.337306873  -51.694875483 1317.516791309  833.598388791
    0.354081663    1.337306873  -42.587916330 1259.937278178  782.973525907
    0.361144310    1.337306873  -33.918864745 1191.920773748  692.331743346
    0.368206956    1.337306873  -25.815212517 1096.346447194  572.869544346
    0.375269602    1.337306873  -18.546613178  952.972744594  441.697547812
    0.382332248    1.337306873  -12.452608154  767.198921773  316.070344696
    0.389394894    1.337306873   -7.752074003  564.847014155  209.159410484
    0.396457540    1.337306873   -4.440927809  377.253716923  127.706057187
    0.403520186    1.337306873   -2.325937856  229.648049202   72.474348162
    0.410582832    1.337306873   -1.095894420  126.240334709   37.825312940
    0.417645478    1.337306873   -0.449288934   62.376269108   18.149950588
    0.424708124    1.337306873   -0.150137944   25.889767635    7.618719203
    0.431770770    1.337306873   -0.038114961    8.496338342    2.655789438
    0.438833416    1.337306873   -0.004982159    2.032379642    0.700757688
    0.445896062    1.337306873   -0.000000000   -0.000000000   -0.000000000
    0.452958708    1.337306873   -0.000000000   -0.000000000   -0.000000000
    0.460021354    1.337306873   -0.000000000   -0.000000000   -0.000000000
    0.467084000    1.337306873   -0.000000000   -0.000000000   -0.000000000

    0.022137300    1.354953690   -0.000000000   -0.000000000   -0.000000000
    0.029199946    1.354953690   -0.000000000   -0.000000000   -0.000000000
    0.036262592    1.354953690   -0.002891806   -1.746723688    0.089394888
    0.043325238    1.354953690   -0.053834521  -15.323118288    0.685112693
    0.050387884    1.354953690   -0.309054824  -66.204684027    1.700218101
    0.057450530    1.354953690   -1.152573027 -187.611542958    4.336249753
    0.064513176    1.354953690   -3.270873932 -440.499048685    9.847613503
    0.071575822    1.354953690   -7.854003440 -896.115157671   20.093676862
    0.078638468    1.354953690  -16.497767985 -1590.413259444   36.649452926
    0.085701114    1.354953690  -30.756291528 -2466.517125311   57.713498542
    0.092763760    1.354953690  -51.373224648 -3354.677028097   81.607488314
    0.099826406    1.354953690  -77.561582356 -3996.829815461  105.534563082
    0.106889052    1.354953690 -106.669724572 -4152.831342325  129.243489947
    0.113951698    1.354953690 -134.911343075 -3757.205816633  151.929230213
    0.121014344    1.354953690 -158.762295088 -2949.969106545  174.817430094
    0.128076990    1.354953690 -176.307640810 -2023.637140534  195.837445523
    0.135139637    1.354953690 -187.644986143 -1219.948415234  206.542507426
    0.142202283    1.354953690 -194.037012300 -621.675578476  198.501508518
    0.149264929    1.354953690 -196.748808759 -157.375718340  165.049422888
    0.156327575    1.354953690 -196.288666345  292.396405134  112.863135884
    0.163390221    1.354953690 -192.510990621  783.629847866   62.877835114
    0.170452867    1.354953690 -185.188453318 1285.434550049   40.139111657
    0.177515513    1.354953690 -174.525006665 1714.815340135   59.173685287
    0.184578159    1.354953690 -161.282658814 2009.475809063  115.733413534
    0.191640805    1.354953690 -146.576769687 2123.805509801  190.268237262
    0.198703451    1.354953690 -131.744700361 2045.311970755  257.873723369
    0.205766097    1.354953690 -118.106256767 1789.551000971  298.206040216
    0.212828743    1.354953690 -106.781641394 1400.736839043  308.463033522
    0.219891389    1.354953690  -98.432674237  962.358318654  302.875731138
    0.226954035    1.354953690  -93.112230021  557.335820063  297.582093285
    0.234016681    1.354953690  -90.343307527  244.991588974  307.372224273
    0.241079327    1.354953690  -89.403052607   39.067048465  336.579273044
    0.248141973    1.354953690  -89.575144400  -74.639746216  381.770000857
    0.255204619    1.354953690  -90.265074094 -108.525427386  434.950684077
    0.262267265    1.354953690  -90.957293976  -81.105801587  487.511787284
    0.269329911    1.354953690  -91.328909631  -20.054565498  532.131914113
    0.276392557    1.354953690  -91.227774522   48.046138071  568.194364937
    0.283455203    1.354953690  -90.678028311  106.021193412  601.410121105
    0.290517849    1.354953690  -89.721297494  170.384631730  636.840835170
    0.297580495    1.354953690  -88.139829055  291.578579331  679.416852011
    0.304643141    1.354953690  -85.383438583  504.864339921  726.530849142
    0.311705787    1.354953690  -80.827841222  792.938247263  770.691645717
    0.318768433    1.354953690  -74.172206004 1085.628767054  804.395442176
    0.325831079    1.354953690  -65.684473629 1297.501268708  821.821485429
    0.332893725    1.354953690  -56.168581731 1373.809631138  819.725218520
    0.339956371    1.354953690  -46.584245275 1323.493531085  794.677754743
    0.347019017    1.354953690  -37.649646197 1199.849727788  743.633401308
    0.354081663    1.354953690  -29.683875546 1055.466254308  666.643518912
    0.361144310    1.354953690  -22.718314971  918.205071862  567.325802260
    0.368206956    1.354953690  -16.698946142  786.210114346  453.762401200
    0.375269602    1.354953690  -11.634031629  646.159983960  338.511625507
    0.382332248    1.354953690   -7.589273284  498.571923359  234.512088882
    0.389394894    1.354953690   -4.584219854  354.764280389  150.199210261
    0.396457540    1.354953690   -2.535742969  229.447451968   88.686421039
    0.403520186    1.354953690   -1.266344785  135.289441980   48.308429906
    0.410582832    1.354953690   -0.554404263   71.528237887   24.010562461
    0.417645478    1.354953690   -0.197722297   32.765084441   10.585585238
    0.424708124    1.354953690   -0.051741565   11.213343763    3.730084001
    0.431770770    1.354953690   -0.007663438    2.866789123    0.943356221
    0.438833416    1.354953690   -0.000233246    0.163631727    0.049441189
    0.445896062    1.354953690   -0.000000000   -0.000000000   -0.000000000
    0.452958708    1.354953690   -0.000000000   -0.000000000   -0.000000000
    0.460021354    1.354953690   -0.000000000   -0.000000000   -0.000000000
    0.467084000    1.354953690   -0.000000000   -0.000000000   -0.000000000

    0.022137300    1.372600507   -0.000000000   -0.000000000   -0.000000000
    0.029199946    1.372600507   -0.000000000   -0.000000000   -0.000000000
    0.036262592    1.372600507   -0.001163657   -0.946572386    0.084475485
    0.043325238    1.372600507   -0.039631681  -13.151089277    0.869585901
    0.050387884    1.372600507   -0.272686206  -61.106429944    2.449162023
    0.057450530    1.372600507   -1.057358204 -176.446929635    6.348386350
    0.064513176    1.372600507   -3.062781964 -418.346163908   13.269942943
    0.071575822    1.372600507   -7.434898277 -857.487680885   26.415626540
    0.078638468    1.372600507  -15.741766316 -1533.517305925   47.475938658
    0.085701114    1.372600507  -29.563381332 -2401.825519256   74.538613483
    0.092763760    1.372600507  -49.748434550 -3299.646517016   98.618987178
    0.099826406    1.372600507  -75.606715969 -3961.176965778  112.017637852
    0.106889052    1.372600507 -104.564452012 -4145.845086657  106.926050633
    0.113951698    1.372600507 -132.828885873 -3769.387344547   83.282545640
    0.121014344    1.372600507 -156.794113119 -2966.562069313   50.477379043
    0.128076990    1.372600507 -174.429533844 -2029.649212980   22.419447662
    0.135139637    1.372600507 -185.792582702 -1222.956998171   10.287696207
    0.142202283    1.372600507 -192.244039464 -638.789973877   12.472674090
    0.149264929    1.372600507 -195.169863889 -201.335316851   22.612944013
    0.156327575    1.372600507 -195.086321263  235.143617449   32.401826600
    0.163390221    1.372600507 -191.638883020  755.358361846   44.332970622
    0.170452867    1.372600507 -184.279448126 1330.502286592   69.644378749
    0.177515513    1.372600507 -172.983306541 1850.371311361  120.155950528
    0.184578159    1.372600507 -158.534132446 2207.299622285  197.215684761
    0.191640805    1.372600507 -142.367094508 2328.415970332  285.297320118
    0.198703451    1.372600507 -126.215327830 2206.997299953  365.403961375
    0.205766097    1.372600507 -111.699740905 1874.193118095  424.227707349
    0.212828743    1.372600507 -100.009806724 1424.830221508  455.426910505
    0.219891389    1.372600507  -91.603338459  962.634661075  469.655755439
    0.226954035    1.372600507  -86.242774917  573.126370970  480.344577577
    0.234016681    1.372600507  -83.242376592  296.949481312  497.048733691
    0.241079327    1.372600507  -81.797748999  127.989000419  524.309493747
    0.248141973    1.372600507  -81.242431926   41.350617132  560.580359371
    0.255204619    1.372600507  -81.089504479   11.101328735  601.490881675
    0.262267265    1.372600507  -80.968563946   28.142162446  640.401104654
    0.269329911    1.372600507  -80.629384914   71.336003379  675.450303893
    0.276392557    1.372600507  -79.923921555  130.070119573  707.183419530
    0.283455203    1.372600507  -78.796427417  190.012950093  738.318510719
    0.290517849    1.372600507  -77.203948963  266.918043265  773.154298730
    0.297580495    1.372600507  -74.908694719  394.314597401  810.057371022
    0.304643141    1.372600507  -71.456718250  595.061379904  840.572587190
    0.311705787    1.372600507  -66.381348856  846.944889522  854.493533480
    0.318768433    1.372600507  -59.517720727 1089.112265885  844.252321730
    0.325831079    1.372600507  -51.199722349 1246.435529825  808.645067000
    0.332893725    1.372600507  -42.225476956 1272.374232177  751.490597271
    0.339956371    1.372600507  -33.521520256 1176.023934856  679.510649514
    0.347019017    1.372600507  -25.780176993 1009.496844934  597.712095134
    0.354081663    1.372600507  -19.300653499  826.765131763  508.442647166
    0.361144310    1.372600507  -14.055856730  662.502228574  414.141380915
    0.368206956    1.372600507   -9.879962520  523.538526748  319.436265819
    0.375269602    1.372600507   -6.618601591  402.372923306  230.943526894
    0.382332248    1.372600507   -4.163698594  294.782808360  155.318132595
    0.389394894    1.372600507   -2.420547804  201.595933029   96.494938606
    0.396457540    1.372600507   -1.279387484  125.450682820   54.928254299
    0.403520186    1.372600507   -0.596574251   70.944343751   28.520733748
    0.410582832    1.372600507   -0.230845208   35.379759321   13.124672048
    0.417645478    1.372600507   -0.064950875   13.436520513    4.723659618
    0.424708124    1.372600507   -0.011384708    3.036210373    0.985876363
    0.431770770    1.372600507   -0.000661218    0.410302614    0.139358660
    0.438833416    1.372600507   -0.000000000   -0.000000000   -0.000000000
    0.445896062    1.372600507   -0.000000000   -0.000000000   -0.000000000
    0.452958708    1.372600507   -0.000000000   -0.000000000   -0.000000000
    0.460021354    1.372600507   -0.000000000   -0.000000000   -0.000000000
    0.467084000    1.372600507   -0.000000000   -0.000000000   -0.000000000

    0.022137300    1.390247324   -0.000000000   -0.000000000   -0.000000000
    0.029199946    1.390247324   -0.000000000   -0.000000000   -0.000000000
    0.036262592    1.390247324   -0.000206099   -0.520279965    0.041648622
    0.043325238    1.390247324   -0.025073340  -10.560905751    0.712579759
    0.050387884    1.390247324   -0.226302564  -53.552966033    2.645700336
    0.057450530    1.390247324   -0.939672988 -163.186334585    6.737700724
    0.064513176    1.390247324   -2.819746239 -394.792154432   13.712405690
    0.071575822    1.390247324   -6.960766446 -815.202614184   26.326454434
    0.078638468    1.390247324  -14.895522961 -1471.968652644   45.943214393
    0.085701114    1.390247324  -28.257977005 -2336.966825110   70.069266246
    0.092763760    1.390247324  -48.050081183 -3256.133074628   89.367476555
    0.099826406    1.390247324  -73.767648483 -3968.170427690   92.173090919
    0.106889052    1.390247324 -103.004111243 -4217.272339788   67.596486624
    0.113951698    1.390247324 -131.967313828 -3890.594922617   15.968327141
    0.121014344    1.390247324 -156.835779622 -3094.276687667  -48.818186254
    0.128076990    1.390247324 -175.238709296 -2112.100316050 -103.363746831
    0.135139637    1.390247324 -186.924638551 -1232.174654965 -125.086353712
    0.142202283    1.390247324 -193.200661824 -583.888278656 -107.029249334
    0.149264929    1.390247324 -195.596484256 -113.324485638  -59.244756946
    0.156327575    1.390247324 -194.857433733  329.748681774    0.675767346
    0.163390221    1.390247324 -190.740455848  853.974780199   60.352205601
    0.170452867    1.390247324 -182.610227973 1455.058223404  119.684270614
    0.177515513    1.390247324 -170.258125844 2025.542326058  186.296462561
    0.184578159    1.390247324 -154.407777333 2423.330006961  265.575323316
    0.191640805    1.390247324 -136.679039791 2550.066725426  353.410091549
    0.198703451    1.390247324 -119.050761031 2396.686822669  439.046219939
    0.205766097    1.390247324 -103.380714846 2010.313277851  510.630614712
    0.212828743    1.390247324  -90.931325853 1507.501676232  564.425366177
    0.219891389    1.390247324  -82.055724314 1015.949510182  602.797209114
    0.226954035    1.390247324  -76.354830931  619.818733354  630.985846799
    0.234016681    1.390247324  -72.987636816  354.287681541  656.271029994
    0.241079327    1.390247324  -71.076720736  201.074277722  681.998837603
    0.248141973    1.390247324  -69.968188627  123.444860719  708.403971423
    0.255204619    1.390247324  -69.223173258   94.637118351  734.092484083
    0.262267265    1.390247324  -68.548431844  103.329419920  757.576864779
    0.269329911    1.390247324  -67.705937273  139.089858137  779.239136668
    0.276392557    1.390247324  -66.532032282  195.447836301  800.306595345
    0.283455203    1.390247324  -64.920411140  262.647349375  822.365448136
    0.290517849    1.390247324  -62.795716248  344.441526699  846.299864533
    0.297580495    1.390247324  -59.975308227  460.797670606  867.589797503
    0.304643141    1.390247324  -56.182122779  620.392124190  875.033226977
    0.311705787    1.390247324  -51.142552874  808.431199445  857.630018932
    0.318768433    1.390247324  -44.804879716  978.585901764  810.190571034
    0.325831079    1.390247324  -37.497016905 1074.051356835  734.676510212
    0.332893725    1.390247324  -29.892162363 1060.930035541  640.543492001
    0.339956371    1.390247324  -22.742040851  950.165490396  540.320311886
    0.347019017    1.390247324  -16.608728542  781.195654463  442.732921816
    0.354081663    1.390247324  -11.728466126  602.626018296  352.859353780
    0.361144310    1.390247324   -8.038941706  447.295316474  271.712148972
    0.368206956    1.390247324   -5.333398745  324.115927206  200.123333981
    0.375269602    1.390247324   -3.387595625  230.768531247  139.210527015
    0.382332248    1.390247324   -2.024261270  158.628623235   90.455311048
    0.389394894    1.390247324   -1.114372957  101.819576948   53.851286239
    0.396457540    1.390247324   -0.549826789   60.216233736   29.107254141
    0.403520186    1.390247324   -0.231185042   32.162937933   13.912928867
    0.410582832    1.390247324   -0.073389370   13.772568730    5.434793293
    0.417645478    1.390247324   -0.014893502    4.005636455    1.505635014
    0.424708124    1.390247324   -0.001222465    0.880209533    0.321770063
    0.431770770    1.390247324   -0.000000000   -0.000000000   -0.000000000
    0.438833416    1.390247324   -0.000000000   -0.000000000   -0.000000000
    0.445896062    1.390247324   -0.000000000   -0.000000000   -0.000000000
    0.452958708    1.390247324   -0.000000000   -0.000000000   -0.000000000
    0.460021354    1.390247324   -0.000000000   -0.000000000   -0.000000000
    0.467084000    1.390247324   -0.000000000   -0.000000000   -0.000000000

    0.022137300    1.407894141   -0.000000000   -0.000000000   -0.000000000
    0.029199946    1.407894141   -0.000000000   -0.000000000   -0.000000000
    0.036262592    1.407894141   -0.000202813   -0.223460062   -0.010828065
    0.043325238    1.407894141   -0.017568710   -7.880933820    0.177112814
    0.050387884    1.407894141   -0.185031011  -47.009456476    1.937297215
    0.057450530    1.407894141   -0.831126416 -151.628917760    5.257812820
    0.064513176    1.407894141   -2.598003391 -373.255492872   10.929201973
    0.071575822    1.407894141   -6.547323167 -781.745597114   19.683734597
    0.078638468    1.407894141  -14.193421504 -1424.643279930   32.808208368
    0.085701114    1.407894141  -27.198600492 -2288.592308858   48.487112534
    0.092763760    1.407894141  -46.713626120 -3233.523171440   59.455920508
    0.099826406    1.407894141  -72.456482618 -4003.922169847   55.279550708
    0.106889052    1.407894141 -102.199802974 -4326.371812732   25.056871712
    0.113951698    1.407894141 -132.144760983 -4052.472874469  -29.873051989
    0.121014344    1.407894141 -158.209760585 -3259.721143493  -95.941592927
    0.128076990    1.407894141 -177.592769558 -2214.097977492 -148.095498478
    0.135139637    1.407894141 -189.626319717 -1224.213666544 -163.537711610
    0.142202283    1.407894141 -195.468218714 -473.035539631 -133.621095927
    0.149264929    1.407894141 -196.835601300   59.053398407  -69.013035152
    0.156327575    1.407894141 -194.815171791  513.438541912   10.401691449
    0.163390221    1.407894141 -189.433895532 1026.425650155   89.112677775
    0.170452867    1.407894141 -180.110368486 1621.937732606  160.651778018
    0.177515513    1.407894141 -166.549525392 2204.479079004  230.004215412
    0.184578159    1.407894141 -149.345406133 2627.638541625  304.232512604
    0.191640805    1.407894141 -130.114180218 2766.910747649  385.271733816
    0.198703451    1.407894141 -110.986712215 2599.229052033  468.744443186
    0.205766097    1.407894141  -93.984730710 2183.468871737  546.642154164
    0.212828743    1.407894141  -80.442083255 1644.356066993  614.627078540
    0.219891389    1.407894141  -70.720643458 1118.980995496  669.676455848
    0.226954035    1.407894141  -64.381181403  701.275117523  712.216275254
    0.234016681    1.407894141  -60.503010687  420.005420319  743.916122016
    0.241079327    1.407894141  -58.161792647  258.462158180  767.185226191
    0.248141973    1.407894141  -56.675471014  172.191197245  783.692051913
    0.255204619    1.407894141  -55.605375678  137.295210339  795.646942612
    0.262267265    1.407894141  -54.642370639  141.160663998  805.289972259
    0.269329911    1.407894141  -53.542863169  175.399671638  813.079143455
    0.276392557    1.407894141  -52.112244759  231.754453891  820.891538332
    0.283455203    1.407894141  -50.234783486  301.148597163  828.174877485
    0.290517849    1.407894141  -47.836148344  380.256488161  834.388800486
    0.297580495    1.407894141  -44.834924547  472.046364867  833.266600591
    0.304643141    1.407894141  -41.129168996  580.369591215  816.539577676
    0.311705787    1.407894141  -36.619486612  695.960740725  775.439317845
    0.318768433    1.407894141  -31.339723803  792.558641808  705.747897631
    0.325831079    1.407894141  -25.556923542  833.032933754  612.317133705
    0.332893725    1.407894141  -19.751972789  797.632990543  506.316419649
    0.339956371    1.407894141  -14.451705091  693.905392641  400.799611869
    0.347019017    1.407894141  -10.043712813  551.243393862  305.746969679
    0.354081663    1.407894141   -6.673196616  405.191089926  226.285556938
    0.361144310    1.407894141   -4.264759047  281.126721276  162.445330213
    0.368206956    1.407894141   -2.629512157  187.907700136  112.376560146
    0.375269602    1.407894141   -1.548888385  122.175377699   74.029139246
    0.382332248    1.407894141   -0.856042495   76.248498138   45.558362472
    0.389394894    1.407894141   -0.433863513   45.186342080   25.717398442
    0.396457540    1.407894141   -0.192344516   24.877092071   13.130015105
    0.403520186    1.407894141   -0.065796128   11.972869234    5.782990971
    0.410582832    1.407894141   -0.013969620    3.703584262    1.680355956
    0.417645478    1.407894141   -0.001173128    0.683173140    0.303718137
    0.424708124    1.407894141   -0.000000000   -0.000000000   -0.000000000
    0.431770770    1.407894141   -0.000000000   -0.000000000   -0.000000000
    0.438833416    1.407894141   -0.000000000   -0.000000000   -0.000000000
    0.445896062    1.407894141   -0.000000000   -0.000000000   -0.000000000
    0.452958708    1.407894141   -0.000000000   -0.000000000   -0.000000000
    0.460021354    1.407894141   -0.000000000   -0.000000000   -0.000000000
    0.467084000    1.407894141   -0.000000000   -0.000000000   -0.000000000

    0.022137300    1.425540958   -0.000000000   -0.000000000   -0.000000000
    0.029199946    1.425540958   -0.000000000   -0.000000000   -0.000000000
    0.036262592    1.425540958   -0.000331956   -0.245214622   -0.003449347
    0.043325238    1.425540958   -0.017423464   -7.055188653   -0.121141294
    0.050387884    1.425540958   -0.161428462  -41.835165027    0.617874478
    0.057450530    1.425540958   -0.757508407 -141.630248298    2.715382126
    0.064513176    1.425540958   -2.447341825 -359.673906471    5.990834194
    0.071575822    1.425540958   -6.281094596 -761.607808691   10.306645112
    0.078638468    1.425540958  -13.763223103 -1398.889857024   15.613301198
    0.085701114    1.425540958  -26.581180325 -2262.551144566   21.801027733
    0.092763760    1.425540958  -45.966699035 -3225.776155688   25.738636965
    0.099826406    1.425540958  -71.806085466 -4040.056954134   20.562357269
    0.106889052    1.425540958 -102.005760319 -4418.133968659    0.837387537
    0.113951698    1.425540958 -132.763733280 -4186.777161805  -33.905460010
    0.121014344    1.425540958 -159.799792126 -3391.376243431  -74.442127519
    0.128076990    1.425540958 -179.923162856 -2283.490787267 -103.298281111
    0.135139637    1.425540958 -192.113711813 -1196.308919052 -104.699150986
    0.142202283    1.425540958 -197.396292923 -347.450224640  -72.780308045
    0.149264929    1.425540958 -197.643972576  242.542999008  -12.982239413
    0.156327575    1.425540958 -194.258636876  710.178276432   58.585420505
    0.163390221    1.425540958 -187.524177708 1210.237943105  129.834280572
    0.170452867    1.425540958 -176.963122291 1791.668376753  197.343261007
    0.177515513    1.425540958 -162.201007599 2377.426365292  263.911168090
    0.184578159    1.425540958 -143.744694616 2809.782634346  330.269844336
    0.191640805    1.425540958 -123.177179769 2963.028452127  401.430983705
    0.198703451    1.425540958 -102.655542196 2795.626048903  474.926616768
    0.205766097    1.425540958  -84.304069137 2365.919655337  546.905885764
    0.212828743    1.425540958  -69.551185892 1802.373380908  613.089566622
    0.219891389    1.425540958  -58.820813072 1247.765695798  669.339472151
    0.226954035    1.425540958  -51.684585999  794.265858464  713.580924791
    0.234016681    1.425540958  -47.251968892  484.064078492  743.135623727
    0.241079327    1.425540958  -44.551418493  298.054929900  760.413435333
    0.248141973    1.425540958  -42.846465174  195.461775815  768.318689203
    0.255204619    1.425540958  -41.652557286  151.672529445  771.486643967
    0.262267265    1.425540958  -40.614481533  148.271139826  770.863796290
    0.269329911    1.425540958  -39.476117434  178.909029371  768.006540010
    0.276392557    1.425540958  -38.033006097  232.558462283  762.445800589
    0.283455203    1.425540958  -36.163348833  297.040769842  754.320428327
    0.290517849    1.425540958  -33.827812460  363.738765595  741.412158481
    0.297580495    1.425540958  -31.032990055  426.966676256  720.004626461
    0.304643141    1.425540958  -27.800348652  488.229028494  684.276613574
    0.311705787    1.425540958  -24.151578364  543.169246978  629.922443735
    0.318768433    1.425540958  -20.168175961  580.021361862  555.248197118
    0.325831079    1.425540958  -16.036067100  582.686859594  464.568541653
    0.332893725    1.425540958  -12.045943353  539.886387710  368.031768855
    0.339956371    1.425540958   -8.505353978  456.808070529  276.520847931
    0.347019017    1.425540958   -5.641214745  352.312537029  197.965130470
    0.354081663    1.425540958   -3.524978089  249.247912809  136.150215607
    0.361144310    1.425540958   -2.084738147  162.415420817   90.111818531
    0.368206956    1.425540958   -1.168174963  100.643335952   57.878806162
    0.375269602    1.425540958   -0.612871096   58.997208207   35.346481808
    0.382332248    1.425540958   -0.297826586   32.572013944   20.136503794
    0.389394894    1.425540958   -0.128175888   16.788141206   10.428842874
    0.396457540    1.425540958   -0.042029361    7.851825839    4.612919832
    0.403520186    1.425540958   -0.008345143    2.531590171    1.416201258
    0.410582832    1.425540958   -0.000412114    0.195719953    0.106328620
    0.417645478    1.425540958   -0.000000000   -0.000000000   -0.000000000
    0.424708124    1.425540958   -0.000000000   -0.000000000   -0.000000000
    0.431770770    1.425540958   -0.000000000   -0.000000000   -0.000000000
    0.438833416    1.425540958   -0.000000000   -0.000000000   -0.000000000
    0.445896062    1.425540958   -0.000000000   -0.000000000   -0.000000000
    0.452958708    1.425540958   -0.000000000   -0.000000000   -0.000000000
    0.460021354    1.425540958   -0.000000000   -0.000000000   -0.000000000
    0.467084000    1.425540958   -0.000000000   -0.000000000   -0.000000000

    0.022137300    1.443187775   -0.000000000   -0.000000000   -0.000000000
    0.029199946    1.443187775   -0.000000000   -0.000000000   -0.000000000
    0.036262592    1.443187775   -0.000382368   -0.321152934   -0.008050456
    0.043325238    1.443187775   -0.020523253   -7.763041513   -0.194778850
    0.050387884    1.443187775   -0.163501376  -39.779586868   -0.673711497
    0.057450530    1.443187775   -0.736763693 -139.231332799   -0.421109695
    0.064513176    1.443187775   -2.394334350 -355.444344255   -0.017021415
    0.071575822    1.443187775   -6.189956632 -755.502330365    0.214514342
    0.078638468    1.443187775  -13.631234275 -1392.912258167   -0.243160166
    0.085701114    1.443187775  -26.406304109 -2257.081364413   -1.129105531
    0.092763760    1.443187775  -45.769413940 -3227.414977495   -1.668647787
    0.099826406    1.443187775  -71.665716250 -4057.600453925   -3.471289915
    0.106889052    1.443187775 -102.059159824 -4458.127322867   -5.232190463
    0.113951698    1.443187775 -133.169594271 -4244.327986225  -10.584611840
    0.121014344    1.443187775 -160.595405694 -3438.496816961  -11.965595465
    0.128076990    1.443187775 -180.925019759 -2291.061743021   -5.829125955
    0.135139637    1.443187775 -192.970121951 -1145.390547564   13.059078814
    0.142202283    1.443187775 -197.690131112 -241.106916310   44.031537126
    0.149264929    1.443187775 -197.037196008  386.858571525   85.888300271
    0.156327575    1.443187775 -192.571017058  868.631599562  136.621601258
    0.163390221    1.443187775 -184.715419580 1369.069783218  193.096682417
    0.170452867    1.443187775 -173.031100012 1950.669528922  252.756674972
    0.177515513    1.443187775 -157.143736016 2536.746777847  314.410139448
    0.184578159    1.443187775 -137.570766600 2969.199386086  374.572703863
    0.191640805    1.443187775 -115.851208696 3127.354721276  433.808044204
    0.198703451    1.443187775  -94.184776030 2954.854703464  488.276903131
    0.205766097    1.443187775  -74.739609372 2516.558099677  537.688563027
    0.212828743    1.443187775  -58.980213870 1935.778264059  581.723665274
    0.219891389    1.443187775  -47.392123545 1355.925496617  619.497457703
    0.226954035    1.443187775  -39.594574171  871.894536954  647.598519076
    0.234016681    1.443187775  -34.731449853  528.505244797  665.020930498
    0.241079327    1.443187775  -31.807666393  317.222666364  672.265426234
    0.248141973    1.443187775  -30.031042205  198.653223486  672.660182229
    0.255204619    1.443187775  -28.846382783  145.758419402  668.721524394
    0.262267265    1.443187775  -27.877387675  135.093455539  662.536990676
    0.269329911    1.443187775  -26.855105511  157.794638060  652.564013917
    0.276392557    1.443187775  -25.594671958  201.733358692  638.256440959
    0.283455203    1.443187775  -23.983587838  254.811040867  618.160621357
    0.290517849    1.443187775  -22.003704726  303.777956418  591.857724449
    0.297580495    1.443187775  -19.716096357  341.650201287  557.796305218
    0.304643141    1.443187775  -17.205750155  367.503100166  513.423180804
    0.311705787    1.443187775  -14.548019970  382.590758555  457.395792212
    0.318768433    1.443187775  -11.827771673  385.052967237  390.655907637
    0.325831079    1.443187775   -9.157340364  368.156139198  317.156402934
    0.332893725    1.443187775   -6.683402751  328.918183045  243.125377082
    0.339956371    1.443187775   -4.559599660  269.705014688  174.674095172
    0.347019017    1.443187775   -2.890103108  202.381697489  118.445264181
    0.354081663    1.443187775   -1.695753189  137.774445183   75.618742157
    0.361144310    1.443187775   -0.914891439   85.485259972   45.932116375
    0.368206956    1.443187775   -0.449785289   48.454464209   26.203342009
    0.375269602    1.443187775   -0.197384612   25.086656144   14.212591132
    0.382332248    1.443187775   -0.073263142   11.683622832    6.977856166
    0.389394894    1.443187775   -0.019452045    4.336110497    2.697043680
    0.396457540    1.443187775   -0.002568443    0.912107619    0.579214932
    0.403520186    1.443187775   -0.000000000   -0.000000000   -0.000000000
    0.410582832    1.443187775   -0.000000000   -0.000000000   -0.000000000
    0.417645478    1.443187775   -0.000000000   -0.000000000   -0.000000000
    0.424708124    1.443187775   -0.000000000   -0.000000000   -0.000000000
    0.431770770    1.443187775   -0.000000000   -0.000000000   -0.000000000
    0.438833416    1.443187775   -0.000000000   -0.000000000   -0.000000000
    0.445896062    1.443187775   -0.000000000   -0.000000000   -0.000000000
    0.452958708    1.443187775   -0.000000000   -0.000000000   -0.000000000
    0.460021354    1.443187775   -0.000000000   -0.000000000   -0.000000000
    0.467084000    1.443187775   -0.000000000   -0.000000000   -0.000000000

    0.022137300    1.460834592   -0.000000000   -0.000000000   -0.000000000
    0.029199946    1.460834592   -0.000000000   -0.000000000   -0.000000000
    0.036262592    1.460834592   -0.000711021   -0.373987627   -0.028352926
    0.043325238    1.460834592   -0.024760712   -8.665510939   -0.279277965
    0.050387884    1.460834592   -0.181708370  -42.502583874   -1.164972885
    0.057450530    1.460834592   -0.772082319 -140.615727314   -3.312032700
    0.064513176    1.460834592   -2.442491630 -357.393776568   -5.434562801
    0.071575822    1.460834592   -6.266469326 -761.839280285   -8.492106735
    0.078638468    1.460834592  -13.758153517 -1400.978575167  -13.278394775
    0.085701114    1.460834592  -26.588772304 -2265.492969961  -18.694660570
    0.092763760    1.460834592  -45.996711753 -3230.815233804  -23.266344573
    0.099826406    1.460834592  -71.888393338 -4051.903126346  -22.121850987
    0.106889052    1.460834592 -102.209625615 -4442.024133982  -11.665682949
    0.113951698    1.460834592 -133.148760165 -4209.880925171   10.487247853
    0.121014344    1.460834592 -160.270182713 -3387.322334298   44.554486476
    0.128076990    1.460834592 -180.189317963 -2226.028548602   83.195270755
    0.135139637    1.460834592 -191.733792026 -1069.373273603  120.908163130
    0.142202283    1.460834592 -195.880348463 -154.015528816  156.198843021
    0.149264929    1.460834592 -194.568671275  487.460176301  190.864556777
    0.156327575    1.460834592 -189.326604662  988.142318923  230.632804505
    0.163390221    1.460834592 -180.561070152 1506.493433041  279.761307012
    0.170452867    1.460834592 -167.852449038 2101.448503554  338.539830430
    0.177515513    1.460834592 -150.898084458 2684.723159747  398.308942916
    0.184578159    1.460834592 -130.310246209 3107.202734401  453.638798594
    0.191640805    1.460834592 -107.694576843 3241.594347996  495.243694116
    0.198703451    1.460834592  -85.307732618 3045.817729586  520.791031989
    0.205766097    1.460834592  -65.290902000 2587.286551716  534.118696866
    0.212828743    1.460834592  -49.080722773 1993.757324502  539.190103916
    0.219891389    1.460834592  -37.127958916 1400.561868008  541.417635366
    0.226954035    1.460834592  -29.072024563  900.237183790  540.411602282
    0.234016681    1.460834592  -24.070155288  540.584573627  538.355226809
    0.241079327    1.460834592  -21.120665388  314.715925603  534.202716112
    0.248141973    1.460834592  -19.399845884  186.942645792  527.431747988
    0.255204619    1.460834592  -18.317239956  127.713742156  519.628575588
    0.262267265    1.460834592  -17.497744316  110.913576489  509.446506993
    0.269329911    1.460834592  -16.683765845  122.862233683  496.544054047
    0.276392557    1.460834592  -15.719512972  152.731023343  477.995752970
    0.283455203    1.460834592  -14.509081419  190.258366209  453.821326471
    0.290517849    1.460834592  -13.046574088  221.941723910  422.993626875
    0.297580495    1.460834592  -11.401642725  241.208439363  386.213733952
    0.304643141    1.460834592   -9.672979192  246.415957741  343.280229281
    0.311705787    1.460834592   -7.941630774  242.168883837  295.641743995
    0.318768433    1.460834592   -6.269973581  229.946251263  244.240475303
    0.325831079    1.460834592   -4.714182093  209.037798063  191.372837548
    0.332893725    1.460834592   -3.335770294  179.748735877  141.296994334
    0.339956371    1.460834592   -2.195677443  142.263625928   97.139955846
    0.347019017    1.460834592   -1.330124168  102.946194691   61.888221283
    0.354081663    1.460834592   -0.730138512   67.867376117   36.716198269
    0.361144310    1.460834592   -0.355877010   39.784224233   19.965553807
    0.368206956    1.460834592   -0.148198822   20.355449142    9.556505202
    0.375269602    1.460834592   -0.049073134    8.890490227    4.104898493
    0.382332248    1.460834592   -0.011295402    2.696408049    1.106018196
    0.389394894    1.460834592   -0.001421985    0.421817046    0.132317390
    0.396457540    1.460834592   -0.000114807    0.082529574    0.025037897
    0.403520186    1.460834592   -0.000000000   -0.000000000   -0.000000000
    0.410582832    1.460834592   -0.000000000   -0.000000000   -0.000000000
    0.417645478    1.460834592   -0.000000000   -0.000000000   -0.000000000
    0.424708124    1.460834592   -0.000000000   -0.000000000   -0.000000000
    0.431770770    1.460834592   -0.000000000   -0.000000000   -0.000000000
    0.438833416    1.460834592   -0.000000000   -0.000000000   -0.000000000
    0.445896062    1.460834592   -0.000000000   -0.000000000   -0.000000000
    0.452958708    1.460834592   -0.000000000   -0.000000000   -0.000000000
    0.460021354    1.460834592   -0.000000000   -0.000000000   -0.000000000
    0.467084000    1.460834592   -0.000000000   -0.000000000   -0.000000000

    0.022137300    1.478481408   -0.000000000   -0.000000000   -0.000000000
    0.029199946    1.478481408   -0.000000000   -0.000000000   -0.000000000
    0.036262592    1.478481408   -0.001285062   -0.745211231   -0.041321253
    0.043325238    1.478481408   -0.030668620  -10.274883491   -0.392548126
    0.050387884    1.478481408   -0.203091779  -46.982072961   -1.331776305
    0.057450530    1.478481408   -0.840599837 -147.716875587   -4.119211484
    0.064513176    1.478481408   -2.571315338 -366.682229562   -8.603566973
    0.071575822    1.478481408   -6.467297944 -773.957028819  -13.867873354
    0.078638468    1.478481408  -14.066606923 -1419.100012505  -20.778577955
    0.085701114    1.478481408  -27.038939941 -2284.110334326  -30.259928095
    0.092763760    1.478481408  -46.552886441 -3239.122892684  -37.994265768
    0.099826406    1.478481408  -72.417724162 -4034.198756251  -36.157061153
    0.106889052    1.478481408 -102.488366945 -4386.743253017  -19.383945564
    0.113951698    1.478481408 -132.895806774 -4114.808825491   16.170120886
    0.121014344    1.478481408 -159.239055663 -3266.528637354   66.416424438
    0.128076990    1.478481408 -178.289916334 -2104.682214635  122.564614935
    0.135139637    1.478481408 -189.022848201 -961.762955377  175.514353270
    0.142202283    1.478481408 -192.467408032  -61.020025661  220.592267299
    0.149264929    1.478481408 -190.507976107  581.634688581  261.466097127
    0.156327575    1.478481408 -184.534526788 1104.354607624  307.470359064
    0.163390221    1.478481408 -174.836274550 1653.607583754  366.584447551
    0.170452867    1.478481408 -161.024952902 2261.888269212  434.494788146
    0.177515513    1.478481408 -142.964788241 2833.476265642  501.444607421
    0.184578159    1.478481408 -121.449658864 3215.091757599  551.055876699
    0.191640805    1.478481408  -98.281500817 3288.871860076  571.234570479
    0.198703451    1.478481408  -75.752012350 3041.564170863  561.132856000
    0.205766097    1.478481408  -55.893301143 2550.994589391  529.855798502
    0.212828743    1.478481408  -39.980065096 1947.648786260  491.206079908
    0.219891389    1.478481408  -28.348703983 1357.696891143  454.297471833
    0.226954035    1.478481408  -20.573812103  866.527748253  423.276109584
    0.234016681    1.478481408  -15.789177033  512.573178548  400.807713371
    0.241079327    1.478481408  -13.030672093  288.431697373  383.193126397
    0.248141973    1.478481408  -11.482455239  163.709391235  370.470977904
    0.255204619    1.478481408  -10.570857552  103.171751888  359.511795981
    0.262267265    1.478481408   -9.940328671   81.321079207  348.464790401
    0.269329911    1.478481408   -9.366472056   84.194877558  335.286036871
    0.276392557    1.478481408   -8.720009492  100.850447587  318.222668198
    0.283455203    1.478481408   -7.925072010  124.072708954  295.967483990
    0.290517849    1.478481408   -6.982677443  141.689459045  268.474468189
    0.297580495    1.478481408   -5.951767175  148.761940354  237.051066405
    0.304643141    1.478481408   -4.903619397  146.455880258  203.470111862
    0.311705787    1.478481408   -3.901805386  136.175148181  169.048197493
    0.318768433    1.478481408   -2.986067117  122.710937228  135.129087951
    0.325831079    1.478481408   -2.179241144  105.630043712  102.193619673
    0.332893725    1.478481408   -1.498208667   86.786705778   73.032108413
    0.339956371    1.478481408   -0.955801562   66.888714300   48.864712393
    0.347019017    1.478481408   -0.553448385   47.078737537   29.965627574
    0.354081663    1.478481408   -0.284477450   29.422297267   16.553194663
    0.361144310    1.478481408   -0.126180694   16.073749979    8.033520479
    0.368206956    1.478481408   -0.045301968    7.478706563    3.364695198
    0.375269602    1.478481408   -0.011961017    2.631061737    1.101773115
    0.382332248    1.478481408   -0.001918951    0.591987520    0.238761553
    0.389394894    1.478481408   -0.000185411    0.080528160    0.032709830
    0.396457540    1.478481408   -0.000000000   -0.000000000   -0.000000000
    0.403520186    1.478481408   -0.000000000   -0.000000000   -0.000000000
    0.410582832    1.478481408   -0.000000000   -0.000000000   -0.000000000
    0.417645478    1.478481408   -0.000000000   -0.000000000   -0.000000000
    0.424708124    1.478481408   -0.000000000   -0.000000000   -0.000000000
    0.431770770    1.478481408   -0.000000000   -0.000000000   -0.000000000
    0.438833416    1.478481408   -0.000000000   -0.000000000   -0.000000000
    0.445896062    1.478481408   -0.000000000   -0.000000000   -0.000000000
    0.452958708    1.478481408   -0.000000000   -0.000000000   -0.000000000
    0.460021354    1.478481408   -0.000000000   -0.000000000   -0.000000000
    0.467084000    1.478481408   -0.000000000   -0.000000000   -0.000000000

    0.022137300    1.496128225   -0.000000000   -0.000000000   -0.000000000
    0.029199946    1.496128225   -0.000000000   -0.000000000   -0.000000000
    0.036262592    1.496128225   -0.001985323   -1.160260217   -0.035484320
    0.043325238    1.496128225   -0.037544650  -11.419486440   -0.348848907
    0.050387884    1.496128225   -0.227523703  -50.479632295   -1.309568663
    0.057450530    1.496128225   -0.909533962 -156.269690377   -3.304135238
    0.064513176    1.496128225   -2.715263150 -379.807639533   -6.851748317
    0.071575822    1.496128225   -6.712040606 -789.812086487  -12.630581611
    0.078638468    1.496128225  -14.441501757 -1440.384823701  -19.655579030
    0.085701114    1.496128225  -27.578343560 -2306.813899208  -27.729647604
    0.092763760    1.496128225  -47.209242364 -3246.722341118  -31.658381403
    0.099826406    1.496128225  -73.030434275 -4011.171461557  -27.658656121
    0.106889052    1.496128225 -102.786325937 -4318.855824025   -8.812222330
    0.113951698    1.496128225 -132.556154233 -4005.376798483   26.201486304
    0.121014344    1.496128225 -158.020036080 -3130.080455376   73.312066250
    0.128076990    1.496128225 -176.079611513 -1963.251645617  126.290892628
    0.135139637    1.496128225 -185.856331274 -834.633033530  178.562310445
    0.142202283    1.496128225 -188.447036227   54.529318877  227.879654211
    0.149264929    1.496128225 -185.654141050  706.479082249  280.858010490
    0.156327575    1.496128225 -178.702709919 1259.306891390  346.061969336
    0.163390221    1.496128225 -167.790726648 1840.336645090  425.752487870
    0.170452867    1.496128225 -152.618613316 2455.967573740  512.928146026
    0.177515513    1.496128225 -133.294740563 2989.169128923  589.289096018
    0.184578159    1.496128225 -110.954868978 3288.325734183  632.642348274
    0.191640805    1.496128225  -87.624854379 3262.458655057  630.830639098
    0.198703451    1.496128225  -65.583905557 2936.304445761  588.037853148
    0.205766097    1.496128225  -46.622693095 2409.414331033  518.386547671
    0.212828743    1.496128225  -31.742634087 1803.115833922  441.284261675
    0.219891389    1.496128225  -21.069321839 1232.774869597  371.169883994
    0.226954035    1.496128225  -14.071911701  772.715258721  316.164287012
    0.234016681    1.496128225   -9.848135753  445.528389699  276.461787527
    0.241079327    1.496128225   -7.480572090  243.564753244  250.327467408
    0.248141973    1.496128225   -6.203602409  130.911512488  233.034848401
    0.255204619    1.496128225   -5.500700108   75.002245162  220.489538948
    0.262267265    1.496128225   -5.060866428   53.914884172  209.967509726
    0.269329911    1.496128225   -4.701089148   49.765241863  198.834031142
    0.276392557    1.496128225   -4.324066423   58.472264360  186.121034931
    0.283455203    1.496128225   -3.869700994   69.926658641  170.456177368
    0.290517849    1.496128225   -3.343001081   77.992371206  151.248829041
    0.297580495    1.496128225   -2.780786923   80.402282108  129.916470063
    0.304643141    1.496128225   -2.221844972   76.814008019  108.142766324
    0.311705787    1.496128225   -1.706732390   68.810318951   87.122734494
    0.318768433    1.496128225   -1.256714234   58.612408609   67.492271670
    0.325831079    1.496128225   -0.878862684   48.328169366   50.121352784
    0.332893725    1.496128225   -0.575588233   37.692480369   35.082766182
    0.339956371    1.496128225   -0.345033002   27.671712269   22.843859075
    0.347019017    1.496128225   -0.184377771   17.901456586   13.316072908
    0.354081663    1.496128225   -0.085638977   10.436901136    6.951155256
    0.361144310    1.496128225   -0.032388369    5.036679985    3.013463303
    0.368206956    1.496128225   -0.008748510    1.875716676    1.036570135
    0.375269602    1.496128225   -0.001345056    0.522291632    0.268395021
    0.382332248    1.496128225   -0.000099830    0.059930222    0.032614880
    0.389394894    1.496128225   -0.000000000   -0.000000000   -0.000000000
    0.396457540    1.496128225   -0.000000000   -0.000000000   -0.000000000
    0.403520186    1.496128225   -0.000000000   -0.000000000   -0.000000000
    0.410582832    1.496128225   -0.000000000   -0.000000000   -0.000000000
    0.417645478    1.496128225   -0.000000000   -0.000000000   -0.000000000
    0.424708124    1.496128225   -0.000000000   -0.000000000   -0.000000000
    0.431770770    1.496128225   -0.000000000   -0.000000000   -0.000000000
    0.438833416    1.496128225   -0.000000000   -0.000000000   -0.000000000
    0.445896062    1.496128225   -0.000000000   -0.000000000   -0.000000000
    0.452958708    1.496128225   -0.000000000   -0.000000000   -0.000000000
    0.460021354    1.496128225   -0.000000000   -0.000000000   -0.000000000
    0.467084000    1.496128225   -0.000000000   -0.000000000   -0.000000000

    0.022137300    1.513775042   -0.000000000   -0.000000000   -0.000000000
    0.029199946    1.513775042   -0.000000000   -0.000000000   -0.000000000
    0.036262592    1.513775042   -0.002409329   -1.424411960   -0.017101947
    0.043325238    1.513775042   -0.042800845  -12.377391815   -0.206027052
    0.050387884    1.513775042   -0.247286450  -53.120093109   -0.829357843
    0.057450530    1.513775042   -0.948500212 -160.580544380   -0.853663437
    0.064513176    1.513775042   -2.797121818 -386.589664962   -1.824939646
    0.071575822    1.513775042   -6.855968120 -799.705055798   -2.551590893
    0.078638468    1.513775042  -14.666366918 -1452.818412744   -2.946551470
    0.085701114    1.513775042  -27.861352661 -2310.288588947   -0.030066524
    0.092763760    1.513775042  -47.469717374 -3236.988352854    8.424224464
    0.099826406    1.513775042  -73.134236529 -3975.607761548   23.929708523
    0.106889052    1.513775042 -102.522690247 -4251.164745562   47.935153466
    0.113951698    1.513775042 -131.717272874 -3911.130115977   78.739959915
    0.121014344    1.513775042 -156.457514994 -3021.790913594  112.325489480
    0.128076990    1.513775042 -173.742094617 -1853.428270074  145.011751730
    0.135139637    1.513775042 -182.748906998 -724.916126146  178.124327294
    0.142202283    1.513775042 -184.529582012  177.791589923  216.707701998
    0.149264929    1.513775042 -180.758471999  863.912848383  271.254001183
    0.156327575    1.513775042 -172.528121650 1463.626354584  349.081124116
    0.163390221    1.513775042 -160.031663839 2079.463219148  447.722423920
    0.170452867    1.513775042 -143.169354279 2684.586569751  550.103624287
    0.177515513    1.513775042 -122.448895172 3145.414494831  631.182472613
    0.184578159    1.513775042  -99.403840529 3326.730427378  668.101203371
    0.191640805    1.513775042  -76.254202072 3174.615975750  649.002605365
    0.198703451    1.513775042  -55.197382213 2751.732153419  581.576511452
    0.205766097    1.513775042  -37.727112066 2182.066903969  485.685861066
    0.212828743    1.513775042  -24.454017539 1581.067303618  383.393413408
    0.219891389    1.513775042  -15.214294339 1052.490069228  293.745634120
    0.226954035    1.513775042   -9.314892100  639.677061881  225.420909294
    0.234016681    1.513775042   -5.867539912  357.827231928  179.393509487
    0.241079327    1.513775042   -3.996028719  187.305820026  149.863779283
    0.248141973    1.513775042   -3.040033452   93.740994166  131.479277036
    0.255204619    1.513775042   -2.559893009   48.232669629  119.613216164
    0.262267265    1.513775042   -2.292813819   30.345118497  111.062578668
    0.269329911    1.513775042   -2.096805829   26.587553104  103.975870448
    0.276392557    1.513775042   -1.896571234   30.973775045   96.412534362
    0.283455203    1.513775042   -1.662175732   35.336280266   86.471030691
    0.290517849    1.513775042   -1.400224089   38.312717185   75.246360105
    0.297580495    1.513775042   -1.126034691   38.835651947   63.415583619
    0.304643141    1.513775042   -0.861094085   35.525950440   51.260496101
    0.311705787    1.513775042   -0.626138950   30.667421972   40.031031928
    0.318768433    1.513775042   -0.430224981   24.985505640   29.984214161
    0.325831079    1.513775042   -0.274983633   19.227956396   21.413166693
    0.332893725    1.513775042   -0.160801074   13.484587678   14.047923953
    0.339956371    1.513775042   -0.083418296    8.588130191    8.398728369
    0.347019017    1.513775042   -0.037882852    4.713499863    4.304620311
    0.354081663    1.513775042   -0.013664921    2.415999605    1.984500840
    0.361144310    1.513775042   -0.003293600    0.725865225    0.545790400
    0.368206956    1.513775042   -0.000369564    0.151967447    0.112044108
    0.375269602    1.513775042   -0.000000000   -0.000000000   -0.000000000
    0.382332248    1.513775042   -0.000000000   -0.000000000   -0.000000000
    0.389394894    1.513775042   -0.000000000   -0.000000000   -0.000000000
    0.396457540    1.513775042   -0.000000000   -0.000000000   -0.000000000
    0.403520186    1.513775042   -0.000000000   -0.000000000   -0.000000000
    0.410582832    1.513775042   -0.000000000   -0.000000000   -0.000000000
    0.417645478    1.513775042   -0.000000000   -0.000000000   -0.000000000
    0.424708124    1.513775042   -0.000000000   -0.000000000   -0.000000000
    0.431770770    1.513775042   -0.000000000   -0.000000000   -0.000000000
    0.438833416    1.513775042   -0.000000000   -0.000000000   -0.000000000
    0.445896062    1.513775042   -0.000000000   -0.000000000   -0.000000000
    0.452958708    1.513775042   -0.000000000   -0.000000000   -0.000000000
    0.460021354    1.513775042   -0.000000000   -0.000000000   -0.000000000
    0.467084000    1.513775042   -0.000000000   -0.000000000   -0.000000000

    0.022137300    1.531421859   -0.000000000   -0.000000000   -0.000000000
    0.029199946    1.531421859   -0.000000000   -0.000000000   -0.000000000
    0.036262592    1.531421859   -0.002342692   -1.327133192    0.020537555
    0.043325238    1.531421859   -0.043520500  -12.690810795    0.108288424
    0.050387884    1.531421859   -0.251883751  -53.117933227    0.354024290
    0.057450530    1.531421859   -0.941078569 -157.863206808    1.797788297
    0.064513176    1.531421859   -2.765225796 -381.902332507    5.571184587
    0.071575822    1.531421859   -6.772040477 -788.776756234   12.528647510
    0.078638468    1.531421859  -14.472179413 -1430.075444414   26.048905725
    0.085701114    1.531421859  -27.451816236 -2271.168376057   48.640170979
    0.092763760    1.531421859  -46.717649085 -3179.016020423   80.901217341
    0.099826406    1.531421859  -71.909933486 -3900.510805557  120.341814901
    0.106889052    1.531421859 -100.746243910 -4171.569706022  161.300654218
    0.113951698    1.531421859 -129.385003326 -3837.632775581  195.112546888
    0.121014344    1.531421859 -153.667599987 -2966.107031745  215.325375182
    0.128076990    1.531421859 -170.615195903 -1812.009705134  220.092666177
    0.135139637    1.531421859 -179.318808852 -675.554032073  221.217285066
    0.142202283    1.531421859 -180.629343764  267.075899293  233.136603972
    0.149264929    1.531421859 -176.002985719 1019.428646371  273.116017234
    0.156327575    1.531421859 -166.411092538 1691.753249006  346.155629501
    0.163390221    1.531421859 -152.137499486 2346.280339488  445.640367842
    0.170452867    1.531421859 -133.436170324 2926.515966080  548.387498677
    0.177515513    1.531421859 -111.311312709 3291.934383525  623.817959734
    0.184578159    1.531421859  -87.710617568 3333.238503632  648.410902638
    0.191640805    1.531421859  -65.033173938 3040.356687750  614.328255034
    0.198703451    1.531421859  -45.305811350 2518.735277092  532.736696406
    0.205766097    1.531421859  -29.657009938 1909.668986346  424.887415152
    0.212828743    1.531421859  -18.274157254 1326.496103175  315.934079956
    0.219891389    1.531421859  -10.667938232  848.700334543  222.969802238
    0.226954035    1.531421859   -5.986619440  498.258134076  154.892916140
    0.234016681    1.531421859   -3.356488445  265.694536713  109.381036408
    0.241079327    1.531421859   -1.996672126  131.328537410   82.200577639
    0.248141973    1.531421859   -1.345923405   60.227672886   66.408694089
    0.255204619    1.531421859   -1.048089375   28.733286203   57.911559306
    0.262267265    1.531421859   -0.898619483   15.381491583   52.482725658
    0.269329911    1.531421859   -0.804774816   12.533788409   47.945765954
    0.276392557    1.531421859   -0.712591847   13.796289655   43.061037262
    0.283455203    1.531421859   -0.607822126   15.530846272   37.791758308
    0.290517849    1.531421859   -0.492203719   16.998796037   31.916315893
    0.297580495    1.531421859   -0.372631863   16.514363107   25.885493366
    0.304643141    1.531421859   -0.262454892   14.625232270   19.917104064
    0.311705787    1.531421859   -0.169071420   11.788946670   14.636907693
    0.318768433    1.531421859   -0.096426422    8.630273431   10.070224341
    0.325831079    1.531421859   -0.047397631    5.395577121    6.166317092
    0.332893725    1.531421859   -0.019590101    2.559416546    3.223093465
    0.339956371    1.531421859   -0.006673387    1.182318864    1.428539155
    0.347019017    1.531421859   -0.002072643    0.370134631    0.424375846
    0.354081663    1.531421859   -0.000318031    0.140969415    0.125768235
    0.361144310    1.531421859   -0.000000000   -0.000000000   -0.000000000
    0.368206956    1.531421859   -0.000000000   -0.000000000   -0.000000000
    0.375269602    1.531421859   -0.000000000   -0.000000000   -0.000000000
    0.382332248    1.531421859   -0.000000000   -0.000000000   -0.000000000
    0.389394894    1.531421859   -0.000000000   -0.000000000   -0.000000000
    0.396457540    1.531421859   -0.000000000   -0.000000000   -0.000000000
    0.403520186    1.531421859   -0.000000000   -0.000000000   -0.000000000
    0.410582832    1.531421859   -0.000000000   -0.000000000   -0.000000000
    0.417645478    1.531421859   -0.000000000   -0.000000000   -0.000000000
    0.424708124    1.531421859   -0.000000000   -0.000000000   -0.000000000
    0.431770770    1.531421859   -0.000000000   -0.000000000   -0.000000000
    0.438833416    1.531421859   -0.000000000   -0.000000000   -0.000000000
    0.445896062    1.531421859   -0.000000000   -0.000000000   -0.000000000
    0.452958708    1.531421859   -0.000000000   -0.000000000   -0.000000000
    0.460021354    1.531421859   -0.000000000   -0.000000000   -0.000000000
    0.467084000    1.531421859   -0.000000000   -0.000000000   -0.000000000

    0.022137300    1.549068676   -0.000000000   -0.000000000   -0.000000000
    0.029199946    1.549068676   -0.000000000   -0.000000000   -0.000000000
    0.036262592    1.549068676   -0.001608268   -1.093557854    0.057441004
    0.043325238    1.549068676   -0.039348141  -12.223746562    0.372294373
    0.050387884    1.549068676   -0.234464843  -50.729281991    1.516641474
    0.057450530    1.549068676   -0.884909156 -148.269640997    4.495817168
    0.064513176    1.549068676   -2.600919992 -361.305837582   12.693689974
    0.071575822    1.549068676   -6.413344842 -752.693094443   27.744183112
    0.078638468    1.549068676  -13.749492733 -1361.585813616   54.601160517
    0.085701114    1.549068676  -26.129003794 -2169.545435309   99.872458798
    0.092763760    1.549068676  -44.563972505 -3047.215662486  161.850059134
    0.099826406    1.549068676  -68.773355087 -3758.978344763  233.775814217
    0.106889052    1.549068676  -96.657548611 -4048.971852757  302.081204618
    0.113951698    1.549068676 -124.589151124 -3762.292205963  351.318578619
    0.121014344    1.549068676 -148.557727151 -2952.593641710  369.496369932
    0.128076990    1.549068676 -165.584368169 -1842.527853508  358.382422692
    0.135139637    1.549068676 -174.533104163 -706.250497206  333.112398355
    0.142202283    1.549068676 -175.901414825  289.513332946  315.093364763
    0.149264929    1.549068676 -170.809204723 1131.986162009  326.332889841
    0.156327575    1.549068676 -160.106472008 1889.694694131  375.608691475
    0.163390221    1.549068676 -144.251370457 2586.467786954  451.832631202
    0.170452867    1.549068676 -123.918363678 3135.403693163  530.180708960
    0.177515513    1.549068676 -100.635923742 3399.124266905  582.388971611
    0.184578159    1.549068676  -76.768356221 3299.058062420  586.973698747
    0.191640805    1.549068676  -54.809872739 2876.422021379  539.699558806
    0.198703451    1.549068676  -36.576152251 2268.712852887  452.846029808
    0.205766097    1.549068676  -22.823004704 1632.566464561  348.176580426
    0.212828743    1.549068676  -13.319227423 1077.961356466  246.212724561
    0.219891389    1.549068676   -7.282160192  656.034143483  162.843978544
    0.226954035    1.549068676   -3.741708553  365.843957253  102.983731882
    0.234016681    1.549068676   -1.855903561  184.658712907   64.409104329
    0.241079327    1.549068676   -0.939385719   85.612759077   41.817496775
    0.248141973    1.549068676   -0.528913245   37.033101742   29.866012418
    0.255204619    1.549068676   -0.354876024   15.778115326   24.231111476
    0.262267265    1.549068676   -0.281795081    6.426222829   21.056028287
    0.269329911    1.549068676   -0.246328448    4.170459463   18.897859136
    0.276392557    1.549068676   -0.214215400    4.911095604   16.810822432
    0.283455203    1.549068676   -0.177346835    5.678063943   14.482338886
    0.290517849    1.549068676   -0.135305758    5.976748103   11.394158515
    0.297580495    1.549068676   -0.093571135    5.799602484    8.346534277
    0.304643141    1.549068676   -0.055665722    4.964591557    5.634841184
    0.311705787    1.549068676   -0.026342177    3.242015358    3.071582264
    0.318768433    1.549068676   -0.009822387    1.590355908    1.462010090
    0.325831079    1.549068676   -0.002206124    0.642016797    0.584954492
    0.332893725    1.549068676   -0.000107371    0.056087949    0.033601105
    0.339956371    1.549068676   -0.000000000   -0.000000000   -0.000000000
    0.347019017    1.549068676   -0.000000000   -0.000000000   -0.000000000
    0.354081663    1.549068676   -0.000000000   -0.000000000   -0.000000000
    0.361144310    1.549068676   -0.000000000   -0.000000000   -0.000000000
    0.368206956    1.549068676   -0.000000000   -0.000000000   -0.000000000
    0.375269602    1.549068676   -0.000000000   -0.000000000   -0.000000000
    0.382332248    1.549068676   -0.000000000   -0.000000000   -0.000000000
    0.389394894    1.549068676   -0.000000000   -0.000000000   -0.000000000
    0.396457540    1.549068676   -0.000000000   -0.000000000   -0.000000000
    0.403520186    1.549068676   -0.000000000   -0.000000000   -0.000000000
    0.410582832    1.549068676   -0.000000000   -0.000000000   -0.000000000
    0.417645478    1.549068676   -0.000000000   -0.000000000   -0.000000000
    0.424708124    1.549068676   -0.000000000   -0.000000000   -0.000000000
    0.431770770    1.549068676   -0.000000000   -0.000000000   -0.000000000
    0.438833416    1.549068676   -0.000000000   -0.000000000   -0.000000000
    0.445896062    1.549068676   -0.000000000   -0.000000000   -0.000000000
    0.452958708    1.549068676   -0.000000000   -0.000000000   -0.000000000
    0.460021354    1.549068676   -0.000000000   -0.000000000   -0.000000000
    0.467084000    1.549068676   -0.000000000   -0.000000000   -0.000000000

    0.022137300    1.566715493   -0.000000000   -0.000000000   -0.000000000
    0.029199946    1.566715493   -0.000000000   -0.000000000   -0.000000000
    0.036262592    1.566715493   -0.000739516   -0.506446616    0.041433955
    0.043325238    1.566715493   -0.030528315  -10.144475084    0.600227041
    0.050387884    1.566715493   -0.200712294  -44.671173083    2.241299662
    0.057450530    1.566715493   -0.786325315 -134.638262204    6.424576815
    0.064513176    1.566715493   -2.341774900 -329.880631450   16.021617331
    0.071575822    1.566715493   -5.838147650 -692.046854603   36.004904836
    0.078638468    1.566715493  -12.600026302 -1257.495879982   73.185530563
    0.085701114    1.566715493  -24.038986761 -2007.365178875  132.251077276
    0.092763760    1.566715493  -41.165976121 -2838.758637227  216.985698873
    0.099826406    1.566715493  -63.836204321 -3537.762355135  317.259846298
    0.106889052    1.566715493  -90.238006243 -3858.541148716  416.546157063
    0.113951698    1.566715493 -117.075008337 -3648.971377531  493.370378464
    0.121014344    1.566715493 -140.575528816 -2933.720725283  531.836443739
    0.128076990    1.566715493 -157.764801716 -1901.250375976  529.234848480
    0.135139637    1.566715493 -167.250551442 -789.011035109  498.692510328
    0.142202283    1.566715493 -169.108534816  243.345086415  464.644813367
    0.149264929    1.566715493 -164.073197508 1166.302163453  447.876995756
    0.156327575    1.566715493 -152.823951304 2005.843625268  459.387870852
    0.163390221    1.566715493 -135.982306033 2738.780836172  492.001467586
    0.170452867    1.566715493 -114.638039196 3258.455406667  525.448652451
    0.177515513    1.566715493  -90.776815800 3432.715640437  536.222768958
    0.184578159    1.566715493  -67.080679959 3216.647191591  511.407330466
    0.191640805    1.566715493  -46.074851208 2692.853659004  450.272204434
    0.198703451    1.566715493  -29.372528193 2026.561869675  363.350185679
    0.205766097    1.566715493  -17.382555926 1382.434518724  269.080777774
    0.212828743    1.566715493   -9.545523428  861.500649894  182.679630013
    0.219891389    1.566715493   -4.848077344  493.490055796  114.802832787
    0.226954035    1.566715493   -2.261102369  257.519909544   67.100234321
    0.234016681    1.566715493   -0.978544036  119.904270215   37.205330998
    0.241079327    1.566715493   -0.409116853   49.862640511   20.382081161
    0.248141973    1.566715493   -0.178468208   19.846049943   12.137963329
    0.255204619    1.566715493   -0.085806540    7.805744811    8.412983799
    0.262267265    1.566715493   -0.055017270    2.270748772    6.249294611
    0.269329911    1.566715493   -0.044505916    1.138047817    5.243543825
    0.276392557    1.566715493   -0.036712639    1.096897785    4.757765601
    0.283455203    1.566715493   -0.029093010    1.016064273    3.900852940
    0.290517849    1.566715493   -0.020865800    1.264943099    2.972777318
    0.297580495    1.566715493   -0.012336726    1.116734497    1.840166748
    0.304643141    1.566715493   -0.005528086    0.750772760    0.951398494
    0.311705787    1.566715493   -0.001644583    0.418294820    0.437672337
    0.318768433    1.566715493   -0.000186093    0.076862587    0.075712228
    0.325831079    1.566715493   -0.000000000   -0.000000000   -0.000000000
    0.332893725    1.566715493   -0.000000000   -0.000000000   -0.000000000
    0.339956371    1.566715493   -0.000000000   -0.000000000   -0.000000000
    0.347019017    1.566715493   -0.000000000   -0.000000000   -0.000000000
    0.354081663    1.566715493   -0.000000000   -0.000000000   -0.000000000
    0.361144310    1.566715493   -0.000000000   -0.000000000   -0.000000000
    0.368206956    1.566715493   -0.000000000   -0.000000000   -0.000000000
    0.375269602    1.566715493   -0.000000000   -0.000000000   -0.000000000
    0.382332248    1.566715493   -0.000000000   -0.000000000   -0.000000000
    0.389394894    1.566715493   -0.000000000   -0.000000000   -0.000000000
    0.396457540    1.566715493   -0.000000000   -0.000000000   -0.000000000
    0.403520186    1.566715493   -0.000000000   -0.000000000   -0.000000000
    0.410582832    1.566715493   -0.000000000   -0.000000000   -0.000000000
    0.417645478    1.566715493   -0.000000000   -0.000000000   -0.000000000
    0.424708124    1.566715493   -0.000000000   -0.000000000   -0.000000000
    0.431770770    1.566715493   -0.000000000   -0.000000000   -0.000000000
    0.438833416    1.566715493   -0.000000000   -0.000000000   -0.000000000
    0.445896062    1.566715493   -0.000000000   -0.000000000   -0.000000000
    0.452958708    1.566715493   -0.000000000   -0.000000000   -0.000000000
    0.460021354    1.566715493   -0.000000000   -0.000000000   -0.000000000
    0.467084000    1.566715493   -0.000000000   -0.000000000   -0.000000000

    0.022137300    1.584362310   -0.000000000   -0.000000000   -0.000000000
    0.029199946    1.584362310   -0.000000000   -0.000000000   -0.000000000
    0.036262592    1.584362310   -0.000080121   -0.234239470    0.017629740
    0.043325238    1.584362310   -0.020055363   -7.704816680    0.544612415
    0.050387884    1.584362310   -0.160128077  -37.873417655    2.264846527
    0.057450530    1.584362310   -0.670426967 -118.964403430    6.299103618
    0.064513176    1.584362310   -2.062032490 -295.739202160   15.050423096
    0.071575822    1.584362310   -5.196355458 -620.666014603   35.022641635
    0.078638468    1.584362310  -11.278512428 -1134.308525582   73.440035041
    0.085701114    1.584362310  -21.626645665 -1819.786573308  135.844190655
    0.092763760    1.584362310  -37.191414362 -2587.562204481  225.329103898
    0.099826406    1.584362310  -57.945202832 -3253.900852092  338.911302497
    0.106889052    1.584362310  -82.369546239 -3591.401210511  462.135574879
    0.113951698    1.584362310 -107.549330213 -3454.593765703  573.231351171
    0.121014344    1.584362310 -130.045474657 -2846.386551772  651.161445836
    0.128076990    1.584362310 -146.992643206 -1916.933681583  684.633060036
    0.135139637    1.584362310 -156.842422873 -867.194936697  678.260326357
    0.142202283    1.584362310 -159.295452672  161.911534799  649.398728006
    0.149264929    1.584362310 -154.717905095 1122.827743355  616.113278744
    0.156327575    1.584362310 -143.607694607 2008.355479120  589.909126292
    0.163390221    1.584362310 -126.652685379 2761.464012092  569.188661020
    0.170452867    1.584362310 -105.221568565 3252.268868443  544.184991966
    0.177515513    1.584362310  -81.618539553 3362.875914487  504.461016650
    0.184578159    1.584362310  -58.669963506 3073.428788962  443.783868719
    0.191640805    1.584362310  -38.894087144 2492.816488349  365.230517308
    0.198703451    1.584362310  -23.717188760 1802.360979583  278.953050668
    0.205766097    1.584362310  -13.293113407 1168.880537119  196.190084732
    0.212828743    1.584362310   -6.829308313  688.696810597  126.674808875
    0.219891389    1.584362310   -3.188706111  367.891742238   74.932080824
    0.226954035    1.584362310   -1.324108879  177.298678266   40.286894990
    0.234016681    1.584362310   -0.484330870   73.902122405   19.876371248
    0.241079327    1.584362310   -0.160633813   25.694734196    8.860016254
    0.248141973    1.584362310   -0.048477421    8.792009812    3.671113734
    0.255204619    1.584362310   -0.010705248    2.215879564    1.538304034
    0.262267265    1.584362310   -0.003188316    0.107442156    0.824096996
    0.269329911    1.584362310   -0.002555045    0.047079608    0.572449007
    0.276392557    1.584362310   -0.002229253    0.084092240    0.515631112
    0.283455203    1.584362310   -0.001472870    0.124218621    0.345666023
    0.290517849    1.584362310   -0.000597086    0.124041772    0.222706123
    0.297580495    1.584362310   -0.000129641    0.034874347    0.045900082
    0.304643141    1.584362310   -0.000000000   -0.000000000   -0.000000000
    0.311705787    1.584362310   -0.000000000   -0.000000000   -0.000000000
    0.318768433    1.584362310   -0.000000000   -0.000000000   -0.000000000
    0.325831079    1.584362310   -0.000000000   -0.000000000   -0.000000000
    0.332893725    1.584362310   -0.000000000   -0.000000000   -0.000000000
    0.339956371    1.584362310   -0.000000000   -0.000000000   -0.000000000
    0.347019017    1.584362310   -0.000000000   -0.000000000   -0.000000000
    0.354081663    1.584362310   -0.000000000   -0.000000000   -0.000000000
    0.361144310    1.584362310   -0.000000000   -0.000000000   -0.000000000
    0.368206956    1.584362310   -0.000000000   -0.000000000   -0.000000000
    0.375269602    1.584362310   -0.000000000   -0.000000000   -0.000000000
    0.382332248    1.584362310   -0.000000000   -0.000000000   -0.000000000
    0.389394894    1.584362310   -0.000000000   -0.000000000   -0.000000000
    0.396457540    1.584362310   -0.000000000   -0.000000000   -0.000000000
    0.403520186    1.584362310   -0.000000000   -0.000000000   -0.000000000
    0.410582832    1.584362310   -0.000000000   -0.000000000   -0.000000000
    0.417645478    1.584362310   -0.000000000   -0.000000000   -0.000000000
    0.424708124    1.584362310   -0.000000000   -0.000000000   -0.000000000
    0.431770770    1.584362310   -0.000000000   -0.000000000   -0.000000000
    0.438833416    1.584362310   -0.000000000   -0.000000000   -0.000000000
    0.445896062    1.584362310   -0.000000000   -0.000000000   -0.000000000
    0.452958708    1.584362310   -0.000000000   -0.000000000   -0.000000000
    0.460021354    1.584362310   -0.000000000   -0.000000000   -0.000000000
    0.467084000    1.584362310   -0.000000000   -0.000000000   -0.000000000

    0.022137300    1.602009127   -0.000000000   -0.000000000   -0.000000000
    0.029199946    1.602009127   -0.000000000   -0.000000000   -0.000000000
    0.036262592    1.602009127   -0.000000000   -0.000000000   -0.000000000
    0.043325238    1.602009127   -0.012540391   -5.596168160    0.274856798
    0.050387884    1.602009127   -0.128047625  -31.873895060    1.371993810
    0.057450530    1.602009127   -0.574825970 -105.337319494    4.263823595
    0.064513176    1.602009127   -1.826692228 -266.930236689   11.226977807
    0.071575822    1.602009127   -4.646256443 -557.122369925   26.418170762
    0.078638468    1.602009127  -10.106498125 -1019.699839806   57.114923784
    0.085701114    1.602009127  -19.420820269 -1639.799225543  110.093068594
    0.092763760    1.602009127  -33.462240968 -2336.975562694  191.070908696
    0.099826406    1.602009127  -52.224097246 -2943.594120009  301.398432185
    0.106889052    1.602009127  -74.361848194 -3263.442134273  434.655202896
    0.113951698    1.602009127  -97.316372940 -3163.229464852  573.479221498
    0.121014344    1.602009127 -118.046440017 -2645.051613607  694.549935673
    0.128076990    1.602009127 -133.974738782 -1829.058734191  777.272434841
    0.135139637    1.602009127 -143.576005841 -879.746796574  812.808121147
    0.142202283    1.602009127 -146.366957554   86.407536146  804.918184622
    0.149264929    1.602009127 -142.430145149 1021.703850157  766.359791984
    0.156327575    1.602009127 -132.064665939 1899.191821702  710.494432366
    0.163390221    1.602009127 -115.914221557 2640.723191769  643.052359164
    0.170452867    1.602009127  -95.405361766 3109.268994235  565.940216795
    0.177515513    1.602009127  -72.928922947 3185.072205475  479.157293353
    0.184578159    1.602009127  -51.362116807 2863.734106937  385.346520476
    0.191640805    1.602009127  -33.118222652 2272.692893908  291.569233945
    0.198703451    1.602009127  -19.456825151 1595.994684200  206.047672376
    0.205766097    1.602009127  -10.384510586  994.709218856  136.032742621
    0.212828743    1.602009127   -5.009289342  555.601996344   81.943215522
    0.219891389    1.602009127   -2.148039490  278.144864964   44.768191810
    0.226954035    1.602009127   -0.786089673  123.336844614   22.376903111
    0.234016681    1.602009127   -0.233033576   43.665401696    9.594462602
    0.241079327    1.602009127   -0.059879385   11.557125861    3.409242886
    0.248141973    1.602009127   -0.012905601    3.490388210    1.040309140
    0.255204619    1.602009127   -0.000843010    0.490699671    0.143991283
    0.262267265    1.602009127   -0.000000000   -0.000000000   -0.000000000
    0.269329911    1.602009127   -0.000000000   -0.000000000   -0.000000000
    0.276392557    1.602009127   -0.000000000   -0.000000000   -0.000000000
    0.283455203    1.602009127   -0.000000000   -0.000000000   -0.000000000
    0.290517849    1.602009127   -0.000000000   -0.000000000   -0.000000000
    0.297580495    1.602009127   -0.000000000   -0.000000000   -0.000000000
    0.304643141    1.602009127   -0.000000000   -0.000000000   -0.000000000
    0.311705787    1.602009127   -0.000000000   -0.000000000   -0.000000000
    0.318768433    1.602009127   -0.000000000   -0.000000000   -0.000000000
    0.325831079    1.602009127   -0.000000000   -0.000000000   -0.000000000
    0.332893725    1.602009127   -0.000000000   -0.000000000   -0.000000000
    0.339956371    1.602009127   -0.000000000   -0.000000000   -0.000000000
    0.347019017    1.602009127   -0.000000000   -0.000000000   -0.000000000
    0.354081663    1.602009127   -0.000000000   -0.000000000   -0.000000000
    0.361144310    1.602009127   -0.000000000   -0.000000000   -0.000000000
    0.368206956    1.602009127   -0.000000000   -0.000000000   -0.000000000
    0.375269602    1.602009127   -0.000000000   -0.000000000   -0.000000000
    0.382332248    1.602009127   -0.000000000   -0.000000000   -0.000000000
    0.389394894    1.602009127   -0.000000000   -0.000000000   -0.000000000
    0.396457540    1.602009127   -0.000000000   -0.000000000   -0.000000000
    0.403520186    1.602009127   -0.000000000   -0.000000000   -0.000000000
    0.410582832    1.602009127   -0.000000000   -0.000000000   -0.000000000
    0.417645478    1.602009127   -0.000000000   -0.000000000   -0.000000000
    0.424708124    1.602009127   -0.000000000   -0.000000000   -0.000000000
    0.431770770    1.602009127   -0.000000000   -0.000000000   -0.000000000
    0.438833416    1.602009127   -0.000000000   -0.000000000   -0.000000000
    0.445896062    1.602009127   -0.000000000   -0.000000000   -0.000000000
    0.452958708    1.602009127   -0.000000000   -0.000000000   -0.000000000
    0.460021354    1.602009127   -0.000000000   -0.000000000   -0.000000000
    0.467084000    1.602009127   -0.000000000   -0.000000000   -0.000000000

    0.022137300    1.619655944   -0.000000000   -0.000000000   -0.000000000
    0.029199946    1.619655944   -0.000000000   -0.000000000   -0.000000000
    0.036262592    1.619655944   -0.000000000   -0.000000000   -0.000000000
    0.043325238    1.619655944   -0.009633018   -4.482422817    0.046985722
    0.050387884    1.619655944   -0.113818640  -29.720753795    0.309703203
    0.057450530    1.619655944   -0.527015230  -97.143455807    1.215171385
    0.064513176    1.619655944   -1.677288423 -245.820446625    5.302826323
    0.071575822    1.619655944   -4.284189214 -514.788850312   14.425483140
    0.078638468    1.619655944   -9.306130346 -935.402737383   33.378203014
    0.085701114    1.619655944  -17.827584120 -1496.242434503   69.277788860
    0.092763760    1.619655944  -30.597040841 -2119.149561777  131.859988438
    0.099826406    1.619655944  -47.528874585 -2645.036401607  227.283589428
    0.106889052    1.619655944  -67.326660030 -2905.241065846  356.353095315
    0.113951698    1.619655944  -87.700284272 -2799.761437635  507.096866812
    0.121014344    1.619655944 -106.022415996 -2336.602910768  656.113189747
    0.128076990    1.619655944 -120.127898629 -1628.463860795  776.042735848
    0.135139637    1.619655944 -128.768325742 -808.825483031  846.582840079
    0.142202283    1.619655944 -131.490875256   39.548703065  861.171767288
    0.149264929    1.619655944 -128.207014544  889.483536706  825.954878291
    0.156327575    1.619655944 -118.988174933 1711.606391567  753.964678670
    0.163390221    1.619655944 -104.301222065 2416.007096010  659.224086967
    0.170452867    1.619655944  -85.478291665 2858.365308488  549.858702365
    0.177515513    1.619655944  -64.820523724 2923.604023257  435.093775794
    0.184578159    1.619655944  -45.089752735 2608.889208636  324.007066045
    0.191640805    1.619655944  -28.562115231 2045.731746099  225.508798240
    0.198703451    1.619655944  -16.363114655 1411.782039400  146.395796706
    0.205766097    1.619655944   -8.424584949  858.370005365   88.581441413
    0.212828743    1.619655944   -3.868465784  461.083048448   49.970981282
    0.219891389    1.619655944   -1.541341651  220.003228370   26.154268065
    0.226954035    1.619655944   -0.493625222   89.968176704   11.945333540
    0.234016681    1.619655944   -0.114944891   26.789592897    4.309895550
    0.241079327    1.619655944   -0.018546118    5.185729663    1.479524270
    0.248141973    1.619655944   -0.001639705    0.718277915    0.258971525
    0.255204619    1.619655944   -0.000000000   -0.000000000   -0.000000000
    0.262267265    1.619655944   -0.000000000   -0.000000000   -0.000000000
    0.269329911    1.619655944   -0.000000000   -0.000000000   -0.000000000
    0.276392557    1.619655944   -0.000000000   -0.000000000   -0.000000000
    0.283455203    1.619655944   -0.000000000   -0.000000000   -0.000000000
    0.290517849    1.619655944   -0.000000000   -0.000000000   -0.000000000
    0.297580495    1.619655944   -0.000000000   -0.000000000   -0.000000000
    0.304643141    1.619655944   -0.000000000   -0.000000000   -0.000000000
    0.311705787    1.619655944   -0.000000000   -0.000000000   -0.000000000
    0.318768433    1.619655944   -0.000000000   -0.000000000   -0.000000000
    0.325831079    1.619655944   -0.000000000   -0.000000000   -0.000000000
    0.332893725    1.619655944   -0.000000000   -0.000000000   -0.000000000
    0.339956371    1.619655944   -0.000000000   -0.000000000   -0.000000000
    0.347019017    1.619655944   -0.000000000   -0.000000000   -0.000000000
    0.354081663    1.619655944   -0.000000000   -0.000000000   -0.000000000
    0.361144310    1.619655944   -0.000000000   -0.000000000   -0.000000000
    0.368206956    1.619655944   -0.000000000   -0.000000000   -0.000000000
    0.375269602    1.619655944   -0.000000000   -0.000000000   -0.000000000
    0.382332248    1.619655944   -0.000000000   -0.000000000   -0.000000000
    0.389394894    1.619655944   -0.000000000   -0.000000000   -0.000000000
    0.396457540    1.619655944   -0.000000000   -0.000000000   -0.000000000
    0.403520186    1.619655944   -0.000000000   -0.000000000   -0.000000000
    0.410582832    1.619655944   -0.000000000   -0.000000000   -0.000000000
    0.417645478    1.619655944   -0.000000000   -0.000000000   -0.000000000
    0.424708124    1.619655944   -0.000000000   -0.000000000   -0.000000000
    0.431770770    1.619655944   -0.000000000   -0.000000000   -0.000000000
    0.438833416    1.619655944   -0.000000000   -0.000000000   -0.000000000
    0.445896062    1.619655944   -0.000000000   -0.000000000   -0.000000000
    0.452958708    1.619655944   -0.000000000   -0.000000000   -0.000000000
    0.460021354    1.619655944   -0.000000000   -0.000000000   -0.000000000
    0.467084000    1.619655944   -0.000000000   -0.000000000   -0.000000000

    0.022137300    1.637302761   -0.000000000   -0.000000000   -0.000000000
    0.029199946    1.637302761   -0.000000000   -0.000000000   -0.000000000
    0.036262592    1.637302761   -0.000000000   -0.000000000   -0.000000000
    0.043325238    1.637302761   -0.010000148   -4.503526811   -0.048861052
    0.050387884    1.637302761   -0.116996749  -30.396618788   -0.605189330
    0.057450530    1.637302761   -0.527841032  -94.567742116   -1.092611036
    0.064513176    1.637302761   -1.633112653 -235.845143260   -0.136444638
    0.071575822    1.637302761   -4.129692344 -493.309584596    3.545470960
    0.078638468    1.637302761   -8.917512210 -886.728358294   11.914415268
    0.085701114    1.637302761  -16.947522473 -1401.673275150   32.160980514
    0.092763760    1.637302761  -28.803286968 -1950.347517012   74.032943220
    0.099826406    1.637302761  -44.228271237 -2385.885799673  148.533474170
    0.106889052    1.637302761  -61.889064467 -2563.536515260  259.296913004
    0.113951698    1.637302761  -79.652334672 -2412.725572470  400.953581902
    0.121014344    1.637302761  -95.290602084 -1976.052343866  551.304899377
    0.128076990    1.637302761 -107.153342773 -1364.380364255  680.190339685
    0.135139637    1.637302761 -114.408295224 -684.652403093  761.845852121
    0.142202283    1.637302761 -116.774933520   18.159730897  784.164401677
    0.149264929    1.637302761 -114.080655827  750.122153809  753.740143756
    0.156327575    1.637302761 -106.147613646 1492.616562219  682.558028432
    0.163390221    1.637302761  -93.196518741 2148.469322318  585.265379729
    0.170452867    1.637302761  -76.357309114 2568.487948040  475.008976762
    0.177515513    1.637302761  -57.754228267 2636.566641097  361.260431895
    0.184578159    1.637302761  -39.962863550 2350.263450317  256.273414119
    0.191640805    1.637302761  -25.102460888 1833.640508888  167.785855028
    0.198703451    1.637302761  -14.193481190 1257.711529254  101.082424246
    0.205766097    1.637302761   -7.158729163  755.226867463   56.468610236
    0.212828743    1.637302761   -3.177786285  398.797569760   29.402150536
    0.219891389    1.637302761   -1.191077374  184.617449050   14.298898688
    0.226954035    1.637302761   -0.343617188   69.504507881    5.544538152
    0.234016681    1.637302761   -0.063333855   19.021419868    1.798662892
    0.241079327    1.637302761   -0.004037720    2.289510241    0.357726850
    0.248141973    1.637302761   -0.000000000   -0.000000000   -0.000000000
    0.255204619    1.637302761   -0.000000000   -0.000000000   -0.000000000
    0.262267265    1.637302761   -0.000000000   -0.000000000   -0.000000000
    0.269329911    1.637302761   -0.000000000   -0.000000000   -0.000000000
    0.276392557    1.637302761   -0.000000000   -0.000000000   -0.000000000
    0.283455203    1.637302761   -0.000000000   -0.000000000   -0.000000000
    0.290517849    1.637302761   -0.000000000   -0.000000000   -0.000000000
    0.297580495    1.637302761   -0.000000000   -0.000000000   -0.000000000
    0.304643141    1.637302761   -0.000000000   -0.000000000   -0.000000000
    0.311705787    1.637302761   -0.000000000   -0.000000000   -0.000000000
    0.318768433    1.637302761   -0.000000000   -0.000000000   -0.000000000
    0.325831079    1.637302761   -0.000000000   -0.000000000   -0.000000000
    0.332893725    1.637302761   -0.000000000   -0.000000000   -0.000000000
    0.339956371    1.637302761   -0.000000000   -0.000000000   -0.000000000
    0.347019017    1.637302761   -0.000000000   -0.000000000   -0.000000000
    0.354081663    1.637302761   -0.000000000   -0.000000000   -0.000000000
    0.361144310    1.637302761   -0.000000000   -0.000000000   -0.000000000
    0.368206956    1.637302761   -0.000000000   -0.000000000   -0.000000000
    0.375269602    1.637302761   -0.000000000   -0.000000000   -0.000000000
    0.382332248    1.637302761   -0.000000000   -0.000000000   -0.000000000
    0.389394894    1.637302761   -0.000000000   -0.000000000   -0.000000000
    0.396457540    1.637302761   -0.000000000   -0.000000000   -0.000000000
    0.403520186    1.637302761   -0.000000000   -0.000000000   -0.000000000
    0.410582832    1.637302761   -0.000000000   -0.000000000   -0.000000000
    0.417645478    1.637302761   -0.000000000   -0.000000000   -0.000000000
    0.424708124    1.637302761   -0.000000000   -0.000000000   -0.000000000
    0.431770770    1.637302761   -0.000000000   -0.000000000   -0.000000000
    0.438833416    1.637302761   -0.000000000   -0.000000000   -0.000000000
    0.445896062    1.637302761   -0.000000000   -0.000000000   -0.000000000
    0.452958708    1.637302761   -0.000000000   -0.000000000   -0.000000000
    0.460021354    1.637302761   -0.000000000   -0.000000000   -0.000000000
    0.467084000    1.637302761   -0.000000000   -0.000000000   -0.000000000

    0.022137300    1.654949577   -0.000000000   -0.000000000   -0.000000000
    0.029199946    1.654949577   -0.000000000   -0.000000000   -0.000000000
    0.036262592    1.654949577   -0.000000000   -0.000000000   -0.000000000
    0.043325238    1.654949577   -0.011051943   -5.142081569   -0.059550631
    0.050387884    1.654949577   -0.130468778  -33.011752696   -0.818825705
    0.057450530    1.654949577   -0.557741185  -96.795657409   -2.076735296
    0.064513176    1.654949577   -1.668385216 -234.318902144   -3.356779638
    0.071575822    1.654949577   -4.132982675 -484.649945586   -3.012610792
    0.078638468    1.654949577   -8.830061217 -865.682659504   -0.081650924
    0.085701114    1.654949577  -16.604448417 -1346.862216526   10.245554361
    0.092763760    1.654949577  -27.862159311 -1832.148634696   36.807623808
    0.099826406    1.654949577  -42.164271087 -2183.929469622   90.274524274
    0.106889052    1.654949577  -58.083741011 -2273.937113415  176.026117741
    0.113951698    1.654949577  -73.579217202 -2068.078833776  289.446681182
    0.121014344    1.654949577  -86.770211800 -1640.741196134  412.147879831
    0.128076990    1.654949577  -96.520175987 -1112.705716687  517.576167437
    0.135139637    1.654949577 -102.448615361 -564.808295389  582.340212676
    0.142202283    1.654949577 -104.454376870    3.092277196  598.367311750
    0.149264929    1.654949577 -102.267183071  627.084494045  571.441344055
    0.156327575    1.654949577  -95.482688051 1295.853561637  513.827160284
    0.163390221    1.654949577  -84.086055474 1909.659702851  437.144573814
    0.170452867    1.654949577  -69.012681618 2311.379567058  350.033346167
    0.177515513    1.654949577  -52.223964203 2384.575925500  260.963374238
    0.184578159    1.654949577  -36.110068564 2129.645447107  177.787491431
    0.191640805    1.654949577  -22.644041644 1662.380207066  110.073722086
    0.198703451    1.654949577  -12.763654205 1138.028623187   61.092667278
    0.205766097    1.654949577   -6.402661161  683.035166225   29.765028867
    0.212828743    1.654949577   -2.802755604  359.569123412   13.556290953
    0.219891389    1.654949577   -1.025518533  162.678354528    4.869708055
    0.226954035    1.654949577   -0.288160486   58.818905158    0.793294704
    0.234016681    1.654949577   -0.050633061   15.333795317   -0.108394154
    0.241079327    1.654949577   -0.002454285    1.275114476    0.002012930
    0.248141973    1.654949577   -0.000000000   -0.000000000   -0.000000000
    0.255204619    1.654949577   -0.000000000   -0.000000000   -0.000000000
    0.262267265    1.654949577   -0.000000000   -0.000000000   -0.000000000
    0.269329911    1.654949577   -0.000000000   -0.000000000   -0.000000000
    0.276392557    1.654949577   -0.000000000   -0.000000000   -0.000000000
    0.283455203    1.654949577   -0.000000000   -0.000000000   -0.000000000
    0.290517849    1.654949577   -0.000000000   -0.000000000   -0.000000000
    0.297580495    1.654949577   -0.000000000   -0.000000000   -0.000000000
    0.304643141    1.654949577   -0.000000000   -0.000000000   -0.000000000
    0.311705787    1.654949577   -0.000000000   -0.000000000   -0.000000000
    0.318768433    1.654949577   -0.000000000   -0.000000000   -0.000000000
    0.325831079    1.654949577   -0.000000000   -0.000000000   -0.000000000
    0.332893725    1.654949577   -0.000000000   -0.000000000   -0.000000000
    0.339956371    1.654949577   -0.000000000   -0.000000000   -0.000000000
    0.347019017    1.654949577   -0.000000000   -0.000000000   -0.000000000
    0.354081663    1.654949577   -0.000000000   -0.000000000   -0.000000000
    0.361144310    1.654949577   -0.000000000   -0.000000000   -0.000000000
    0.368206956    1.654949577   -0.000000000   -0.000000000   -0.000000000
    0.375269602    1.654949577   -0.000000000   -0.000000000   -0.000000000
    0.382332248    1.654949577   -0.000000000   -0.000000000   -0.000000000
    0.389394894    1.654949577   -0.000000000   -0.000000000   -0.000000000
    0.396457540    1.654949577   -0.000000000   -0.000000000   -0.000000000
    0.403520186    1.654949577   -0.000000000   -0.000000000   -0.000000000
    0.410582832    1.654949577   -0.000000000   -0.000000000   -0.000000000
    0.417645478    1.654949577   -0.000000000   -0.000000000   -0.000000000
    0.424708124    1.654949577   -0.000000000   -0.000000000   -0.000000000
    0.431770770    1.654949577   -0.000000000   -0.000000000   -0.000000000
    0.438833416    1.654949577   -0.000000000   -0.000000000   -0.000000000
    0.445896062    1.654949577   -0.000000000   -0.000000000   -0.000000000
    0.452958708    1.654949577   -0.000000000   -0.000000000   -0.000000000
    0.460021354    1.654949577   -0.000000000   -0.000000000   -0.000000000
    0.467084000    1.654949577   -0.000000000   -0.000000000   -0.000000000

    0.022137300    1.672596394   -0.000000000   -0.000000000   -0.000000000
    0.029199946    1.672596394   -0.000000000   -0.000000000   -0.000000000
    0.036262592    1.672596394   -0.000000000   -0.000000000   -0.000000000
    0.043325238    1.672596394   -0.012240188   -5.802982929   -0.073172953
    0.050387884    1.672596394   -0.142104480  -35.221034912   -0.468191402
    0.057450530    1.672596394   -0.591907753 -101.113138561   -1.606182418
    0.064513176    1.672596394   -1.729296574 -236.299231367   -3.042432577
    0.071575822    1.672596394   -4.195429259 -482.973179772   -3.010557137
    0.078638468    1.672596394   -8.849707520 -853.907793887   -0.487107184
    0.085701114    1.672596394  -16.468203479 -1311.845156843    7.751638649
    0.092763760    1.672596394  -27.336763952 -1751.707678330   27.399508018
    0.099826406    1.672596394  -40.846845528 -2037.513067647   64.861605329
    0.106889052    1.672596394  -55.485323901 -2059.857318877  125.510433301
    0.113951698    1.672596394  -69.298321691 -1813.369197251  201.815409344
    0.121014344    1.672596394  -80.704103265 -1399.839346391  280.007631862
    0.128076990    1.672596394  -88.973629208 -941.813010233  340.822088338
    0.135139637    1.672596394  -94.041819833 -494.338507304  371.930801939
    0.142202283    1.672596394  -95.903380874  -23.409036609  370.306721509
    0.149264929    1.672596394  -94.176139132  528.305823896  344.018169010
    0.156327575    1.672596394  -88.259514846 1152.705919850  302.965883811
    0.163390221    1.672596394  -77.979802336 1738.737743131  252.579406188
    0.170452867    1.672596394  -64.167719485 2127.504694314  197.728706455
    0.177515513    1.672596394  -48.670062272 2206.147968528  140.667386431
    0.184578159    1.672596394  -33.749730821 1974.025875019   87.888230318
    0.191640805    1.672596394  -21.254590072 1544.458686777   46.129908394
    0.198703451    1.672596394  -12.059038767 1061.662806233   18.056823193
    0.205766097    1.672596394   -6.105936065  641.624012836    3.186724255
    0.212828743    1.672596394   -2.706958355  340.579616540   -2.928702383
    0.219891389    1.672596394   -1.023188229  155.231144980   -4.274545267
    0.226954035    1.672596394   -0.307336744   59.926651250   -2.643316011
    0.234016681    1.672596394   -0.060719735   16.153130273   -1.045697922
    0.241079327    1.672596394   -0.004270955    2.324308412   -0.314395988
    0.248141973    1.672596394   -0.000000000   -0.000000000   -0.000000000
    0.255204619    1.672596394   -0.000000000   -0.000000000   -0.000000000
    0.262267265    1.672596394   -0.000000000   -0.000000000   -0.000000000
    0.269329911    1.672596394   -0.000000000   -0.000000000   -0.000000000
    0.276392557    1.672596394   -0.000000000   -0.000000000   -0.000000000
    0.283455203    1.672596394   -0.000000000   -0.000000000   -0.000000000
    0.290517849    1.672596394   -0.000000000   -0.000000000   -0.000000000
    0.297580495    1.672596394   -0.000000000   -0.000000000   -0.000000000
    0.304643141    1.672596394   -0.000000000   -0.000000000   -0.000000000
    0.311705787    1.672596394   -0.000000000   -0.000000000   -0.000000000
    0.318768433    1.672596394   -0.000000000   -0.000000000   -0.000000000
    0.325831079    1.672596394   -0.000000000   -0.000000000   -0.000000000
    0.332893725    1.672596394   -0.000000000   -0.000000000   -0.000000000
    0.339956371    1.672596394   -0.000000000   -0.000000000   -0.000000000
    0.347019017    1.672596394   -0.000000000   -0.000000000   -0.000000000
    0.354081663    1.672596394   -0.000000000   -0.000000000   -0.000000000
    0.361144310    1.672596394   -0.000000000   -0.000000000   -0.000000000
    0.368206956    1.672596394   -0.000000000   -0.000000000   -0.000000000
    0.375269602    1.672596394   -0.000000000   -0.000000000   -0.000000000
    0.382332248    1.672596394   -0.000000000   -0.000000000   -0.000000000
    0.389394894    1.672596394   -0.000000000   -0.000000000   -0.000000000
    0.396457540    1.672596394   -0.000000000   -0.000000000   -0.000000000
    0.403520186    1.672596394   -0.000000000   -0.000000000   -0.000000000
    0.410582832    1.672596394   -0.000000000   -0.000000000   -0.000000000
    0.417645478    1.672596394   -0.000000000   -0.000000000   -0.000000000
    0.424708124    1.672596394   -0.000000000   -0.000000000   -0.000000000
    0.431770770    1.672596394   -0.000000000   -0.000000000   -0.000000000
    0.438833416    1.672596394   -0.000000000   -0.000000000   -0.000000000
    0.445896062    1.672596394   -0.000000000   -0.000000000   -0.000000000
    0.452958708    1.672596394   -0.000000000   -0.000000000   -0.000000000
    0.460021354    1.672596394   -0.000000000   -0.000000000   -0.000000000
    0.467084000    1.672596394   -0.000000000   -0.000000000   -0.000000000

    0.022137300    1.690243211   -0.000000000   -0.000000000   -0.000000000
    0.029199946    1.690243211   -0.000000000   -0.000000000   -0.000000000
    0.036262592    1.690243211   -0.000000000   -0.000000000   -0.000000000
    0.043325238    1.690243211   -0.012818308   -6.099543683    0.037838105
    0.050387884    1.690243211   -0.144926672  -36.575864365    0.067754778
    0.057450530    1.690243211   -0.607326744 -102.331208328   -0.133989089
    0.064513176    1.690243211   -1.756839051 -237.204786925    0.242790421
    0.071575822    1.690243211   -4.206481232 -477.108528239    2.572154039
    0.078638468    1.690243211   -8.786468576 -838.291879843    9.035462404
    0.085701114    1.690243211  -16.235438527 -1277.145014002   20.515341139
    0.092763760    1.690243211  -26.759547871 -1686.893390442   41.445184118
    0.099826406    1.690243211  -39.670750730 -1931.730786942   73.012810070
    0.106889052    1.690243211  -53.432392008 -1920.550157275  113.197178659
    0.113951698    1.690243211  -66.210246092 -1665.420779537  155.180190577
    0.121014344    1.690243211  -76.651423352 -1279.966248363  187.807748937
    0.128076990    1.690243211  -84.266498765 -879.986549328  201.627917647
    0.135139637    1.690243211  -89.131289036 -497.759527338  194.584364031
    0.142202283    1.690243211  -91.209482130  -77.771588095  171.652207436
    0.149264929    1.690243211  -89.975185811  446.747255460  140.995102292
    0.156327575    1.690243211  -84.683799605 1059.109202434  109.416638489
    0.163390221    1.690243211  -75.090672715 1637.368188137   79.226843972
    0.170452867    1.690243211  -62.019604880 2019.809767670   48.823233068
    0.177515513    1.690243211  -47.274709859 2102.675463640   18.414136172
    0.184578159    1.690243211  -33.035543798 1887.844908269   -7.288140043
    0.191640805    1.690243211  -21.053650326 1486.181832507  -24.161867646
    0.198703451    1.690243211  -12.158255096 1034.010284067  -30.291717789
    0.205766097    1.690243211   -6.312804215  636.919925757  -27.123307018
    0.212828743    1.690243211   -2.910977311  345.324684062  -20.197975363
    0.219891389    1.690243211   -1.171319864  164.924493560  -12.427122312
    0.226954035    1.690243211   -0.385730271   68.063189595   -6.293930131
    0.234016681    1.690243211   -0.094613103   21.024961920   -2.724141061
    0.241079327    1.690243211   -0.013600120    4.767301950   -0.784559735
    0.248141973    1.690243211   -0.000389173    0.418530138   -0.104893372
    0.255204619    1.690243211   -0.000000000   -0.000000000   -0.000000000
    0.262267265    1.690243211   -0.000000000   -0.000000000   -0.000000000
    0.269329911    1.690243211   -0.000000000   -0.000000000   -0.000000000
    0.276392557    1.690243211   -0.000000000   -0.000000000   -0.000000000
    0.283455203    1.690243211   -0.000000000   -0.000000000   -0.000000000
    0.290517849    1.690243211   -0.000000000   -0.000000000   -0.000000000
    0.297580495    1.690243211   -0.000000000   -0.000000000   -0.000000000
    0.304643141    1.690243211   -0.000000000   -0.000000000   -0.000000000
    0.311705787    1.690243211   -0.000000000   -0.000000000   -0.000000000
    0.318768433    1.690243211   -0.000000000   -0.000000000   -0.000000000
    0.325831079    1.690243211   -0.000000000   -0.000000000   -0.000000000
    0.332893725    1.690243211   -0.000000000   -0.000000000   -0.000000000
    0.339956371    1.690243211   -0.000000000   -0.000000000   -0.000000000
    0.347019017    1.690243211   -0.000000000   -0.000000000   -0.000000000
    0.354081663    1.690243211   -0.000000000   -0.000000000   -0.000000000
    0.361144310    1.690243211   -0.000000000   -0.000000000   -0.000000000
    0.368206956    1.690243211   -0.000000000   -0.000000000   -0.000000000
    0.375269602    1.690243211   -0.000000000   -0.000000000   -0.000000000
    0.382332248    1.690243211   -0.000000000   -0.000000000   -0.000000000
    0.389394894    1.690243211   -0.000000000   -0.000000000   -0.000000000
    0.396457540    1.690243211   -0.000000000   -0.000000000   -0.000000000
    0.403520186    1.690243211   -0.000000000   -0.000000000   -0.000000000
    0.410582832    1.690243211   -0.000000000   -0.000000000   -0.000000000
    0.417645478    1.690243211   -0.000000000   -0.000000000   -0.000000000
    0.424708124    1.690243211   -0.000000000   -0.000000000   -0.000000000
    0.431770770    1.690243211   -0.000000000   -0.000000000   -0.000000000
    0.438833416    1.690243211   -0.000000000   -0.000000000   -0.000000000
    0.445896062    1.690243211   -0.000000000   -0.000000000   -0.000000000
    0.452958708    1.690243211   -0.000000000   -0.000000000   -0.000000000
    0.460021354    1.690243211   -0.000000000   -0.000000000   -0.000000000
    0.467084000    1.690243211   -0.000000000   -0.000000000   -0.000000000

    0.022137300    1.707890028   -0.000000000   -0.000000000   -0.000000000
    0.029199946    1.707890028   -0.000000000   -0.000000000   -0.000000000
    0.036262592    1.707890028   -0.000000000   -0.000000000   -0.000000000
    0.043325238    1.707890028   -0.011675252   -5.440315445    0.100731057
    0.050387884    1.707890028   -0.139698583  -35.678875141    0.485472640
    0.057450530    1.707890028   -0.592702968 -100.534630146    1.744771980
    0.064513176    1.707890028   -1.712996450 -230.536957895    4.580281616
    0.071575822    1.707890028   -4.087633117 -461.655734337   10.812493182
    0.078638468    1.707890028   -8.508728896 -808.270522916   22.887542357
    0.085701114    1.707890028  -15.684970784 -1229.287894250   42.846283112
    0.092763760    1.707890028  -25.792868222 -1618.071052164   69.746781073
    0.099826406    1.707890028  -38.156952553 -1847.821951623  100.606741735
    0.106889052    1.707890028  -51.319486567 -1838.407738697  129.428231844
    0.113951698    1.707890028  -63.596767416 -1609.354893716  146.929926875
    0.121014344    1.707890028  -73.781675424 -1267.120272595  145.727202413
    0.128076990    1.707890028  -81.479500795 -915.929420893  124.998105225
    0.135139637    1.707890028  -86.739701691 -570.950517644   89.084010534
    0.142202283    1.707890028  -89.402229132 -165.877183507   47.367798847
    0.149264929    1.707890028  -88.778846736  364.108186081    8.478241295
    0.156327575    1.707890028  -84.030088514  987.617238001  -23.925642369
    0.163390221    1.707890028  -74.916295339 1572.797578279  -50.037768063
    0.170452867    1.707890028  -62.283929419 1960.450564873  -72.440277388
    0.177515513    1.707890028  -47.930560123 2052.252652466  -89.552165063
    0.184578159    1.707890028  -33.974509445 1858.703448543  -97.273072537
    0.191640805    1.707890028  -22.105135444 1484.479716448  -93.593261690
    0.198703451    1.707890028  -13.133722279 1057.001198835  -79.171074430
    0.205766097    1.707890028   -7.070416793  672.000876567  -58.235569214
    0.212828743    1.707890028   -3.419596037  379.310202833  -37.041353682
    0.219891389    1.707890028   -1.462962833  190.504005635  -20.542886196
    0.226954035    1.707890028   -0.535107279   83.505980965  -10.564034164
    0.234016681    1.707890028   -0.157522762   30.576675967   -4.451506631
    0.241079327    1.707890028   -0.032751831    8.721342603   -1.446108841
    0.248141973    1.707890028   -0.003628227    1.386354832   -0.257113407
    0.255204619    1.707890028   -0.000000000   -0.000000000   -0.000000000
    0.262267265    1.707890028   -0.000000000   -0.000000000   -0.000000000
    0.269329911    1.707890028   -0.000000000   -0.000000000   -0.000000000
    0.276392557    1.707890028   -0.000000000   -0.000000000   -0.000000000
    0.283455203    1.707890028   -0.000000000   -0.000000000   -0.000000000
    0.290517849    1.707890028   -0.000000000   -0.000000000   -0.000000000
    0.297580495    1.707890028   -0.000000000   -0.000000000   -0.000000000
    0.304643141    1.707890028   -0.000000000   -0.000000000   -0.000000000
    0.311705787    1.707890028   -0.000000000   -0.000000000   -0.000000000
    0.318768433    1.707890028   -0.000000000   -0.000000000   -0.000000000
    0.325831079    1.707890028   -0.000000000   -0.000000000   -0.000000000
    0.332893725    1.707890028   -0.000000000   -0.000000000   -0.000000000
    0.339956371    1.707890028   -0.000000000   -0.000000000   -0.000000000
    0.347019017    1.707890028   -0.000000000   -0.000000000   -0.000000000
    0.354081663    1.707890028   -0.000000000   -0.000000000   -0.000000000
    0.361144310    1.707890028   -0.000000000   -0.000000000   -0.000000000
    0.368206956    1.707890028   -0.000000000   -0.000000000   -0.000000000
    0.375269602    1.707890028   -0.000000000   -0.000000000   -0.000000000
    0.382332248    1.707890028   -0.000000000   -0.000000000   -0.000000000
    0.389394894    1.707890028   -0.000000000   -0.000000000   -0.000000000
    0.396457540    1.707890028   -0.000000000   -0.000000000   -0.000000000
    0.403520186    1.707890028   -0.000000000   -0.000000000   -0.000000000
    0.410582832    1.707890028   -0.000000000   -0.000000000   -0.000000000
    0.417645478    1.707890028   -0.000000000   -0.000000000   -0.000000000
    0.424708124    1.707890028   -0.000000000   -0.000000000   -0.000000000
    0.431770770    1.707890028   -0.000000000   -0.000000000   -0.000000000
    0.438833416    1.707890028   -0.000000000   -0.000000000   -0.000000000
    0.445896062    1.707890028   -0.000000000   -0.000000000   -0.000000000
    0.452958708    1.707890028   -0.000000000   -0.000000000   -0.000000000
    0.460021354    1.707890028   -0.000000000   -0.000000000   -0.000000000
    0.467084000    1.707890028   -0.000000000   -0.000000000   -0.000000000

    0.022137300    1.725536845   -0.000000000   -0.000000000   -0.000000000
    0.029199946    1.725536845   -0.000000000   -0.000000000   -0.000000000
    0.036262592    1.725536845   -0.000000000   -0.000000000   -0.000000000
    0.043325238    1.725536845   -0.009428215   -4.833796045    0.107470254
    0.050387884    1.725536845   -0.126849038  -32.371345218    0.953579653
    0.057450530    1.725536845   -0.546254256  -93.983060975    3.430172490
    0.064513176    1.725536845   -1.595236748 -215.955555613    8.513792842
    0.071575822    1.725536845   -3.824386274 -433.749700063   18.765932029
    0.078638468    1.725536845   -7.975234863 -760.422841266   37.504682188
    0.085701114    1.725536845  -14.728490731 -1158.800044611   64.971186247
    0.092763760    1.725536845  -24.288685663 -1535.609282657  100.000375402
    0.099826406    1.725536845  -36.082899078 -1771.313871528  134.199926827
    0.106889052    1.725536845  -48.790177393 -1789.540375204  158.393791672
    0.113951698    1.725536845  -60.884548996 -1608.593167838  162.964459393
    0.121014344    1.725536845  -71.272259446 -1323.137809619  143.518625361
    0.128076990    1.725536845  -79.534728264 -1015.647382717  102.799776912
    0.135139637    1.725536845  -85.587335789 -690.951816546   51.232270702
    0.142202283    1.725536845  -89.092000938 -280.883357953   -0.892196525
    0.149264929    1.725536845  -89.223582127  266.080801997  -47.746125044
    0.156327575    1.725536845  -85.104364978  906.627555141  -86.611445822
    0.163390221    1.725536845  -76.513386558 1505.507799207 -120.403415301
    0.170452867    1.725536845  -64.302442678 1909.414222820 -146.972184005
    0.177515513    1.725536845  -50.221011174 2028.072576595 -162.386073002
    0.184578159    1.725536845  -36.316706921 1868.528406123 -161.901071576
    0.191640805    1.725536845  -24.250724177 1528.086187172 -144.580398677
    0.198703451    1.725536845  -14.875733775 1123.564568001 -114.773684562
    0.205766097    1.725536845   -8.316536643  743.050949028  -80.528174113
    0.212828743    1.725536845   -4.194612671  438.798830601  -49.467149333
    0.219891389    1.725536845   -1.887864768  229.968551335  -27.018712467
    0.226954035    1.725536845   -0.750776552  106.129146098  -13.522010268
    0.234016681    1.725536845   -0.249534373   43.129914629   -5.831254649
    0.241079327    1.725536845   -0.063294136   13.934339666   -2.008573324
    0.248141973    1.725536845   -0.010462543    3.080314574   -0.446382128
    0.255204619    1.725536845   -0.000260063    0.446830055   -0.062093217
    0.262267265    1.725536845   -0.000000000   -0.000000000   -0.000000000
    0.269329911    1.725536845   -0.000000000   -0.000000000   -0.000000000
    0.276392557    1.725536845   -0.000000000   -0.000000000   -0.000000000
    0.283455203    1.725536845   -0.000000000   -0.000000000   -0.000000000
    0.290517849    1.725536845   -0.000000000   -0.000000000   -0.000000000
    0.297580495    1.725536845   -0.000000000   -0.000000000   -0.000000000
    0.304643141    1.725536845   -0.000000000   -0.000000000   -0.000000000
    0.311705787    1.725536845   -0.000000000   -0.000000000   -0.000000000
    0.318768433    1.725536845   -0.000000000   -0.000000000   -0.000000000
    0.325831079    1.725536845   -0.000000000   -0.000000000   -0.000000000
    0.332893725    1.725536845   -0.000000000   -0.000000000   -0.000000000
    0.339956371    1.725536845   -0.000000000   -0.000000000   -0.000000000
    0.347019017    1.725536845   -0.000000000   -0.000000000   -0.000000000
    0.354081663    1.725536845   -0.000000000   -0.000000000   -0.000000000
    0.361144310    1.725536845   -0.000000000   -0.000000000   -0.000000000
    0.368206956    1.725536845   -0.000000000   -0.000000000   -0.000000000
    0.375269602    1.725536845   -0.000000000   -0.000000000   -0.000000000
    0.382332248    1.725536845   -0.000000000   -0.000000000   -0.000000000
    0.389394894    1.725536845   -0.000000000   -0.000000000   -0.000000000
    0.396457540    1.725536845   -0.000000000   -0.000000000   -0.000000000
    0.403520186    1.725536845   -0.000000000   -0.000000000   -0.000000000
    0.410582832    1.725536845   -0.000000000   -0.000000000   -0.000000000
    0.417645478    1.725536845   -0.000000000   -0.000000000   -0.000000000
    0.424708124    1.725536845   -0.000000000   -0.000000000   -0.000000000
    0.431770770    1.725536845   -0.000000000   -0.000000000   -0.000000000
    0.438833416    1.725536845   -0.000000000   -0.000000000   -0.000000000
    0.445896062    1.725536845   -0.000000000   -0.000000000   -0.000000000
    0.452958708    1.725536845   -0.000000000   -0.000000000   -0.000000000
    0.460021354    1.725536845   -0.000000000   -0.000000000   -0.000000000
    0.467084000    1.725536845   -0.000000000   -0.000000000   -0.000000000

    0.022137300    1.743183662   -0.000000000   -0.000000000   -0.000000000
    0.029199946    1.743183662   -0.000000000   -0.000000000   -0.000000000
    0.036262592    1.743183662   -0.000000000   -0.000000000   -0.000000000
    0.043325238    1.743183662   -0.007490613   -4.019533336    0.104879852
    0.050387884    1.743183662   -0.107023402  -28.530888909    1.313520576
    0.057450530    1.743183662   -0.475802481  -83.349038387    4.425911297
    0.064513176    1.743183662   -1.418396427 -195.657718651   11.251494659
    0.071575822    1.743183662   -3.435827505 -392.607088493   24.840663715
    0.078638468    1.743183662   -7.212824983 -694.335833678   48.442841172
    0.085701114    1.743183662  -13.418163524 -1070.508140329   82.304144074
    0.092763760    1.743183662  -22.308339372 -1437.486432918  122.995736763
    0.099826406    1.743183662  -33.453028902 -1690.676988786  162.302706969
    0.106889052    1.743183662  -45.733429677 -1753.991815711  186.984444476
    0.113951698    1.743183662  -57.799535323 -1638.073997439  186.228284498
    0.121014344    1.743183662  -68.614692082 -1413.369980674  158.818862415
    0.128076990    1.743183662  -77.664159456 -1144.367210657  111.839196056
    0.135139637    1.743183662  -84.675297884 -829.107651741   56.889616644
    0.142202283    1.743183662  -89.124099556 -407.990537962    3.971678175
    0.149264929    1.743183662  -90.095531452  155.242153491  -42.930280061
    0.156327575    1.743183662  -86.711019127  808.909944077  -84.934327670
    0.163390221    1.743183662  -78.765542873 1421.405227999 -123.338502934
    0.170452867    1.743183662  -67.078314049 1847.827375806 -155.463619046
    0.177515513    1.743183662  -53.301680282 2006.599685389 -174.714941934
    0.184578159    1.743183662  -39.379907366 1895.502010542 -174.891885589
    0.191640805    1.743183662  -26.961602249 1599.496476577 -153.690131881
    0.198703451    1.743183662  -16.999189621 1214.717475681 -119.423539719
    0.205766097    1.743183662   -9.791901520  832.225455528  -82.405082699
    0.212828743    1.743183662   -5.100329982  509.079560410  -50.850907042
    0.219891389    1.743183662   -2.386386253  275.414025467  -27.920042834
    0.226954035    1.743183662   -0.995912597  132.623406118  -13.591246948
    0.234016681    1.743183662   -0.355491271   56.684069761   -5.910728787
    0.241079327    1.743183662   -0.100332409   20.301924121   -2.074062586
    0.248141973    1.743183662   -0.018846536    4.888893956   -0.489096547
    0.255204619    1.743183662   -0.001367424    0.630027782   -0.060740975
    0.262267265    1.743183662   -0.000000000   -0.000000000   -0.000000000
    0.269329911    1.743183662   -0.000000000   -0.000000000   -0.000000000
    0.276392557    1.743183662   -0.000000000   -0.000000000   -0.000000000
    0.283455203    1.743183662   -0.000000000   -0.000000000   -0.000000000
    0.290517849    1.743183662   -0.000000000   -0.000000000   -0.000000000
    0.297580495    1.743183662   -0.000000000   -0.000000000   -0.000000000
    0.304643141    1.743183662   -0.000000000   -0.000000000   -0.000000000
    0.311705787    1.743183662   -0.000000000   -0.000000000   -0.000000000
    0.318768433    1.743183662   -0.000000000   -0.000000000   -0.000000000
    0.325831079    1.743183662   -0.000000000   -0.000000000   -0.000000000
    0.332893725    1.743183662   -0.000000000   -0.000000000   -0.000000000
    0.339956371    1.743183662   -0.000000000   -0.000000000   -0.000000000
    0.347019017    1.743183662   -0.000000000   -0.000000000   -0.000000000
    0.354081663    1.743183662   -0.000000000   -0.000000000   -0.000000000
    0.361144310    1.743183662   -0.000000000   -0.000000000   -0.000000000
    0.368206956    1.743183662   -0.000000000   -0.000000000   -0.000000000
    0.375269602    1.743183662   -0.000000000   -0.000000000   -0.000000000
    0.382332248    1.743183662   -0.000000000   -0.000000000   -0.000000000
    0.389394894    1.743183662   -0.000000000   -0.000000000   -0.000000000
    0.396457540    1.743183662   -0.000000000   -0.000000000   -0.000000000
    0.403520186    1.743183662   -0.000000000   -0.000000000   -0.000000000
    0.410582832    1.743183662   -0.000000000   -0.000000000   -0.000000000
    0.417645478    1.743183662   -0.000000000   -0.000000000   -0.000000000
    0.424708124    1.743183662   -0.000000000   -0.000000000   -0.000000000
    0.431770770    1.743183662   -0.000000000   -0.000000000   -0.000000000
    0.438833416    1.743183662   -0.000000000   -0.000000000   -0.000000000
    0.445896062    1.743183662   -0.000000000   -0.000000000   -0.000000000
    0.452958708    1.743183662   -0.000000000   -0.000000000   -0.000000000
    0.460021354    1.743183662   -0.000000000   -0.000000000   -0.000000000
    0.467084000    1.743183662   -0.000000000   -0.000000000   -0.000000000

    0.022137300    1.760830479   -0.000000000   -0.000000000   -0.000000000
    0.029199946    1.760830479   -0.000000000   -0.000000000   -0.000000000
    0.036262592    1.760830479   -0.000000000   -0.000000000   -0.000000000
    0.043325238    1.760830479   -0.005598476   -3.307372274    0.094553941
    0.050387884    1.760830479   -0.084206078  -22.728477123    1.333673886
    0.057450530    1.760830479   -0.392424217  -70.907714098    4.929288563
    0.064513176    1.760830479   -1.204888819 -169.301649710   12.724746413
    0.071575822    1.760830479   -2.963884679 -343.974154428   28.291745461
    0.078638468    1.760830479   -6.297356834 -617.359922109   54.313858356
    0.085701114    1.760830479  -11.869092619 -968.055017121   92.322192763
    0.092763760    1.760830479  -19.997959358 -1327.513822873  137.048085285
    0.099826406    1.760830479  -30.422483435 -1602.412137724  179.080122984
    0.106889052    1.760830479  -42.260129945 -1722.279151455  204.297935101
    0.113951698    1.760830479  -54.356511769 -1677.502908685  202.583519038
    0.121014344    1.760830479  -65.673362073 -1512.183444624  173.680983755
    0.128076990    1.760830479  -75.548140543 -1273.389036524  127.851444758
    0.135139637    1.760830479  -83.483737823 -957.519657350   79.528846386
    0.142202283    1.760830479  -88.783861015 -519.862507969   37.206414410
    0.149264929    1.760830479  -90.491623640   57.285147269    2.997313753
    0.156327575    1.760830479  -87.775680883  716.321843409  -28.164775168
    0.163390221    1.760830479  -80.472270997 1333.120173172  -59.767149764
    0.170452867    1.760830479  -69.349762046 1779.543961984  -89.184401085
    0.177515513    1.760830479  -55.934286402 1975.541984414 -109.946639531
    0.184578159    1.760830479  -42.050238404 1917.044970076 -115.347754065
    0.191640805    1.760830479  -29.321834126 1661.659372001 -103.882536713
    0.198703451    1.760830479  -18.842399760 1295.899024814  -82.593914627
    0.205766097    1.760830479  -11.068569454  908.905324107  -57.785191489
    0.212828743    1.760830479   -5.896053285  569.417012552  -36.463905051
    0.219891389    1.760830479   -2.824288930  315.110720096  -20.266649172
    0.226954035    1.760830479   -1.207613060  156.502053038   -9.811326825
    0.234016681    1.760830479   -0.448609418   68.355263767   -4.370148727
    0.241079327    1.760830479   -0.133799496   26.338291677   -1.576302253
    0.248141973    1.760830479   -0.027125168    7.066317643   -0.402534901
    0.255204619    1.760830479   -0.002410042    1.170966760   -0.064539352
    0.262267265    1.760830479   -0.000000000   -0.000000000   -0.000000000
    0.269329911    1.760830479   -0.000000000   -0.000000000   -0.000000000
    0.276392557    1.760830479   -0.000000000   -0.000000000   -0.000000000
    0.283455203    1.760830479   -0.000000000   -0.000000000   -0.000000000
    0.290517849    1.760830479   -0.000000000   -0.000000000   -0.000000000
    0.297580495    1.760830479   -0.000000000   -0.000000000   -0.000000000
    0.304643141    1.760830479   -0.000000000   -0.000000000   -0.000000000
    0.311705787    1.760830479   -0.000000000   -0.000000000   -0.000000000
    0.318768433    1.760830479   -0.000000000   -0.000000000   -0.000000000
    0.325831079    1.760830479   -0.000000000   -0.000000000   -0.000000000
    0.332893725    1.760830479   -0.000000000   -0.000000000   -0.000000000
    0.339956371    1.760830479   -0.000000000   -0.000000000   -0.000000000
    0.347019017    1.760830479   -0.000000000   -0.000000000   -0.000000000
    0.354081663    1.760830479   -0.000000000   -0.000000000   -0.000000000
    0.361144310    1.760830479   -0.000000000   -0.000000000   -0.000000000
    0.368206956    1.760830479   -0.000000000   -0.000000000   -0.000000000
    0.375269602    1.760830479   -0.000000000   -0.000000000   -0.000000000
    0.382332248    1.760830479   -0.000000000   -0.000000000   -0.000000000
    0.389394894    1.760830479   -0.000000000   -0.000000000   -0.000000000
    0.396457540    1.760830479   -0.000000000   -0.000000000   -0.000000000
    0.403520186    1.760830479   -0.000000000   -0.000000000   -0.000000000
    0.410582832    1.760830479   -0.000000000   -0.000000000   -0.000000000
    0.417645478    1.760830479   -0.000000000   -0.000000000   -0.000000000
    0.424708124    1.760830479   -0.000000000   -0.000000000   -0.000000000
    0.431770770    1.760830479   -0.000000000   -0.000000000   -0.000000000
    0.438833416    1.760830479   -0.000000000   -0.000000000   -0.000000000
    0.445896062    1.760830479   -0.000000000   -0.000000000   -0.000000000
    0.452958708    1.760830479   -0.000000000   -0.000000000   -0.000000000
    0.460021354    1.760830479   -0.000000000   -0.000000000   -0.000000000
    0.467084000    1.760830479   -0.000000000   -0.000000000   -0.000000000

    0.022137300    1.778477296   -0.000000000   -0.000000000   -0.000000000
    0.029199946    1.778477296   -0.000000000   -0.000000000   -0.000000000
    0.036262592    1.778477296   -0.000000000   -0.000000000   -0.000000000
    0.043325238    1.778477296   -0.003408118   -2.322932220    0.126806107
    0.050387884    1.778477296   -0.062445832  -16.621495631    1.121797687
    0.057450530    1.778477296   -0.304496110  -58.302966816    4.985463564
    0.064513176    1.778477296   -0.976359335 -140.921815703   13.047806084
    0.071575822    1.778477296   -2.455475590 -292.201988572   28.865400069
    0.078638468    1.778477296   -5.322819583 -534.932485674   55.569525952
    0.085701114    1.778477296  -10.210259364 -859.088858267   94.530555472
    0.092763760    1.778477296  -17.529302019 -1212.094828428  140.815829628
    0.099826406    1.778477296  -27.203752475 -1512.298117682  183.223325125
    0.106889052    1.778477296  -38.602623918 -1691.004018543  208.242926469
    0.113951698    1.778477296  -50.726982063 -1717.917614347  206.436113889
    0.121014344    1.778477296  -62.543296530 -1608.429278104  179.103408651
    0.128076990    1.778477296  -73.185838936 -1388.006308834  138.378314452
    0.135139637    1.778477296  -81.885601234 -1055.109087743  100.946889122
    0.142202283    1.778477296  -87.771682116 -588.112181667   77.896030525
    0.149264929    1.778477296  -89.880924906    8.779884654   68.623309987
    0.156327575    1.778477296  -87.496233553  668.404577866   64.135834649
    0.163390221    1.778477296  -80.555580455 1278.265403124   57.409498810
    0.170452867    1.778477296  -69.831020155 1723.663270635   43.535067115
    0.177515513    1.778477296  -56.760894836 1935.480801198   25.244100059
    0.184578159    1.778477296  -43.065498232 1904.498041830    7.956490995
    0.191640805    1.778477296  -30.328200915 1675.449183292   -3.618494884
    0.198703451    1.778477296  -19.690162376 1324.446278491   -8.857361962
    0.205766097    1.778477296  -11.689119165  942.313337113   -9.323840115
    0.212828743    1.778477296   -6.294931065  597.586339555   -7.053993763
    0.219891389    1.778477296   -3.054343867  336.397161111   -4.877036811
    0.226954035    1.778477296   -1.322175649  168.168237646   -2.753364318
    0.234016681    1.778477296   -0.500375694   74.640998811   -1.294909050
    0.241079327    1.778477296   -0.152770244   29.444661387   -0.500697740
    0.248141973    1.778477296   -0.031734622    7.928115094   -0.110382823
    0.255204619    1.778477296   -0.003157919    1.296655784   -0.017689182
    0.262267265    1.778477296   -0.000000000   -0.000000000   -0.000000000
    0.269329911    1.778477296   -0.000000000   -0.000000000   -0.000000000
    0.276392557    1.778477296   -0.000000000   -0.000000000   -0.000000000
    0.283455203    1.778477296   -0.000000000   -0.000000000   -0.000000000
    0.290517849    1.778477296   -0.000000000   -0.000000000   -0.000000000
    0.297580495    1.778477296   -0.000000000   -0.000000000   -0.000000000
    0.304643141    1.778477296   -0.000000000   -0.000000000   -0.000000000
    0.311705787    1.778477296   -0.000000000   -0.000000000   -0.000000000
    0.318768433    1.778477296   -0.000000000   -0.000000000   -0.000000000
    0.325831079    1.778477296   -0.000000000   -0.000000000   -0.000000000
    0.332893725    1.778477296   -0.000000000   -0.000000000   -0.000000000
    0.339956371    1.778477296   -0.000000000   -0.000000000   -0.000000000
    0.347019017    1.778477296   -0.000000000   -0.000000000   -0.000000000
    0.354081663    1.778477296   -0.000000000   -0.000000000   -0.000000000
    0.361144310    1.778477296   -0.000000000   -0.000000000   -0.000000000
    0.368206956    1.778477296   -0.000000000   -0.000000000   -0.000000000
    0.375269602    1.778477296   -0.000000000   -0.000000000   -0.000000000
    0.382332248    1.778477296   -0.000000000   -0.000000000   -0.000000000
    0.389394894    1.778477296   -0.000000000   -0.000000000   -0.000000000
    0.396457540    1.778477296   -0.000000000   -0.000000000   -0.000000000
    0.403520186    1.778477296   -0.000000000   -0.000000000   -0.000000000
    0.410582832    1.778477296   -0.000000000   -0.000000000   -0.000000000
    0.417645478    1.778477296   -0.000000000   -0.000000000   -0.000000000
    0.424708124    1.778477296   -0.000000000   -0.000000000   -0.000000000
    0.431770770    1.778477296   -0.000000000   -0.000000000   -0.000000000
    0.438833416    1.778477296   -0.000000000   -0.000000000   -0.000000000
    0.445896062    1.778477296   -0.000000000   -0.000000000   -0.000000000
    0.452958708    1.778477296   -0.000000000   -0.000000000   -0.000000000
    0.460021354    1.778477296   -0.000000000   -0.000000000   -0.000000000
    0.467084000    1.778477296   -0.000000000   -0.000000000   -0.000000000

    0.022137300    1.796124113   -0.000000000   -0.000000000   -0.000000000
    0.029199946    1.796124113   -0.000000000   -0.000000000   -0.000000000
    0.036262592    1.796124113   -0.000000000   -0.000000000   -0.000000000
    0.043325238    1.796124113   -0.001802861   -1.169354877    0.073739168
    0.050387884    1.796124113   -0.042531255  -12.203926010    1.091049652
    0.057450530    1.796124113   -0.222698128  -44.479932867    4.247781007
    0.064513176    1.796124113   -0.753164939 -112.926277760   12.131285970
    0.071575822    1.796124113   -1.961588081 -242.054109280   26.859851839
    0.078638468    1.796124113   -4.363994112 -452.765744577   52.407571434
    0.085701114    1.796124113   -8.570067972 -750.941914722   90.043841108
    0.092763760    1.796124113  -15.086390107 -1097.142910938  134.621642803
    0.099826406    1.796124113  -24.025240044 -1424.023920535  175.532054196
    0.106889052    1.796124113  -34.984911088 -1659.233290033  199.802613490
    0.113951698    1.796124113  -47.136716022 -1755.574134170  198.766212865
    0.121014344    1.796124113  -59.412911624 -1694.794442049  174.698793714
    0.128076990    1.796124113  -70.712321956 -1479.473056204  141.647265793
    0.135139637    1.796124113  -79.949127731 -1110.522595390  118.556482373
    0.142202283    1.796124113  -86.045019396 -592.469493013  118.101694959
    0.149264929    1.796124113  -88.047863620   38.806947429  139.509628254
    0.156327575    1.796124113  -85.419923969  701.862897737  171.032537193
    0.163390221    1.796124113  -78.319821903 1286.775590272  196.005061424
    0.170452867    1.796124113  -67.659897549 1696.808344198  202.335357299
    0.177515513    1.796124113  -54.886677864 1881.193618846  187.371424235
    0.184578159    1.796124113  -41.618511062 1840.617253348  156.492432085
    0.191640805    1.796124113  -29.323128287 1616.275400901  117.829355898
    0.198703451    1.796124113  -19.057898889 1278.140001274   80.511480069
    0.205766097    1.796124113  -11.334564772  909.583543842   49.320249428
    0.212828743    1.796124113   -6.119070423  578.408822594   27.010074338
    0.219891389    1.796124113   -2.980637162  327.028263739   13.167208598
    0.226954035    1.796124113   -1.295490063  164.483613775    5.808610216
    0.234016681    1.796124113   -0.491511432   73.554196442    2.284810137
    0.241079327    1.796124113   -0.150234204   28.776552541    0.784428718
    0.248141973    1.796124113   -0.030669383    7.898245845    0.225200398
    0.255204619    1.796124113   -0.002997367    1.269592434    0.035322788
    0.262267265    1.796124113   -0.000000000   -0.000000000   -0.000000000
    0.269329911    1.796124113   -0.000000000   -0.000000000   -0.000000000
    0.276392557    1.796124113   -0.000000000   -0.000000000   -0.000000000
    0.283455203    1.796124113   -0.000000000   -0.000000000   -0.000000000
    0.290517849    1.796124113   -0.000000000   -0.000000000   -0.000000000
    0.297580495    1.796124113   -0.000000000   -0.000000000   -0.000000000
    0.304643141    1.796124113   -0.000000000   -0.000000000   -0.000000000
    0.311705787    1.796124113   -0.000000000   -0.000000000   -0.000000000
    0.318768433    1.796124113   -0.000000000   -0.000000000   -0.000000000
    0.325831079    1.796124113   -0.000000000   -0.000000000   -0.000000000
    0.332893725    1.796124113   -0.000000000   -0.000000000   -0.000000000
    0.339956371    1.796124113   -0.000000000   -0.000000000   -0.000000000
    0.347019017    1.796124113   -0.000000000   -0.000000000   -0.000000000
    0.354081663    1.796124113   -0.000000000   -0.000000000   -0.000000000
    0.361144310    1.796124113   -0.000000000   -0.000000000   -0.000000000
    0.368206956    1.796124113   -0.000000000   -0.000000000   -0.000000000
    0.375269602    1.796124113   -0.000000000   -0.000000000   -0.000000000
    0.382332248    1.796124113   -0.000000000   -0.000000000   -0.000000000
    0.389394894    1.796124113   -0.000000000   -0.000000000   -0.000000000
    0.396457540    1.796124113   -0.000000000   -0.000000000   -0.000000000
    0.403520186    1.796124113   -0.000000000   -0.000000000   -0.000000000
    0.410582832    1.796124113   -0.000000000   -0.000000000   -0.000000000
    0.417645478    1.796124113   -0.000000000   -0.000000000   -0.000000000
    0.424708124    1.796124113   -0.000000000   -0.000000000   -0.000000000
    0.431770770    1.796124113   -0.000000000   -0.000000000   -0.000000000
    0.438833416    1.796124113   -0.000000000   -0.000000000   -0.000000000
    0.445896062    1.796124113   -0.000000000   -0.000000000   -0.000000000
    0.452958708    1.796124113   -0.000000000   -0.000000000   -0.000000000
    0.460021354    1.796124113   -0.000000000   -0.000000000   -0.000000000
    0.467084000    1.796124113   -0.000000000   -0.000000000   -0.000000000

    0.022137300    1.813770930   -0.000000000   -0.000000000   -0.000000000
    0.029199946    1.813770930   -0.000000000   -0.000000000   -0.000000000
    0.036262592    1.813770930   -0.000000000   -0.000000000   -0.000000000
    0.043325238    1.813770930   -0.000858848   -0.514069488    0.035922597
    0.050387884    1.813770930   -0.024080954   -8.098454020    0.933619180
    0.057450530    1.813770930   -0.155415653  -32.442096868    3.481484201
    0.064513176    1.813770930   -0.553778137  -87.494328611   10.126243009
    0.071575822    1.813770930   -1.516210772 -195.461683177   23.357385345
    0.078638468    1.813770930   -3.489761280 -377.786296385   46.293393996
    0.085701114    1.813770930   -7.064824621 -648.774391633   79.929398679
    0.092763760    1.813770930  -12.823188239 -988.392158251  121.104162016
    0.099826406    1.813770930  -21.052429825 -1337.923768270  160.546574842
    0.106889052    1.813770930  -31.582324084 -1627.377717100  185.513622803
    0.113951698    1.813770930  -43.731130238 -1785.640051884  187.774683566
    0.121014344    1.813770930  -56.382838546 -1764.412316993  170.226336457
    0.128076990    1.813770930  -68.177415814 -1541.538738154  147.654668076
    0.135139637    1.813770930  -77.687320589 -1119.929119777  139.730317183
    0.142202283    1.813770930  -83.601977094 -531.952027215  159.751495858
    0.149264929    1.813770930  -84.979730088  149.155729966  207.058293345
    0.156327575    1.813770930  -81.527452534  816.311572176  266.579274983
    0.163390221    1.813770930  -73.747013373 1358.220616030  316.371245196
    0.170452867    1.813770930  -62.820902542 1698.709459391  338.593606074
    0.177515513    1.813770930  -50.287060389 1814.209432921  325.879727566
    0.184578159    1.813770930  -37.682750614 1724.417535669  282.086116637
    0.191640805    1.813770930  -26.283848690 1482.452239000  219.989213780
    0.198703451    1.813770930  -16.944913862 1154.248730012  153.969041791
    0.205766097    1.813770930  -10.015723161  811.217932590   97.007471054
    0.212828743    1.813770930   -5.381893677  511.669448649   54.798835739
    0.219891389    1.813770930   -2.609152333  287.745942038   28.035335991
    0.226954035    1.813770930   -1.127371810  143.599741411   12.739040791
    0.234016681    1.813770930   -0.423954813   64.280673328    5.131658189
    0.241079327    1.813770930   -0.126713266   25.139130089    1.811275315
    0.248141973    1.813770930   -0.024183337    6.664950323    0.477482376
    0.255204619    1.813770930   -0.002177580    0.941419523    0.063025347
    0.262267265    1.813770930   -0.000000000   -0.000000000   -0.000000000
    0.269329911    1.813770930   -0.000000000   -0.000000000   -0.000000000
    0.276392557    1.813770930   -0.000000000   -0.000000000   -0.000000000
    0.283455203    1.813770930   -0.000000000   -0.000000000   -0.000000000
    0.290517849    1.813770930   -0.000000000   -0.000000000   -0.000000000
    0.297580495    1.813770930   -0.000000000   -0.000000000   -0.000000000
    0.304643141    1.813770930   -0.000000000   -0.000000000   -0.000000000
    0.311705787    1.813770930   -0.000000000   -0.000000000   -0.000000000
    0.318768433    1.813770930   -0.000000000   -0.000000000   -0.000000000
    0.325831079    1.813770930   -0.000000000   -0.000000000   -0.000000000
    0.332893725    1.813770930   -0.000000000   -0.000000000   -0.000000000
    0.339956371    1.813770930   -0.000000000   -0.000000000   -0.000000000
    0.347019017    1.813770930   -0.000000000   -0.000000000   -0.000000000
    0.354081663    1.813770930   -0.000000000   -0.000000000   -0.000000000
    0.361144310    1.813770930   -0.000000000   -0.000000000   -0.000000000
    0.368206956    1.813770930   -0.000000000   -0.000000000   -0.000000000
    0.375269602    1.813770930   -0.000000000   -0.000000000   -0.000000000
    0.382332248    1.813770930   -0.000000000   -0.000000000   -0.000000000
    0.389394894    1.813770930   -0.000000000   -0.000000000   -0.000000000
    0.396457540    1.813770930   -0.000000000   -0.000000000   -0.000000000
    0.403520186    1.813770930   -0.000000000   -0.000000000   -0.000000000
    0.410582832    1.813770930   -0.000000000   -0.000000000   -0.000000000
    0.417645478    1.813770930   -0.000000000   -0.000000000   -0.000000000
    0.424708124    1.813770930   -0.000000000   -0.000000000   -0.000000000
    0.431770770    1.813770930   -0.000000000   -0.000000000   -0.000000000
    0.438833416    1.813770930   -0.000000000   -0.000000000   -0.000000000
    0.445896062    1.813770930   -0.000000000   -0.000000000   -0.000000000
    0.452958708    1.813770930   -0.000000000   -0.000000000   -0.000000000
    0.460021354    1.813770930   -0.000000000   -0.000000000   -0.000000000
    0.467084000    1.813770930   -0.000000000   -0.000000000   -0.000000000

    0.022137300    1.831417746   -0.000000000   -0.000000000   -0.000000000
    0.029199946    1.831417746   -0.000000000   -0.000000000   -0.000000000
    0.036262592    1.831417746   -0.000000000   -0.000000000   -0.000000000
    0.043325238    1.831417746   -0.000377986   -0.200678477    0.022548736
    0.050387884    1.831417746   -0.010624804   -4.699307717    0.593541620
    0.057450530    1.831417746   -0.098115736  -23.907490344    2.992857866
    0.064513176    1.831417746   -0.396440546  -66.136549567    7.909758249
    0.071575822    1.831417746   -1.141156458 -153.629574080   18.650141161
    0.078638468    1.831417746   -2.737519961 -312.248320271   38.773114281
    0.085701114    1.831417746   -5.757992678 -558.028348262   68.311551327
    0.092763760    1.831417746  -10.820981207 -885.265351345  106.048271912
    0.099826406    1.831417746  -18.361882478 -1251.421821151  145.130930774
    0.106889052    1.831417746  -28.416045496 -1583.960021551  174.987652062
    0.113951698    1.831417746  -40.446254692 -1794.777662153  187.415171008
    0.121014344    1.831417746  -53.297840586 -1805.847546779  184.058024702
    0.128076990    1.831417746  -65.368188798 -1569.587277083  176.268630811
    0.135139637    1.831417746  -74.892597821 -1090.145720064  182.214387240
    0.142202283    1.831417746  -80.331222488 -427.246296216  214.565951242
    0.149264929    1.831417746  -80.757082186  307.139614628  271.835281426
    0.156327575    1.831417746  -76.148258088  976.027165934  339.560997307
    0.163390221    1.831417746  -67.402226758 1463.718901721  395.298960083
    0.170452867    1.831417746  -56.041915855 1712.785842751  419.340740678
    0.177515513    1.831417746  -43.756666729 1730.815381281  402.302245888
    0.184578159    1.831417746  -32.021570552 1568.469978768  347.947406706
    0.191640805    1.831417746  -21.865131951 1294.518638337  271.269363614
    0.198703451    1.831417746  -13.842781582  975.142694301  190.611201047
    0.205766097    1.831417746   -8.056840420  668.785718709  120.235075890
    0.212828743    1.831417746   -4.269998344  413.477869592   68.601342616
    0.219891389    1.831417746   -2.039613545  229.391112675   34.973459695
    0.226954035    1.831417746   -0.868696955  112.875755257   15.897961244
    0.234016681    1.831417746   -0.319669418   49.889871152    6.426125056
    0.241079327    1.831417746   -0.090245380   18.754414608    2.211443449
    0.248141973    1.831417746   -0.014920018    4.428940955    0.523991851
    0.255204619    1.831417746   -0.000891616    0.727028767    0.079040374
    0.262267265    1.831417746   -0.000000000   -0.000000000   -0.000000000
    0.269329911    1.831417746   -0.000000000   -0.000000000   -0.000000000
    0.276392557    1.831417746   -0.000000000   -0.000000000   -0.000000000
    0.283455203    1.831417746   -0.000000000   -0.000000000   -0.000000000
    0.290517849    1.831417746   -0.000000000   -0.000000000   -0.000000000
    0.297580495    1.831417746   -0.000000000   -0.000000000   -0.000000000
    0.304643141    1.831417746   -0.000000000   -0.000000000   -0.000000000
    0.311705787    1.831417746   -0.000000000   -0.000000000   -0.000000000
    0.318768433    1.831417746   -0.000000000   -0.000000000   -0.000000000
    0.325831079    1.831417746   -0.000000000   -0.000000000   -0.000000000
    0.332893725    1.831417746   -0.000000000   -0.000000000   -0.000000000
    0.339956371    1.831417746   -0.000000000   -0.000000000   -0.000000000
    0.347019017    1.831417746   -0.000000000   -0.000000000   -0.000000000
    0.354081663    1.831417746   -0.000000000   -0.000000000   -0.000000000
    0.361144310    1.831417746   -0.000000000   -0.000000000   -0.000000000
    0.368206956    1.831417746   -0.000000000   -0.000000000   -0.000000000
    0.375269602    1.831417746   -0.000000000   -0.000000000   -0.000000000
    0.382332248    1.831417746   -0.000000000   -0.000000000   -0.000000000
    0.389394894    1.831417746   -0.000000000   -0.000000000   -0.000000000
    0.396457540    1.831417746   -0.000000000   -0.000000000   -0.000000000
    0.403520186    1.831417746   -0.000000000   -0.000000000   -0.000000000
    0.410582832    1.831417746   -0.000000000   -0.000000000   -0.000000000
    0.417645478    1.831417746   -0.000000000   -0.000000000   -0.000000000
    0.424708124    1.831417746   -0.000000000   -0.000000000   -0.000000000
    0.431770770    1.831417746   -0.000000000   -0.000000000   -0.000000000
    0.438833416    1.831417746   -0.000000000   -0.000000000   -0.000000000
    0.445896062    1.831417746   -0.000000000   -0.000000000   -0.000000000
    0.452958708    1.831417746   -0.000000000   -0.000000000   -0.000000000
    0.460021354    1.831417746   -0.000000000   -0.000000000   -0.000000000
    0.467084000    1.831417746   -0.000000000   -0.000000000   -0.000000000

    0.022137300    1.849064563   -0.000000000   -0.000000000   -0.000000000
    0.029199946    1.849064563   -0.000000000   -0.000000000   -0.000000000
    0.036262592    1.849064563   -0.000000000   -0.000000000   -0.000000000
    0.043325238    1.849064563   -0.000000000   -0.000000000   -0.000000000
    0.050387884    1.849064563   -0.003880566   -1.554220825    0.219079943
    0.057450530    1.849064563   -0.054795969  -15.184378292    1.947963504
    0.064513176    1.849064563   -0.271398454  -50.249583822    6.275393701
    0.071575822    1.849064563   -0.848279415 -120.756125672   14.802652798
    0.078638468    1.849064563   -2.124646645 -253.899589084   30.974781695
    0.085701114    1.849064563   -4.649332578 -476.162381278   57.473325391
    0.092763760    1.849064563   -9.060270224 -786.186083805   94.281095126
    0.099826406    1.849064563  -15.890747906 -1153.061951023  136.399176915
    0.106889052    1.849064563  -25.331639880 -1511.167840622  177.272232755
    0.113951698    1.849064563  -36.981768551 -1761.011474355  209.180644182
    0.121014344    1.849064563  -49.697470183 -1797.705130729  229.754816631
    0.128076990    1.849064563  -61.712663661 -1555.678823785  244.801158202
    0.135139637    1.849064563  -71.008323587 -1034.298269043  265.363735634
    0.142202283    1.849064563  -75.848393381 -313.746813271  300.091617572
    0.149264929    1.849064563  -75.315039948  459.529120778  348.320384260
    0.156327575    1.849064563  -69.620649813 1122.064014861  399.974733251
    0.163390221    1.849064563  -60.022026897 1551.159155500  436.813986664
    0.170452867    1.849064563  -48.362746488 1705.668989461  442.974551393
    0.177515513    1.849064563  -36.487356155 1623.763690577  412.085571103
    0.184578159    1.849064563  -25.785980204 1388.769618412  349.399856829
    0.191640805    1.849064563  -17.030418134 1084.725763127  268.317927533
    0.198703451    1.849064563  -10.461937406  779.272374360  187.058261450
    0.205766097    1.849064563   -5.922339258  514.268990602  117.678320631
    0.212828743    1.849064563   -3.055582835  308.248407367   66.669137012
    0.219891389    1.849064563   -1.423274027  164.833758370   33.524947028
    0.226954035    1.849064563   -0.589349089   79.330162021   15.177291900
    0.234016681    1.849064563   -0.207344118   34.104512533    6.078594782
    0.241079327    1.849064563   -0.052114456   12.171517432    2.000530201
    0.248141973    1.849064563   -0.006791472    2.016178952    0.335383241
    0.255204619    1.849064563   -0.000111221    0.188730615    0.029551662
    0.262267265    1.849064563   -0.000000000   -0.000000000   -0.000000000
    0.269329911    1.849064563   -0.000000000   -0.000000000   -0.000000000
    0.276392557    1.849064563   -0.000000000   -0.000000000   -0.000000000
    0.283455203    1.849064563   -0.000000000   -0.000000000   -0.000000000
    0.290517849    1.849064563   -0.000000000   -0.000000000   -0.000000000
    0.297580495    1.849064563   -0.000000000   -0.000000000   -0.000000000
    0.304643141    1.849064563   -0.000000000   -0.000000000   -0.000000000
    0.311705787    1.849064563   -0.000000000   -0.000000000   -0.000000000
    0.318768433    1.849064563   -0.000000000   -0.000000000   -0.000000000
    0.325831079    1.849064563   -0.000000000   -0.000000000   -0.000000000
    0.332893725    1.849064563   -0.000000000   -0.000000000   -0.000000000
    0.339956371    1.849064563   -0.000000000   -0.000000000   -0.000000000
    0.347019017    1.849064563   -0.000000000   -0.000000000   -0.000000000
    0.354081663    1.849064563   -0.000000000   -0.000000000   -0.000000000
    0.361144310    1.849064563   -0.000000000   -0.000000000   -0.000000000
    0.368206956    1.849064563   -0.000000000   -0.000000000   -0.000000000
    0.375269602    1.849064563   -0.000000000   -0.000000000   -0.000000000
    0.382332248    1.849064563   -0.000000000   -0.000000000   -0.000000000
    0.389394894    1.849064563   -0.000000000   -0.000000000   -0.000000000
    0.396457540    1.849064563   -0.000000000   -0.000000000   -0.000000000
    0.403520186    1.849064563   -0.000000000   -0.000000000   -0.000000000
    0.410582832    1.849064563   -0.000000000   -0.000000000   -0.000000000
    0.417645478    1.849064563   -0.000000000   -0.000000000   -0.000000000
    0.424708124    1.849064563   -0.000000000   -0.000000000   -0.000000000
    0.431770770    1.849064563   -0.000000000   -0.000000000   -0.000000000
    0.438833416    1.849064563   -0.000000000   -0.000000000   -0.000000000
    0.445896062    1.849064563   -0.000000000   -0.000000000   -0.000000000
    0.452958708    1.849064563   -0.000000000   -0.000000000   -0.000000000
    0.460021354    1.849064563   -0.000000000   -0.000000000   -0.000000000
    0.467084000    1.849064563   -0.000000000   -0.000000000   -0.000000000

    0.022137300    1.866711380   -0.000000000   -0.000000000   -0.000000000
    0.029199946    1.866711380   -0.000000000   -0.000000000   -0.000000000
    0.036262592    1.866711380   -0.000000000   -0.000000000   -0.000000000
    0.043325238    1.866711380   -0.000000000   -0.000000000   -0.000000000
    0.050387884    1.866711380   -0.001257638   -0.810978830    0.095231341
    0.057450530    1.866711380   -0.028916411   -9.177004038    1.077062934
    0.064513176    1.866711380   -0.176025100  -36.057276311    4.515220893
    0.071575822    1.866711380   -0.612687243  -93.289765226   11.902479625
    0.078638468    1.866711380   -1.628554343 -205.839915915   25.733973909
    0.085701114    1.866711380   -3.708965856 -398.582989535   49.885458526
    0.092763760    1.866711380   -7.469003875 -680.958759330   86.914236313
    0.099826406    1.866711380  -13.495573669 -1033.360618399  136.201217164
    0.106889052    1.866711380  -22.080518989 -1391.965871028  192.918161526
    0.113951698    1.866711380  -32.943908381 -1658.558276172  250.733850614
    0.121014344    1.866711380  -45.020615092 -1717.363275061  303.791490376
    0.128076990    1.866711380  -56.514409669 -1485.668062394  348.837413446
    0.135139637    1.866711380  -65.298198279 -956.703117931  386.967156918
    0.142202283    1.866711380  -69.534707220 -220.677684056  420.332155591
    0.149264929    1.866711380  -68.317070754  556.561001973  447.846049134
    0.156327575    1.866711380  -62.005727682 1194.031967476  464.296500225
    0.163390221    1.866711380  -52.085885588 1565.028264023  461.451127954
    0.170452867    1.866711380  -40.601194472 1640.875855265  433.365352518
    0.177515513    1.866711380  -29.458699630 1484.065110710  380.284226748
    0.184578159    1.866711380  -19.941534218 1198.775188240  308.547857929
    0.191640805    1.866711380  -12.596823782  882.461004491  230.089431062
    0.198703451    1.866711380   -7.402581162  597.242316419  156.532955268
    0.205766097    1.866711380   -4.014042643  372.564642386   96.568170119
    0.212828743    1.866711380   -1.985566715  211.912155251   53.460111771
    0.219891389    1.866711380   -0.886288260  108.897195196   26.792138287
    0.226954035    1.866711380   -0.347562649   49.850516118   11.970458964
    0.234016681    1.866711380   -0.111539684   20.726690117    4.723836625
    0.241079327    1.866711380   -0.022844098    6.261232712    1.327741164
    0.248141973    1.866711380   -0.002026252    0.821153578    0.176037712
    0.255204619    1.866711380   -0.000000000   -0.000000000   -0.000000000
    0.262267265    1.866711380   -0.000000000   -0.000000000   -0.000000000
    0.269329911    1.866711380   -0.000000000   -0.000000000   -0.000000000
    0.276392557    1.866711380   -0.000000000   -0.000000000   -0.000000000
    0.283455203    1.866711380   -0.000000000   -0.000000000   -0.000000000
    0.290517849    1.866711380   -0.000000000   -0.000000000   -0.000000000
    0.297580495    1.866711380   -0.000000000   -0.000000000   -0.000000000
    0.304643141    1.866711380   -0.000000000   -0.000000000   -0.000000000
    0.311705787    1.866711380   -0.000000000   -0.000000000   -0.000000000
    0.318768433    1.866711380   -0.000000000   -0.000000000   -0.000000000
    0.325831079    1.866711380   -0.000000000   -0.000000000   -0.000000000
    0.332893725    1.866711380   -0.000000000   -0.000000000   -0.000000000
    0.339956371    1.866711380   -0.000000000   -0.000000000   -0.000000000
    0.347019017    1.866711380   -0.000000000   -0.000000000   -0.000000000
    0.354081663    1.866711380   -0.000000000   -0.000000000   -0.000000000
    0.361144310    1.866711380   -0.000000000   -0.000000000   -0.000000000
    0.368206956    1.866711380   -0.000000000   -0.000000000   -0.000000000
    0.375269602    1.866711380   -0.000000000   -0.000000000   -0.000000000
    0.382332248    1.866711380   -0.000000000   -0.000000000   -0.000000000
    0.389394894    1.866711380   -0.000000000   -0.000000000   -0.000000000
    0.396457540    1.866711380   -0.000000000   -0.000000000   -0.000000000
    0.403520186    1.866711380   -0.000000000   -0.000000000   -0.000000000
    0.410582832    1.866711380   -0.000000000   -0.000000000   -0.000000000
    0.417645478    1.866711380   -0.000000000   -0.000000000   -0.000000000
    0.424708124    1.866711380   -0.000000000   -0.000000000   -0.000000000
    0.431770770    1.866711380   -0.000000000   -0.000000000   -0.000000000
    0.438833416    1.866711380   -0.000000000   -0.000000000   -0.000000000
    0.445896062    1.866711380   -0.000000000   -0.000000000   -0.000000000
    0.452958708    1.866711380   -0.000000000   -0.000000000   -0.000000000
    0.460021354    1.866711380   -0.000000000   -0.000000000   -0.000000000
    0.467084000    1.866711380   -0.000000000   -0.000000000   -0.000000000

    0.022137300    1.884358197   -0.000000000   -0.000000000   -0.000000000
    0.029199946    1.884358197   -0.000000000   -0.000000000   -0.000000000
    0.036262592    1.884358197   -0.000000000   -0.000000000   -0.000000000
    0.043325238    1.884358197   -0.000000000   -0.000000000   -0.000000000
    0.050387884    1.884358197   -0.000062156   -0.160702947    0.002206096
    0.057450530    1.884358197   -0.014607644   -5.395159377    0.562364802
    0.064513176    1.884358197   -0.112084573  -24.712108902    2.958161544
    0.071575822    1.884358197   -0.425999975  -69.372914255    9.244178462
    0.078638468    1.884358197   -1.208994464 -161.832809746   21.864598456
    0.085701114    1.884358197   -2.870954644 -322.337522646   45.179429644
    0.092763760    1.884358197   -5.962888420 -567.368906724   84.061227580
    0.099826406    1.884358197  -11.056024494 -883.563843384  140.484397193
    0.106889052    1.884358197  -18.493045489 -1218.445792273  213.773785136
    0.113951698    1.884358197  -28.093768412 -1478.297928803  297.869037533
    0.121014344    1.884358197  -38.934548687 -1551.374229909  384.503678037
    0.128076990    1.884358197  -49.349610028 -1347.755875715  461.612128369
    0.135139637    1.884358197  -57.283567344 -854.865783791  519.402011774
    0.142202283    1.884358197  -60.941247959 -159.494937463  551.973308898
    0.149264929    1.884358197  -59.449524336  571.981947123  555.746155782
    0.156327575    1.884358197  -53.211896683 1156.781890700  531.361294319
    0.163390221    1.884358197  -43.754611260 1471.153855530  481.989174678
    0.170452867    1.884358197  -33.121406685 1495.314167737  413.683396627
    0.177515513    1.884358197  -23.146718668 1302.209852353  334.863552327
    0.184578159    1.884358197  -14.975339314 1003.550443607  254.002444485
    0.191640805    1.884358197   -8.982651660  697.867992433  179.156684780
    0.198703451    1.884358197   -4.990083577  443.544033892  116.609426621
    0.205766097    1.884358197   -2.551422614  258.279114967   69.024042894
    0.212828743    1.884358197   -1.185271915  138.118281107   37.364805381
    0.219891389    1.884358197   -0.488554136   65.972332236   18.329394156
    0.226954035    1.884358197   -0.173020211   27.783135125    7.855377462
    0.234016681    1.884358197   -0.044369515    9.988136666    2.744316154
    0.241079327    1.884358197   -0.005876086    2.069425893    0.549897694
    0.248141973    1.884358197   -0.000043217    0.158418604    0.043171378
    0.255204619    1.884358197   -0.000000000   -0.000000000   -0.000000000
    0.262267265    1.884358197   -0.000000000   -0.000000000   -0.000000000
    0.269329911    1.884358197   -0.000000000   -0.000000000   -0.000000000
    0.276392557    1.884358197   -0.000000000   -0.000000000   -0.000000000
    0.283455203    1.884358197   -0.000000000   -0.000000000   -0.000000000
    0.290517849    1.884358197   -0.000000000   -0.000000000   -0.000000000
    0.297580495    1.884358197   -0.000000000   -0.000000000   -0.000000000
    0.304643141    1.884358197   -0.000000000   -0.000000000   -0.000000000
    0.311705787    1.884358197   -0.000000000   -0.000000000   -0.000000000
    0.318768433    1.884358197   -0.000000000   -0.000000000   -0.000000000
    0.325831079    1.884358197   -0.000000000   -0.000000000   -0.000000000
    0.332893725    1.884358197   -0.000000000   -0.000000000   -0.000000000
    0.339956371    1.884358197   -0.000000000   -0.000000000   -0.000000000
    0.347019017    1.884358197   -0.000000000   -0.000000000   -0.000000000
    0.354081663    1.884358197   -0.000000000   -0.000000000   -0.000000000
    0.361144310    1.884358197   -0.000000000   -0.000000000   -0.000000000
    0.368206956    1.884358197   -0.000000000   -0.000000000   -0.000000000
    0.375269602    1.884358197   -0.000000000   -0.000000000   -0.000000000
    0.382332248    1.884358197   -0.000000000   -0.000000000   -0.000000000
    0.389394894    1.884358197   -0.000000000   -0.000000000   -0.000000000
    0.396457540    1.884358197   -0.000000000   -0.000000000   -0.000000000
    0.403520186    1.884358197   -0.000000000   -0.000000000   -0.000000000
    0.410582832    1.884358197   -0.000000000   -0.000000000   -0.000000000
    0.417645478    1.884358197   -0.000000000   -0.000000000   -0.000000000
    0.424708124    1.884358197   -0.000000000   -0.000000000   -0.000000000
    0.431770770    1.884358197   -0.000000000   -0.000000000   -0.000000000
    0.438833416    1.884358197   -0.000000000   -0.000000000   -0.000000000
    0.445896062    1.884358197   -0.000000000   -0.000000000   -0.000000000
    0.452958708    1.884358197   -0.000000000   -0.000000000   -0.000000000
    0.460021354    1.884358197   -0.000000000   -0.000000000   -0.000000000
    0.467084000    1.884358197   -0.000000000   -0.000000000   -0.000000000

    0.022137300    1.902005014   -0.000000000   -0.000000000   -0.000000000
    0.029199946    1.902005014   -0.000000000   -0.000000000   -0.000000000
    0.036262592    1.902005014   -0.000000000   -0.000000000   -0.000000000
    0.043325238    1.902005014   -0.000000000   -0.000000000   -0.000000000
    0.050387884    1.902005014   -0.000000000   -0.000000000   -0.000000000
    0.057450530    1.902005014   -0.006734170   -3.292431039    0.348244133
    0.064513176    1.902005014   -0.067748955  -16.433293921    2.108046359
    0.071575822    1.902005014   -0.285514138  -49.052295227    6.963821037
    0.078638468    1.902005014   -0.854146739 -119.958254068   18.093791713
    0.085701114    1.902005014   -2.113831151 -247.176974108   40.470104683
    0.092763760    1.902005014   -4.514936814 -445.323136209   79.370173897
    0.099826406    1.902005014   -8.563881563 -709.961929342  140.476234438
    0.106889052    1.902005014  -14.600109939 -997.729300855  224.451278184
    0.113951698    1.902005014  -22.528630054 -1230.363302044  327.580440459
    0.121014344    1.902005014  -31.612660502 -1307.598273845  438.547944018
    0.128076990    1.902005014  -40.430338972 -1145.651893512  540.235401744
    0.135139637    1.902005014  -47.183616904 -727.179150507  615.128444446
    0.142202283    1.902005014  -50.263709297 -125.279090386  648.794785900
    0.149264929    1.902005014  -48.871403723  510.657633056  635.078261596
    0.156327575    1.902005014  -43.367902361 1013.779808860  578.522725621
    0.163390221    1.902005014  -35.134613076 1272.474566172  491.929733578
    0.170452867    1.902005014  -26.011380360 1271.495489732  391.374488384
    0.177515513    1.902005014  -17.624162607 1080.457337950  291.823054468
    0.184578159    1.902005014  -10.946431269  804.739077123  203.978806569
    0.191640805    1.902005014   -6.240174362  534.424337318  133.167181386
    0.198703451    1.902005014   -3.261481646  320.548948600   80.789642344
    0.205766097    1.902005014   -1.550303050  174.533913162   45.438911437
    0.212828743    1.902005014   -0.653168626   87.700022487   23.539429948
    0.219891389    1.902005014   -0.234846427   36.952317471   10.828211956
    0.226954035    1.902005014   -0.066107355   14.039363814    4.389820204
    0.234016681    1.902005014   -0.011437051    3.670616197    1.140394818
    0.241079327    1.902005014   -0.000503922    0.340006274    0.115422895
    0.248141973    1.902005014   -0.000000000   -0.000000000   -0.000000000
    0.255204619    1.902005014   -0.000000000   -0.000000000   -0.000000000
    0.262267265    1.902005014   -0.000000000   -0.000000000   -0.000000000
    0.269329911    1.902005014   -0.000000000   -0.000000000   -0.000000000
    0.276392557    1.902005014   -0.000000000   -0.000000000   -0.000000000
    0.283455203    1.902005014   -0.000000000   -0.000000000   -0.000000000
    0.290517849    1.902005014   -0.000000000   -0.000000000   -0.000000000
    0.297580495    1.902005014   -0.000000000   -0.000000000   -0.000000000
    0.304643141    1.902005014   -0.000000000   -0.000000000   -0.000000000
    0.311705787    1.902005014   -0.000000000   -0.000000000   -0.000000000
    0.318768433    1.902005014   -0.000000000   -0.000000000   -0.000000000
    0.325831079    1.902005014   -0.000000000   -0.000000000   -0.000000000
    0.332893725    1.902005014   -0.000000000   -0.000000000   -0.000000000
    0.339956371    1.902005014   -0.000000000   -0.000000000   -0.000000000
    0.347019017    1.902005014   -0.000000000   -0.000000000   -0.000000000
    0.354081663    1.902005014   -0.000000000   -0.000000000   -0.000000000
    0.361144310    1.902005014   -0.000000000   -0.000000000   -0.000000000
    0.368206956    1.902005014   -0.000000000   -0.000000000   -0.000000000
    0.375269602    1.902005014   -0.000000000   -0.000000000   -0.000000000
    0.382332248    1.902005014   -0.000000000   -0.000000000   -0.000000000
    0.389394894    1.902005014   -0.000000000   -0.000000000   -0.000000000
    0.396457540    1.902005014   -0.000000000   -0.000000000   -0.000000000
    0.403520186    1.902005014   -0.000000000   -0.000000000   -0.000000000
    0.410582832    1.902005014   -0.000000000   -0.000000000   -0.000000000
    0.417645478    1.902005014   -0.000000000   -0.000000000   -0.000000000
    0.424708124    1.902005014   -0.000000000   -0.000000000   -0.000000000
    0.431770770    1.902005014   -0.000000000   -0.000000000   -0.000000000
    0.438833416    1.902005014   -0.000000000   -0.000000000   -0.000000000
    0.445896062    1.902005014   -0.000000000   -0.000000000   -0.000000000
    0.452958708    1.902005014   -0.000000000   -0.000000000   -0.000000000
    0.460021354    1.902005014   -0.000000000   -0.000000000   -0.000000000
    0.467084000    1.902005014   -0.000000000   -0.000000000   -0.000000000

    0.022137300    1.919651831   -0.000000000   -0.000000000   -0.000000000
    0.029199946    1.919651831   -0.000000000   -0.000000000   -0.000000000
    0.036262592    1.919651831   -0.000000000   -0.000000000   -0.000000000
    0.043325238    1.919651831   -0.000000000   -0.000000000   -0.000000000
    0.050387884    1.919651831   -0.000000000   -0.000000000   -0.000000000
    0.057450530    1.919651831   -0.002880580   -1.406754672    0.158701498
    0.064513176    1.919651831   -0.037451725   -9.811631200    1.411734688
    0.071575822    1.919651831   -0.176355270  -32.582559161    5.394591762
    0.078638468    1.919651831   -0.565609895  -83.412582265   14.583919389
    0.085701114    1.919651831   -1.454965024 -176.919959498   34.106575648
    0.092763760    1.919651831   -3.190232444 -324.206711993   69.655069207
    0.099826406    1.919651831   -6.170283291 -527.147387011  128.654452592
    0.106889052    1.919651831  -10.697657017 -754.821530692  213.703119929
    0.113951698    1.919651831  -16.745630824 -944.975978123  321.363059665
    0.121014344    1.919651831  -23.767648878 -1017.296868575  440.938294918
    0.128076990    1.919651831  -30.670216589 -902.174648219  553.391269591
    0.135139637    1.919651831  -36.016790479 -579.368383956  636.345701747
    0.142202283    1.919651831  -38.491205528 -104.425725984  671.233081938
    0.149264929    1.919651831  -37.418519170  401.817482827  650.557422277
    0.156327575    1.919651831  -33.068784148  802.641401020  579.233103746
    0.163390221    1.919651831  -26.553061453 1005.531224029  474.822048626
    0.170452867    1.919651831  -19.368425532  996.967811949  359.046625107
    0.177515513    1.919651831  -12.832127192  835.483226820  251.375688641
    0.184578159    1.919651831   -7.721217893  608.252749847  163.046895097
    0.191640805    1.919651831   -4.215882211  391.300829683   98.262623078
    0.198703451    1.919651831   -2.074013554  224.337906440   55.159959793
    0.205766097    1.919651831   -0.906021197  115.601892521   28.780678903
    0.212828743    1.919651831   -0.330938278   52.618530224   13.572246183
    0.219891389    1.919651831   -0.093888527   19.118991620    5.471803718
    0.226954035    1.919651831   -0.018356813    5.012125905    1.469810487
    0.234016681    1.919651831   -0.000967161    0.678762122    0.191403305
    0.241079327    1.919651831   -0.000000000   -0.000000000   -0.000000000
    0.248141973    1.919651831   -0.000000000   -0.000000000   -0.000000000
    0.255204619    1.919651831   -0.000000000   -0.000000000   -0.000000000
    0.262267265    1.919651831   -0.000000000   -0.000000000   -0.000000000
    0.269329911    1.919651831   -0.000000000   -0.000000000   -0.000000000
    0.276392557    1.919651831   -0.000000000   -0.000000000   -0.000000000
    0.283455203    1.919651831   -0.000000000   -0.000000000   -0.000000000
    0.290517849    1.919651831   -0.000000000   -0.000000000   -0.000000000
    0.297580495    1.919651831   -0.000000000   -0.000000000   -0.000000000
    0.304643141    1.919651831   -0.000000000   -0.000000000   -0.000000000
    0.311705787    1.919651831   -0.000000000   -0.000000000   -0.000000000
    0.318768433    1.919651831   -0.000000000   -0.000000000   -0.000000000
    0.325831079    1.919651831   -0.000000000   -0.000000000   -0.000000000
    0.332893725    1.919651831   -0.000000000   -0.000000000   -0.000000000
    0.339956371    1.919651831   -0.000000000   -0.000000000   -0.000000000
    0.347019017    1.919651831   -0.000000000   -0.000000000   -0.000000000
    0.354081663    1.919651831   -0.000000000   -0.000000000   -0.000000000
    0.361144310    1.919651831   -0.000000000   -0.000000000   -0.000000000
    0.368206956    1.919651831   -0.000000000   -0.000000000   -0.000000000
    0.375269602    1.919651831   -0.000000000   -0.000000000   -0.000000000
    0.382332248    1.919651831   -0.000000000   -0.000000000   -0.000000000
    0.389394894    1.919651831   -0.000000000   -0.000000000   -0.000000000
    0.396457540    1.919651831   -0.000000000   -0.000000000   -0.000000000
    0.403520186    1.919651831   -0.000000000   -0.000000000   -0.000000000
    0.410582832    1.919651831   -0.000000000   -0.000000000   -0.000000000
    0.417645478    1.919651831   -0.000000000   -0.000000000   -0.000000000
    0.424708124    1.919651831   -0.000000000   -0.000000000   -0.000000000
    0.431770770    1.919651831   -0.000000000   -0.000000000   -0.000000000
    0.438833416    1.919651831   -0.000000000   -0.000000000   -0.000000000
    0.445896062    1.919651831   -0.000000000   -0.000000000   -0.000000000
    0.452958708    1.919651831   -0.000000000   -0.000000000   -0.000000000
    0.460021354    1.919651831   -0.000000000   -0.000000000   -0.000000000
    0.467084000    1.919651831   -0.000000000   -0.000000000   -0.000000000

    0.022137300    1.937298648   -0.000000000   -0.000000000   -0.000000000
    0.029199946    1.937298648   -0.000000000   -0.000000000   -0.000000000
    0.036262592    1.937298648   -0.000000000   -0.000000000   -0.000000000
    0.043325238    1.937298648   -0.000000000   -0.000000000   -0.000000000
    0.050387884    1.937298648   -0.000000000   -0.000000000   -0.000000000
    0.057450530    1.937298648   -0.001061067   -0.541214153    0.073380327
    0.064513176    1.937298648   -0.018094794   -5.423411194    0.859693165
    0.071575822    1.937298648   -0.096450916  -19.660482786    3.763856277
    0.078638468    1.937298648   -0.338137540  -53.032660239   11.067471409
    0.085701114    1.937298648   -0.915821102 -116.778813987   26.890747923
    0.092763760    1.937298648   -2.072549427 -217.998860341   56.298148187
    0.099826406    1.937298648   -4.088758820 -358.707408749  106.031832098
    0.106889052    1.937298648   -7.196052001 -521.850404267  180.398856801
    0.113951698    1.937298648  -11.410390120 -663.629706989  277.873443207
    0.121014344    1.937298648  -16.377694651 -724.391474051  388.677887487
    0.128076990    1.937298648  -21.323880293 -651.115296786  495.236199994
    0.135139637    1.937298648  -25.212301882 -425.876610627  575.586186115
    0.142202283    1.937298648  -27.065469364  -86.056448282  610.472418621
    0.149264929    1.937298648  -26.361529131  281.149338633  590.840924810
    0.156327575    1.937298648  -23.271907310  573.634100868  521.539554872
    0.163390221    1.937298648  -18.600786033  722.100576170  420.265433828
    0.170452867    1.937298648  -13.443233220  714.687789132  309.155985329
    0.177515513    1.937298648   -8.773386415  594.054267883  207.753232875
    0.184578159    1.937298648   -5.160529401  426.780063315  127.992072748
    0.191640805    1.937298648   -2.718483816  269.240055071   72.466702678
    0.198703451    1.937298648   -1.264483185  149.904161522   37.784382244
    0.205766097    1.937298648   -0.501199815   72.939241527   17.586030054
    0.212828743    1.937298648   -0.154724674   29.081311937    6.643436391
    0.219891389    1.937298648   -0.034552763    8.527166675    1.927510888
    0.226954035    1.937298648   -0.004071874    1.763974121    0.325154774
    0.234016681    1.937298648   -0.000000000   -0.000000000   -0.000000000
    0.241079327    1.937298648   -0.000000000   -0.000000000   -0.000000000
    0.248141973    1.937298648   -0.000000000   -0.000000000   -0.000000000
    0.255204619    1.937298648   -0.000000000   -0.000000000   -0.000000000
    0.262267265    1.937298648   -0.000000000   -0.000000000   -0.000000000
    0.269329911    1.937298648   -0.000000000   -0.000000000   -0.000000000
    0.276392557    1.937298648   -0.000000000   -0.000000000   -0.000000000
    0.283455203    1.937298648   -0.000000000   -0.000000000   -0.000000000
    0.290517849    1.937298648   -0.000000000   -0.000000000   -0.000000000
    0.297580495    1.937298648   -0.000000000   -0.000000000   -0.000000000
    0.304643141    1.937298648   -0.000000000   -0.000000000   -0.000000000
    0.311705787    1.937298648   -0.000000000   -0.000000000   -0.000000000
    0.318768433    1.937298648   -0.000000000   -0.000000000   -0.000000000
    0.325831079    1.937298648   -0.000000000   -0.000000000   -0.000000000
    0.332893725    1.937298648   -0.000000000   -0.000000000   -0.000000000
    0.339956371    1.937298648   -0.000000000   -0.000000000   -0.000000000
    0.347019017    1.937298648   -0.000000000   -0.000000000   -0.000000000
    0.354081663    1.937298648   -0.000000000   -0.000000000   -0.000000000
    0.361144310    1.937298648   -0.000000000   -0.000000000   -0.000000000
    0.368206956    1.937298648   -0.000000000   -0.000000000   -0.000000000
    0.375269602    1.937298648   -0.000000000   -0.000000000   -0.000000000
    0.382332248    1.937298648   -0.000000000   -0.000000000   -0.000000000
    0.389394894    1.937298648   -0.000000000   -0.000000000   -0.000000000
    0.396457540    1.937298648   -0.000000000   -0.000000000   -0.000000000
    0.403520186    1.937298648   -0.000000000   -0.000000000   -0.000000000
    0.410582832    1.937298648   -0.000000000   -0.000000000   -0.000000000
    0.417645478    1.937298648   -0.000000000   -0.000000000   -0.000000000
    0.424708124    1.937298648   -0.000000000   -0.000000000   -0.000000000
    0.431770770    1.937298648   -0.000000000   -0.000000000   -0.000000000
    0.438833416    1.937298648   -0.000000000   -0.000000000   -0.000000000
    0.445896062    1.937298648   -0.000000000   -0.000000000   -0.000000000
    0.452958708    1.937298648   -0.000000000   -0.000000000   -0.000000000
    0.460021354    1.937298648   -0.000000000   -0.000000000   -0.000000000
    0.467084000    1.937298648   -0.000000000   -0.000000000   -0.000000000

    0.022137300    1.954945465   -0.000000000   -0.000000000   -0.000000000
    0.029199946    1.954945465   -0.000000000   -0.000000000   -0.000000000
    0.036262592    1.954945465   -0.000000000   -0.000000000   -0.000000000
    0.043325238    1.954945465   -0.000000000   -0.000000000   -0.000000000
    0.050387884    1.954945465   -0.000000000   -0.000000000   -0.000000000
    0.057450530    1.954945465   -0.000072864   -0.146243335    0.028362793
    0.064513176    1.954945465   -0.007168468   -2.497680120    0.454952053
    0.071575822    1.954945465   -0.044953175   -9.395863803    2.085782526
    0.078638468    1.954945465   -0.175531161  -30.037888041    7.432043575
    0.085701114    1.954945465   -0.512172486  -68.983624543   18.825604387
    0.092763760    1.954945465   -1.213415306 -133.729581607   41.062718242
    0.099826406    1.954945465   -2.459578746 -223.015408688   78.364693100
    0.106889052    1.954945465   -4.402029891 -328.058749184  135.138902220
    0.113951698    1.954945465   -7.071727774 -423.063743346  211.606157863
    0.121014344    1.954945465  -10.261161805 -468.315066171  300.630293720
    0.128076990    1.954945465  -13.482517068 -427.184434502  388.021376091
    0.135139637    1.954945465  -16.055289942 -285.202037675  455.596844089
    0.142202283    1.954945465  -17.323734342  -65.028942002  486.172454517
    0.149264929    1.954945465  -16.923117217  176.206063069  471.966607244
    0.156327575    1.954945465  -14.946807640  370.424989520  416.104878627
    0.163390221    1.954945465  -11.917879569  469.381649676  332.898036053
    0.170452867    1.954945465   -8.563071360  464.966626844  241.715179341
    0.177515513    1.954945465   -5.530568082  384.717988719  158.683960792
    0.184578159    1.954945465   -3.194409578  275.026596408   94.838984502
    0.191640805    1.954945465   -1.629975178  170.814092297   50.993987162
    0.198703451    1.954945465   -0.721516006   91.478762098   24.149025763
    0.205766097    1.954945465   -0.266169070   42.049810840    9.664212293
    0.212828743    1.954945465   -0.073923171   15.511627635    3.105622948
    0.219891389    1.954945465   -0.013704639    3.756217193    0.660796848
    0.226954035    1.954945465   -0.001716896    0.613982020    0.081001706
    0.234016681    1.954945465   -0.000000000   -0.000000000   -0.000000000
    0.241079327    1.954945465   -0.000000000   -0.000000000   -0.000000000
    0.248141973    1.954945465   -0.000000000   -0.000000000   -0.000000000
    0.255204619    1.954945465   -0.000000000   -0.000000000   -0.000000000
    0.262267265    1.954945465   -0.000000000   -0.000000000   -0.000000000
    0.269329911    1.954945465   -0.000000000   -0.000000000   -0.000000000
    0.276392557    1.954945465   -0.000000000   -0.000000000   -0.000000000
    0.283455203    1.954945465   -0.000000000   -0.000000000   -0.000000000
    0.290517849    1.954945465   -0.000000000   -0.000000000   -0.000000000
    0.297580495    1.954945465   -0.000000000   -0.000000000   -0.000000000
    0.304643141    1.954945465   -0.000000000   -0.000000000   -0.000000000
    0.311705787    1.954945465   -0.000000000   -0.000000000   -0.000000000
    0.318768433    1.954945465   -0.000000000   -0.000000000   -0.000000000
    0.325831079    1.954945465   -0.000000000   -0.000000000   -0.000000000
    0.332893725    1.954945465   -0.000000000   -0.000000000   -0.000000000
    0.339956371    1.954945465   -0.000000000   -0.000000000   -0.000000000
    0.347019017    1.954945465   -0.000000000   -0.000000000   -0.000000000
    0.354081663    1.954945465   -0.000000000   -0.000000000   -0.000000000
    0.361144310    1.954945465   -0.000000000   -0.000000000   -0.000000000
    0.368206956    1.954945465   -0.000000000   -0.000000000   -0.000000000
    0.375269602    1.954945465   -0.000000000   -0.000000000   -0.000000000
    0.382332248    1.954945465   -0.000000000   -0.000000000   -0.000000000
    0.389394894    1.954945465   -0.000000000   -0.000000000   -0.000000000
    0.396457540    1.954945465   -0.000000000   -0.000000000   -0.000000000
    0.403520186    1.954945465   -0.000000000   -0.000000000   -0.000000000
    0.410582832    1.954945465   -0.000000000   -0.000000000   -0.000000000
    0.417645478    1.954945465   -0.000000000   -0.000000000   -0.000000000
    0.424708124    1.954945465   -0.000000000   -0.000000000   -0.000000000
    0.431770770    1.954945465   -0.000000000   -0.000000000   -0.000000000
    0.438833416    1.954945465   -0.000000000   -0.000000000   -0.000000000
    0.445896062    1.954945465   -0.000000000   -0.000000000   -0.000000000
    0.452958708    1.954945465   -0.000000000   -0.000000000   -0.000000000
    0.460021354    1.954945465   -0.000000000   -0.000000000   -0.000000000
    0.467084000    1.954945465   -0.000000000   -0.000000000   -0.000000000

    0.022137300    1.972592282   -0.000000000   -0.000000000   -0.000000000
    0.029199946    1.972592282   -0.000000000   -0.000000000   -0.000000000
    0.036262592    1.972592282   -0.000000000   -0.000000000   -0.000000000
    0.043325238    1.972592282   -0.000000000   -0.000000000   -0.000000000
    0.050387884    1.972592282   -0.000000000   -0.000000000   -0.000000000
    0.057450530    1.972592282   -0.000000000   -0.000000000   -0.000000000
    0.064513176    1.972592282   -0.001361247   -0.623757494    0.153333397
    0.071575822    1.972592282   -0.018142686   -4.258689579    1.082776804
    0.078638468    1.972592282   -0.074948538  -13.769671539    3.912547512
    0.085701114    1.972592282   -0.245482526  -36.186855936   11.568326544
    0.092763760    1.972592282   -0.621846429  -73.419656310   26.288423343
    0.099826406    1.972592282   -1.317292628 -125.929436264   51.647931227
    0.106889052    1.972592282   -2.420945918 -187.422380581   90.198952386
    0.113951698    1.972592282   -3.953590363 -244.167360724  142.608360373
    0.121014344    1.972592282   -5.806990029 -274.049259969  205.161687724
    0.128076990    1.972592282   -7.704884105 -253.543231034  267.598754344
    0.135139637    1.972592282   -9.244611412 -172.726873738  316.793153907
    0.142202283    1.972592282  -10.029581076  -43.914711497  340.322477526
    0.149264929    1.972592282   -9.830926622   99.108228797  331.687745947
    0.156327575    1.972592282   -8.694195972  215.359356646  292.547187519
    0.163390221    1.972592282   -6.924708894  275.135632086  233.388408762
    0.170452867    1.972592282   -4.956485421  272.777123455  167.763012001
    0.177515513    1.972592282   -3.174726134  226.366967213  109.038374534
    0.184578159    1.972592282   -1.804141001  160.557046322   63.483018138
    0.191640805    1.972592282   -0.900247171   97.148720773   32.496999821
    0.198703451    1.972592282   -0.388050580   51.156521707   14.673951384
    0.205766097    1.972592282   -0.134974898   23.144906774    5.780660440
    0.212828743    1.972592282   -0.033582038    7.349184625    1.693158496
    0.219891389    1.972592282   -0.006403790    1.575141948    0.308843463
    0.226954035    1.972592282   -0.000449223    0.240787003    0.042630287
    0.234016681    1.972592282   -0.000000000   -0.000000000   -0.000000000
    0.241079327    1.972592282   -0.000000000   -0.000000000   -0.000000000
    0.248141973    1.972592282   -0.000000000   -0.000000000   -0.000000000
    0.255204619    1.972592282   -0.000000000   -0.000000000   -0.000000000
    0.262267265    1.972592282   -0.000000000   -0.000000000   -0.000000000
    0.269329911    1.972592282   -0.000000000   -0.000000000   -0.000000000
    0.276392557    1.972592282   -0.000000000   -0.000000000   -0.000000000
    0.283455203    1.972592282   -0.000000000   -0.000000000   -0.000000000
    0.290517849    1.972592282   -0.000000000   -0.000000000   -0.000000000
    0.297580495    1.972592282   -0.000000000   -0.000000000   -0.000000000
    0.304643141    1.972592282   -0.000000000   -0.000000000   -0.000000000
    0.311705787    1.972592282   -0.000000000   -0.000000000   -0.000000000
    0.318768433    1.972592282   -0.000000000   -0.000000000   -0.000000000
    0.325831079    1.972592282   -0.000000000   -0.000000000   -0.000000000
    0.332893725    1.972592282   -0.000000000   -0.000000000   -0.000000000
    0.339956371    1.972592282   -0.000000000   -0.000000000   -0.000000000
    0.347019017    1.972592282   -0.000000000   -0.000000000   -0.000000000
    0.354081663    1.972592282   -0.000000000   -0.000000000   -0.000000000
    0.361144310    1.972592282   -0.000000000   -0.000000000   -0.000000000
    0.368206956    1.972592282   -0.000000000   -0.000000000   -0.000000000
    0.375269602    1.972592282   -0.000000000   -0.000000000   -0.000000000
    0.382332248    1.972592282   -0.000000000   -0.000000000   -0.000000000
    0.389394894    1.972592282   -0.000000000   -0.000000000   -0.000000000
    0.396457540    1.972592282   -0.000000000   -0.000000000   -0.000000000
    0.403520186    1.972592282   -0.000000000   -0.000000000   -0.000000000
    0.410582832    1.972592282   -0.000000000   -0.000000000   -0.000000000
    0.417645478    1.972592282   -0.000000000   -0.000000000   -0.000000000
    0.424708124    1.972592282   -0.000000000   -0.000000000   -0.000000000
    0.431770770    1.972592282   -0.000000000   -0.000000000   -0.000000000
    0.438833416    1.972592282   -0.000000000   -0.000000000   -0.000000000
    0.445896062    1.972592282   -0.000000000   -0.000000000   -0.000000000
    0.452958708    1.972592282   -0.000000000   -0.000000000   -0.000000000
    0.460021354    1.972592282   -0.000000000   -0.000000000   -0.000000000
    0.467084000    1.972592282   -0.000000000   -0.000000000   -0.000000000

    0.022137300    1.990239099   -0.000000000   -0.000000000   -0.000000000
    0.029199946    1.990239099   -0.000000000   -0.000000000   -0.000000000
    0.036262592    1.990239099   -0.000000000   -0.000000000   -0.000000000
    0.043325238    1.990239099   -0.000000000   -0.000000000   -0.000000000
    0.050387884    1.990239099   -0.000000000   -0.000000000   -0.000000000
    0.057450530    1.990239099   -0.000000000   -0.000000000   -0.000000000
    0.064513176    1.990239099   -0.000000000   -0.000000000   -0.000000000
    0.071575822    1.990239099   -0.004314434   -1.663580967    0.503302844
    0.078638468    1.990239099   -0.026661972   -5.208759014    1.756355994
    0.085701114    1.990239099   -0.095876160  -15.797755402    5.708262647
    0.092763760    1.990239099   -0.268645446  -34.321517389   14.127424552
    0.099826406    1.990239099   -0.608700454  -63.119975596   29.741816030
    0.106889052    1.990239099   -1.171487424  -96.483472126   53.179877241
    0.113951698    1.990239099   -1.966306177 -127.392486625   85.204503011
    0.121014344    1.990239099   -2.938473756 -144.442490635  123.553210269
    0.128076990    1.990239099   -3.944593283 -135.442487238  162.738651932
    0.135139637    1.990239099   -4.774066408  -94.205997418  194.386497674
    0.142202283    1.990239099   -5.212020185  -26.548451915  210.378954648
    0.149264929    1.990239099   -5.128758409   49.716401980  205.913479124
    0.156327575    1.990239099   -4.543200567  112.141626886  181.926466146
    0.163390221    1.990239099   -3.616034240  144.827012014  145.176979947
    0.170452867    1.990239099   -2.575742310  144.588467888  104.483649441
    0.177515513    1.990239099   -1.632314172  119.604043161   67.372357051
    0.184578159    1.990239099   -0.913656771   83.741314913   38.626800040
    0.191640805    1.990239099   -0.447577118   50.307771014   19.577106632
    0.198703451    1.990239099   -0.183562841   25.999183134    8.674146962
    0.205766097    1.990239099   -0.057068898   11.236989928    3.291271338
    0.212828743    1.990239099   -0.012306004    2.511051013    0.684739538
    0.219891389    1.990239099   -0.002045861    0.767152347    0.184038935
    0.226954035    1.990239099   -0.000000000   -0.000000000   -0.000000000
    0.234016681    1.990239099   -0.000000000   -0.000000000   -0.000000000
    0.241079327    1.990239099   -0.000000000   -0.000000000   -0.000000000
    0.248141973    1.990239099   -0.000000000   -0.000000000   -0.000000000
    0.255204619    1.990239099   -0.000000000   -0.000000000   -0.000000000
    0.262267265    1.990239099   -0.000000000   -0.000000000   -0.000000000
    0.269329911    1.990239099   -0.000000000   -0.000000000   -0.000000000
    0.276392557    1.990239099   -0.000000000   -0.000000000   -0.000000000
    0.283455203    1.990239099   -0.000000000   -0.000000000   -0.000000000
    0.290517849    1.990239099   -0.000000000   -0.000000000   -0.000000000
    0.297580495    1.990239099   -0.000000000   -0.000000000   -0.000000000
    0.304643141    1.990239099   -0.000000000   -0.000000000   -0.000000000
    0.311705787    1.990239099   -0.000000000   -0.000000000   -0.000000000
    0.318768433    1.990239099   -0.000000000   -0.000000000   -0.000000000
    0.325831079    1.990239099   -0.000000000   -0.000000000   -0.000000000
    0.332893725    1.990239099   -0.000000000   -0.000000000   -0.000000000
    0.339956371    1.990239099   -0.000000000   -0.000000000   -0.000000000
    0.347019017    1.990239099   -0.000000000   -0.000000000   -0.000000000
    0.354081663    1.990239099   -0.000000000   -0.000000000   -0.000000000
    0.361144310    1.990239099   -0.000000000   -0.000000000   -0.000000000
    0.368206956    1.990239099   -0.000000000   -0.000000000   -0.000000000
    0.375269602    1.990239099   -0.000000000   -0.000000000   -0.000000000
    0.382332248    1.990239099   -0.000000000   -0.000000000   -0.000000000
    0.389394894    1.990239099   -0.000000000   -0.000000000   -0.000000000
    0.396457540    1.990239099   -0.000000000   -0.000000000   -0.000000000
    0.403520186    1.990239099   -0.000000000   -0.000000000   -0.000000000
    0.410582832    1.990239099   -0.000000000   -0.000000000   -0.000000000
    0.417645478    1.990239099   -0.000000000   -0.000000000   -0.000000000
    0.424708124    1.990239099   -0.000000000   -0.000000000   -0.000000000
    0.431770770    1.990239099   -0.000000000   -0.000000000   -0.000000000
    0.438833416    1.990239099   -0.000000000   -0.000000000   -0.000000000
    0.445896062    1.990239099   -0.000000000   -0.000000000   -0.000000000
    0.452958708    1.990239099   -0.000000000   -0.000000000   -0.000000000
    0.460021354    1.990239099   -0.000000000   -0.000000000   -0.000000000
    0.467084000    1.990239099   -0.000000000   -0.000000000   -0.000000000

    0.022137300    2.007885915   -0.000000000   -0.000000000   -0.000000000
    0.029199946    2.007885915   -0.000000000   -0.000000000   -0.000000000
    0.036262592    2.007885915   -0.000000000   -0.000000000   -0.000000000
    0.043325238    2.007885915   -0.000000000   -0.000000000   -0.000000000
    0.050387884    2.007885915   -0.000000000   -0.000000000   -0.000000000
    0.057450530    2.007885915   -0.000000000   -0.000000000   -0.000000000
    0.064513176    2.007885915   -0.000000000   -0.000000000   -0.000000000
    0.071575822    2.007885915   -0.000000000   -0.000000000   -0.000000000
    0.078638468    2.007885915   -0.005892977   -1.744163918    0.696158023
    0.085701114    2.007885915   -0.028676643   -5.525299690    2.349919058
    0.092763760    2.007885915   -0.094159419  -13.858657057    6.371505729
    0.099826406    2.007885915   -0.234115303  -26.336042666   13.899680119
    0.106889052    2.007885915   -0.480039228  -43.510226661   26.791282073
    0.113951698    2.007885915   -0.846249889  -59.505253818   44.499869838
    0.121014344    2.007885915   -1.303850280  -68.455236044   65.514769802
    0.128076990    2.007885915   -1.784281126  -65.115218328   87.195413793
    0.135139637    2.007885915   -2.186394178  -46.173837223  104.920437696
    0.142202283    2.007885915   -2.405397372  -14.269793430  114.152161688
    0.149264929    2.007885915   -2.376776535   22.192766846  112.256703435
    0.156327575    2.007885915   -2.106352789   52.516842116   99.724404879
    0.163390221    2.007885915   -1.669355694   68.559776506   79.725838772
    0.170452867    2.007885915   -1.177521165   68.163292088   57.085696955
    0.177515513    2.007885915   -0.735296757   55.311672817   36.227230567
    0.184578159    2.007885915   -0.403593802   38.502795052   20.666496204
    0.191640805    2.007885915   -0.188999314   22.644269443   10.201348411
    0.198703451    2.007885915   -0.069250009   11.626070637    4.520700403
    0.205766097    2.007885915   -0.017323533    3.808795501    1.363468465
    0.212828743    2.007885915   -0.003804116    0.899572606    0.294636353
    0.219891389    2.007885915   -0.000192155    0.177878321    0.053488802
    0.226954035    2.007885915   -0.000000000   -0.000000000   -0.000000000
    0.234016681    2.007885915   -0.000000000   -0.000000000   -0.000000000
    0.241079327    2.007885915   -0.000000000   -0.000000000   -0.000000000
    0.248141973    2.007885915   -0.000000000   -0.000000000   -0.000000000
    0.255204619    2.007885915   -0.000000000   -0.000000000   -0.000000000
    0.262267265    2.007885915   -0.000000000   -0.000000000   -0.000000000
    0.269329911    2.007885915   -0.000000000   -0.000000000   -0.000000000
    0.276392557    2.007885915   -0.000000000   -0.000000000   -0.000000000
    0.283455203    2.007885915   -0.000000000   -0.000000000   -0.000000000
    0.290517849    2.007885915   -0.000000000   -0.000000000   -0.000000000
    0.297580495    2.007885915   -0.000000000   -0.000000000   -0.000000000
    0.304643141    2.007885915   -0.000000000   -0.000000000   -0.000000000
    0.311705787    2.007885915   -0.000000000   -0.000000000   -0.000000000
    0.318768433    2.007885915   -0.000000000   -0.000000000   -0.000000000
    0.325831079    2.007885915   -0.000000000   -0.000000000   -0.000000000
    0.332893725    2.007885915   -0.000000000   -0.000000000   -0.000000000
    0.339956371    2.007885915   -0.000000000   -0.000000000   -0.000000000
    0.347019017    2.007885915   -0.000000000   -0.000000000   -0.000000000
    0.354081663    2.007885915   -0.000000000   -0.000000000   -0.000000000
    0.361144310    2.007885915   -0.000000000   -0.000000000   -0.000000000
    0.368206956    2.007885915   -0.000000000   -0.000000000   -0.000000000
    0.375269602    2.007885915   -0.000000000   -0.000000000   -0.000000000
    0.382332248    2.007885915   -0.000000000   -0.000000000   -0.000000000
    0.389394894    2.007885915   -0.000000000   -0.000000000   -0.000000000
    0.396457540    2.007885915   -0.000000000   -0.000000000   -0.000000000
    0.403520186    2.007885915   -0.000000000   -0.000000000   -0.000000000
    0.410582832    2.007885915   -0.000000000   -0.000000000   -0.000000000
    0.417645478    2.007885915   -0.000000000   -0.000000000   -0.000000000
    0.424708124    2.007885915   -0.000000000   -0.000000000   -0.000000000
    0.431770770    2.007885915   -0.000000000   -0.000000000   -0.000000000
    0.438833416    2.007885915   -0.000000000   -0.000000000   -0.000000000
    0.445896062    2.007885915   -0.000000000   -0.000000000   -0.000000000
    0.452958708    2.007885915   -0.000000000   -0.000000000   -0.000000000
    0.460021354    2.007885915   -0.000000000   -0.000000000   -0.000000000
    0.467084000    2.007885915   -0.000000000   -0.000000000   -0.000000000

    0.022137300    2.025532732   -0.000000000   -0.000000000   -0.000000000
    0.029199946    2.025532732   -0.000000000   -0.000000000   -0.000000000
    0.036262592    2.025532732   -0.000000000   -0.000000000   -0.000000000
    0.043325238    2.025532732   -0.000000000   -0.000000000   -0.000000000
    0.050387884    2.025532732   -0.000000000   -0.000000000   -0.000000000
    0.057450530    2.025532732   -0.000000000   -0.000000000   -0.000000000
    0.064513176    2.025532732   -0.000000000   -0.000000000   -0.000000000
    0.071575822    2.025532732   -0.000000000   -0.000000000   -0.000000000
    0.078638468    2.025532732   -0.000000000   -0.000000000   -0.000000000
    0.085701114    2.025532732   -0.004357007   -1.280622875    0.673354963
    0.092763760    2.025532732   -0.022249172   -4.428698867    2.340888220
    0.099826406    2.025532732   -0.069363373   -9.549637043    5.642352168
    0.106889052    2.025532732   -0.160287004  -16.299884973   11.258801414
    0.113951698    2.025532732   -0.302192712  -23.882259940   19.675640872
    0.121014344    2.025532732   -0.489687416  -28.515472781   30.003928875
    0.128076990    2.025532732   -0.692299753  -27.849407286   40.993092159
    0.135139637    2.025532732   -0.865737116  -20.116635492   49.904731135
    0.142202283    2.025532732   -0.962708656   -6.618425151   54.753287060
    0.149264929    2.025532732   -0.954462939    8.941853405   54.094364008
    0.156327575    2.025532732   -0.843003611   21.837150702   47.958911708
    0.163390221    2.025532732   -0.662138440   28.396392030   38.063647941
    0.170452867    2.025532732   -0.460796071   27.624596259   26.667557049
    0.177515513    2.025532732   -0.281860638   22.484252166   16.897363432
    0.184578159    2.025532732   -0.147457953   15.451821808    9.488372358
    0.191640805    2.025532732   -0.060414145    9.106806161    4.718344643
    0.198703451    2.025532732   -0.017030221    3.531634168    1.615288970
    0.205766097    2.025532732   -0.004166987    0.906351197    0.392309882
    0.212828743    2.025532732   -0.000355159    0.175206895    0.070478673
    0.219891389    2.025532732   -0.000000000   -0.000000000   -0.000000000
    0.226954035    2.025532732   -0.000000000   -0.000000000   -0.000000000
    0.234016681    2.025532732   -0.000000000   -0.000000000   -0.000000000
    0.241079327    2.025532732   -0.000000000   -0.000000000   -0.000000000
    0.248141973    2.025532732   -0.000000000   -0.000000000   -0.000000000
    0.255204619    2.025532732   -0.000000000   -0.000000000   -0.000000000
    0.262267265    2.025532732   -0.000000000   -0.000000000   -0.000000000
    0.269329911    2.025532732   -0.000000000   -0.000000000   -0.000000000
    0.276392557    2.025532732   -0.000000000   -0.000000000   -0.000000000
    0.283455203    2.025532732   -0.000000000   -0.000000000   -0.000000000
    0.290517849    2.025532732   -0.000000000   -0.000000000   -0.000000000
    0.297580495    2.025532732   -0.000000000   -0.000000000   -0.000000000
    0.304643141    2.025532732   -0.000000000   -0.000000000   -0.000000000
    0.311705787    2.025532732   -0.000000000   -0.000000000   -0.000000000
    0.318768433    2.025532732   -0.000000000   -0.000000000   -0.000000000
    0.325831079    2.025532732   -0.000000000   -0.000000000   -0.000000000
    0.332893725    2.025532732   -0.000000000   -0.000000000   -0.000000000
    0.339956371    2.025532732   -0.000000000   -0.000000000   -0.000000000
    0.347019017    2.025532732   -0.000000000   -0.000000000   -0.000000000
    0.354081663    2.025532732   -0.000000000   -0.000000000   -0.000000000
    0.361144310    2.025532732   -0.000000000   -0.000000000   -0.000000000
    0.368206956    2.025532732   -0.000000000   -0.000000000   -0.000000000
    0.375269602    2.025532732   -0.000000000   -0.000000000   -0.000000000
    0.382332248    2.025532732   -0.000000000   -0.000000000   -0.000000000
    0.389394894    2.025532732   -0.000000000   -0.000000000   -0.000000000
    0.396457540    2.025532732   -0.000000000   -0.000000000   -0.000000000
    0.403520186    2.025532732   -0.000000000   -0.000000000   -0.000000000
    0.410582832    2.025532732   -0.000000000   -0.000000000   -0.000000000
    0.417645478    2.025532732   -0.000000000   -0.000000000   -0.000000000
    0.424708124    2.025532732   -0.000000000   -0.000000000   -0.000000000
    0.431770770    2.025532732   -0.000000000   -0.000000000   -0.000000000
    0.438833416    2.025532732   -0.000000000   -0.000000000   -0.000000000
    0.445896062    2.025532732   -0.000000000   -0.000000000   -0.000000000
    0.452958708    2.025532732   -0.000000000   -0.000000000   -0.000000000
    0.460021354    2.025532732   -0.000000000   -0.000000000   -0.000000000
    0.467084000    2.025532732   -0.000000000   -0.000000000   -0.000000000

    0.022137300    2.043179549   -0.000000000   -0.000000000   -0.000000000
    0.029199946    2.043179549   -0.000000000   -0.000000000   -0.000000000
    0.036262592    2.043179549   -0.000000000   -0.000000000   -0.000000000
    0.043325238    2.043179549   -0.000000000   -0.000000000   -0.000000000
    0.050387884    2.043179549   -0.000000000   -0.000000000   -0.000000000
    0.057450530    2.043179549   -0.000000000   -0.000000000   -0.000000000
    0.064513176    2.043179549   -0.000000000   -0.000000000   -0.000000000
    0.071575822    2.043179549   -0.000000000   -0.000000000   -0.000000000
    0.078638468    2.043179549   -0.000000000   -0.000000000   -0.000000000
    0.085701114    2.043179549   -0.000000000   -0.000000000   -0.000000000
    0.092763760    2.043179549   -0.001253564   -0.393871899    0.264693148
    0.099826406    2.043179549   -0.010893554   -2.254561273    1.497828174
    0.106889052    2.043179549   -0.036123818   -5.055387079    3.866800450
    0.113951698    2.043179549   -0.081108368   -7.737726846    7.079536701
    0.121014344    2.043179549   -0.143814506  -10.022910219   11.485121021
    0.128076990    2.043179549   -0.216475250  -10.229481761   16.106870401
    0.135139637    2.043179549   -0.280943583   -7.598948728   19.851113457
    0.142202283    2.043179549   -0.318689416   -2.793908806   22.188581933
    0.149264929    2.043179549   -0.318469185    2.827713761   21.845405171
    0.156327575    2.043179549   -0.280877967    7.447976673   19.272496497
    0.163390221    2.043179549   -0.218248110    9.837234548   15.265162227
    0.170452867    2.043179549   -0.147262797    9.907565475   10.921693767
    0.177515513    2.043179549   -0.083096321    7.959599533    6.805789696
    0.184578159    2.043179549   -0.036176195    5.153115231    3.581523764
    0.191640805    2.043179549   -0.010939263    2.120088775    1.260319011
    0.198703451    2.043179549   -0.002795602    0.638895440    0.372540096
    0.205766097    2.043179549   -0.000181032    0.131673569    0.070873925
    0.212828743    2.043179549   -0.000000000   -0.000000000   -0.000000000
    0.219891389    2.043179549   -0.000000000   -0.000000000   -0.000000000
    0.226954035    2.043179549   -0.000000000   -0.000000000   -0.000000000
    0.234016681    2.043179549   -0.000000000   -0.000000000   -0.000000000
    0.241079327    2.043179549   -0.000000000   -0.000000000   -0.000000000
    0.248141973    2.043179549   -0.000000000   -0.000000000   -0.000000000
    0.255204619    2.043179549   -0.000000000   -0.000000000   -0.000000000
    0.262267265    2.043179549   -0.000000000   -0.000000000   -0.000000000
    0.269329911    2.043179549   -0.000000000   -0.000000000   -0.000000000
    0.276392557    2.043179549   -0.000000000   -0.000000000   -0.000000000
    0.283455203    2.043179549   -0.000000000   -0.000000000   -0.000000000
    0.290517849    2.043179549   -0.000000000   -0.000000000   -0.000000000
    0.297580495    2.043179549   -0.000000000   -0.000000000   -0.000000000
    0.304643141    2.043179549   -0.000000000   -0.000000000   -0.000000000
    0.311705787    2.043179549   -0.000000000   -0.000000000   -0.000000000
    0.318768433    2.043179549   -0.000000000   -0.000000000   -0.000000000
    0.325831079    2.043179549   -0.000000000   -0.000000000   -0.000000000
    0.332893725    2.043179549   -0.000000000   -0.000000000   -0.000000000
    0.339956371    2.043179549   -0.000000000   -0.000000000   -0.000000000
    0.347019017    2.043179549   -0.000000000   -0.000000000   -0.000000000
    0.354081663    2.043179549   -0.000000000   -0.000000000   -0.000000000
    0.361144310    2.043179549   -0.000000000   -0.000000000   -0.000000000
    0.368206956    2.043179549   -0.000000000   -0.000000000   -0.000000000
    0.375269602    2.043179549   -0.000000000   -0.000000000   -0.000000000
    0.382332248    2.043179549   -0.000000000   -0.000000000   -0.000000000
    0.389394894    2.043179549   -0.000000000   -0.000000000   -0.000000000
    0.396457540    2.043179549   -0.000000000   -0.000000000   -0.000000000
    0.403520186    2.043179549   -0.000000000   -0.000000000   -0.000000000
    0.410582832    2.043179549   -0.000000000   -0.000000000   -0.000000000
    0.417645478    2.043179549   -0.000000000   -0.000000000   -0.000000000
    0.424708124    2.043179549   -0.000000000   -0.000000000   -0.000000000
    0.431770770    2.043179549   -0.000000000   -0.000000000   -0.000000000
    0.438833416    2.043179549   -0.000000000   -0.000000000   -0.000000000
    0.445896062    2.043179549   -0.000000000   -0.000000000   -0.000000000
    0.452958708    2.043179549   -0.000000000   -0.000000000   -0.000000000
    0.460021354    2.043179549   -0.000000000   -0.000000000   -0.000000000
    0.467084000    2.043179549   -0.000000000   -0.000000000   -0.000000000

    0.022137300    2.060826366   -0.000000000   -0.000000000   -0.000000000
    0.029199946    2.060826366   -0.000000000   -0.000000000   -0.000000000
    0.036262592    2.060826366   -0.000000000   -0.000000000   -0.000000000
    0.043325238    2.060826366   -0.000000000   -0.000000000   -0.000000000
    0.050387884    2.060826366   -0.000000000   -0.000000000   -0.000000000
    0.057450530    2.060826366   -0.000000000   -0.000000000   -0.000000000
    0.064513176    2.060826366   -0.000000000   -0.000000000   -0.000000000
    0.071575822    2.060826366   -0.000000000   -0.000000000   -0.000000000
    0.078638468    2.060826366   -0.000000000   -0.000000000   -0.000000000
    0.085701114    2.060826366   -0.000000000   -0.000000000   -0.000000000
    0.092763760    2.060826366   -0.000000000   -0.000000000   -0.000000000
    0.099826406    2.060826366   -0.000243529   -0.096816344    0.076696362
    0.106889052    2.060826366   -0.002587982   -0.875010588    0.630708786
    0.113951698    2.060826366   -0.011058662   -1.608755143    1.552111861
    0.121014344    2.060826366   -0.025809109   -2.510129601    3.171902915
    0.128076990    2.060826366   -0.045157951   -2.706489365    4.739955893
    0.135139637    2.060826366   -0.063490130   -2.338665739    6.360436067
    0.142202283    2.060826366   -0.075968729   -1.048230834    7.315479189
    0.149264929    2.060826366   -0.077671431    0.646020199    7.375016944
    0.156327575    2.060826366   -0.067745741    2.140847280    6.539023175
    0.163390221    2.060826366   -0.049583475    2.931676020    5.146389310
    0.170452867    2.060826366   -0.029434045    2.684667126    3.296235028
    0.177515513    2.060826366   -0.013059648    1.781352894    1.672849900
    0.184578159    2.060826366   -0.004010673    0.786913091    0.653985724
    0.191640805    2.060826366   -0.000560269    0.288490745    0.239409808
    0.198703451    2.060826366   -0.000000000   -0.000000000   -0.000000000
    0.205766097    2.060826366   -0.000000000   -0.000000000   -0.000000000
    0.212828743    2.060826366   -0.000000000   -0.000000000   -0.000000000
    0.219891389    2.060826366   -0.000000000   -0.000000000   -0.000000000
    0.226954035    2.060826366   -0.000000000   -0.000000000   -0.000000000
    0.234016681    2.060826366   -0.000000000   -0.000000000   -0.000000000
    0.241079327    2.060826366   -0.000000000   -0.000000000   -0.000000000
    0.248141973    2.060826366   -0.000000000   -0.000000000   -0.000000000
    0.255204619    2.060826366   -0.000000000   -0.000000000   -0.000000000
    0.262267265    2.060826366   -0.000000000   -0.000000000   -0.000000000
    0.269329911    2.060826366   -0.000000000   -0.000000000   -0.000000000
    0.276392557    2.060826366   -0.000000000   -0.000000000   -0.000000000
    0.283455203    2.060826366   -0.000000000   -0.000000000   -0.000000000
    0.290517849    2.060826366   -0.000000000   -0.000000000   -0.000000000
    0.297580495    2.060826366   -0.000000000   -0.000000000   -0.000000000
    0.304643141    2.060826366   -0.000000000   -0.000000000   -0.000000000
    0.311705787    2.060826366   -0.000000000   -0.000000000   -0.000000000
    0.318768433    2.060826366   -0.000000000   -0.000000000   -0.000000000
    0.325831079    2.060826366   -0.000000000   -0.000000000   -0.000000000
    0.332893725    2.060826366   -0.000000000   -0.000000000   -0.000000000
    0.339956371    2.060826366   -0.000000000   -0.000000000   -0.000000000
    0.347019017    2.060826366   -0.000000000   -0.000000000   -0.000000000
    0.354081663    2.060826366   -0.000000000   -0.000000000   -0.000000000
    0.361144310    2.060826366   -0.000000000   -0.000000000   -0.000000000
    0.368206956    2.060826366   -0.000000000   -0.000000000   -0.000000000
    0.375269602    2.060826366   -0.000000000   -0.000000000   -0.000000000
    0.382332248    2.060826366   -0.000000000   -0.000000000   -0.000000000
    0.389394894    2.060826366   -0.000000000   -0.000000000   -0.000000000
    0.396457540    2.060826366   -0.000000000   -0.000000000   -0.000000000
    0.403520186    2.060826366   -0.000000000   -0.000000000   -0.000000000
    0.410582832    2.060826366   -0.000000000   -0.000000000   -0.000000000
    0.417645478    2.060826366   -0.000000000   -0.000000000   -0.000000000
    0.424708124    2.060826366   -0.000000000   -0.000000000   -0.000000000
    0.431770770    2.060826366   -0.000000000   -0.000000000   -0.000000000
    0.438833416    2.060826366   -0.000000000   -0.000000000   -0.000000000
    0.445896062    2.060826366   -0.000000000   -0.000000000   -0.000000000
    0.452958708    2.060826366   -0.000000000   -0.000000000   -0.000000000
    0.460021354    2.060826366   -0.000000000   -0.000000000   -0.000000000
    0.467084000    2.060826366   -0.000000000   -0.000000000   -0.000000000

    0.022137300    2.078473183   -0.000000000   -0.000000000   -0.000000000
    0.029199946    2.078473183   -0.000000000   -0.000000000   -0.000000000
    0.036262592    2.078473183   -0.000000000   -0.000000000   -0.000000000
    0.043325238    2.078473183   -0.000000000   -0.000000000   -0.000000000
    0.050387884    2.078473183   -0.000000000   -0.000000000   -0.000000000
    0.057450530    2.078473183   -0.000000000   -0.000000000   -0.000000000
    0.064513176    2.078473183   -0.000000000   -0.000000000   -0.000000000
    0.071575822    2.078473183   -0.000000000   -0.000000000   -0.000000000
    0.078638468    2.078473183   -0.000000000   -0.000000000   -0.000000000
    0.085701114    2.078473183   -0.000000000   -0.000000000   -0.000000000
    0.092763760    2.078473183   -0.000000000   -0.000000000   -0.000000000
    0.099826406    2.078473183   -0.000000000   -0.000000000   -0.000000000
    0.106889052    2.078473183   -0.000000000   -0.000000000   -0.000000000
    0.113951698    2.078473183   -0.000062321   -0.059688231    0.051113796
    0.121014344    2.078473183   -0.001503701   -0.363936639    0.442934125
    0.128076990    2.078473183   -0.004819748   -0.471894259    0.832726670
    0.135139637    2.078473183   -0.007923436   -0.389983940    1.160592623
    0.142202283    2.078473183   -0.009847681   -0.167289037    1.433949852
    0.149264929    2.078473183   -0.009906042    0.147722150    1.457280707
    0.156327575    2.078473183   -0.007787729    0.410887145    1.271708277
    0.163390221    2.078473183   -0.004521883    0.481258169    0.890372027
    0.170452867    2.078473183   -0.001357000    0.378262932    0.515928845
    0.177515513    2.078473183   -0.000061224    0.062563722    0.054076441
    0.184578159    2.078473183   -0.000000000   -0.000000000   -0.000000000
    0.191640805    2.078473183   -0.000000000   -0.000000000   -0.000000000
    0.198703451    2.078473183   -0.000000000   -0.000000000   -0.000000000
    0.205766097    2.078473183   -0.000000000   -0.000000000   -0.000000000
    0.212828743    2.078473183   -0.000000000   -0.000000000   -0.000000000
    0.219891389    2.078473183   -0.000000000   -0.000000000   -0.000000000
    0.226954035    2.078473183   -0.000000000   -0.000000000   -0.000000000
    0.234016681    2.078473183   -0.000000000   -0.000000000   -0.000000000
    0.241079327    2.078473183   -0.000000000   -0.000000000   -0.000000000
    0.248141973    2.078473183   -0.000000000   -0.000000000   -0.000000000
    0.255204619    2.078473183   -0.000000000   -0.000000000   -0.000000000
    0.262267265    2.078473183   -0.000000000   -0.000000000   -0.000000000
    0.269329911    2.078473183   -0.000000000   -0.000000000   -0.000000000
    0.276392557    2.078473183   -0.000000000   -0.000000000   -0.000000000
    0.283455203    2.078473183   -0.000000000   -0.000000000   -0.000000000
    0.290517849    2.078473183   -0.000000000   -0.000000000   -0.000000000
    0.297580495    2.078473183   -0.000000000   -0.000000000   -0.000000000
    0.304643141    2.078473183   -0.000000000   -0.000000000   -0.000000000
    0.311705787    2.078473183   -0.000000000   -0.000000000   -0.000000000
    0.318768433    2.078473183   -0.000000000   -0.000000000   -0.000000000
    0.325831079    2.078473183   -0.000000000   -0.000000000   -0.000000000
    0.332893725    2.078473183   -0.000000000   -0.000000000   -0.000000000
    0.339956371    2.078473183   -0.000000000   -0.000000000   -0.000000000
    0.347019017    2.078473183   -0.000000000   -0.000000000   -0.000000000
    0.354081663    2.078473183   -0.000000000   -0.000000000   -0.000000000
    0.361144310    2.078473183   -0.000000000   -0.000000000   -0.000000000
    0.368206956    2.078473183   -0.000000000   -0.000000000   -0.000000000
    0.375269602    2.078473183   -0.000000000   -0.000000000   -0.000000000
    0.382332248    2.078473183   -0.000000000   -0.000000000   -0.000000000
    0.389394894    2.078473183   -0.000000000   -0.000000000   -0.000000000
    0.396457540    2.078473183   -0.000000000   -0.000000000   -0.000000000
    0.403520186    2.078473183   -0.000000000   -0.000000000   -0.000000000
    0.410582832    2.078473183   -0.000000000   -0.000000000   -0.000000000
    0.417645478    2.078473183   -0.000000000   -0.000000000   -0.000000000
    0.424708124    2.078473183   -0.000000000   -0.000000000   -0.000000000
    0.431770770    2.078473183   -0.000000000   -0.000000000   -0.000000000
    0.438833416    2.078473183   -0.000000000   -0.000000000   -0.000000000
    0.445896062    2.078473183   -0.000000000   -0.000000000   -0.000000000
    0.452958708    2.078473183   -0.000000000   -0.000000000   -0.000000000
    0.460021354    2.078473183   -0.000000000   -0.000000000   -0.000000000
    0.467084000    2.078473183   -0.000000000   -0.000000000   -0.000000000

    0.022137300    2.096120000   -0.000000000   -0.000000000   -0.000000000
    0.029199946    2.096120000   -0.000000000   -0.000000000   -0.000000000
    0.036262592    2.096120000   -0.000000000   -0.000000000   -0.000000000
    0.043325238    2.096120000   -0.000000000   -0.000000000   -0.000000000
    0.050387884    2.096120000   -0.000000000   -0.000000000   -0.000000000
    0.057450530    2.096120000   -0.000000000   -0.000000000   -0.000000000
    0.064513176    2.096120000   -0.000000000   -0.000000000   -0.000000000
    0.071575822    2.096120000   -0.000000000   -0.000000000   -0.000000000
    0.078638468    2.096120000   -0.000000000   -0.000000000   -0.000000000
    0.085701114    2.096120000   -0.000000000   -0.000000000   -0.000000000
    0.092763760    2.096120000   -0.000000000   -0.000000000   -0.000000000
    0.099826406    2.096120000   -0.000000000   -0.000000000   -0.000000000
    0.106889052    2.096120000   -0.000000000   -0.000000000   -0.000000000
    0.113951698    2.096120000   -0.000000000   -0.000000000   -0.000000000
    0.121014344    2.096120000   -0.000000000   -0.000000000   -0.000000000
    0.128076990    2.096120000   -0.000000000   -0.000000000   -0.000000000
    0.135139637    2.096120000   -0.000000000   -0.000000000   -0.000000000
    0.142202283    2.096120000   -0.000000000   -0.000000000   -0.000000000
    0.149264929    2.096120000   -0.000000000   -0.000000000   -0.000000000
    0.156327575    2.096120000   -0.000000000   -0.000000000   -0.000000000
    0.163390221    2.096120000   -0.000000000   -0.000000000   -0.000000000
    0.170452867    2.096120000   -0.000000000   -0.000000000   -0.000000000
    0.177515513    2.096120000   -0.000000000   -0.000000000   -0.000000000
    0.184578159    2.096120000   -0.000000000   -0.000000000   -0.000000000
    0.191640805    2.096120000   -0.000000000   -0.000000000   -0.000000000
    0.198703451    2.096120000   -0.000000000   -0.000000000   -0.000000000
    0.205766097    2.096120000   -0.000000000   -0.000000000   -0.000000000
    0.212828743    2.096120000   -0.000000000   -0.000000000   -0.000000000
    0.219891389    2.096120000   -0.000000000   -0.000000000   -0.000000000
    0.226954035    2.096120000   -0.000000000   -0.000000000   -0.000000000
    0.234016681    2.096120000   -0.000000000   -0.000000000   -0.000000000
    0.241079327    2.096120000   -0.000000000   -0.000000000   -0.000000000
    0.248141973    2.096120000   -0.000000000   -0.000000000   -0.000000000
    0.255204619    2.096120000   -0.000000000   -0.000000000   -0.000000000
    0.262267265    2.096120000   -0.000000000   -0.000000000   -0.000000000
    0.269329911    2.096120000   -0.000000000   -0.000000000   -0.000000000
    0.276392557    2.096120000   -0.000000000   -0.000000000   -0.000000000
    0.283455203    2.096120000   -0.000000000   -0.000000000   -0.000000000
    0.290517849    2.096120000   -0.000000000   -0.000000000   -0.000000000
    0.297580495    2.096120000   -0.000000000   -0.000000000   -0.000000000
    0.304643141    2.096120000   -0.000000000   -0.000000000   -0.000000000
    0.311705787    2.096120000   -0.000000000   -0.000000000   -0.000000000
    0.318768433    2.096120000   -0.000000000   -0.000000000   -0.000000000
    0.325831079    2.096120000   -0.000000000   -0.000000000   -0.000000000
    0.332893725    2.096120000   -0.000000000   -0.000000000   -0.000000000
    0.339956371    2.096120000   -0.000000000   -0.000000000   -0.000000000
    0.347019017    2.096120000   -0.000000000   -0.000000000   -0.000000000
    0.354081663    2.096120000   -0.000000000   -0.000000000   -0.000000000
    0.361144310    2.096120000   -0.000000000   -0.000000000   -0.000000000
    0.368206956    2.096120000   -0.000000000   -0.000000000   -0.000000000
    0.375269602    2.096120000   -0.000000000   -0.000000000   -0.000000000
    0.382332248    2.096120000   -0.000000000   -0.000000000   -0.000000000
    0.389394894    2.096120000   -0.000000000   -0.000000000   -0.000000000
    0.396457540    2.096120000   -0.000000000   -0.000000000   -0.000000000
    0.403520186    2.096120000   -0.000000000   -0.000000000   -0.000000000
    0.410582832    2.096120000   -0.000000000   -0.000000000   -0.000000000
    0.417645478    2.096120000   -0.000000000   -0.000000000   -0.000000000
    0.424708124    2.096120000   -0.000000000   -0.000000000   -0.000000000
    0.431770770    2.096120000   -0.000000000   -0.000000000   -0.000000000
    0.438833416    2.096120000   -0.000000000   -0.000000000   -0.000000000
    0.445896062    2.096120000   -0.000000000   -0.000000000   -0.000000000
    0.452958708    2.096120000   -0.000000000   -0.000000000   -0.000000000
    0.460021354    2.096120000   -0.000000000   -0.000000000   -0.000000000
    0.467084000    2.096120000   -0.000000000   -0.000000000   -0.000000000
