#! FIELDS q rg file.free der_q der_rg
#! SET min_q 0.0221373
#! SET max_q 0.474984
#! SET nbins_q  66
#! SET periodic_q false
#! SET min_rg 0.843196
#! SET max_rg 2.09612
#! SET nbins_rg  72
#! SET periodic_rg false
    0.022137300    0.843196000   -0.000000000   -0.000000000   -0.000000000
    0.029104172    0.843196000   -0.000000000   -0.000000000   -0.000000000
    0.036071045    0.843196000   -0.000000000   -0.000000000   -0.000000000
    0.043037917    0.843196000   -0.000000000   -0.000000000   -0.000000000
    0.050004789    0.843196000   -0.000000000   -0.000000000   -0.000000000
    0.056971662    0.843196000   -0.000000000   -0.000000000   -0.000000000
    0.063938534    0.843196000   -0.000000000   -0.000000000   -0.000000000
    0.070905406    0.843196000   -0.000000000   -0.000000000   -0.000000000
    0.077872278    0.843196000   -0.000000000   -0.000000000   -0.000000000
    0.084839151    0.843196000   -0.000000000   -0.000000000   -0.000000000
    0.091806023    0.843196000   -0.000000000   -0.000000000   -0.000000000
    0.098772895    0.843196000   -0.000000000   -0.000000000   -0.000000000
    0.105739768    0.843196000   -0.000000000   -0.000000000   -0.000000000
    0.112706640    0.843196000   -0.000000000   -0.000000000   -0.000000000
    0.119673512    0.843196000   -0.000000000   -0.000000000   -0.000000000
    0.126640385    0.843196000   -0.000000000   -0.000000000   -0.000000000
    0.133607257    0.843196000   -0.000000000   -0.000000000   -0.000000000
    0.140574129    0.843196000   -0.000000000   -0.000000000   -0.000000000
    0.147541002    0.843196000   -0.000000000   -0.000000000   -0.000000000
    0.154507874    0.843196000   -0.000000000   -0.000000000   -0.000000000
    0.161474746    0.843196000   -0.000000000   -0.000000000   -0.000000000
    0.168441618    0.843196000   -0.000000000   -0.000000000   -0.000000000
    0.175408491    0.843196000   -0.000000000   -0.000000000   -0.000000000
    0.182375363    0.843196000   -0.000000000   -0.000000000   -0.000000000
    0.189342235    0.843196000   -0.000000000   -0.000000000   -0.000000000
    0.196309108    0.843196000   -0.000000000   -0.000000000   -0.000000000
    0.203275980    0.843196000   -0.000000000   -0.000000000   -0.000000000
    0.210242852    0.843196000   -0.000000000   -0.000000000   -0.000000000
    0.217209725    0.843196000   -0.000000000   -0.000000000   -0.000000000
    0.224176597    0.843196000   -0.000000000   -0.000000000   -0.000000000
    0.231143469    0.843196000   -0.000000000   -0.000000000   -0.000000000
    0.238110342    0.843196000   -0.000000000   -0.000000000   -0.000000000
    0.245077214    0.843196000   -0.000000000   -0.000000000   -0.000000000
    0.252044086    0.843196000   -0.000000000   -0.000000000   -0.000000000
    0.259010958    0.843196000   -0.000000000   -0.000000000   -0.000000000
    0.265977831    0.843196000   -0.000000000   -0.000000000   -0.000000000
    0.272944703    0.843196000   -0.000000000   -0.000000000   -0.000000000
    0.279911575    0.843196000   -0.000000000   -0.000000000   -0.000000000
    0.286878448    0.843196000   -0.000000000   -0.000000000   -0.000000000
    0.293845320    0.843196000   -0.000000000   -0.000000000   -0.000000000
    0.300812192    0.843196000   -0.000000000   -0.000000000   -0.000000000
    0.307779065    0.843196000   -0.000000000   -0.000000000   -0.000000000
    0.314745937    0.843196000   -0.000000000   -0.000000000   -0.000000000
    0.321712809    0.843196000   -0.000000000   -0.000000000   -0.000000000
    0.328679682    0.843196000   -0.000000000   -0.000000000   -0.000000000
    0.335646554    0.843196000   -0.000000000   -0.000000000   -0.000000000
    0.342613426    0.843196000   -0.000000000   -0.000000000   -0.000000000
    0.349580298    0.843196000   -0.000000000   -0.000000000   -0.000000000
    0.356547171    0.843196000   -0.000000000   -0.000000000   -0.000000000
    0.363514043    0.843196000   -0.000000000   -0.000000000   -0.000000000
    0.370480915    0.843196000   -0.000000000   -0.000000000   -0.000000000
    0.377447788    0.843196000   -0.000000000   -0.000000000   -0.000000000
    0.384414660    0.843196000   -0.000000000   -0.000000000   -0.000000000
    0.391381532    0.843196000   -0.000000000   -0.000000000   -0.000000000
    0.398348405    0.843196000   -0.000000000   -0.000000000   -0.000000000
    0.405315277    0.843196000   -0.000000000   -0.000000000   -0.000000000
    0.412282149    0.843196000   -0.000000000   -0.000000000   -0.000000000
    0.419249022    0.843196000   -0.000000000   -0.000000000   -0.000000000
    0.426215894    0.843196000   -0.000000000   -0.000000000   -0.000000000
    0.433182766    0.843196000   -0.000000000   -0.000000000   -0.000000000
    0.440149638    0.843196000   -0.000000000   -0.000000000   -0.000000000
    0.447116511    0.843196000   -0.000000000   -0.000000000   -0.000000000
    0.454083383    0.843196000   -0.000000000   -0.000000000   -0.000000000
    0.461050255    0.843196000   -0.000000000   -0.000000000   -0.000000000
    0.468017128    0.843196000   -0.000000000   -0.000000000   -0.000000000
    0.474984000    0.843196000   -0.000000000   -0.000000000   -0.000000000

    0.022137300    0.860842817   -0.000000000   -0.000000000   -0.000000000
    0.029104172    0.860842817   -0.000000000   -0.000000000   -0.000000000
    0.036071045    0.860842817   -0.000000000   -0.000000000   -0.000000000
    0.043037917    0.860842817   -0.000000000   -0.000000000   -0.000000000
    0.050004789    0.860842817   -0.000000000   -0.000000000   -0.000000000
    0.056971662    0.860842817   -0.000000000   -0.000000000   -0.000000000
    0.063938534    0.860842817   -0.000000000   -0.000000000   -0.000000000
    0.070905406    0.860842817   -0.000000000   -0.000000000   -0.000000000
    0.077872278    0.860842817   -0.000000000   -0.000000000   -0.000000000
    0.084839151    0.860842817   -0.000000000   -0.000000000   -0.000000000
    0.091806023    0.860842817   -0.000000000   -0.000000000   -0.000000000
    0.098772895    0.860842817   -0.000060106   -0.026428091   -0.058612068
    0.105739768    0.860842817   -0.000350850   -0.064545117   -0.200399157
    0.112706640    0.860842817   -0.001027158   -0.133727955   -0.492832392
    0.119673512    0.860842817   -0.002209726   -0.179543710   -0.985126330
    0.126640385    0.860842817   -0.003201781   -0.080665548   -1.259390093
    0.133607257    0.860842817   -0.003289886    0.015365416   -1.253395195
    0.140574129    0.860842817   -0.003434728   -0.085518581   -1.208224426
    0.147541002    0.860842817   -0.005031648   -0.369789917   -1.552187551
    0.154507874    0.860842817   -0.008140648   -0.475196887   -2.278113258
    0.161474746    0.860842817   -0.010834670   -0.239567842   -2.753305616
    0.168441618    0.860842817   -0.011151069    0.170528132   -2.748047302
    0.175408491    0.860842817   -0.008823414    0.452098033   -2.246489340
    0.182375363    0.860842817   -0.005860323    0.329527788   -1.669455020
    0.189342235    0.860842817   -0.005004630   -0.071454144   -1.455200511
    0.196309108    0.860842817   -0.006685683   -0.379571293   -1.616047974
    0.203275980    0.860842817   -0.009537359   -0.398453009   -2.103164725
    0.210242852    0.860842817   -0.011598143   -0.152519711   -2.433204643
    0.217209725    0.860842817   -0.011472074    0.171064167   -2.473159826
    0.224176597    0.860842817   -0.009440957    0.360944339   -2.136053899
    0.231143469    0.860842817   -0.006960817    0.326978904   -1.780955017
    0.238110342    0.860842817   -0.005298845    0.144979000   -1.550207485
    0.245077214    0.860842817   -0.005093050   -0.084569580   -1.691804858
    0.252044086    0.860842817   -0.006015330   -0.143942694   -2.002871264
    0.259010958    0.860842817   -0.006563614    0.002378560   -2.210000692
    0.265977831    0.860842817   -0.005811593    0.171693157   -2.005921959
    0.272944703    0.860842817   -0.004300121    0.217934583   -1.575340290
    0.279911575    0.860842817   -0.002969759    0.152507239   -1.091260656
    0.286878448    0.860842817   -0.002260993    0.061095002   -0.709270104
    0.293845320    0.860842817   -0.002040073    0.014421877   -0.595326756
    0.300812192    0.860842817   -0.001935717    0.021480124   -0.548453144
    0.307779065    0.860842817   -0.001611099    0.068066929   -0.462753158
    0.314745937    0.860842817   -0.001043586    0.089257725   -0.334409352
    0.321712809    0.860842817   -0.000522114    0.055830976   -0.153753456
    0.328679682    0.860842817   -0.000243630    0.028794416   -0.085421294
    0.335646554    0.860842817   -0.000100628    0.008100796   -0.070048888
    0.342613426    0.860842817   -0.000172388   -0.025086301   -0.117312734
    0.349580298    0.860842817   -0.000337321   -0.022125360   -0.154950553
    0.356547171    0.860842817   -0.000421073    0.000858801   -0.188658708
    0.363514043    0.860842817   -0.000321620    0.031619073   -0.177356454
    0.370480915    0.860842817   -0.000103248    0.037289442   -0.091313523
    0.377447788    0.860842817   -0.000000000   -0.000000000   -0.000000000
    0.384414660    0.860842817   -0.000000000   -0.000000000   -0.000000000
    0.391381532    0.860842817   -0.000000000   -0.000000000   -0.000000000
    0.398348405    0.860842817   -0.000000000   -0.000000000   -0.000000000
    0.405315277    0.860842817   -0.000000000   -0.000000000   -0.000000000
    0.412282149    0.860842817   -0.000000000   -0.000000000   -0.000000000
    0.419249022    0.860842817   -0.000000000   -0.000000000   -0.000000000
    0.426215894    0.860842817   -0.000000000   -0.000000000   -0.000000000
    0.433182766    0.860842817   -0.000000000   -0.000000000   -0.000000000
    0.440149638    0.860842817   -0.000000000   -0.000000000   -0.000000000
    0.447116511    0.860842817   -0.000000000   -0.000000000   -0.000000000
    0.454083383    0.860842817   -0.000000000   -0.000000000   -0.000000000
    0.461050255    0.860842817   -0.000000000   -0.000000000   -0.000000000
    0.468017128    0.860842817   -0.000000000   -0.000000000   -0.000000000
    0.474984000    0.860842817   -0.000000000   -0.000000000   -0.000000000

    0.022137300    0.878489634   -0.000000000   -0.000000000   -0.000000000
    0.029104172    0.878489634   -0.000000000   -0.000000000   -0.000000000
    0.036071045    0.878489634   -0.000000000   -0.000000000   -0.000000000
    0.043037917    0.878489634   -0.000000000   -0.000000000   -0.000000000
    0.050004789    0.878489634   -0.000000000   -0.000000000   -0.000000000
    0.056971662    0.878489634   -0.000000000   -0.000000000   -0.000000000
    0.063938534    0.878489634   -0.000000000   -0.000000000   -0.000000000
    0.070905406    0.878489634   -0.000000000   -0.000000000   -0.000000000
    0.077872278    0.878489634   -0.000195291   -0.110485430   -0.099675130
    0.084839151    0.878489634   -0.003670480   -1.033342688   -1.158424255
    0.091806023    0.878489634   -0.015809512   -2.536202289   -3.483552138
    0.098772895    0.878489634   -0.042270489   -4.980438604   -8.146291745
    0.105739768    0.878489634   -0.081595558   -5.947006193  -13.053247650
    0.112706640    0.878489634   -0.120861130   -5.109062542  -17.203926640
    0.119673512    0.878489634   -0.150401239   -3.335558743  -20.305018495
    0.126640385    0.878489634   -0.167016107   -1.529342228  -22.311678691
    0.133607257    0.878489634   -0.174562777   -0.856411939  -23.875745335
    0.140574129    0.878489634   -0.181062248   -1.074947315  -25.201831355
    0.147541002    0.878489634   -0.189677851   -1.267970083  -25.575543932
    0.154507874    0.878489634   -0.197067797   -0.758712914  -24.677445758
    0.161474746    0.878489634   -0.198021895    0.578805154  -22.995827937
    0.168441618    0.878489634   -0.188353868    2.120448821  -21.450931958
    0.175408491    0.878489634   -0.169769192    3.124235650  -19.978233759
    0.182375363    0.878489634   -0.147986563    2.905952428  -18.380567962
    0.189342235    0.878489634   -0.132235716    1.631338335  -17.036067153
    0.196309108    0.878489634   -0.126581270    0.001930561  -15.562694290
    0.203275980    0.878489634   -0.130715247   -0.962373159  -14.681263345
    0.210242852    0.878489634   -0.136918198   -0.689939751  -14.663862268
    0.217209725    0.878489634   -0.138458819    0.200203741  -15.011538651
    0.224176597    0.878489634   -0.136408081    0.359076605  -15.744835169
    0.231143469    0.878489634   -0.136145844   -0.535262939  -17.022780887
    0.238110342    0.878489634   -0.143930638   -1.726713310  -18.430933280
    0.245077214    0.878489634   -0.159428514   -2.671117312  -20.314865009
    0.252044086    0.878489634   -0.178247583   -2.425101090  -21.883466876
    0.259010958    0.878489634   -0.190407657   -0.990008000  -22.764876029
    0.265977831    0.878489634   -0.191145656    0.947888444  -22.690059789
    0.272944703    0.878489634   -0.176810355    3.047312928  -21.315114189
    0.279911575    0.878489634   -0.150700598    4.276037727  -18.885115129
    0.286878448    0.878489634   -0.120316722    4.330541115  -15.983923574
    0.293845320    0.878489634   -0.091735830    3.605086561  -13.183442737
    0.300812192    0.878489634   -0.070617427    2.510775570  -10.752855701
    0.307779065    0.878489634   -0.054323296    2.117354144   -8.778680510
    0.314745937    0.878489634   -0.041935814    1.537530910   -7.340663642
    0.321712809    0.878489634   -0.034119043    0.955847414   -6.021021277
    0.328679682    0.878489634   -0.029689685    0.466072627   -5.244532701
    0.335646554    0.878489634   -0.027217438    0.291849143   -5.122092736
    0.342613426    0.878489634   -0.025277529    0.234378713   -4.727098354
    0.349580298    0.878489634   -0.023523952    0.363790556   -4.320578038
    0.356547171    0.878489634   -0.020814947    0.483146005   -3.309975586
    0.363514043    0.878489634   -0.016903893    0.604067862   -2.733472175
    0.370480915    0.878489634   -0.012191300    0.724897271   -2.030034742
    0.377447788    0.878489634   -0.007077354    0.731547517   -1.340808024
    0.384414660    0.878489634   -0.002904282    0.467785499   -0.620341361
    0.391381532    0.878489634   -0.000500762    0.238207269   -0.243710051
    0.398348405    0.878489634   -0.000000000   -0.000000000   -0.000000000
    0.405315277    0.878489634   -0.000000000   -0.000000000   -0.000000000
    0.412282149    0.878489634   -0.000000000   -0.000000000   -0.000000000
    0.419249022    0.878489634   -0.000000000   -0.000000000   -0.000000000
    0.426215894    0.878489634   -0.000000000   -0.000000000   -0.000000000
    0.433182766    0.878489634   -0.000000000   -0.000000000   -0.000000000
    0.440149638    0.878489634   -0.000000000   -0.000000000   -0.000000000
    0.447116511    0.878489634   -0.000000000   -0.000000000   -0.000000000
    0.454083383    0.878489634   -0.000000000   -0.000000000   -0.000000000
    0.461050255    0.878489634   -0.000000000   -0.000000000   -0.000000000
    0.468017128    0.878489634   -0.000000000   -0.000000000   -0.000000000
    0.474984000    0.878489634   -0.000000000   -0.000000000   -0.000000000

    0.022137300    0.896136451   -0.000000000   -0.000000000   -0.000000000
    0.029104172    0.896136451   -0.000000000   -0.000000000   -0.000000000
    0.036071045    0.896136451   -0.000000000   -0.000000000   -0.000000000
    0.043037917    0.896136451   -0.000000000   -0.000000000   -0.000000000
    0.050004789    0.896136451   -0.000000000   -0.000000000   -0.000000000
    0.056971662    0.896136451   -0.000000000   -0.000000000   -0.000000000
    0.063938534    0.896136451   -0.000073377   -0.069434898   -0.042294632
    0.070905406    0.896136451   -0.005180562   -1.960665286   -1.308402452
    0.077872278    0.896136451   -0.034543318   -6.945395456   -5.567849085
    0.084839151    0.896136451   -0.109760833  -15.136432760  -14.059416586
    0.091806023    0.896136451   -0.242318594  -22.325657007  -24.949065028
    0.098772895    0.896136451   -0.413688331  -26.185916928  -37.321377812
    0.105739768    0.896136451   -0.598665264  -26.182918952  -50.208262608
    0.112706640    0.896136451   -0.767855126  -21.840625164  -61.659284965
    0.119673512    0.896136451   -0.899374192  -16.106010566  -71.463435950
    0.126640385    0.896136451   -0.996199779  -12.066954576  -80.127214092
    0.133607257    0.896136451   -1.069023255   -8.863793983  -86.532955559
    0.140574129    0.896136451   -1.119769345   -5.599076385  -89.887673760
    0.147541002    0.896136451   -1.145523300   -1.578226223  -91.602993679
    0.154507874    0.896136451   -1.141568844    2.752862904  -92.046541049
    0.161474746    0.896136451   -1.106495430    7.229711614  -89.930422769
    0.168441618    0.896136451   -1.043878194   10.264551594  -85.679505748
    0.175408491    0.896136451   -0.967861724   11.421890031  -80.522182127
    0.182375363    0.896136451   -0.891415247   10.127467046  -75.728633215
    0.189342235    0.896136451   -0.828386828    7.863929694  -72.064300995
    0.196309108    0.896136451   -0.784393840    4.844439717  -69.679037274
    0.203275980    0.896136451   -0.759482959    2.195372372  -67.532357836
    0.210242852    0.896136451   -0.755053711   -1.062432145  -66.748982402
    0.217209725    0.896136451   -0.769863224   -3.245117053  -67.946955769
    0.224176597    0.896136451   -0.800352152   -5.380815315  -70.940717872
    0.231143469    0.896136451   -0.845470892   -7.708749918  -75.118092291
    0.238110342    0.896136451   -0.903452751   -8.678628241  -79.403398428
    0.245077214    0.896136451   -0.962023019   -7.912685179  -82.395148661
    0.252044086    0.896136451   -1.012307467   -6.044359201  -84.307237893
    0.259010958    0.896136451   -1.039719913   -1.320838596  -84.999130201
    0.265977831    0.896136451   -1.028431676    4.482594722  -83.281922219
    0.272944703    0.896136451   -0.976737118   10.191473286  -79.835033675
    0.279911575    0.896136451   -0.897025333   12.424910360  -77.112901798
    0.286878448    0.896136451   -0.807610685   12.597235491  -73.401185324
    0.293845320    0.896136451   -0.721383447   11.755284288  -69.036978656
    0.300812192    0.896136451   -0.645060866    9.957796279  -64.859978779
    0.307779065    0.896136451   -0.580145737    8.418350863  -60.304656175
    0.314745937    0.896136451   -0.525181921    7.442072622  -57.330469419
    0.321712809    0.896136451   -0.480386581    5.558276542  -55.760673106
    0.328679682    0.896136451   -0.444314828    4.861883292  -52.910057199
    0.335646554    0.896136451   -0.408387298    5.001221888  -48.066874938
    0.342613426    0.896136451   -0.375567753    4.793863630  -43.825949620
    0.349580298    0.896136451   -0.340477914    5.567987940  -39.057121013
    0.356547171    0.896136451   -0.298687966    6.548084758  -34.117841665
    0.363514043    0.896136451   -0.247269705    7.798266340  -28.751581263
    0.370480915    0.896136451   -0.191307109    8.387575081  -22.754954448
    0.377447788    0.896136451   -0.132448966    8.230828560  -16.913140350
    0.384414660    0.896136451   -0.080153999    6.879166117  -11.147041527
    0.391381532    0.896136451   -0.038587664    4.863190212   -6.193085335
    0.398348405    0.896136451   -0.012330644    2.531311172   -2.603776641
    0.405315277    0.896136451   -0.001608074    0.667370499   -0.587432306
    0.412282149    0.896136451   -0.000000000   -0.000000000   -0.000000000
    0.419249022    0.896136451   -0.000000000   -0.000000000   -0.000000000
    0.426215894    0.896136451   -0.000000000   -0.000000000   -0.000000000
    0.433182766    0.896136451   -0.000000000   -0.000000000   -0.000000000
    0.440149638    0.896136451   -0.000000000   -0.000000000   -0.000000000
    0.447116511    0.896136451   -0.000000000   -0.000000000   -0.000000000
    0.454083383    0.896136451   -0.000000000   -0.000000000   -0.000000000
    0.461050255    0.896136451   -0.000000000   -0.000000000   -0.000000000
    0.468017128    0.896136451   -0.000000000   -0.000000000   -0.000000000
    0.474984000    0.896136451   -0.000000000   -0.000000000   -0.000000000

    0.022137300    0.913783268   -0.000000000   -0.000000000   -0.000000000
    0.029104172    0.913783268   -0.000000000   -0.000000000   -0.000000000
    0.036071045    0.913783268   -0.000000000   -0.000000000   -0.000000000
    0.043037917    0.913783268   -0.000000000   -0.000000000   -0.000000000
    0.050004789    0.913783268   -0.000000000   -0.000000000   -0.000000000
    0.056971662    0.913783268   -0.000438660   -0.336495665   -0.152738678
    0.063938534    0.913783268   -0.017014120   -5.707668568   -2.935993347
    0.070905406    0.913783268   -0.095521470  -17.613181590  -10.560248018
    0.077872278    0.913783268   -0.276374047  -35.147440410  -23.839295839
    0.084839151    0.913783268   -0.587253581  -54.096705780  -43.435602991
    0.091806023    0.913783268   -1.025969960  -71.204071010  -70.312221594
    0.098772895    0.913783268   -1.560996253  -80.642483641 -102.114972579
    0.105739768    0.913783268   -2.122117655  -78.726108341 -134.571730058
    0.112706640    0.913783268   -2.640099814  -69.193765726 -165.054416733
    0.119673512    0.913783268   -3.079716073  -56.406660087 -191.789839910
    0.126640385    0.913783268   -3.419081434  -40.726261911 -211.403515305
    0.133607257    0.913783268   -3.651410828  -26.529734284 -224.134022666
    0.140574129    0.913783268   -3.798603065  -16.389503432 -232.739229063
    0.147541002    0.913783268   -3.886386207   -8.919016481 -239.414947318
    0.154507874    0.913783268   -3.922423070   -0.973553773 -245.081529857
    0.161474746    0.913783268   -3.892645264    9.452567435 -249.863648281
    0.168441618    0.913783268   -3.792929200   18.295138563 -251.670779086
    0.175408491    0.913783268   -3.648711269   21.761422089 -250.915901073
    0.182375363    0.913783268   -3.503461354   19.853186404 -248.811764441
    0.189342235    0.913783268   -3.377778308   15.507956208 -244.134479638
    0.196309108    0.913783268   -3.296273322    8.235881944 -241.453649604
    0.203275980    0.913783268   -3.264076785    1.142333057 -242.995652088
    0.210242852    0.913783268   -3.275055737   -4.149729840 -245.701950229
    0.217209725    0.913783268   -3.318846366   -8.352591109 -246.881674214
    0.224176597    0.913783268   -3.393546165  -12.462922642 -246.441603336
    0.231143469    0.913783268   -3.491873987  -15.488103581 -247.025289154
    0.238110342    0.913783268   -3.602434466  -16.588286109 -249.220657705
    0.245077214    0.913783268   -3.711076542  -14.428469818 -251.855905338
    0.252044086    0.913783268   -3.784913662   -6.220314504 -253.536307961
    0.259010958    0.913783268   -3.790378167    4.514442905 -250.908486034
    0.265977831    0.913783268   -3.723321617   14.495417522 -245.280757699
    0.272944703    0.913783268   -3.590612378   23.504894756 -237.193950401
    0.279911575    0.913783268   -3.406254532   29.140459196 -227.086376383
    0.286878448    0.913783268   -3.198236963   30.303060521 -216.358593356
    0.293845320    0.913783268   -2.993798351   27.603954509 -206.858272776
    0.300812192    0.913783268   -2.814351426   23.211812289 -199.344034570
    0.307779065    0.913783268   -2.670796261   17.923916899 -193.189443027
    0.314745937    0.913783268   -2.552179721   16.581325062 -187.923613344
    0.321712809    0.913783268   -2.433128600   18.102147748 -180.911028921
    0.328679682    0.913783268   -2.299575951   20.481098150 -172.213844035
    0.335646554    0.913783268   -2.145986647   23.466018904 -162.672278952
    0.342613426    0.913783268   -1.971906640   26.874220810 -150.947198281
    0.349580298    0.913783268   -1.771987108   30.241892142 -135.961938626
    0.356547171    0.913783268   -1.553499724   32.823820449 -118.904089719
    0.363514043    0.913783268   -1.309588652   36.399681556 -100.621097944
    0.370480915    0.913783268   -1.044924071   38.778756649  -81.514012121
    0.377447788    0.913783268   -0.778257496   37.499946922  -62.328214996
    0.384414660    0.913783268   -0.532362665   33.034775139  -44.236941857
    0.391381532    0.913783268   -0.323722385   26.175836798  -28.892799559
    0.398348405    0.913783268   -0.166865465   18.959571816  -17.396513731
    0.405315277    0.913783268   -0.064667866   10.774935562   -8.470430171
    0.412282149    0.913783268   -0.016007256    3.909627755   -2.773853240
    0.419249022    0.913783268   -0.001808057    0.732383924   -0.491880893
    0.426215894    0.913783268   -0.000000000   -0.000000000   -0.000000000
    0.433182766    0.913783268   -0.000000000   -0.000000000   -0.000000000
    0.440149638    0.913783268   -0.000000000   -0.000000000   -0.000000000
    0.447116511    0.913783268   -0.000000000   -0.000000000   -0.000000000
    0.454083383    0.913783268   -0.000000000   -0.000000000   -0.000000000
    0.461050255    0.913783268   -0.000000000   -0.000000000   -0.000000000
    0.468017128    0.913783268   -0.000000000   -0.000000000   -0.000000000
    0.474984000    0.913783268   -0.000000000   -0.000000000   -0.000000000

    0.022137300    0.931430085   -0.000000000   -0.000000000   -0.000000000
    0.029104172    0.931430085   -0.000000000   -0.000000000   -0.000000000
    0.036071045    0.931430085   -0.000000000   -0.000000000   -0.000000000
    0.043037917    0.931430085   -0.000000000   -0.000000000   -0.000000000
    0.050004789    0.931430085   -0.000482279   -0.370631606   -0.133203368
    0.056971662    0.931430085   -0.024331225   -8.732165407   -3.492997969
    0.063938534    0.931430085   -0.144574016  -27.068090737  -12.318867232
    0.070905406    0.931430085   -0.434114212  -58.421955526  -30.206127722
    0.077872278    0.931430085   -0.986397060 -101.930780382  -61.871033381
    0.084839151    0.931430085   -1.863459651 -149.416923650 -108.737583144
    0.091806023    0.931430085   -3.051474807 -189.194282277 -170.011835473
    0.098772895    0.931430085   -4.453467900 -209.605159308 -240.937465700
    0.105739768    0.931430085   -5.924798472 -209.273844805 -317.189539177
    0.112706640    0.931430085   -7.315065471 -186.103373187 -388.755205409
    0.119673512    0.931430085   -8.475655395 -145.310102391 -447.187255216
    0.126640385    0.931430085   -9.334378177 -102.408051178 -490.360576998
    0.133607257    0.931430085   -9.925619398  -70.048067685 -521.240958687
    0.140574129    0.931430085  -10.337853949  -50.632092518 -544.690368500
    0.147541002    0.931430085  -10.646313920  -37.905457211 -562.686061393
    0.154507874    0.931430085  -10.865311675  -25.612155667 -578.007914025
    0.161474746    0.931430085  -10.991534072  -10.295848149 -591.416618403
    0.168441618    0.931430085  -11.001429705    8.134963732 -601.306679955
    0.175408491    0.931430085  -10.888778829   22.604303051 -604.576276791
    0.182375363    0.931430085  -10.712161630   25.795583057 -605.785917879
    0.189342235    0.931430085  -10.552785557   19.063759037 -606.865193420
    0.196309108    0.931430085  -10.459422075    7.049845469 -608.831455158
    0.203275980    0.931430085  -10.443384838   -1.647398984 -609.574753172
    0.210242852    0.931430085  -10.471030063   -5.557586139 -609.258340090
    0.217209725    0.931430085  -10.517311008   -8.140022416 -608.718390485
    0.224176597    0.931430085  -10.582376703  -10.920278868 -607.262602321
    0.231143469    0.931430085  -10.672565527  -15.488688143 -605.950193919
    0.238110342    0.931430085  -10.802719843  -20.815654378 -606.028429022
    0.245077214    0.931430085  -10.938769597  -15.951711253 -604.424577852
    0.252044086    0.931430085  -11.001130295   -0.656794126 -600.123005633
    0.259010958    0.931430085  -10.926634002   22.472167179 -591.865833235
    0.265977831    0.931430085  -10.679623591   47.053246174 -575.991106147
    0.272944703    0.931430085  -10.281384473   65.619629356 -553.534626465
    0.279911575    0.931430085   -9.799896303   71.196113217 -528.741809495
    0.286878448    0.931430085   -9.310093774   68.591405647 -507.093426428
    0.293845320    0.931430085   -8.869318484   57.255743452 -488.632772475
    0.300812192    0.931430085   -8.507610709   46.305689450 -475.071922635
    0.307779065    0.931430085   -8.206182523   41.068563728 -463.665659545
    0.314745937    0.931430085   -7.924601232   40.851250854 -450.281718852
    0.321712809    0.931430085   -7.623331434   45.981659575 -436.273369555
    0.328679682    0.931430085   -7.271836561   55.223427263 -419.374104868
    0.335646554    0.931430085   -6.847453917   67.109539981 -396.686326858
    0.342613426    0.931430085   -6.337121768   79.835254439 -369.144381494
    0.349580298    0.931430085   -5.728874041   94.545019086 -335.061015394
    0.356547171    0.931430085   -5.024411665  107.101014730 -294.725091916
    0.363514043    0.931430085   -4.247610521  115.370722396 -249.792097760
    0.370480915    0.931430085   -3.429276317  118.937252078 -203.025705001
    0.377447788    0.931430085   -2.608390449  115.082829255 -156.605867168
    0.384414660    0.931430085   -1.848129898  101.483768073 -112.882304742
    0.391381532    0.931430085   -1.205591069   82.468841187  -76.055930081
    0.398348405    0.931430085   -0.704088736   60.917109435  -47.300071698
    0.405315277    0.931430085   -0.357423859   39.602207158  -26.448915413
    0.412282149    0.931430085   -0.143135459   22.303969544  -13.039380414
    0.419249022    0.931430085   -0.039005215    8.381216526   -4.527213024
    0.426215894    0.931430085   -0.006239054    2.073319273   -1.058799755
    0.433182766    0.931430085   -0.000448543    0.219035237   -0.118969591
    0.440149638    0.931430085   -0.000000000   -0.000000000   -0.000000000
    0.447116511    0.931430085   -0.000000000   -0.000000000   -0.000000000
    0.454083383    0.931430085   -0.000000000   -0.000000000   -0.000000000
    0.461050255    0.931430085   -0.000000000   -0.000000000   -0.000000000
    0.468017128    0.931430085   -0.000000000   -0.000000000   -0.000000000
    0.474984000    0.931430085   -0.000000000   -0.000000000   -0.000000000

    0.022137300    0.949076901   -0.000000000   -0.000000000   -0.000000000
    0.029104172    0.949076901   -0.000000000   -0.000000000   -0.000000000
    0.036071045    0.949076901   -0.000000000   -0.000000000   -0.000000000
    0.043037917    0.949076901   -0.000138426   -0.163391278   -0.044921360
    0.050004789    0.949076901   -0.017927163   -7.977541782   -2.469714427
    0.056971662    0.949076901   -0.147187987  -31.517924943  -11.089298148
    0.063938534    0.949076901   -0.505578679  -76.462250489  -30.689842013
    0.070905406    0.949076901   -1.283020847 -150.721969902  -69.693388072
    0.077872278    0.949076901   -2.656163808 -246.532115643 -133.529432622
    0.084839151    0.949076901   -4.733426995 -349.426656856 -226.381631350
    0.091806023    0.949076901   -7.488493642 -437.574182872 -348.833389769
    0.098772895    0.949076901  -10.743065054 -488.897864821 -493.533992769
    0.105739768    0.949076901  -14.167640259 -484.429536446 -643.731987373
    0.112706640    0.949076901  -17.358791325 -423.463382395 -780.865542805
    0.119673512    0.949076901  -19.989990859 -328.996488089 -892.177409579
    0.126640385    0.949076901  -21.952644884 -237.156694198 -976.874605844
    0.133607257    0.949076901  -23.360236345 -170.738787099 -1040.306895239
    0.140574129    0.949076901  -24.390192114 -127.342991655 -1088.179989365
    0.147541002    0.949076901  -25.184886562 -101.575931172 -1128.527552498
    0.154507874    0.949076901  -25.821470514  -81.466005341 -1163.362223872
    0.161474746    0.949076901  -26.293246028  -52.850967167 -1191.618710952
    0.168441618    0.949076901  -26.552881620  -21.093323884 -1212.643520701
    0.175408491    0.949076901  -26.603878877    4.487343899 -1229.876202905
    0.182375363    0.949076901  -26.540694241   10.960262568 -1243.328218596
    0.189342235    0.949076901  -26.481830164    4.229728458 -1255.115530687
    0.196309108    0.949076901  -26.479134885   -2.549601426 -1264.380334135
    0.203275980    0.949076901  -26.505888503   -4.729760332 -1269.626267232
    0.210242852    0.949076901  -26.539460764   -3.988379259 -1270.103769765
    0.217209725    0.949076901  -26.543990262    2.076859536 -1265.296128203
    0.224176597    0.949076901  -26.534645189   -0.553179155 -1258.534487292
    0.231143469    0.949076901  -26.569244495   -9.028209396 -1251.836962740
    0.238110342    0.949076901  -26.629078792   -6.849068764 -1241.826411869
    0.245077214    0.949076901  -26.643386089    6.034795761 -1228.069948864
    0.252044086    0.949076901  -26.516020591   33.217893857 -1208.599411107
    0.259010958    0.949076901  -26.138754723   75.658965634 -1181.394415641
    0.265977831    0.949076901  -25.457359918  119.038038180 -1145.785086456
    0.272944703    0.949076901  -24.511563498  148.699554907 -1104.268974646
    0.279911575    0.949076901  -23.444576101  153.884744746 -1061.666338997
    0.286878448    0.949076901  -22.419046733  137.515150967 -1022.424017496
    0.293845320    0.949076901  -21.554953122  111.049585495 -992.048745027
    0.300812192    0.949076901  -20.868368763   87.318519310 -967.970511151
    0.307779065    0.949076901  -20.295307473   79.814314898 -948.092999849
    0.314745937    0.949076901  -19.728357528   85.333900048 -929.192729395
    0.321712809    0.949076901  -19.093431103   98.228927878 -905.158224963
    0.328679682    0.949076901  -18.321363679  125.701498023 -872.407340332
    0.335646554    0.949076901  -17.334413104  159.152132422 -829.092104268
    0.342613426    0.949076901  -16.091774559  197.328536083 -771.671562305
    0.349580298    0.949076901  -14.586722657  234.717178710 -700.733106173
    0.356547171    0.949076901  -12.831920574  267.377009588 -618.216568244
    0.363514043    0.949076901  -10.882569162  289.544679215 -526.656453583
    0.370480915    0.949076901   -8.830252536  296.925075079 -430.006354389
    0.377447788    0.949076901   -6.788311314  286.571437845 -333.175617964
    0.384414660    0.949076901   -4.884122057  256.912719976 -243.059824396
    0.391381532    0.949076901   -3.252150218  208.869834795 -164.508590314
    0.398348405    0.949076901   -1.984777507  155.049693304 -102.950082158
    0.405315277    0.949076901   -1.086187853  103.937560641  -59.206443524
    0.412282149    0.949076901   -0.516667072   62.147590144  -30.900079998
    0.419249022    0.949076901   -0.197031113   31.484953075  -13.985958213
    0.426215894    0.949076901   -0.052637067   11.767267211   -4.861382555
    0.433182766    0.949076901   -0.008363702    2.644080303   -1.036323287
    0.440149638    0.949076901   -0.000784006    0.296473720   -0.120300790
    0.447116511    0.949076901   -0.000000000   -0.000000000   -0.000000000
    0.454083383    0.949076901   -0.000000000   -0.000000000   -0.000000000
    0.461050255    0.949076901   -0.000000000   -0.000000000   -0.000000000
    0.468017128    0.949076901   -0.000000000   -0.000000000   -0.000000000
    0.474984000    0.949076901   -0.000000000   -0.000000000   -0.000000000

    0.022137300    0.966723718   -0.000000000   -0.000000000   -0.000000000
    0.029104172    0.966723718   -0.000000000   -0.000000000   -0.000000000
    0.036071045    0.966723718   -0.000000000   -0.000000000   -0.000000000
    0.043037917    0.966723718   -0.005590561   -3.517168210   -0.841769703
    0.050004789    0.966723718   -0.102222846  -27.571462619   -7.467448182
    0.056971662    0.966723718   -0.448206419  -78.280767736  -24.258553288
    0.063938534    0.966723718   -1.308467079 -176.245931510  -62.043814224
    0.070905406    0.966723718   -3.019772878 -323.161229172 -130.526508085
    0.077872278    0.966723718   -5.921458587 -515.154334387 -243.459929056
    0.084839151    0.966723718  -10.245851670 -725.492178838 -410.351708847
    0.091806023    0.966723718  -15.963563946 -905.820202233 -629.146630595
    0.098772895    0.966723718  -22.671708621 -1001.686585820 -881.883950042
    0.105739768    0.966723718  -29.635133476 -977.026936471 -1137.985817480
    0.112706640    0.966723718  -36.026990391 -843.207449408 -1368.587400269
    0.119673512    0.966723718  -41.267328482 -657.432205755 -1556.437478309
    0.126640385    0.966723718  -45.217243580 -480.834226732 -1697.858547399
    0.133607257    0.966723718  -48.082405171 -350.441345828 -1801.376032697
    0.140574129    0.966723718  -50.233779029 -274.824270869 -1882.646712372
    0.147541002    0.966723718  -52.007498923 -237.964967110 -1954.569641687
    0.154507874    0.966723718  -53.545330767 -202.290703200 -2022.623381955
    0.161474746    0.966723718  -54.792021718 -155.008494269 -2085.351769551
    0.168441618    0.966723718  -55.701246678 -106.520331814 -2142.178387325
    0.175408491    0.966723718  -56.306555633  -69.854023295 -2191.793506247
    0.182375363    0.966723718  -56.711660120  -50.595167957 -2235.333018484
    0.189342235    0.966723718  -57.039328972  -44.229696342 -2270.141522490
    0.196309108    0.966723718  -57.322177039  -35.821331624 -2295.016364348
    0.203275980    0.966723718  -57.518054118  -17.919331909 -2309.339444295
    0.210242852    0.966723718  -57.550788820    8.377792491 -2309.037399601
    0.217209725    0.966723718  -57.419884977   27.348281106 -2297.396655357
    0.224176597    0.966723718  -57.193305113   35.967995155 -2276.021236725
    0.231143469    0.966723718  -56.928540797   39.782383438 -2247.132895636
    0.238110342    0.966723718  -56.630028169   49.393506884 -2212.965665676
    0.245077214    0.966723718  -56.192109959   79.391781150 -2172.456421687
    0.252044086    0.966723718  -55.480560334  129.007357702 -2122.331398902
    0.259010958    0.966723718  -54.357136262  194.979388625 -2061.954521792
    0.265977831    0.966723718  -52.772744477  257.606284560 -1991.637974522
    0.272944703    0.966723718  -50.827838151  294.430718187 -1917.733488689
    0.279911575    0.966723718  -48.764834204  290.260059071 -1847.204567457
    0.286878448    0.966723718  -46.879119588  246.282218636 -1788.378794062
    0.293845320    0.966723718  -45.358840479  188.827929565 -1744.614063386
    0.300812192    0.966723718  -44.196531422  149.127993547 -1715.070832441
    0.307779065    0.966723718  -43.226671051  133.041614643 -1692.235273814
    0.314745937    0.966723718  -42.270800026  146.164884702 -1667.469601572
    0.321712809    0.966723718  -41.107035813  191.155078121 -1631.721655618
    0.328679682    0.966723718  -39.567393736  253.759926739 -1576.423317716
    0.335646554    0.966723718  -37.527017990  334.108440606 -1498.535092587
    0.342613426    0.966723718  -34.896521031  420.755790624 -1396.740833466
    0.349580298    0.966723718  -31.677845946  501.886595865 -1270.886744654
    0.356547171    0.966723718  -27.933594878  570.877096211 -1123.506222696
    0.363514043    0.966723718  -23.772089794  619.479161212 -959.782958001
    0.370480915    0.966723718  -19.376386273  636.509881506 -786.552365502
    0.377447788    0.966723718  -14.986451376  616.176570565 -613.217359741
    0.384414660    0.966723718  -10.888659954  554.308047365 -450.347407137
    0.391381532    0.966723718   -7.343344382  458.378085714 -308.749262139
    0.398348405    0.966723718   -4.552843369  341.826054509 -194.934808559
    0.405315277    0.966723718   -2.568091340  230.783543981 -112.751373349
    0.412282149    0.966723718   -1.292494529  139.522526788  -59.397022908
    0.419249022    0.966723718   -0.560585545   74.886686612  -28.064949041
    0.426215894    0.966723718   -0.192980785   33.866922362  -11.446156426
    0.433182766    0.966723718   -0.046292401   11.030888364   -3.517203398
    0.440149638    0.966723718   -0.006537166    1.920892234   -0.599148656
    0.447116511    0.966723718   -0.000550126    0.307222471   -0.093136176
    0.454083383    0.966723718   -0.000000000   -0.000000000   -0.000000000
    0.461050255    0.966723718   -0.000000000   -0.000000000   -0.000000000
    0.468017128    0.966723718   -0.000000000   -0.000000000   -0.000000000
    0.474984000    0.966723718   -0.000000000   -0.000000000   -0.000000000

    0.022137300    0.984370535   -0.000000000   -0.000000000   -0.000000000
    0.029104172    0.984370535   -0.000000000   -0.000000000   -0.000000000
    0.036071045    0.984370535   -0.000486494   -0.500963981   -0.093121140
    0.043037917    0.984370535   -0.040790203  -16.459529918   -3.389655964
    0.050004789    0.984370535   -0.294600429  -62.653756847  -14.779093140
    0.056971662    0.984370535   -1.043798001 -163.528364066  -43.634178655
    0.063938534    0.984370535   -2.750480344 -340.697162008 -102.556618321
    0.070905406    0.984370535   -6.018149913 -613.235920351 -212.392542955
    0.077872278    0.984370535  -11.495005822 -970.150961612 -393.838789107
    0.084839151    0.984370535  -19.610393816 -1356.357658830 -659.176579954
    0.091806023    0.984370535  -30.239439200 -1675.646596267 -1000.020995465
    0.098772895    0.984370535  -42.559663949 -1827.515933286 -1387.102329845
    0.105739768    0.984370535  -55.183774809 -1760.360937045 -1775.349961001
    0.112706640    0.984370535  -66.654368896 -1508.482914013 -2122.512923254
    0.119673512    0.984370535  -76.010850304 -1172.078786063 -2402.484249695
    0.126640385    0.984370535  -83.033640623 -853.910784350 -2609.602845335
    0.133607257    0.984370535  -88.127572674 -627.694755121 -2758.858430108
    0.140574129    0.984370535  -92.024818025 -508.731525402 -2875.078558210
    0.147541002    0.984370535  -95.375222618 -458.620612404 -2980.775021916
    0.154507874    0.984370535  -98.450777669 -422.561165438 -3087.831458255
    0.161474746    0.984370535 -101.232838752 -372.353626859 -3200.161404353
    0.168441618    0.984370535 -103.610610391 -310.605186279 -3312.534122253
    0.175408491    0.984370535 -105.566819428 -252.965044613 -3419.055924276
    0.182375363    0.984370535 -107.157724618 -205.606620478 -3513.856746841
    0.189342235    0.984370535 -108.440910298 -162.028631659 -3590.394694605
    0.196309108    0.984370535 -109.403966956 -112.290578796 -3644.393512131
    0.203275980    0.984370535 -109.944223633  -39.784507301 -3669.684551984
    0.210242852    0.984370535 -109.953412712   36.126585875 -3666.297577584
    0.217209725    0.984370535 -109.475654810   97.474741313 -3637.653625557
    0.224176597    0.984370535 -108.638827326  139.846716208 -3587.668936789
    0.231143469    0.984370535 -107.565822874  166.800607683 -3521.748619288
    0.238110342    0.984370535 -106.306441544  196.908608221 -3444.418686774
    0.245077214    0.984370535 -104.759214265  251.179154306 -3355.327516386
    0.252044086    0.984370535 -102.736940234  332.207600778 -3253.572852940
    0.259010958    0.984370535 -100.099096828  424.758584916 -3139.115626754
    0.265977831    0.984370535  -96.855412218  500.217697337 -3018.999481964
    0.272944703    0.984370535  -93.239486760  526.650436588 -2902.660478200
    0.279911575    0.984370535  -89.664079623  486.823934975 -2802.079896891
    0.286878448    0.984370535  -86.573872983  394.584503514 -2725.498054615
    0.293845320    0.984370535  -84.207783716  286.602553275 -2674.073772675
    0.300812192    0.984370535  -82.505979684  209.364715260 -2644.153242858
    0.307779065    0.984370535  -81.157994704  187.141143419 -2624.077628331
    0.314745937    0.984370535  -79.741344554  229.572031041 -2597.141409051
    0.321712809    0.984370535  -77.835522212  325.208578838 -2549.810531186
    0.328679682    0.984370535  -75.112501040  462.222471769 -2471.671142629
    0.335646554    0.984370535  -71.357176844  619.301819048 -2355.800754559
    0.342613426    0.984370535  -66.460383104  786.256709743 -2199.270667526
    0.349580298    0.984370535  -60.417280892  944.972648432 -2004.077810129
    0.356547171    0.984370535  -53.363967552 1074.851729724 -1774.743666772
    0.363514043    0.984370535  -45.529258589 1166.622970556 -1520.604764432
    0.370480915    0.984370535  -37.242714714 1201.419728916 -1251.464726071
    0.377447788    0.984370535  -28.956089091 1166.442363944 -980.441088481
    0.384414660    0.984370535  -21.179578168 1053.182439532 -724.388924869
    0.391381532    0.984370535  -14.427765764  875.888478944 -500.181007654
    0.398348405    0.984370535   -9.057276469  662.489881204 -320.110359486
    0.405315277    0.984370535   -5.194738955  450.709828420 -187.740637085
    0.412282149    0.984370535   -2.689468874  275.924811403 -100.538959689
    0.419249022    0.984370535   -1.230429591  151.491335618  -48.887197812
    0.426215894    0.984370535   -0.474587095   72.416820712  -20.898535198
    0.433182766    0.984370535   -0.139568116   28.428352391   -7.519830788
    0.440149638    0.984370535   -0.027620123    7.829101308   -1.894464092
    0.447116511    0.984370535   -0.003608076    1.046304030   -0.256055391
    0.454083383    0.984370535   -0.000000000   -0.000000000   -0.000000000
    0.461050255    0.984370535   -0.000000000   -0.000000000   -0.000000000
    0.468017128    0.984370535   -0.000000000   -0.000000000   -0.000000000
    0.474984000    0.984370535   -0.000000000   -0.000000000   -0.000000000

    0.022137300    1.002017352   -0.000000000   -0.000000000   -0.000000000
    0.029104172    1.002017352   -0.000000000   -0.000000000   -0.000000000
    0.036071045    1.002017352   -0.005528982   -3.671657621   -0.594442098
    0.043037917    1.002017352   -0.127774768  -37.165602617   -6.478451877
    0.050004789    1.002017352   -0.635946341 -119.713171619  -23.851360258
    0.056971662    1.002017352   -1.994511811 -288.567042409  -64.059324977
    0.063938534    1.002017352   -4.966322998 -590.227277232 -148.971910219
    0.070905406    1.002017352  -10.584730405 -1050.741299655 -305.452470230
    0.077872278    1.002017352  -19.936867908 -1649.938984147 -562.587243298
    0.084839151    1.002017352  -33.656551954 -2282.716759479 -932.513945369
    0.091806023    1.002017352  -51.455109449 -2791.258012575 -1403.127870497
    0.098772895    1.002017352  -71.869427703 -3011.671461292 -1932.029065327
    0.105739768    1.002017352  -92.578320366 -2874.937305295 -2458.354838366
    0.112706640    1.002017352 -111.245402801 -2446.604172930 -2925.040535073
    0.119673512    1.002017352 -126.348707127 -1881.831149694 -3293.585059569
    0.126640385    1.002017352 -137.549080606 -1353.854931746 -3557.054417963
    0.133607257    1.002017352 -145.600107953 -989.025412478 -3739.484226398
    0.140574129    1.002017352 -151.786911791 -814.290173353 -3878.498720721
    0.147541002    1.002017352 -157.231835456 -762.628618322 -4006.114769743
    0.154507874    1.002017352 -162.504981423 -752.982167100 -4144.085598436
    0.161474746    1.002017352 -167.683496985 -728.401219025 -4300.474856393
    0.168441618    1.002017352 -172.582088411 -671.690864706 -4471.601298577
    0.175408491    1.002017352 -177.011134815 -597.010696556 -4645.228902814
    0.182375363    1.002017352 -180.848805645 -500.907228444 -4806.022376244
    0.189342235    1.002017352 -183.953396811 -387.452449682 -4935.913554321
    0.196309108    1.002017352 -186.174157305 -243.161334750 -5024.648392362
    0.203275980    1.002017352 -187.282080875  -73.385265434 -5063.195208657
    0.210242852    1.002017352 -187.179937252   98.469869441 -5052.584404316
    0.217209725    1.002017352 -185.978716001  239.798574869 -4999.211046608
    0.224176597    1.002017352 -183.930185422  341.991305489 -4911.559514684
    0.231143469    1.002017352 -181.274466553  416.704441764 -4797.022852261
    0.238110342    1.002017352 -178.136306097  485.901646799 -4660.003390228
    0.245077214    1.002017352 -174.454770594  575.723359176 -4505.625450164
    0.252044086    1.002017352 -170.049393350  691.516499826 -4336.380884698
    0.259010958    1.002017352 -164.838402926  800.235319499 -4158.976834185
    0.265977831    1.002017352 -158.993601667  866.336574630 -3985.186368959
    0.272944703    1.002017352 -152.957675759  850.616334744 -3829.242327075
    0.279911575    1.002017352 -147.371638251  740.513137203 -3702.547698423
    0.286878448    1.002017352 -142.803201089  564.029932422 -3613.509631782
    0.293845320    1.002017352 -139.510873576  384.964947087 -3560.687908547
    0.300812192    1.002017352 -137.314064338  260.490343861 -3536.205618225
    0.307779065    1.002017352 -135.660060104  233.713606486 -3522.639502977
    0.314745937    1.002017352 -133.796070363  317.746591059 -3500.102531404
    0.321712809    1.002017352 -131.018081466  493.534220259 -3449.891310589
    0.328679682    1.002017352 -126.764365163  736.595247275 -3355.971229957
    0.335646554    1.002017352 -120.666110037 1018.629039659 -3207.921113449
    0.342613426    1.002017352 -112.551396333 1309.245637137 -3002.351167275
    0.349580298    1.002017352 -102.466592384 1579.136015874 -2742.815864209
    0.356547171    1.002017352  -90.655995802 1801.587664362 -2435.986874978
    0.363514043    1.002017352  -77.523926577 1955.376081859 -2092.028860354
    0.370480915    1.002017352  -63.618482238 2019.000312669 -1726.841878869
    0.377447788    1.002017352  -49.669851835 1964.133385586 -1358.953524847
    0.384414660    1.002017352  -36.542082244 1783.323796076 -1011.076309428
    0.391381532    1.002017352  -25.088177913 1490.733876205 -704.689843685
    0.398348405    1.002017352  -15.918115809 1136.266276804 -456.323182968
    0.405315277    1.002017352   -9.254235858  782.257332875 -272.432456401
    0.412282149    1.002017352   -4.885505232  484.529307603 -148.628176850
    0.419249022    1.002017352   -2.310845381  269.189136085  -74.133647042
    0.426215894    1.002017352   -0.949564380  132.899068113  -33.035359209
    0.433182766    1.002017352   -0.316466473   56.546522774  -13.030088323
    0.440149638    1.002017352   -0.076049520   17.717391400   -3.813752469
    0.447116511    1.002017352   -0.010720328    3.276265669   -0.604031558
    0.454083383    1.002017352   -0.001149581    0.620470474   -0.112233407
    0.461050255    1.002017352   -0.000000000   -0.000000000   -0.000000000
    0.468017128    1.002017352   -0.000000000   -0.000000000   -0.000000000
    0.474984000    1.002017352   -0.000000000   -0.000000000   -0.000000000

    0.022137300    1.019664169   -0.000000000   -0.000000000   -0.000000000
    0.029104172    1.019664169   -0.000078558   -0.056452733   -0.006789771
    0.036071045    1.019664169   -0.024844993  -12.038946948   -1.578013036
    0.043037917    1.019664169   -0.270396252  -66.954515292   -9.548301197
    0.050004789    1.019664169   -1.123749499 -194.463375489  -31.085878946
    0.056971662    1.019664169   -3.295774738 -457.405109146  -82.477930650
    0.063938534    1.019664169   -7.967363342 -923.209774363 -189.492551319
    0.070905406    1.019664169  -16.739675862 -1635.838644859 -388.122337456
    0.077872278    1.019664169  -31.221154722 -2543.251285216 -708.189411038
    0.084839151    1.019664169  -52.279793302 -3490.310244381 -1164.470203503
    0.091806023    1.019664169  -79.378056515 -4231.817126328 -1740.859977834
    0.098772895    1.019664169 -110.202418728 -4529.765333065 -2384.160665604
    0.105739768    1.019664169 -141.238733175 -4293.437621119 -3020.150686873
    0.112706640    1.019664169 -168.993798647 -3617.552000944 -3574.900888266
    0.119673512    1.019664169 -191.179619308 -2740.490697462 -4001.909052415
    0.126640385    1.019664169 -207.350001949 -1933.725606203 -4295.286207310
    0.133607257    1.019664169 -218.723172074 -1383.134129073 -4483.193242399
    0.140574129    1.019664169 -227.318617405 -1128.368729633 -4610.522041943
    0.147541002    1.019664169 -234.942046728 -1085.185322819 -4721.986764148
    0.154507874    1.019664169 -242.660468662 -1136.831087036 -4853.110978614
    0.161474746    1.019664169 -250.769779046 -1185.219891061 -5019.755934580
    0.168441618    1.019664169 -259.031856509 -1175.317907910 -5220.911500141
    0.175408491    1.019664169 -266.978549119 -1094.594131928 -5437.351196953
    0.182375363    1.019664169 -274.106624387 -938.806589074 -5643.392486864
    0.189342235    1.019664169 -279.900866665 -715.310508081 -5812.306104792
    0.196309108    1.019664169 -283.917729586 -427.419125013 -5924.252635598
    0.203275980    1.019664169 -285.781750539 -104.979555210 -5969.456793702
    0.210242852    1.019664169 -285.409190373  205.489958939 -5949.164702288
    0.217209725    1.019664169 -283.042741024  461.937017956 -5872.376297760
    0.224176597    1.019664169 -279.130184513  652.342694873 -5750.777337453
    0.231143469    1.019664169 -274.052767299  799.855789605 -5594.165743980
    0.238110342    1.019664169 -268.022330977  930.059101770 -5407.259513896
    0.245077214    1.019664169 -261.071601509 1068.426013958 -5196.462337110
    0.252044086    1.019664169 -253.140792130 1206.941591972 -4971.206736157
    0.259010958    1.019664169 -244.332076977 1311.558964507 -4746.144322699
    0.265977831    1.019664169 -235.061574305 1331.260769087 -4537.521937983
    0.272944703    1.019664169 -226.041095285 1235.381146529 -4359.955422866
    0.279911575    1.019664169 -218.112701297 1023.041859967 -4225.572025498
    0.286878448    1.019664169 -211.954626681  738.565746772 -4137.905133559
    0.293845320    1.019664169 -207.789829527  464.591172736 -4093.687427068
    0.300812192    1.019664169 -205.246881150  285.678889460 -4079.733811779
    0.307779065    1.019664169 -203.454375353  258.264926321 -4077.011219728
    0.314745937    1.019664169 -201.274171231  393.663743391 -4064.322178373
    0.321712809    1.019664169 -197.635638288  672.379896953 -4018.265594894
    0.328679682    1.019664169 -191.665168131 1056.103457268 -3920.193335131
    0.335646554    1.019664169 -182.791838011 1495.603652409 -3757.541274561
    0.342613426    1.019664169 -170.795316501 1947.109654356 -3527.228749582
    0.349580298    1.019664169 -155.744403114 2363.661254567 -3230.512047456
    0.356547171    1.019664169 -138.029577415 2706.379978791 -2876.385387202
    0.363514043    1.019664169 -118.274671354 2944.377863882 -2478.456024348
    0.370480915    1.019664169  -97.325353670 3043.382108026 -2054.805322884
    0.377447788    1.019664169  -76.272632832 2967.936470034 -1626.933716982
    0.384414660    1.019664169  -56.408816145 2702.863670292 -1220.311995373
    0.391381532    1.019664169  -39.009009498 2269.893940153 -860.299445617
    0.398348405    1.019664169  -25.002868476 1742.908437551 -565.705417033
    0.405315277    1.019664169  -14.732666301 1212.606452669 -344.780349023
    0.412282149    1.019664169   -7.923693480  761.192524913 -193.863994672
    0.419249022    1.019664169   -3.846240161  429.592652995  -99.733518842
    0.426215894    1.019664169   -1.653004261  217.990991349  -46.681823299
    0.433182766    1.019664169   -0.602230934   96.672052272  -19.378692785
    0.440149638    1.019664169   -0.170281009   35.389841070   -7.010329893
    0.447116511    1.019664169   -0.029782638    8.669050507   -1.636480649
    0.454083383    1.019664169   -0.003444641    1.096828933   -0.184337406
    0.461050255    1.019664169   -0.000000000   -0.000000000   -0.000000000
    0.468017128    1.019664169   -0.000000000   -0.000000000   -0.000000000
    0.474984000    1.019664169   -0.000000000   -0.000000000   -0.000000000

    0.022137300    1.037310986   -0.000000000   -0.000000000   -0.000000000
    0.029104172    1.037310986   -0.000855708   -0.874121166   -0.092880420
    0.036071045    1.037310986   -0.059684817  -23.087531619   -2.276893319
    0.043037917    1.037310986   -0.455750591 -101.688070955  -11.050176388
    0.050004789    1.037310986   -1.714124415 -283.793091774  -35.046960791
    0.056971662    1.037310986   -4.850373438 -657.068326361  -91.979177588
    0.063938534    1.037310986  -11.550597324 -1321.783126285 -212.807011851
    0.070905406    1.037310986  -24.049863420 -2320.228355980 -431.197761770
    0.077872278    1.037310986  -44.494987295 -3579.791277952 -780.526953871
    0.084839151    1.037310986  -74.052102864 -4885.421403688 -1278.067904555
    0.091806023    1.037310986 -111.856884210 -5885.491437750 -1903.003225529
    0.098772895    1.037310986 -154.591264362 -6261.378592346 -2596.162551069
    0.105739768    1.037310986 -197.343126392 -5890.234432260 -3274.660719243
    0.112706640    1.037310986 -235.235233249 -4909.703581237 -3856.449532683
    0.119673512    1.037310986 -265.097526248 -3650.772563380 -4288.179766837
    0.126640385    1.037310986 -286.356972757 -2496.977851610 -4561.789085225
    0.133607257    1.037310986 -300.746388224 -1706.185032698 -4706.030467770
    0.140574129    1.037310986 -311.124101178 -1339.213051522 -4771.175747887
    0.147541002    1.037310986 -320.184390583 -1305.325271080 -4813.073404087
    0.154507874    1.037310986 -329.713241311 -1445.250220550 -4876.271763255
    0.161474746    1.037310986 -340.368779157 -1608.703111185 -4986.062806057
    0.168441618    1.037310986 -351.941188153 -1693.583351389 -5147.202042226
    0.175408491    1.037310986 -363.639501578 -1638.052493301 -5341.209229196
    0.182375363    1.037310986 -374.416816398 -1429.564380036 -5536.704224896
    0.189342235    1.037310986 -383.232178283 -1080.404629321 -5699.352233968
    0.196309108    1.037310986 -389.223619734 -626.978337898 -5805.198491788
    0.203275980    1.037310986 -391.848352229 -125.191088054 -5844.300157739
    0.210242852    1.037310986 -391.047975410  344.868301548 -5818.439419221
    0.217209725    1.037310986 -387.237074226  731.829067318 -5736.782454661
    0.224176597    1.037310986 -381.073294201 1025.456610654 -5608.734556142
    0.231143469    1.037310986 -373.085728748 1260.934869099 -5443.291196988
    0.238110342    1.037310986 -363.576165018 1465.206942369 -5244.508726713
    0.245077214    1.037310986 -352.703439388 1653.790643857 -5020.599664396
    0.252044086    1.037310986 -340.618505347 1806.049871085 -4785.018910835
    0.259010958    1.037310986 -327.731056837 1876.464722756 -4557.604632379
    0.265977831    1.037310986 -314.777087403 1818.910245484 -4358.437760403
    0.272944703    1.037310986 -302.736606492 1612.229104778 -4201.585403191
    0.279911575    1.037310986 -292.605172636 1277.965031426 -4093.169123515
    0.286878448    1.037310986 -285.087752356  877.310614070 -4031.739636614
    0.293845320    1.037310986 -280.303371343  511.453373278 -4008.576060583
    0.300812192    1.037310986 -277.644875634  279.908074711 -4009.904309328
    0.307779065    1.037310986 -275.905345301  255.806335765 -4017.722603259
    0.314745937    1.037310986 -273.567338957  449.993680620 -4013.170333586
    0.321712809    1.037310986 -269.179130227  838.719071517 -3974.442841796
    0.328679682    1.037310986 -261.545527384 1371.703617920 -3886.592638641
    0.335646554    1.037310986 -249.878049867 1985.394273495 -3736.765893028
    0.342613426    1.037310986 -233.857550011 2611.104325625 -3518.862314675
    0.349580298    1.037310986 -213.605937451 3189.582008571 -3235.370731646
    0.356547171    1.037310986 -189.653066668 3665.816484136 -2894.148084921
    0.363514043    1.037310986 -162.870563307 3995.713550732 -2507.914527107
    0.370480915    1.037310986 -134.422323916 4136.479997363 -2094.685211011
    0.377447788    1.037310986 -105.783324941 4041.856523925 -1675.407255265
    0.384414660    1.037310986  -78.687220856 3694.499758302 -1274.899365765
    0.391381532    1.037310986  -54.844090549 3118.737145454 -915.171536103
    0.398348405    1.037310986  -35.537521222 2412.421843614 -616.492878452
    0.405315277    1.037310986  -21.247537846 1698.263965632 -387.601388880
    0.412282149    1.037310986  -11.646524156 1080.785129280 -225.698274867
    0.419249022    1.037310986   -5.807643487  622.644705715 -121.513884744
    0.426215894    1.037310986   -2.595650395  324.448900013  -60.057579663
    0.433182766    1.037310986   -1.009299017  149.127805613  -26.595108529
    0.440149638    1.037310986   -0.322295979   58.781685698  -10.451451074
    0.447116511    1.037310986   -0.074888646   19.138076812   -3.494890224
    0.454083383    1.037310986   -0.009794967    3.060142562   -0.599953587
    0.461050255    1.037310986   -0.000124594    0.311563029   -0.024379109
    0.468017128    1.037310986   -0.000000000   -0.000000000   -0.000000000
    0.474984000    1.037310986   -0.000000000   -0.000000000   -0.000000000

    0.022137300    1.054957803   -0.000000000   -0.000000000   -0.000000000
    0.029104172    1.054957803   -0.003558279   -2.564871903   -0.206777405
    0.036071045    1.054957803   -0.101630849  -34.451275176   -2.334598941
    0.043037917    1.054957803   -0.647798474 -136.714925308  -10.394610121
    0.050004789    1.054957803   -2.324302087 -375.692247034  -33.241090118
    0.056971662    1.054957803   -6.474701283 -868.753298684  -89.665151357
    0.063938534    1.054957803  -15.286776978 -1730.964193772 -204.751144694
    0.070905406    1.054957803  -31.593111130 -3019.164500220 -413.218664516
    0.077872278    1.054957803  -58.144061138 -4641.381508930 -747.466568341
    0.084839151    1.054957803  -96.373387518 -6305.321434181 -1221.308657676
    0.091806023    1.054957803 -145.051787291 -7560.735782537 -1814.912295398
    0.098772895    1.054957803 -199.820031684 -8002.134461925 -2469.296149499
    0.105739768    1.054957803 -254.270691895 -7471.761956148 -3100.536428607
    0.112706640    1.054957803 -302.054439449 -6144.349372452 -3625.137468691
    0.119673512    1.054957803 -339.050649503 -4458.241890494 -3989.237698182
    0.126640385    1.054957803 -364.497995961 -2903.717061051 -4180.124282995
    0.133607257    1.054957803 -380.633259326 -1822.190806402 -4225.725824870
    0.140574129    1.054957803 -391.229388469 -1311.538109401 -4178.450067768
    0.147541002    1.054957803 -400.006723954 -1272.431439591 -4097.705854232
    0.154507874    1.054957803 -409.604534816 -1510.934647913 -4036.347801384
    0.161474746    1.054957803 -421.217711150 -1817.380823133 -4024.609424875
    0.168441618    1.054957803 -434.695206017 -2026.479549294 -4069.208138118
    0.175408491    1.054957803 -448.993260536 -2038.334524161 -4156.975379883
    0.182375363    1.054957803 -462.544201295 -1810.319642257 -4264.600391323
    0.189342235    1.054957803 -473.727166326 -1367.488630897 -4359.703176241
    0.196309108    1.054957803 -481.259544071 -777.382196609 -4423.069680908
    0.203275980    1.054957803 -484.440903612 -135.107112850 -4445.217413487
    0.210242852    1.054957803 -483.228037814  469.037686044 -4426.547258985
    0.217209725    1.054957803 -478.158816196  966.311983803 -4371.481879557
    0.224176597    1.054957803 -470.018044792 1355.982029842 -4284.100367392
    0.231143469    1.054957803 -459.420729643 1677.868905309 -4163.228920749
    0.238110342    1.054957803 -446.730663711 1957.654683899 -4011.837511635
    0.245077214    1.054957803 -432.248827809 2188.587244430 -3838.313163184
    0.252044086    1.054957803 -416.412750618 2337.125204383 -3659.382279494
    0.259010958    1.054957803 -399.984121550 2352.470179094 -3496.425990496
    0.265977831    1.054957803 -384.043953158 2195.614079800 -3367.141116315
    0.272944703    1.054957803 -369.800803481 1868.203905417 -3283.210608804
    0.279911575    1.054957803 -358.300223692 1418.394696953 -3244.339033742
    0.286878448    1.054957803 -350.147080212  924.640951175 -3238.269926611
    0.293845320    1.054957803 -345.267482976  497.752732585 -3253.661004215
    0.300812192    1.054957803 -342.808446668  243.548871532 -3275.580445104
    0.307779065    1.054957803 -341.287235458  236.649612213 -3292.356567001
    0.314745937    1.054957803 -338.907993309  489.986283008 -3292.176488266
    0.321712809    1.054957803 -333.926548036  974.865976579 -3263.790826017
    0.328679682    1.054957803 -324.921263885 1634.767007017 -3197.463486269
    0.335646554    1.054957803 -310.905238528 2398.511311958 -3084.767356547
    0.342613426    1.054957803 -291.462011841 3179.838342861 -2920.895020488
    0.349580298    1.054957803 -266.735091279 3904.118672025 -2705.393519713
    0.356547171    1.054957803 -237.363182793 4501.934773961 -2442.433455832
    0.363514043    1.054957803 -204.424334966 4920.607874833 -2141.590938892
    0.370480915    1.054957803 -169.342788956 5105.154211921 -1814.884837388
    0.377447788    1.054957803 -133.949156671 5003.377208123 -1479.531229268
    0.384414660    1.054957803 -100.352582578 4590.707596698 -1153.746285046
    0.391381532    1.054957803  -70.627532918 3903.124412252 -855.902162616
    0.398348405    1.054957803  -46.357706426 3047.209133287 -599.171822101
    0.405315277    1.054957803  -28.197197512 2175.229899406 -394.440024472
    0.412282149    1.054957803  -15.797152408 1410.908025429 -241.842085924
    0.419249022    1.054957803   -8.101000588  831.176662034 -137.360927249
    0.426215894    1.054957803   -3.763212337  444.919459710  -71.927901534
    0.433182766    1.054957803   -1.543208073  213.193196240  -34.022444727
    0.440149638    1.054957803   -0.541075848   87.768240325  -14.235256425
    0.447116511    1.054957803   -0.151290695   31.313393107   -5.239728381
    0.454083383    1.054957803   -0.027931963    7.853917696   -1.532075736
    0.461050255    1.054957803   -0.002247321    1.099005245   -0.185148761
    0.468017128    1.054957803   -0.000000000   -0.000000000   -0.000000000
    0.474984000    1.054957803   -0.000000000   -0.000000000   -0.000000000

    0.022137300    1.072604620   -0.000000000   -0.000000000   -0.000000000
    0.029104172    1.072604620   -0.007387009   -4.383822555   -0.195718416
    0.036071045    1.072604620   -0.138084859  -43.705268362   -1.668934910
    0.043037917    1.072604620   -0.808991486 -166.932257274   -7.532457649
    0.050004789    1.072604620   -2.860462576 -460.915750691  -26.720779541
    0.056971662    1.072604620   -7.918918763 -1054.277775550  -71.770987499
    0.063938534    1.072604620  -18.586523971 -2092.035320824 -164.504281516
    0.070905406    1.072604620  -38.263902969 -3638.412398905 -333.410042502
    0.077872278    1.072604620  -70.224660710 -5580.412378354 -605.053088293
    0.084839151    1.072604620 -116.125322556 -7561.570645122 -990.955348972
    0.091806023    1.072604620 -174.400373684 -9036.105049566 -1472.755269501
    0.098772895    1.072604620 -239.696690634 -9514.368219150 -1997.875710477
    0.105739768    1.072604620 -304.180106879 -8804.912460808 -2489.852048208
    0.112706640    1.072604620 -360.091084281 -7121.794592948 -2873.753635569
    0.119673512    1.072604620 -402.366070797 -4993.332781938 -3098.514399268
    0.126640385    1.072604620 -430.050133196 -3023.104685797 -3154.625732025
    0.133607257    1.072604620 -445.857415927 -1631.717494943 -3069.186437165
    0.140574129    1.072604620 -454.461202950 -955.816697696 -2891.783908050
    0.147541002    1.072604620 -460.620630997 -898.934065093 -2678.473483130
    0.154507874    1.072604620 -467.873342553 -1224.296159906 -2476.903251071
    0.161474746    1.072604620 -477.944176691 -1666.501183008 -2315.668870692
    0.168441618    1.072604620 -490.846276247 -2007.725201447 -2204.288576309
    0.175408491    1.072604620 -505.362137477 -2115.478157845 -2138.715989550
    0.182375363    1.072604620 -519.622206976 -1925.436336708 -2108.083018269
    0.189342235    1.072604620 -531.573325380 -1466.125988848 -2096.064207585
    0.196309108    1.072604620 -539.642402724 -831.950771375 -2092.140855489
    0.203275980    1.072604620 -543.017434735 -137.515167071 -2091.667745151
    0.210242852    1.072604620 -541.649611632  516.277563028 -2094.562966496
    0.217209725    1.072604620 -536.078257296 1066.657168121 -2095.653426016
    0.224176597    1.072604620 -527.037778303 1515.796238269 -2086.041412256
    0.231143469    1.072604620 -515.083537278 1908.374796921 -2058.692652914
    0.238110342    1.072604620 -500.557287248 2252.007916419 -2008.049352891
    0.245077214    1.072604620 -483.890112182 2515.054197586 -1940.457073437
    0.252044086    1.072604620 -465.826781873 2642.012269370 -1873.770036860
    0.259010958    1.072604620 -447.507496290 2584.744144103 -1828.534402167
    0.265977831    1.072604620 -430.293391788 2325.053743871 -1818.919331341
    0.272944703    1.072604620 -415.538955959 1887.836524044 -1848.842465121
    0.279911575    1.072604620 -404.197720004 1358.106161197 -1908.792620901
    0.286878448    1.072604620 -396.624204367  826.383981912 -1981.891313224
    0.293845320    1.072604620 -392.457372228  396.596588682 -2049.862961277
    0.300812192    1.072604620 -390.633992425  166.540805759 -2100.750690558
    0.307779065    1.072604620 -389.504318663  204.006093034 -2129.183036037
    0.314745937    1.072604620 -387.159330879  514.504931897 -2133.875990218
    0.321712809    1.072604620 -381.765572745 1070.134859801 -2114.947510767
    0.328679682    1.072604620 -371.813576049 1813.716933964 -2073.773395314
    0.335646554    1.072604620 -356.241820518 2669.173286304 -2010.601516641
    0.342613426    1.072604620 -334.573389963 3548.709263664 -1923.913012298
    0.349580298    1.072604620 -306.919781769 4373.119511727 -1810.988943234
    0.356547171    1.072604620 -273.949333086 5063.665040389 -1670.163313604
    0.363514043    1.072604620 -236.833790096 5553.998419543 -1502.392450902
    0.370480915    1.072604620 -197.163125222 5784.420596939 -1314.348531586
    0.377447788    1.072604620 -156.984639333 5690.864619641 -1113.285240393
    0.384414660    1.072604620 -118.674012928 5250.462845683 -909.028278264
    0.391381532    1.072604620  -84.548131769 4502.776249800 -711.840576411
    0.398348405    1.072604620  -56.383910662 3562.586774659 -530.065365432
    0.405315277    1.072604620  -34.990352300 2585.788706633 -371.447787689
    0.412282149    1.072604620  -20.094132733 1716.075967517 -242.650241499
    0.419249022    1.072604620  -10.614758805 1039.657306478 -146.252769810
    0.426215894    1.072604620   -5.115300185  574.100233346  -80.738059458
    0.433182766    1.072604620   -2.205366880  286.568504627  -40.580619403
    0.440149638    1.072604620   -0.826319830  125.179113590  -18.075224575
    0.447116511    1.072604620   -0.262053548   48.179581733   -7.162670766
    0.454083383    1.072604620   -0.062769752   14.732171282   -2.373483568
    0.461050255    1.072604620   -0.007883992    3.150846207   -0.466632232
    0.468017128    1.072604620   -0.000198650    0.186760608   -0.032900394
    0.474984000    1.072604620   -0.000000000   -0.000000000   -0.000000000

    0.022137300    1.090251437   -0.000000000   -0.000000000   -0.000000000
    0.029104172    1.090251437   -0.009958632   -5.406824768   -0.070011818
    0.036071045    1.090251437   -0.158250897  -48.848870893   -0.554496744
    0.043037917    1.090251437   -0.907276794 -188.793486560   -3.548121054
    0.050004789    1.090251437   -3.235159613 -520.655237774  -15.262800966
    0.056971662    1.090251437   -8.940826877 -1187.423584511  -42.791786692
    0.063938534    1.090251437  -20.952224041 -2355.629886029 -100.921067721
    0.070905406    1.090251437  -43.091988441 -4092.885280616 -208.426833247
    0.077872278    1.090251437  -79.032595106 -6273.377600574 -383.996748523
    0.084839151    1.090251437 -130.603650278 -8489.146172141 -635.148591661
    0.091806023    1.090251437 -195.942726244 -10115.931506886 -947.148708881
    0.098772895    1.090251437 -268.858775612 -10591.874682451 -1278.751922405
    0.105739768    1.090251437 -340.302314440 -9694.520482543 -1567.762856594
    0.112706640    1.090251437 -401.289855075 -7669.777167919 -1754.170220571
    0.119673512    1.090251437 -445.986318617 -5136.634333630 -1801.430166329
    0.126640385    1.090251437 -473.319323202 -2791.558710622 -1706.547067352
    0.133607257    1.090251437 -486.494725808 -1128.455157177 -1499.755729955
    0.140574129    1.090251437 -491.031703074 -314.089005672 -1227.441518477
    0.147541002    1.090251437 -492.585739821 -234.653439341 -931.711850347
    0.154507874    1.090251437 -495.383444997 -620.010870542 -643.325322720
    0.161474746    1.090251437 -501.584918321 -1163.026052382 -379.537431565
    0.168441618    1.090251437 -511.354786843 -1611.152856177 -147.790774141
    0.175408491    1.090251437 -523.467843659 -1819.584116778   49.302303204
    0.182375363    1.090251437 -535.982639925 -1718.519395936  208.264439427
    0.189342235    1.090251437 -546.762218747 -1336.018929091  324.579917050
    0.196309108    1.090251437 -554.169835239 -769.813263838  392.849083452
    0.203275980    1.090251437 -557.369219713 -147.251902481  411.441594174
    0.210242852    1.090251437 -556.277821307  450.683491607  383.429404512
    0.217209725    1.090251437 -551.268537156  975.054538417  322.457853470
    0.224176597    1.090251437 -542.849857523 1434.064273570  244.927657344
    0.231143469    1.090251437 -531.337851027 1867.027047459  170.113460191
    0.238110342    1.090251437 -516.934539792 2255.379162489  107.585155401
    0.245077214    1.090251437 -500.168388176 2533.659256569   53.280844125
    0.252044086    1.090251437 -482.061093841 2626.720540137   -6.398169981
    0.259010958    1.090251437 -464.095240922 2492.335655011  -88.512364107
    0.265977831    1.090251437 -447.846305029 2139.220772118 -203.483040712
    0.272944703    1.090251437 -434.664644688 1628.559290776 -347.352342840
    0.279911575    1.090251437 -425.270413637 1066.998069930 -504.302517996
    0.286878448    1.090251437 -419.677632321  555.481358262 -652.790799084
    0.293845320    1.090251437 -417.200038451  187.288648068 -773.760601436
    0.300812192    1.090251437 -416.560550082   37.730551493 -856.470188968
    0.307779065    1.090251437 -416.055351567  151.871274128 -899.053486215
    0.314745937    1.090251437 -413.839488665  526.709644329 -908.684244758
    0.321712809    1.090251437 -408.175121494 1131.412392349 -896.843299393
    0.328679682    1.090251437 -397.692733202 1901.629783645 -876.728029091
    0.335646554    1.090251437 -381.425267720 2779.663352556 -858.763554309
    0.342613426    1.090251437 -358.907822885 3682.964429037 -847.263397789
    0.349580298    1.090251437 -330.204298523 4543.304609723 -838.020465386
    0.356547171    1.090251437 -295.886570356 5281.014544130 -823.868849135
    0.363514043    1.090251437 -257.078565102 5821.355824366 -797.480678228
    0.370480915    1.090251437 -215.399557894 6093.428089870 -755.485470331
    0.377447788    1.090251437 -172.952034364 6030.809880640 -696.792161647
    0.384414660    1.090251437 -132.193015064 5610.243848365 -621.746391606
    0.391381532    1.090251437  -95.544333719 4865.548791249 -531.255735662
    0.398348405    1.090251437  -64.889462967 3911.964597367 -429.832839577
    0.405315277    1.090251437  -41.168785181 2900.521440571 -324.813474095
    0.412282149    1.090251437  -24.266271995 1976.335051425 -226.731856235
    0.419249022    1.090251437  -13.200463139 1233.868359925 -144.391733517
    0.426215894    1.090251437   -6.574486239  704.352139292  -83.237900523
    0.433182766    1.090251437   -2.953269985  363.638736627  -43.255505789
    0.440149638    1.090251437   -1.169244928  166.150290145  -20.361056632
    0.447116511    1.090251437   -0.399151820   67.330485472   -8.296100665
    0.454083383    1.090251437   -0.110357612   22.333406556   -3.003811785
    0.461050255    1.090251437   -0.019452818    6.015727616   -0.761649526
    0.468017128    1.090251437   -0.001287067    0.633863716   -0.078819720
    0.474984000    1.090251437   -0.000000000   -0.000000000   -0.000000000

    0.022137300    1.107898254   -0.000000000   -0.000000000   -0.000000000
    0.029104172    1.107898254   -0.009605530   -5.184633638    0.102144098
    0.036071045    1.107898254   -0.158190601  -49.347092711    0.538906854
    0.043037917    1.107898254   -0.932506580 -198.500214573    0.673477538
    0.050004789    1.107898254   -3.389818500 -549.630683385   -2.216662242
    0.056971662    1.107898254   -9.407321930 -1253.657216915  -10.129506671
    0.063938534    1.107898254  -22.097814227 -2490.506442997  -28.734943548
    0.070905406    1.107898254  -45.519746166 -4333.443704870  -66.404204572
    0.077872278    1.107898254  -83.602100111 -6649.974981266 -133.307056178
    0.084839151    1.107898254 -138.265114813 -8995.389335548 -232.257869250
    0.091806023    1.107898254 -207.432281486 -10693.526403051 -353.868813067
    0.098772895    1.107898254 -284.304119870 -11126.772723074 -471.691230711
    0.105739768    1.107898254 -358.913003528 -10047.884344651 -544.151700418
    0.112706640    1.107898254 -421.397233984 -7734.566119840 -531.505233003
    0.119673512    1.107898254 -465.416299031 -4879.704238463 -415.070690711
    0.126640385    1.107898254 -489.974790553 -2266.750325810 -206.506611036
    0.133607257    1.107898254 -498.849871013 -437.659059008   60.465322463
    0.140574129    1.107898254 -498.313169922  439.168060949  347.258533648
    0.147541002    1.107898254 -494.611299457  513.404121085  628.948618837
    0.154507874    1.107898254 -492.314283616   93.114780413  898.826793477
    0.161474746    1.107898254 -493.703152110 -495.313329001 1161.754379565
    0.168441618    1.107898254 -498.989218359 -993.235011073 1419.731310715
    0.175408491    1.107898254 -507.051814548 -1276.492629488 1665.760992347
    0.182375363    1.107898254 -516.103832636 -1275.365680968 1886.056808562
    0.189342235    1.107898254 -524.253434726 -1027.880063092 2058.563704178
    0.196309108    1.107898254 -530.059096505 -622.133036601 2166.379289662
    0.203275980    1.107898254 -532.800066279 -161.793283166 2199.399967627
    0.210242852    1.107898254 -532.329462953  293.904791155 2160.540716088
    0.217209725    1.107898254 -528.765929030  724.982313352 2064.743994414
    0.224176597    1.107898254 -522.246410026 1148.076231599 1935.376332189
    0.231143469    1.107898254 -512.716212621 1588.540934678 1794.405953565
    0.238110342    1.107898254 -500.188894549 1995.223971182 1653.689659559
    0.245077214    1.107898254 -485.222015069 2272.155392086 1512.836187049
    0.252044086    1.107898254 -469.043297108 2328.998406468 1363.669819134
    0.259010958    1.107898254 -453.372850666 2127.138310162 1195.380045608
    0.265977831    1.107898254 -439.942810337 1699.965681731 1002.528035353
    0.272944703    1.107898254 -429.976699729 1150.954897519  792.985533100
    0.279911575    1.107898254 -423.897292464  603.503090734  584.997479000
    0.286878448    1.107898254 -421.340722869  156.286563828  398.748910743
    0.293845320    1.107898254 -421.292215170 -107.303643892  251.823864275
    0.300812192    1.107898254 -422.285885655 -137.097194757  153.282647394
    0.307779065    1.107898254 -422.621087744   82.499088925  102.786195294
    0.314745937    1.107898254 -420.604356236  531.378629847   90.822158995
    0.321712809    1.107898254 -414.782601904 1166.435149082   97.013821727
    0.328679682    1.107898254 -404.085092087 1923.375387711  102.787022574
    0.335646554    1.107898254 -387.800283023 2759.831212868   89.107961060
    0.342613426    1.107898254 -365.583793265 3618.350721838   47.581570547
    0.349580298    1.107898254 -337.443761461 4450.813587717  -19.739818480
    0.356547171    1.107898254 -303.786058711 5189.641744722 -101.599622138
    0.363514043    1.107898254 -265.541324418 5754.251841566 -184.180306248
    0.370480915    1.107898254 -224.195210381 6066.288143729 -256.321624923
    0.377447788    1.107898254 -181.767060575 6055.126829048 -309.680080375
    0.384414660    1.107898254 -140.644547951 5692.546501280 -337.628507470
    0.391381532    1.107898254 -103.217520330 5005.226346236 -335.209710126
    0.398348405    1.107898254  -71.405916413 4100.418508627 -303.789199032
    0.405315277    1.107898254  -46.286400105 3110.151847165 -249.326780786
    0.412282149    1.107898254  -27.943925264 2175.782556167 -184.941389565
    0.419249022    1.107898254  -15.599052501 1398.686354358 -123.467045318
    0.426215894    1.107898254   -7.980445736  822.294509566  -73.579655272
    0.433182766    1.107898254   -3.694451055  437.900579514  -39.371715526
    0.440149638    1.107898254   -1.522806273  206.793646830  -18.994159588
    0.447116511    1.107898254   -0.546297527   86.256381817   -8.046019143
    0.454083383    1.107898254   -0.164001846   31.023644004   -2.990616629
    0.461050255    1.107898254   -0.033613913    9.286567019   -0.810674191
    0.468017128    1.107898254   -0.002972333    1.319386293   -0.116251216
    0.474984000    1.107898254   -0.000000000   -0.000000000   -0.000000000

    0.022137300    1.125545070   -0.000000000   -0.000000000   -0.000000000
    0.029104172    1.125545070   -0.006921590   -4.143606356    0.186651573
    0.036071045    1.125545070   -0.140268175  -45.739525272    1.396282533
    0.043037917    1.125545070   -0.889566165 -195.539184868    4.108356654
    0.050004789    1.125545070   -3.320538701 -545.807088150    9.662057023
    0.056971662    1.125545070   -9.315736202 -1251.375630326   19.614456415
    0.063938534    1.125545070  -22.000523961 -2491.920753528   37.877830408
    0.070905406    1.125545070  -45.500408245 -4355.592557449   65.089641097
    0.077872278    1.125545070  -83.844985545 -6703.100104111   99.831159935
    0.084839151    1.125545070 -138.971919415 -9074.415119250  142.255917740
    0.091806023    1.125545070 -208.710765620 -10771.922357575  193.295963870
    0.098772895    1.125545070 -285.944053145 -11138.166884940  263.646886564
    0.105739768    1.125545070 -360.151219924 -9908.367557275  371.917240239
    0.112706640    1.125545070 -421.003609981 -7400.121636076  531.081146832
    0.119673512    1.125545070 -462.020825622 -4360.628774964  739.136697846
    0.126640385    1.125545070 -482.506726839 -1632.111089589  975.585109957
    0.133607257    1.125545070 -486.838332807  218.437094076 1206.811167820
    0.140574129    1.125545070 -481.853852262 1053.894065336 1408.119199003
    0.147541002    1.125545070 -474.058454750 1077.454648670 1576.434398626
    0.154507874    1.125545070 -467.918409718  638.448499663 1729.331374647
    0.161474746    1.125545070 -465.437798799   72.982719119 1892.581692542
    0.168441618    1.125545070 -466.675268456 -404.103063601 2081.127381546
    0.175408491    1.125545070 -470.632838318 -694.959731968 2288.489967887
    0.182375363    1.125545070 -475.828664966 -763.638661867 2494.322093737
    0.189342235    1.125545070 -480.846288291 -650.726852228 2668.158727527
    0.196309108    1.125545070 -484.623834068 -421.318829340 2787.003966319
    0.203275980    1.125545070 -486.641652490 -153.723046404 2837.650548280
    0.210242852    1.125545070 -486.740549866  128.479085199 2817.659902326
    0.217209725    1.125545070 -484.819657725  429.608168184 2735.949486051
    0.224176597    1.125545070 -480.619214252  786.312915205 2612.414957733
    0.231143469    1.125545070 -473.717856600 1201.268052910 2465.625298899
    0.238110342    1.125545070 -463.920462326 1598.834842171 2307.141791545
    0.245077214    1.125545070 -451.761847548 1859.307447188 2140.131527022
    0.252044086    1.125545070 -438.551999941 1885.978785211 1962.950953942
    0.259010958    1.125545070 -426.126923285 1635.597971405 1774.518255617
    0.265977831    1.125545070 -416.254072981 1172.850247641 1576.520848999
    0.272944703    1.125545070 -409.999690986  620.948754322 1378.405872883
    0.279911575    1.125545070 -407.495316185  114.452797785 1194.150658518
    0.286878448    1.125545070 -408.084572385 -251.928593372 1035.313053365
    0.293845320    1.125545070 -410.499870869 -402.646276094  912.689226067
    0.300812192    1.125545070 -413.125551006 -310.492036429  832.389296292
    0.307779065    1.125545070 -414.289262754   12.846684074  792.643944124
    0.314745937    1.125545070 -412.482425628  532.418593239  783.559592302
    0.321712809    1.125545070 -406.566694867 1181.975993384  788.594225596
    0.328679682    1.125545070 -395.853513660 1902.276666661  785.463963606
    0.335646554    1.125545070 -379.981048244 2657.337893300  753.708837160
    0.342613426    1.125545070 -358.793716133 3425.992984407  682.877008964
    0.349580298    1.125545070 -332.250854575 4189.231388866  574.728961823
    0.356547171    1.125545070 -300.557347510 4895.240198803  441.062520537
    0.363514043    1.125545070 -264.371556518 5462.379588439  298.042396424
    0.370480915    1.125545070 -224.946007778 5810.619047677  160.213471822
    0.377447788    1.125545070 -184.114150256 5857.893332854   39.830813516
    0.384414660    1.125545070 -144.109251814 5570.770702368  -53.384204375
    0.391381532    1.125545070 -107.224104642 4971.223386378 -113.157911345
    0.398348405    1.125545070  -75.373110116 4144.017646791 -138.262526983
    0.405315277    1.125545070  -49.727114291 3210.291412876 -133.199316683
    0.412282149    1.125545070  -30.587873693 2298.848151102 -108.610148120
    0.419249022    1.125545070  -17.404530185 1512.275569160  -76.851132999
    0.426215894    1.125545070   -9.077611028  910.357585126  -47.785123126
    0.433182766    1.125545070   -4.287746353  495.118731994  -26.389549729
    0.440149638    1.125545070   -1.811861827  239.655788679  -13.008324918
    0.447116511    1.125545070   -0.670621535  102.216675909   -5.715472732
    0.454083383    1.125545070   -0.210933248   38.860699872   -2.181760988
    0.461050255    1.125545070   -0.046653856   12.077046222   -0.591343123
    0.468017128    1.125545070   -0.004949561    2.040557421   -0.097840697
    0.474984000    1.125545070   -0.000000000   -0.000000000   -0.000000000

    0.022137300    1.143191887   -0.000000000   -0.000000000   -0.000000000
    0.029104172    1.143191887   -0.003620959   -2.611545017    0.173040457
    0.036071045    1.143191887   -0.112342729  -39.971874298    1.672584323
    0.043037917    1.143191887   -0.796844251 -179.735123804    6.141912504
    0.050004789    1.143191887   -3.070243569 -515.108137137   18.064183761
    0.056971662    1.143191887   -8.755793864 -1189.334186890   42.381463032
    0.063938534    1.143191887  -20.849050513 -2382.512177355   89.601321236
    0.070905406    1.143191887  -43.394246860 -4189.352623539  168.305221362
    0.077872278    1.143191887  -80.368005276 -6476.265956023  284.461842241
    0.084839151    1.143191887 -133.719877548 -8791.817515417  437.398870640
    0.091806023    1.143191887 -201.313695611 -10437.605531859  622.222187771
    0.098772895    1.143191887 -276.011914960 -10743.442297491  828.814403340
    0.105739768    1.143191887 -347.237756557 -9446.854557505 1045.032672933
    0.112706640    1.143191887 -404.648052491 -6876.463439716 1260.212190300
    0.119673512    1.143191887 -441.920911556 -3818.405475661 1459.007544391
    0.126640385    1.143191887 -458.762862722 -1138.902431330 1619.533224583
    0.133607257    1.143191887 -460.015112228  602.170277195 1725.241046045
    0.140574129    1.143191887 -452.782778063 1316.499488438 1771.074501622
    0.147541002    1.143191887 -443.445635809 1267.991909754 1775.057417130
    0.154507874    1.143191887 -435.973300120  845.753324609 1773.240677377
    0.161474746    1.143191887 -431.797535135  362.046529694 1802.799754833
    0.168441618    1.143191887 -430.672671473  -17.609783335 1881.818132079
    0.175408491    1.143191887 -431.673190406 -243.620995079 2009.411942580
    0.182375363    1.143191887 -433.705693682 -319.189184601 2161.618380337
    0.189342235    1.143191887 -435.854020297 -282.589405172 2311.572840863
    0.196309108    1.143191887 -437.503247796 -184.058115389 2434.334082129
    0.203275980    1.143191887 -438.394030858  -72.745821189 2513.089243200
    0.210242852    1.143191887 -438.463416199   55.523599686 2540.390359318
    0.217209725    1.143191887 -437.517124985  228.063139638 2516.611846048
    0.224176597    1.143191887 -435.052696555  496.180490866 2449.656646451
    0.231143469    1.143191887 -430.389258983  852.169996905 2349.786552955
    0.238110342    1.143191887 -423.163056614 1212.734293078 2223.344575331
    0.245077214    1.143191887 -413.798053405 1446.301718548 2078.947230699
    0.252044086    1.143191887 -403.557024124 1451.285383370 1925.821706745
    0.259010958    1.143191887 -394.210947830 1189.878281863 1771.689832147
    0.265977831    1.143191887 -387.420412865  735.536580318 1626.739169011
    0.272944703    1.143191887 -384.081950067  225.583668713 1501.701967063
    0.279911575    1.143191887 -384.140180623 -224.221549598 1403.514488554
    0.286878448    1.143191887 -386.824146902 -514.599265648 1331.381517050
    0.293845320    1.143191887 -390.800121465 -584.382603226 1284.184312370
    0.300812192    1.143191887 -394.404749456 -410.340410960 1259.853855554
    0.307779065    1.143191887 -395.993023697  -13.108043362 1255.258246698
    0.314745937    1.143191887 -394.210248630  545.788785329 1262.771639370
    0.321712809    1.143191887 -388.195108854 1188.133905875 1269.643801450
    0.328679682    1.143191887 -377.590279277 1854.999238165 1260.066006302
    0.335646554    1.143191887 -362.370740865 2513.584759039 1217.684052215
    0.342613426    1.143191887 -342.562884379 3175.202624687 1133.542859918
    0.349580298    1.143191887 -318.092666766 3849.692723266 1010.033735929
    0.356547171    1.143191887 -288.953577515 4506.269106687  858.356427662
    0.363514043    1.143191887 -255.528524988 5065.514222213  693.475678451
    0.370480915    1.143191887 -218.812338696 5435.443061199  529.837864185
    0.377447788    1.143191887 -180.420094269 5534.907672590  378.225694364
    0.384414660    1.143191887 -142.426715207 5319.184494420  246.970432654
    0.391381532    1.143191887 -107.003830471 4803.472323608  142.631500821
    0.398348405    1.143191887  -76.033587608 4058.059043408   68.549805210
    0.405315277    1.143191887  -50.748180334 3189.419688706   22.606026945
    0.412282149    1.143191887  -31.581127641 2321.882113817   -0.071769046
    0.419249022    1.143191887  -18.172521423 1551.162669838   -7.504925914
    0.426215894    1.143191887   -9.581217924  944.956168635   -7.668389784
    0.433182766    1.143191887   -4.580425753  519.908591844   -5.905825077
    0.440149638    1.143191887   -1.959401957  256.198379970   -3.317115660
    0.447116511    1.143191887   -0.738008350  110.640238553   -1.706404321
    0.454083383    1.143191887   -0.236353996   43.083021164   -0.610115981
    0.461050255    1.143191887   -0.053007923   13.377466646   -0.131705222
    0.468017128    1.143191887   -0.006024163    2.348006560   -0.015661934
    0.474984000    1.143191887   -0.000000000   -0.000000000   -0.000000000

    0.022137300    1.160838704   -0.000000000   -0.000000000   -0.000000000
    0.029104172    1.160838704   -0.001311710   -1.273246568    0.076971190
    0.036071045    1.160838704   -0.082873891  -33.465140987    1.628997321
    0.043037917    1.160838704   -0.677064693 -158.629184291    7.223780679
    0.050004789    1.160838704   -2.705492632 -463.470777966   22.617053195
    0.056971662    1.160838704   -7.865848369 -1083.826040210   57.009835718
    0.063938534    1.160838704  -18.944793380 -2190.534084465  123.345546742
    0.070905406    1.160838704  -39.771197611 -3884.162493786  236.214051605
    0.077872278    1.160838704  -74.169382271 -6043.751757953  407.805701838
    0.084839151    1.160838704 -124.096937372 -8245.314590269  636.872628422
    0.091806023    1.160838704 -187.602417369 -9820.384914210  906.268654356
    0.098772895    1.160838704 -257.942945072 -10120.138835216 1182.894391515
    0.105739768    1.160838704 -324.987785222 -8877.844404671 1429.008817900
    0.112706640    1.160838704 -378.763694752 -6410.909507018 1613.042546129
    0.119673512    1.160838704 -413.279384587 -3500.166918329 1715.892154281
    0.126640385    1.160838704 -428.503614009 -996.345269439 1732.016035816
    0.133607257    1.160838704 -429.361744923  575.016850718 1669.910336147
    0.140574129    1.160838704 -422.807074333 1163.205669420 1551.656917632
    0.147541002    1.160838704 -414.735677316 1076.772234357 1412.795819905
    0.154507874    1.160838704 -408.421632109  721.534989660 1295.943529707
    0.161474746    1.160838704 -404.649508221  378.563838516 1234.276114407
    0.168441618    1.160838704 -402.858120979  158.968686501 1242.826732588
    0.175408491    1.160838704 -402.159681741   56.238581521 1316.080858743
    0.182375363    1.160838704 -401.873055014   38.526202657 1432.478740699
    0.189342235    1.160838704 -401.529522137   65.228972126 1568.026034694
    0.196309108    1.160838704 -400.944111610  101.636220867 1700.748305793
    0.203275980    1.160838704 -400.137653072  126.332053644 1814.858168800
    0.210242852    1.160838704 -399.198369205  144.920466203 1901.071781686
    0.217209725    1.160838704 -398.023908555  207.500768517 1951.457872231
    0.224176597    1.160838704 -396.067490082  373.238267016 1960.425397639
    0.231143469    1.160838704 -392.593226322  635.921519682 1924.927861865
    0.238110342    1.160838704 -387.147021464  921.038568255 1849.986961054
    0.245077214    1.160838704 -379.966587738 1115.937870557 1748.234631944
    0.252044086    1.160838704 -372.057429511 1115.222603720 1636.706355775
    0.259010958    1.160838704 -364.968462666  886.383691499 1535.453109696
    0.265977831    1.160838704 -360.102447887  496.306527730 1461.675348835
    0.272944703    1.160838704 -358.144610455   68.396580631 1428.316249420
    0.279911575    1.160838704 -359.010025491 -302.443205259 1433.358232261
    0.286878448    1.160838704 -362.026621161 -533.746034311 1466.496706922
    0.293845320    1.160838704 -365.995774107 -566.090043272 1513.423405959
    0.300812192    1.160838704 -369.377986453 -366.969819276 1562.625551373
    0.307779065    1.160838704 -370.626834179   38.754736209 1605.619376474
    0.314745937    1.160838704 -368.518413475  583.667354926 1634.902911791
    0.321712809    1.160838704 -362.356256135 1188.196116784 1644.430234804
    0.328679682    1.160838704 -352.005219983 1777.163732092 1624.210009586
    0.335646554    1.160838704 -337.655909017 2338.396052304 1567.274010765
    0.342613426    1.160838704 -319.426096276 2899.129590251 1472.339177305
    0.349580298    1.160838704 -297.182150040 3491.654357016 1344.042858738
    0.356547171    1.160838704 -270.740463784 4096.576649778 1191.476141709
    0.363514043    1.160838704 -240.245758839 4639.336437202 1026.438011548
    0.370480915    1.160838704 -206.470392464 5021.593193100  859.256234599
    0.377447788    1.160838704 -170.872362772 5149.181906427  697.003989101
    0.384414660    1.160838704 -135.408511516 4981.149908786  543.513592274
    0.391381532    1.160838704 -102.143649742 4524.037388156  404.728501297
    0.398348405    1.160838704  -72.883907317 3844.952445457  285.673983241
    0.405315277    1.160838704  -48.858696923 3041.548381293  189.843382143
    0.412282149    1.160838704  -30.529654870 2226.917646259  118.188134026
    0.419249022    1.160838704  -17.628308160 1496.278660914   68.369170187
    0.426215894    1.160838704   -9.326046705  915.033148571   36.318594390
    0.433182766    1.160838704   -4.480122989  505.506577744   17.262741410
    0.440149638    1.160838704   -1.922500095  250.660355302    7.492558261
    0.447116511    1.160838704   -0.727008335  108.788176966    2.902005675
    0.454083383    1.160838704   -0.231770083   41.956516112    1.073784535
    0.461050255    1.160838704   -0.051236309   13.562789120    0.336442104
    0.468017128    1.160838704   -0.005469906    2.157666260    0.072799708
    0.474984000    1.160838704   -0.000000000   -0.000000000   -0.000000000

    0.022137300    1.178485521   -0.000000000   -0.000000000   -0.000000000
    0.029104172    1.178485521   -0.000496757   -0.646747388    0.023029292
    0.036071045    1.178485521   -0.058432259  -25.230983414    1.137791056
    0.043037917    1.178485521   -0.547279585 -134.006326245    7.336110436
    0.050004789    1.178485521   -2.289196239 -401.166027497   24.233861923
    0.056971662    1.178485521   -6.795782668 -953.532811229   63.036171334
    0.063938534    1.178485521  -16.606573623 -1950.952864393  138.774099729
    0.070905406    1.178485521  -35.258173018 -3493.107824782  269.557898708
    0.077872278    1.178485521  -66.337719720 -5481.909111420  469.912355055
    0.084839151    1.178485521 -111.831922972 -7543.366094718  736.955384116
    0.091806023    1.178485521 -170.207205109 -9067.887728179 1041.396807400
    0.098772895    1.178485521 -235.470675270 -9437.228340183 1332.018283519
    0.105739768    1.178485521 -298.356902188 -8383.921290011 1549.902398678
    0.112706640    1.178485521 -349.570668157 -6176.779000823 1652.447854425
    0.119673512    1.178485521 -383.417139679 -3537.616580812 1624.342618194
    0.126640385    1.178485521 -399.749891127 -1266.048809431 1486.079011824
    0.133607257    1.178485521 -403.074856141  153.276697381 1277.351931056
    0.140574129    1.178485521 -399.679349507  693.099378290 1051.049993759
    0.147541002    1.178485521 -394.733234768  665.209024200  851.839820337
    0.154507874    1.178485521 -390.817863550  453.004919584  713.388658887
    0.161474746    1.178485521 -388.273651932  297.153063659  652.297037681
    0.168441618    1.178485521 -386.375000911  264.259716061  668.897779551
    0.175408491    1.178485521 -384.429133078  302.509851368  747.413289838
    0.182375363    1.178485521 -382.120510654  364.264012973  866.297582797
    0.189342235    1.178485521 -379.366317758  424.545039067 1007.232191657
    0.196309108    1.178485521 -376.293885006  451.592724496 1156.548061147
    0.203275980    1.178485521 -373.172287720  437.867033355 1303.024800214
    0.210242852    1.178485521 -370.270989272  392.765641909 1435.233000884
    0.217209725    1.178485521 -367.651258296  367.939583198 1543.242651021
    0.224176597    1.178485521 -364.971024106  417.287576690 1611.718261214
    0.231143469    1.178485521 -361.628451007  556.758549371 1628.843252852
    0.238110342    1.178485521 -357.098951205  743.695366596 1597.053265560
    0.245077214    1.178485521 -351.378033905  882.135684937 1530.918327676
    0.252044086    1.178485521 -345.134174574  882.401261482 1450.817855203
    0.259010958    1.178485521 -339.470291658  715.642504672 1385.131427607
    0.265977831    1.178485521 -335.405484962  438.810432875 1361.379205703
    0.272944703    1.178485521 -333.433171384  128.937202699 1388.540017884
    0.279911575    1.178485521 -333.534391608 -146.079811759 1460.786037863
    0.286878448    1.178485521 -335.258427566 -328.854533388 1564.697672867
    0.293845320    1.178485521 -337.738317121 -352.828889141 1678.649903934
    0.300812192    1.178485521 -339.717822072 -182.860737416 1782.744629555
    0.307779065    1.178485521 -339.866702358  166.985066236 1861.007867138
    0.314745937    1.178485521 -337.091366222  645.420190560 1904.756877890
    0.321712809    1.178485521 -330.779518606 1165.963096760 1910.914212822
    0.328679682    1.178485521 -320.913816238 1659.439521463 1875.151230944
    0.335646554    1.178485521 -307.724461030 2124.848003040 1800.647932906
    0.342613426    1.178485521 -291.272654340 2603.670045735 1694.493562541
    0.349580298    1.178485521 -271.325873402 3131.965641726 1562.784208145
    0.356547171    1.178485521 -247.538161733 3698.070630821 1414.977562654
    0.363514043    1.178485521 -219.883794256 4225.964185715 1259.631447507
    0.370480915    1.178485521 -189.000890269 4607.125375665 1100.487473911
    0.377447788    1.178485521 -156.277878574 4740.227541317  938.578406231
    0.384414660    1.178485521 -123.628764974 4584.586096469  775.190410111
    0.391381532    1.178485521  -93.036831347 4156.085340181  613.368349223
    0.398348405    1.178485521  -66.201892461 3519.701887508  460.300092260
    0.405315277    1.178485521  -44.239074641 2774.761238267  324.889831273
    0.412282149    1.178485521  -27.544930343 2025.093968874  213.835168531
    0.419249022    1.178485521  -15.846169874 1352.615536930  129.437180477
    0.426215894    1.178485521   -8.356392088  823.073099265   71.042455396
    0.433182766    1.178485521   -4.000374489  454.384323024   35.924866700
    0.440149638    1.178485521   -1.710700410  223.819204123   16.045222488
    0.447116511    1.178485521   -0.640014140   97.805647520    6.679585737
    0.454083383    1.178485521   -0.199862845   37.180694507    2.425454574
    0.461050255    1.178485521   -0.041618220   11.541042880    0.708433375
    0.468017128    1.178485521   -0.003640976    1.612350393    0.121112848
    0.474984000    1.178485521   -0.000000000   -0.000000000   -0.000000000

    0.022137300    1.196132338   -0.000000000   -0.000000000   -0.000000000
    0.029104172    1.196132338   -0.000137598   -0.279878002    0.005508105
    0.036071045    1.196132338   -0.041905477  -18.943685695    0.766207577
    0.043037917    1.196132338   -0.422377032 -107.243134879    6.633105873
    0.050004789    1.196132338   -1.862811307 -335.528670627   23.818831625
    0.056971662    1.196132338   -5.683623757 -814.705016759   61.832250043
    0.063938534    1.196132338  -14.147635203 -1692.126677192  137.481749677
    0.070905406    1.196132338  -30.440983750 -3068.409181234  271.168092378
    0.077872278    1.196132338  -57.916751088 -4872.326351136  475.573343518
    0.084839151    1.196132338  -98.633023320 -6795.977747140  744.367485686
    0.091806023    1.196132338 -151.641323593 -8300.050166949 1041.773433018
    0.098772895    1.196132338 -211.965071344 -8814.936579846 1305.879953887
    0.105739768    1.196132338 -271.474356155 -8056.609519203 1468.377070118
    0.112706640    1.196132338 -321.690980475 -6220.370928444 1482.149962473
    0.119673512    1.196132338 -357.054791086 -3916.910262953 1345.416640424
    0.126640385    1.196132338 -376.859563476 -1859.331190832 1103.004227791
    0.133607257    1.196132338 -384.610064508 -497.352238519  824.491496331
    0.140574129    1.196132338 -385.516007838  128.684720920  578.232542346
    0.147541002    1.196132338 -383.923043455  277.550145074  410.348258531
    0.154507874    1.196132338 -381.976772898  279.444773759  336.998706146
    0.161474746    1.196132338 -379.902042755  331.528256424  353.675724835
    0.168441618    1.196132338 -377.172954908  461.079085280  437.753647813
    0.175408491    1.196132338 -373.435946744  608.216670735  565.583987632
    0.182375363    1.196132338 -368.776973776  726.587367758  714.807175723
    0.189342235    1.196132338 -363.395756067  810.377722307  871.224221336
    0.196309108    1.196132338 -357.591552380  846.600821263 1028.972049996
    0.203275980    1.196132338 -351.748175363  820.791713209 1188.105439539
    0.210242852    1.196132338 -346.290431073  737.305430035 1341.669797898
    0.217209725    1.196132338 -341.500418494  636.362193458 1473.105214876
    0.224176597    1.196132338 -337.338793255  567.455315834 1566.467582471
    0.231143469    1.196132338 -333.423131901  570.347820345 1609.507518265
    0.238110342    1.196132338 -329.217643317  643.394829885 1600.801634171
    0.245077214    1.196132338 -324.483510380  707.024686247 1551.495576228
    0.252044086    1.196132338 -319.515795313  702.612026162 1482.936465197
    0.259010958    1.196132338 -314.904932093  610.983248054 1425.680671454
    0.265977831    1.196132338 -311.156764695  458.391660271 1406.711300803
    0.272944703    1.196132338 -308.591991064  276.740654025 1437.263314493
    0.279911575    1.196132338 -307.266474231  106.605163315 1516.382819580
    0.286878448    1.196132338 -306.985729805  -15.204262629 1629.311804823
    0.293845320    1.196132338 -307.256382225  -41.236854072 1756.109119216
    0.300812192    1.196132338 -307.230865763   73.678026598 1871.932620019
    0.307779065    1.196132338 -305.889238937  331.794524945 1957.194528821
    0.314745937    1.196132338 -302.327039295  703.637840892 1999.992239104
    0.321712809    1.196132338 -296.005967298 1109.622149585 1994.018122868
    0.328679682    1.196132338 -286.900390038 1499.465085796 1944.384534167
    0.335646554    1.196132338 -275.140406266 1878.217312336 1858.525693450
    0.342613426    1.196132338 -260.645271433 2292.481433576 1745.129228752
    0.349580298    1.196132338 -243.011436834 2782.574465405 1616.073114216
    0.356547171    1.196132338 -221.738102859 3328.855992759 1480.416269065
    0.363514043    1.196132338 -196.687543626 3847.742079394 1342.551854660
    0.370480915    1.196132338 -168.476013222 4216.427852748 1199.992528879
    0.377447788    1.196132338 -138.528192740 4333.670881745 1049.266491420
    0.384414660    1.196132338 -108.756432223 4164.362563111  888.522196099
    0.391381532    1.196132338  -81.110658962 3735.323867057  719.659007401
    0.398348405    1.196132338  -57.139275969 3124.427425270  551.526377227
    0.405315277    1.196132338  -37.774722402 2429.774172301  396.105567778
    0.412282149    1.196132338  -23.259173486 1745.812544261  263.072539812
    0.419249022    1.196132338  -13.240797657 1149.994950166  160.377303907
    0.426215894    1.196132338   -6.914596978  691.580955411   89.253653701
    0.433182766    1.196132338   -3.271217125  376.710426660   45.040208596
    0.440149638    1.196132338   -1.380814890  183.544093664   20.581725333
    0.447116511    1.196132338   -0.504760222   79.178649083    8.340941177
    0.454083383    1.196132338   -0.150204634   29.806077369    3.048829116
    0.461050255    1.196132338   -0.027965398    8.491647046    0.799752381
    0.468017128    1.196132338   -0.001373900    1.007295518    0.117292481
    0.474984000    1.196132338   -0.000000000   -0.000000000   -0.000000000

    0.022137300    1.213779155   -0.000000000   -0.000000000   -0.000000000
    0.029104172    1.213779155   -0.000033227   -0.091855339    0.003975181
    0.036071045    1.213779155   -0.030887834  -13.893750184    0.585893168
    0.043037917    1.213779155   -0.316888679  -81.715693147    5.305649684
    0.050004789    1.213779155   -1.460148415 -274.271655239   21.227085045
    0.056971662    1.213779155   -4.641396957 -685.423370209   55.192879097
    0.063938534    1.213779155  -11.829724188 -1447.279856478  123.382318487
    0.070905406    1.213779155  -25.853413688 -2656.506798978  244.816171801
    0.077872278    1.213779155  -49.850082639 -4289.092362007  430.549472448
    0.084839151    1.213779155  -86.038310763 -6093.405515328  671.399732074
    0.091806023    1.213779155 -134.093837189 -7607.836914711  931.951996902
    0.098772895    1.213779155 -190.152202780 -8313.698150049 1148.679502053
    0.105739768    1.213779155 -247.312974008 -7903.852109509 1253.675313937
    0.112706640    1.213779155 -297.874429088 -6469.791352050 1207.164502418
    0.119673512    1.213779155 -336.183080683 -4488.335146160 1021.657724663
    0.126640385    1.213779155 -360.588775606 -2574.933554428  755.816807362
    0.133607257    1.213779155 -373.238877696 -1158.115127546  491.165087344
    0.140574129    1.213779155 -378.113724837 -329.959222277  297.555964509
    0.147541002    1.213779155 -378.784332139   89.921834506  215.442296482
    0.154507874    1.213779155 -377.219144085  349.253525526  245.282685230
    0.161474746    1.213779155 -373.962928832  588.420370833  359.248819025
    0.168441618    1.213779155 -369.018971042  826.920761610  522.283478220
    0.175408491    1.213779155 -362.573050532 1011.631721002  698.792099643
    0.182375363    1.213779155 -355.061378050 1133.763363931  869.838704600
    0.189342235    1.213779155 -346.872646552 1210.719850018 1028.571699914
    0.196309108    1.213779155 -338.283148008 1245.857855375 1184.182335527
    0.203275980    1.213779155 -329.665172701 1215.282205387 1334.686499235
    0.210242852    1.213779155 -321.554626040 1101.119511482 1477.837754392
    0.217209725    1.213779155 -314.474511837  924.559954309 1601.625799016
    0.224176597    1.213779155 -308.673200759  746.991423809 1691.252268736
    0.231143469    1.213779155 -303.945915812  623.177356248 1737.338904391
    0.238110342    1.213779155 -299.827293728  567.133312834 1732.681281147
    0.245077214    1.213779155 -295.946628902  546.814591177 1682.810416914
    0.252044086    1.213779155 -292.213922380  523.171708814 1609.974842883
    0.259010958    1.213779155 -288.708642124  481.205870534 1538.653632075
    0.265977831    1.213779155 -285.523947465  429.624210967 1490.587743525
    0.272944703    1.213779155 -282.720597530  374.497997998 1482.345343309
    0.279911575    1.213779155 -280.322706999  312.373556334 1520.521316112
    0.286878448    1.213779155 -278.345057549  259.103797801 1595.676027461
    0.293845320    1.213779155 -276.619527430  246.202963568 1689.754098935
    0.300812192    1.213779155 -274.730592085  312.468780944 1779.906345567
    0.307779065    1.213779155 -272.021084086  482.352196469 1847.086392727
    0.314745937    1.213779155 -267.814225461  734.139872366 1875.560676092
    0.321712809    1.213779155 -261.698538699 1024.978298033 1860.415491812
    0.328679682    1.213779155 -253.533267198 1318.833116222 1806.065652137
    0.335646554    1.213779155 -243.301232700 1624.406781057 1721.316966621
    0.342613426    1.213779155 -230.746080634 1994.402401949 1618.240228421
    0.349580298    1.213779155 -215.257226865 2468.571592179 1507.301913513
    0.356547171    1.213779155 -196.184737785 3011.644977338 1395.560735365
    0.363514043    1.213779155 -173.358417138 3524.075361276 1282.798564283
    0.370480915    1.213779155 -147.462243063 3873.100657374 1163.496539836
    0.377447788    1.213779155 -120.012742577 3958.577874613 1031.258246813
    0.384414660    1.213779155  -92.981002644 3755.206842832  883.160448258
    0.391381532    1.213779155  -68.258482881 3308.258365637  722.573727994
    0.398348405    1.213779155  -47.250077304 2705.918494759  556.447337229
    0.405315277    1.213779155  -30.665463041 2054.058911957  399.442996889
    0.412282149    1.213779155  -18.544361462 1439.891397651  264.446451499
    0.419249022    1.213779155  -10.366464025  927.555440495  161.218379518
    0.426215894    1.213779155   -5.313234920  545.496198842   89.488676668
    0.433182766    1.213779155   -2.462407391  292.012449557   45.265692201
    0.440149638    1.213779155   -1.012858668  139.107729839   20.523147794
    0.447116511    1.213779155   -0.356189237   58.800029895    8.197407466
    0.454083383    1.213779155   -0.097620778   20.684335970    2.792278834
    0.461050255    1.213779155   -0.015510240    5.166806461    0.606094654
    0.468017128    1.213779155   -0.000172233    0.182550659    0.032528762
    0.474984000    1.213779155   -0.000000000   -0.000000000   -0.000000000

    0.022137300    1.231425972   -0.000000000   -0.000000000   -0.000000000
    0.029104172    1.231425972   -0.000014623   -0.090798700    0.001024030
    0.036071045    1.231425972   -0.021582104   -9.508318921    0.436756095
    0.043037917    1.231425972   -0.232755428  -61.700810457    4.220089986
    0.050004789    1.231425972   -1.126026303 -220.218451181   16.308773626
    0.056971662    1.231425972   -3.754451337 -575.735664883   44.286783357
    0.063938534    1.231425972   -9.847369756 -1233.361682698   99.722070732
    0.070905406    1.231425972  -21.929064338 -2307.609704886  196.532612742
    0.077872278    1.231425972  -42.959454478 -3788.742646399  346.031666874
    0.084839151    1.231425972  -75.271388610 -5495.705272333  541.821146595
    0.091806023    1.231425972 -119.175629517 -7040.169972776  748.981688336
    0.098772895    1.231425972 -171.872053350 -7945.452798968  914.288702201
    0.105739768    1.231425972 -227.569589876 -7868.958946149  980.035124460
    0.112706640    1.231425972 -279.161850160 -6795.697940817  918.022046670
    0.119673512    1.231425972 -320.722015735 -5068.590835954  745.756710540
    0.126640385    1.231425972 -349.507836583 -3215.746300214  524.517803405
    0.133607257    1.231425972 -366.247979086 -1662.656904491  332.170046779
    0.140574129    1.231425972 -373.744128974 -566.062948704  229.188193475
    0.147541002    1.231425972 -375.032659114  147.476669650  237.356813571
    0.154507874    1.231425972 -372.197926651  642.278282485  343.563421516
    0.161474746    1.231425972 -366.326211146 1027.434112185  514.767903177
    0.168441618    1.231425972 -358.127121294 1305.855929041  710.074279532
    0.175408491    1.231425972 -348.401658798 1465.997454266  895.822558451
    0.182375363    1.231425972 -337.892499471 1541.980185922 1060.691473804
    0.189342235    1.231425972 -326.983323850 1586.031841163 1205.219574829
    0.196309108    1.231425972 -315.850666482 1603.913726223 1335.025003446
    0.203275980    1.231425972 -304.795487601 1556.842601521 1457.671341886
    0.210242852    1.231425972 -294.399304222 1412.343582406 1573.517606522
    0.217209725    1.231425972 -285.330374297 1179.094194270 1672.988944138
    0.224176597    1.231425972 -278.058947490  907.912996269 1748.579034339
    0.231143469    1.231425972 -272.607827092  666.585112694 1783.124608520
    0.238110342    1.231425972 -268.619521051  488.209867313 1772.172443683
    0.245077214    1.231425972 -265.653480897  374.139888929 1720.745620094
    0.252044086    1.231425972 -263.286316683  311.037892664 1638.764536079
    0.259010958    1.231425972 -261.222866038  287.321907796 1548.222861294
    0.265977831    1.231425972 -259.192325886  302.979210684 1469.250121791
    0.272944703    1.231425972 -256.923518836  351.746126850 1419.778474882
    0.279911575    1.231425972 -254.308843667  396.694514094 1408.492644592
    0.286878448    1.231425972 -251.460427180  417.614060548 1431.555518305
    0.293845320    1.231425972 -248.501861082  432.335531401 1477.336287745
    0.300812192    1.231425972 -245.356594830  478.405251390 1528.763058153
    0.307779065    1.231425972 -241.701812982  581.883649417 1568.860373667
    0.314745937    1.231425972 -237.115357160  743.042707533 1586.437585615
    0.321712809    1.231425972 -231.260714485  940.783133568 1573.755705728
    0.328679682    1.231425972 -223.971987357 1156.125851904 1532.637273201
    0.335646554    1.231425972 -215.059812881 1412.605296801 1472.159991058
    0.342613426    1.231425972 -204.070399972 1760.927130763 1400.969407895
    0.349580298    1.231425972 -190.247065790 2226.075875609 1324.414291833
    0.356547171    1.231425972 -172.871863913 2766.646175715 1244.757784084
    0.363514043    1.231425972 -151.793639211 3265.404375223 1158.787035622
    0.370480915    1.231425972 -127.799517650 3583.427624641 1062.213231168
    0.377447788    1.231425972 -102.518052384 3624.914118915  947.171032445
    0.384414660    1.231425972  -77.972693899 3377.585332856  811.720372639
    0.391381532    1.231425972  -55.994540323 2901.546644965  660.781617556
    0.398348405    1.231425972  -37.834349665 2302.445148743  504.453002711
    0.405315277    1.231425972  -23.939543395 1690.793882607  358.232026367
    0.412282149    1.231425972  -14.100666113 1149.016863953  235.396723032
    0.419249022    1.231425972   -7.673263088  717.434903613  141.734687062
    0.426215894    1.231425972   -3.821670326  408.811200528   78.155931155
    0.433182766    1.231425972   -1.713732248  212.038468334   38.810871694
    0.440149638    1.231425972   -0.675957084   97.465942977   17.292443703
    0.447116511    1.231425972   -0.223022256   40.014204295    6.741363220
    0.454083383    1.231425972   -0.053849549   12.967096459    2.099390408
    0.461050255    1.231425972   -0.006481480    2.996134164    0.408428139
    0.468017128    1.231425972   -0.000000000   -0.000000000   -0.000000000
    0.474984000    1.231425972   -0.000000000   -0.000000000   -0.000000000

    0.022137300    1.249072789   -0.000000000   -0.000000000   -0.000000000
    0.029104172    1.249072789   -0.000002155   -0.056379560    0.001744320
    0.036071045    1.249072789   -0.013919075   -6.709491897    0.428935361
    0.043037917    1.249072789   -0.171201443  -49.000197528    2.746659857
    0.050004789    1.249072789   -0.895330731 -180.061093836    9.874374761
    0.056971662    1.249072789   -3.097660917 -489.437146688   29.606036950
    0.063938534    1.249072789   -8.350020228 -1075.557525923   68.676418838
    0.070905406    1.249072789  -18.979301023 -2042.382604912  136.705175409
    0.077872278    1.249072789  -37.751046255 -3407.995957918  242.406658798
    0.084839151    1.249072789  -67.103999725 -5041.638834109  380.635132450
    0.091806023    1.249072789 -107.860166898 -6612.050387844  530.030844568
    0.098772895    1.249072789 -158.050745657 -7674.927316628  651.150111470
    0.105739768    1.249072789 -212.730511154 -7857.583605436  704.041810988
    0.112706640    1.249072789 -265.216664212 -7056.693167465  671.181509159
    0.119673512    1.249072789 -309.288924732 -5505.218649878  564.872009772
    0.126640385    1.249072789 -341.237499803 -3657.541423127  431.448421516
    0.133607257    1.249072789 -360.585445586 -1946.577707820  326.840820107
    0.140574129    1.249072789 -369.230806425 -602.005865986  295.092646034
    0.147541002    1.249072789 -369.876007287  360.039875370  351.084698271
    0.154507874    1.249072789 -364.890841682 1030.447903242  477.419245782
    0.161474746    1.249072789 -356.005746687 1488.296256250  637.283935294
    0.168441618    1.249072789 -344.578635855 1760.941558329  799.542774538
    0.175408491    1.249072789 -331.850100463 1870.698157365  946.555251815
    0.182375363    1.249072789 -318.718109857 1891.494967789 1072.293454507
    0.189342235    1.249072789 -305.566431675 1885.095911089 1179.427113986
    0.196309108    1.249072789 -292.454828139 1876.949073340 1273.972059043
    0.203275980    1.249072789 -279.537428131 1817.976067619 1363.692665013
    0.210242852    1.249072789 -267.365734889 1656.355848622 1449.694491499
    0.217209725    1.249072789 -256.734734291 1379.888626502 1527.193361753
    0.224176597    1.249072789 -248.307519068 1033.039998758 1583.407078366
    0.231143469    1.249072789 -242.326982117  689.906085943 1610.001398566
    0.238110342    1.249072789 -238.552692364  406.805805264 1596.521413200
    0.245077214    1.249072789 -236.501549564  199.928728161 1546.158024453
    0.252044086    1.249072789 -235.573419391   82.990566750 1468.995934815
    0.259010958    1.249072789 -235.132802878   59.045646818 1382.453006922
    0.265977831    1.249072789 -234.566135585  117.247124860 1301.196905998
    0.272944703    1.249072789 -233.337993721  240.787596929 1237.482076084
    0.279911575    1.249072789 -231.193824563  370.647923234 1201.438815643
    0.286878448    1.249072789 -228.265586400  463.216801743 1193.762021116
    0.293845320    1.249072789 -224.827860514  518.633178148 1207.461679740
    0.300812192    1.249072789 -221.052800470  566.773775563 1231.770322163
    0.307779065    1.249072789 -216.851236522  645.814317620 1258.037720154
    0.314745937    1.249072789 -211.965043784  762.437738838 1276.836144627
    0.321712809    1.249072789 -206.176642623  903.325928620 1283.560316401
    0.328679682    1.249072789 -199.314415101 1072.535320163 1278.433837197
    0.335646554    1.249072789 -191.110476365 1296.745408921 1259.063376493
    0.342613426    1.249072789 -181.014301920 1622.613493590 1232.105776488
    0.349580298    1.249072789 -168.209695492 2072.061262564 1193.941940207
    0.356547171    1.249072789 -151.965906711 2593.035269252 1143.073025072
    0.363514043    1.249072789 -132.206831267 3057.428858265 1074.710915072
    0.370480915    1.249072789 -109.828513919 3324.147703025  984.132700312
    0.377447788    1.249072789  -86.545329975 3309.588875671  868.751456538
    0.384414660    1.249072789  -64.369039296 3013.314941470  731.799564824
    0.391381532    1.249072789  -45.028846734 2513.636618623  582.876118102
    0.398348405    1.249072789  -29.540907746 1928.413066956  434.988973918
    0.405315277    1.249072789  -18.106019707 1365.932930136  302.321077662
    0.412282149    1.249072789  -10.306841948  891.645396861  194.238565400
    0.419249022    1.249072789   -5.407307896  534.728382199  114.442067591
    0.426215894    1.249072789   -2.586185573  292.571350910   61.465596298
    0.433182766    1.249072789   -1.106859090  145.512606318   29.829211864
    0.440149638    1.249072789   -0.409934505   63.014112777   12.749697142
    0.447116511    1.249072789   -0.123248719   24.321908596    4.572923407
    0.454083383    1.249072789   -0.025535139    6.715006891    1.163027295
    0.461050255    1.249072789   -0.001888365    0.977900933    0.101936198
    0.468017128    1.249072789   -0.000000000   -0.000000000   -0.000000000
    0.474984000    1.249072789   -0.000000000   -0.000000000   -0.000000000

    0.022137300    1.266719606   -0.000000000   -0.000000000   -0.000000000
    0.029104172    1.266719606   -0.000000000   -0.000000000   -0.000000000
    0.036071045    1.266719606   -0.007659967   -4.811769372    0.255775941
    0.043037917    1.266719606   -0.138724813  -41.930464019    0.793488265
    0.050004789    1.266719606   -0.778625294 -160.564917682    3.506948102
    0.056971662    1.266719606   -2.719328147 -432.271895390   13.043465320
    0.063938534    1.266719606   -7.444345739 -974.028520089   34.173416670
    0.070905406    1.266719606  -17.124910307 -1871.201621031   73.272404735
    0.077872278    1.266719606  -34.436810022 -3161.443835770  133.376246553
    0.084839151    1.266719606  -61.859019506 -4740.527013359  214.832474479
    0.091806023    1.266719606 -100.491251562 -6315.448600133  307.872662508
    0.098772895    1.266719606 -148.863571411 -7463.124930469  393.382936067
    0.105739768    1.266719606 -202.576310482 -7797.815306818  450.256299480
    0.112706640    1.266719606 -255.227134839 -7159.330972294  466.013945374
    0.119673512    1.266719606 -300.442014578 -5713.341951110  444.552685972
    0.126640385    1.266719606 -333.896318385 -3864.463369891  406.304545934
    0.133607257    1.266719606 -354.368710179 -2048.334967626  380.213595857
    0.140574129    1.266719606 -363.165894160 -541.070777735  388.153596864
    0.147541002    1.266719606 -362.809809640  578.725069704  437.323486311
    0.154507874    1.266719606 -355.926746891 1344.817086926  518.408494704
    0.161474746    1.266719606 -344.734560157 1825.567235362  613.402400118
    0.168441618    1.266719606 -331.034232549 2072.297762798  705.056262806
    0.175408491    1.266719606 -316.267942268 2143.481808930  788.777615343
    0.182375363    1.266719606 -301.379542244 2122.922283855  862.871041982
    0.189342235    1.266719606 -286.713163371 2091.089411874  932.325655931
    0.196309108    1.266719606 -272.195367228 2076.568620037 1001.009125452
    0.203275980    1.266719606 -257.879764275 2019.423978108 1071.213041122
    0.210242852    1.266719606 -244.339320532 1844.695344785 1141.439427169
    0.217209725    1.266719606 -232.495762661 1533.542662541 1202.854221879
    0.224176597    1.266719606 -223.188840382 1128.956351667 1247.472006170
    0.231143469    1.266719606 -216.807294950  708.040503086 1267.079748439
    0.238110342    1.266719606 -213.215542506  335.122844563 1260.233975111
    0.245077214    1.266719606 -211.909384619   59.850210647 1228.470331817
    0.252044086    1.266719606 -212.132295748 -101.971621784 1177.340596096
    0.259010958    1.266719606 -213.019268228 -133.296424232 1117.856526085
    0.265977831    1.266719606 -213.709249744  -46.398722608 1061.715219084
    0.272944703    1.266719606 -213.466993613  126.723276985 1019.391517272
    0.279911575    1.266719606 -211.898206506  320.645213035  995.600177417
    0.286878448    1.266719606 -209.112503266  470.165217388  991.698112000
    0.293845320    1.266719606 -205.487070648  564.447434839 1004.301595980
    0.300812192    1.266719606 -201.306034019  634.708485667 1027.948750576
    0.307779065    1.266719606 -196.621771273  713.337377603 1058.130191469
    0.314745937    1.266719606 -191.296475115  819.806144565 1091.254586836
    0.321712809    1.266719606 -185.142503898  947.810357346 1126.033419757
    0.328679682    1.266719606 -178.034622183 1097.174124335 1159.996140214
    0.335646554    1.266719606 -169.739643280 1296.013995615 1187.667771571
    0.342613426    1.266719606 -159.749882973 1590.487682048 1201.654323820
    0.349580298    1.266719606 -147.331167330 1991.205540134 1192.383859856
    0.356547171    1.266719606 -131.861247410 2450.839635507 1152.428463142
    0.363514043    1.266719606 -113.336419655 2843.943866825 1077.192509729
    0.370480915    1.266719606  -92.693672866 3039.809356114  967.746970941
    0.377447788    1.266719606  -71.614268847 2964.840356042  830.240582915
    0.384414660    1.266719606  -51.991041503 2631.048955616  674.818983906
    0.391381532    1.266719606  -35.350178035 2128.527705626  516.689844285
    0.398348405    1.266719606  -22.441740004 1577.752854102  371.154392574
    0.405315277    1.266719606  -13.255400242 1073.811771412  248.206854517
    0.412282149    1.266719606   -7.245332774  670.566797179  153.136197875
    0.419249022    1.266719606   -3.635196089  384.887998942   86.707978365
    0.426215894    1.266719606   -1.649894582  201.238069665   45.035435997
    0.433182766    1.266719606   -0.660044795   94.055962350   20.881686863
    0.440149638    1.266719606   -0.225319919   37.551104671    8.269681907
    0.447116511    1.266719606   -0.059873976   13.160676930    2.672589077
    0.454083383    1.266719606   -0.010820029    3.118200304    0.569759927
    0.461050255    1.266719606   -0.000338803    0.197213311    0.028772383
    0.468017128    1.266719606   -0.000000000   -0.000000000   -0.000000000
    0.474984000    1.266719606   -0.000000000   -0.000000000   -0.000000000

    0.022137300    1.284366423   -0.000000000   -0.000000000   -0.000000000
    0.029104172    1.284366423   -0.000000000   -0.000000000   -0.000000000
    0.036071045    1.284366423   -0.006794981   -4.562193485   -0.198272772
    0.043037917    1.284366423   -0.143277351  -43.483971848   -1.317081643
    0.050004789    1.284366423   -0.771017177 -153.229939442   -2.296681696
    0.056971662    1.284366423   -2.631778090 -415.469510813   -2.536932132
    0.063938534    1.284366423   -7.132727203 -928.448746438    1.441576794
    0.070905406    1.284366423  -16.376260654 -1789.321943437   12.706643450
    0.077872278    1.284366423  -32.986301446 -3040.337432729   32.731968473
    0.084839151    1.284366423  -59.418847721 -4578.803614566   65.260550100
    0.091806023    1.284366423  -96.831715379 -6131.509981062  113.636622915
    0.098772895    1.284366423 -143.936623932 -7288.305141655  174.187283869
    0.105739768    1.284366423 -196.565386305 -7665.618434670  240.799161707
    0.112706640    1.284366423 -248.501750524 -7087.169849624  304.948163731
    0.119673512    1.284366423 -293.395405105 -5693.153355544  358.396101485
    0.126640385    1.284366423 -326.811619573 -3866.560147116  395.558362634
    0.133607257    1.284366423 -347.266414093 -2035.236779470  417.900501297
    0.140574129    1.284366423 -355.836494281 -486.534356152  429.992288489
    0.147541002    1.284366423 -354.956474078  674.837862111  437.230201552
    0.154507874    1.284366423 -347.280718462 1472.619225998  444.752533068
    0.161474746    1.284366423 -335.149542437 1964.081048038  457.735171547
    0.168441618    1.284366423 -320.469974580 2214.380721897  477.191946198
    0.175408491    1.284366423 -304.716404259 2284.554916210  509.060710743
    0.182375363    1.284366423 -288.845090302 2266.450790674  551.199876268
    0.189342235    1.284366423 -273.136526277 2247.054598376  603.338539409
    0.196309108    1.284366423 -257.513235521 2238.602157636  661.299275548
    0.203275980    1.284366423 -242.062557991 2183.419374457  720.936647855
    0.210242852    1.284366423 -227.414643290 1996.186265685  777.450934430
    0.217209725    1.284366423 -214.614196208 1653.605852143  824.554096763
    0.224176597    1.284366423 -204.608336793 1206.701078186  860.675416831
    0.231143469    1.284366423 -197.847208715  737.884806886  885.685713585
    0.238110342    1.284366423 -194.222871717  315.812893350  899.538461815
    0.245077214    1.284366423 -193.196340692   -1.189354003  902.868390272
    0.252044086    1.284366423 -193.941969368 -187.543552782  898.449948742
    0.259010958    1.284366423 -195.457713806 -222.913704016  890.393166967
    0.265977831    1.284366423 -196.708924225 -116.645009279  884.862853183
    0.272944703    1.284366423 -196.842112468   89.285483215  885.659603018
    0.279911575    1.284366423 -195.416745802  317.597354294  895.093885979
    0.286878448    1.284366423 -192.520889883  502.432610842  911.560798269
    0.293845320    1.284366423 -188.572827180  622.025751018  935.694403302
    0.300812192    1.284366423 -183.920463141  712.046554836  965.438447089
    0.307779065    1.284366423 -178.632674529  810.309596306 1003.557390180
    0.314745937    1.284366423 -172.566958785  934.912083359 1053.450666864
    0.321712809    1.284366423 -165.569679412 1075.670914048 1113.080604689
    0.328679682    1.284366423 -157.562614188 1223.243202130 1177.989905024
    0.335646554    1.284366423 -148.474287968 1392.730484847 1235.802084893
    0.342613426    1.284366423 -138.012701035 1623.451688732 1271.606099528
    0.349580298    1.284366423 -125.651832336 1935.787375778 1270.070958334
    0.356547171    1.284366423 -110.943308519 2285.876258707 1220.437452837
    0.363514043    1.284366423  -93.945428481 2572.255277125 1121.166736955
    0.370480915    1.284366423  -75.518361764 2680.969538363  978.800766407
    0.377447788    1.284366423  -57.153610805 2550.881061023  808.337504709
    0.384414660    1.284366423  -40.488214093 2203.708193730  628.748949616
    0.391381532    1.284366423  -26.740210953 1731.545118411  459.233267034
    0.398348405    1.284366423  -16.407184144 1239.349144343  313.222914309
    0.405315277    1.284366423   -9.321699575  810.063111522  198.241339945
    0.412282149    1.284366423   -4.877902805  484.443144328  116.150039843
    0.419249022    1.284366423   -2.322327419  265.582258120   62.948087341
    0.426215894    1.284366423   -0.984697456  130.591474274   30.754455085
    0.433182766    1.284366423   -0.363356022   56.314009187   13.076387824
    0.440149638    1.284366423   -0.112670299   20.831037326    4.826234089
    0.447116511    1.284366423   -0.027109083    5.994488930    1.228710283
    0.454083383    1.284366423   -0.004010967    1.502880278    0.305189868
    0.461050255    1.284366423   -0.000000000   -0.000000000   -0.000000000
    0.468017128    1.284366423   -0.000000000   -0.000000000   -0.000000000
    0.474984000    1.284366423   -0.000000000   -0.000000000   -0.000000000

    0.022137300    1.302013239   -0.000000000   -0.000000000   -0.000000000
    0.029104172    1.302013239   -0.000064606   -0.136339631   -0.013018762
    0.036071045    1.302013239   -0.015016012   -7.906398691   -0.736501699
    0.043037917    1.302013239   -0.183372278  -48.214152234   -3.152427331
    0.050004789    1.302013239   -0.852713479 -160.880347522   -6.585119110
    0.056971662    1.302013239   -2.787034635 -426.636208829  -14.468946971
    0.063938534    1.302013239   -7.356220181 -934.405861228  -24.540116666
    0.070905406    1.302013239  -16.614248590 -1788.073759821  -37.139887974
    0.077872278    1.302013239  -33.168190254 -3022.318548437  -48.601400892
    0.084839151    1.302013239  -59.364379110 -4526.091354707  -52.382779508
    0.091806023    1.302013239  -96.234624638 -6027.085418993  -36.973702693
    0.098772895    1.302013239 -142.411020559 -7128.220458612    7.897401744
    0.105739768    1.302013239 -193.764652672 -7463.345498577   84.031766980
    0.112706640    1.302013239 -244.230289351 -6872.627551716  182.419885345
    0.119673512    1.302013239 -287.723916480 -5509.347225596  283.262911512
    0.126640385    1.302013239 -320.065949759 -3744.993334826  362.604848302
    0.133607257    1.302013239 -339.935886903 -1988.150849434  402.558009660
    0.140574129    1.302013239 -348.428211701 -506.788920048  398.038041702
    0.147541002    1.302013239 -347.844816084  615.061312123  359.281234071
    0.154507874    1.302013239 -340.628624706 1405.490644559  303.957339712
    0.161474746    1.302013239 -328.881840602 1926.422496983  253.128005597
    0.168441618    1.302013239 -314.313856354 2222.609279207  225.193670062
    0.175408491    1.302013239 -298.309508450 2349.397263970  227.080815594
    0.182375363    1.302013239 -281.802837182 2380.951153820  260.754492649
    0.189342235    1.302013239 -265.175753355 2390.508435641  315.878075484
    0.196309108    1.302013239 -248.513592626 2388.159971453  376.277765161
    0.203275980    1.302013239 -232.063112461 2317.601002033  431.552522591
    0.210242852    1.302013239 -216.541020283 2110.451957492  474.261871789
    0.217209725    1.302013239 -203.022080534 1749.013361235  508.343010523
    0.224176597    1.302013239 -192.392670221 1291.818276102  543.907899397
    0.231143469    1.302013239 -185.059243758  815.279735244  585.079504184
    0.238110342    1.302013239 -180.898789293  392.335681107  633.900822450
    0.245077214    1.302013239 -179.368517001   66.201989797  689.018715985
    0.252044086    1.302013239 -179.668843803 -128.812023563  745.489152316
    0.259010958    1.302013239 -180.791079627 -167.269952790  799.599041470
    0.265977831    1.302013239 -181.651842023  -57.615971169  848.569775991
    0.272944703    1.302013239 -181.372068167  148.840476123  891.928134314
    0.279911575    1.302013239 -179.516818920  381.023605889  927.807800021
    0.286878448    1.302013239 -176.178973778  567.614567501  959.023483042
    0.293845320    1.302013239 -171.758091336  695.291237705  987.230668286
    0.300812192    1.302013239 -166.545929485  801.270821991 1019.024741927
    0.307779065    1.302013239 -160.539782115  929.963037516 1059.771813999
    0.314745937    1.302013239 -153.525927907 1087.838550679 1115.242653047
    0.321712809    1.302013239 -145.360474223 1254.291467060 1183.208440678
    0.328679682    1.302013239 -136.103963155 1398.405833428 1255.367085580
    0.335646554    1.302013239 -125.917414490 1524.837228658 1316.562537412
    0.342613426    1.302013239 -114.823799045 1667.225361661 1349.187483629
    0.349580298    1.302013239 -102.584151703 1853.131701836 1333.856817236
    0.356547171    1.302013239  -88.939588356 2063.608299266 1261.081119405
    0.363514043    1.302013239  -73.961136548 2219.814515198 1132.555656661
    0.370480915    1.302013239  -58.327274752 2238.225176689  960.184713908
    0.377447788    1.302013239  -43.215437059 2068.342141060  764.024251041
    0.384414660    1.302013239  -29.881334288 1738.943373680  568.600373701
    0.391381532    1.302013239  -19.186894774 1325.666857215  394.706382249
    0.398348405    1.302013239  -11.393352578  918.906422499  255.241327838
    0.405315277    1.302013239   -6.230595436  578.866027103  153.210664033
    0.412282149    1.302013239   -3.107461679  332.504684684   85.057713370
    0.419249022    1.302013239   -1.392837312  172.560364481   42.725297994
    0.426215894    1.302013239   -0.549334115   79.199042605   19.131852399
    0.433182766    1.302013239   -0.183849691   31.151548734    7.599684061
    0.440149638    1.302013239   -0.051258373   10.415004358    2.532686782
    0.447116511    1.302013239   -0.010239233    2.777824842    0.695326216
    0.454083383    1.302013239   -0.000319579    0.173196486    0.045266199
    0.461050255    1.302013239   -0.000000000   -0.000000000   -0.000000000
    0.468017128    1.302013239   -0.000000000   -0.000000000   -0.000000000
    0.474984000    1.302013239   -0.000000000   -0.000000000   -0.000000000

    0.022137300    1.319660056   -0.000000000   -0.000000000   -0.000000000
    0.029104172    1.319660056   -0.000525709   -0.402342689   -0.038344861
    0.036071045    1.319660056   -0.032875304  -12.599511515   -1.201103521
    0.043037917    1.319660056   -0.247584875  -55.266836007   -3.934751828
    0.050004789    1.319660056   -0.994657458 -179.711447037   -9.387075735
    0.056971662    1.319660056   -3.106869299 -457.810027663  -20.583496166
    0.063938534    1.319660056   -7.940133805 -979.942985415  -39.617724517
    0.070905406    1.319660056  -17.563928417 -1845.964820086  -66.160504760
    0.077872278    1.319660056  -34.508475385 -3074.408456996  -97.117906250
    0.084839151    1.319660056  -60.988043188 -4549.167406737 -122.515832237
    0.091806023    1.319660056  -97.789038615 -5978.233765931 -127.984998841
    0.098772895    1.319660056 -143.308270111 -6987.594675627  -98.638162000
    0.105739768    1.319660056 -193.339898961 -7229.452738175  -27.688779594
    0.112706640    1.319660056 -241.975074363 -6592.512192018   76.277641365
    0.119673512    1.319660056 -283.538547724 -5249.116636339  188.706759494
    0.126640385    1.319660056 -314.342811648 -3574.324097519  279.143317348
    0.133607257    1.319660056 -333.468377678 -1948.673355915  321.274385824
    0.140574129    1.319660056 -342.138072007 -593.727717931  307.071755398
    0.147541002    1.319660056 -342.477736781  444.660403881  246.187579001
    0.154507874    1.319660056 -336.557932334 1216.296140696  162.393125279
    0.161474746    1.319660056 -325.998342035 1784.064655233   85.410582772
    0.168441618    1.319660056 -312.119734460 2171.712507514   41.368842850
    0.175408491    1.319660056 -296.112209942 2401.339187370   43.672776129
    0.182375363    1.319660056 -278.927809690 2517.487154548   87.614311896
    0.189342235    1.319660056 -261.224381004 2556.534505984  155.026394153
    0.196309108    1.319660056 -243.436378706 2539.837291056  221.383328722
    0.203275980    1.319660056 -226.056425445 2429.787889194  271.930467052
    0.210242852    1.319660056 -209.884460535 2189.644587869  303.706639103
    0.217209725    1.319660056 -195.828222502 1829.509904095  331.522282340
    0.224176597    1.319660056 -184.555426067 1400.507394511  369.971860849
    0.231143469    1.319660056 -176.304896176  971.934983525  432.787962345
    0.238110342    1.319660056 -170.913440115  587.802274172  522.956756250
    0.245077214    1.319660056 -167.935008083  283.468151913  631.172339868
    0.252044086    1.319660056 -166.708636687   89.015896522  745.339918176
    0.259010958    1.319660056 -166.368186893   31.601146030  852.975905811
    0.265977831    1.319660056 -165.971791855  104.216630606  943.272709838
    0.272944703    1.319660056 -164.687405726  274.017123369 1010.662435211
    0.279911575    1.319660056 -162.076706748  472.404484939 1056.269568789
    0.286878448    1.319660056 -158.194148314  634.087372640 1084.231648533
    0.293845320    1.319660056 -153.341605533  755.677117733 1103.024294583
    0.300812192    1.319660056 -147.663443810  878.216782447 1122.049507460
    0.307779065    1.319660056 -141.026050197 1035.227664634 1149.968032930
    0.314745937    1.319660056 -133.143808728 1230.778769096 1190.552151860
    0.321712809    1.319660056 -123.892382812 1419.846194735 1241.586980834
    0.328679682    1.319660056 -113.502269170 1552.313877058 1293.980971626
    0.335646554    1.319660056 -102.404437784 1625.306490895 1332.407986649
    0.342613426    1.319660056  -90.930842089 1665.963292193 1339.895912822
    0.349580298    1.319660056  -79.164879731 1714.907920789 1300.579560558
    0.356547171    1.319660056  -67.004566734 1775.244847674 1205.007406677
    0.363514043    1.319660056  -54.498988365 1804.485997272 1056.129441493
    0.370480915    1.319660056  -42.070563373 1743.326492052  869.403371839
    0.377447788    1.319660056  -30.500283452 1557.589989638  668.443131833
    0.384414660    1.319660056  -20.598423767 1271.677847989  478.606961257
    0.391381532    1.319660056  -12.879269228  943.981083653  318.540248095
    0.398348405    1.319660056   -7.410150571  633.961868943  195.914558258
    0.405315277    1.319660056   -3.900432594  386.389840788  111.239456961
    0.412282149    1.319660056   -1.855674145  212.269309926   57.495093157
    0.419249022    1.319660056   -0.783901713  105.016491080   27.341108178
    0.426215894    1.319660056   -0.281455523   45.277889665   11.670547141
    0.433182766    1.319660056   -0.083633094   15.940097439    4.273061992
    0.440149638    1.319660056   -0.018809946    4.597751854    1.313323659
    0.447116511    1.319660056   -0.001466256    0.978690649    0.301770115
    0.454083383    1.319660056   -0.000000000   -0.000000000   -0.000000000
    0.461050255    1.319660056   -0.000000000   -0.000000000   -0.000000000
    0.468017128    1.319660056   -0.000000000   -0.000000000   -0.000000000
    0.474984000    1.319660056   -0.000000000   -0.000000000   -0.000000000

    0.022137300    1.337306873   -0.000000000   -0.000000000   -0.000000000
    0.029104172    1.337306873   -0.001558470   -1.241530934   -0.089625759
    0.036071045    1.337306873   -0.054774656  -17.106118624   -1.207585050
    0.043037917    1.337306873   -0.315968925  -66.192122251   -3.787232377
    0.050004789    1.337306873   -1.169518967 -200.109649571   -9.957474946
    0.056971662    1.337306873   -3.485809720 -497.160716924  -21.427539315
    0.063938534    1.337306873   -8.674989003 -1042.596126339  -41.294204613
    0.070905406    1.337306873  -18.805077274 -1927.478953216  -70.531203052
    0.077872278    1.337306873  -36.364732962 -3163.858439389 -106.582584776
    0.084839151    1.337306873  -63.373401662 -4606.171812326 -139.097926178
    0.091806023    1.337306873 -100.361924929 -5969.627819130 -153.495798739
    0.098772895    1.337306873 -145.487209681 -6877.811994731 -137.330011097
    0.105739768    1.337306873 -194.401014361 -7021.608161304  -83.581999242
    0.112706640    1.337306873 -241.353730488 -6326.607294417   -0.547838871
    0.119673512    1.337306873 -281.067877640 -4996.317524504   92.535259680
    0.126640385    1.337306873 -310.376826200 -3408.329915252  168.269171011
    0.133607257    1.337306873 -328.796603299 -1917.208847049  206.376968964
    0.140574129    1.337306873 -337.710523979 -692.894587411  195.480003151
    0.147541002    1.337306873 -339.090680070  254.653890857  143.134384246
    0.154507874    1.337306873 -334.610292797 1007.054067844   69.042020279
    0.161474746    1.337306873 -325.352166451 1631.668536973    3.498554022
    0.168441618    1.337306873 -312.173119599 2129.204945213  -29.738408643
    0.175408491    1.337306873 -296.031575579 2479.732255067  -16.238921333
    0.182375363    1.337306873 -277.975386762 2680.062839111   36.860498508
    0.189342235    1.337306873 -259.004063906 2745.015067478  111.427888905
    0.196309108    1.337306873 -240.002776769 2691.300558938  182.110687436
    0.203275980    1.337306873 -221.765235353 2524.274595937  229.531057296
    0.210242852    1.337306873 -205.071879372 2252.582681182  257.922613910
    0.217209725    1.337306873 -190.562213520 1906.182665822  284.697794434
    0.224176597    1.337306873 -178.531010022 1546.115346403  332.633935810
    0.231143469    1.337306873 -168.967346319 1203.930631463  418.688702582
    0.238110342    1.337306873 -161.681543699  893.835678153  541.197310195
    0.245077214    1.337306873 -156.416886335  626.613850532  688.235848824
    0.252044086    1.337306873 -152.810839928  422.683939826  838.972298921
    0.259010958    1.337306873 -150.295906572  317.890913353  972.557152079
    0.265977831    1.337306873 -148.135444064  320.997559255 1077.673333329
    0.272944703    1.337306873 -145.603099673  416.597782198 1147.813077464
    0.279911575    1.337306873 -142.241141753  549.456350825 1185.546728593
    0.286878448    1.337306873 -137.978318296  670.110950518 1199.326067926
    0.293845320    1.337306873 -132.938175885  777.591526662 1201.195725854
    0.300812192    1.337306873 -127.093744664  907.997956859 1201.341837068
    0.307779065    1.337306873 -120.163635310 1090.920255697 1206.173010235
    0.314745937    1.337306873 -111.801483791 1311.931435249 1218.460752701
    0.321712809    1.337306873 -101.937617988 1510.587363113 1234.599604397
    0.328679682    1.337306873  -90.953680407 1626.631550992 1247.303230444
    0.335646554    1.337306873  -79.507443468 1643.260697051 1244.784508864
    0.342613426    1.337306873  -68.222020956 1589.411504358 1214.789414941
    0.349580298    1.337306873  -57.413233774 1514.244624733 1146.496019447
    0.356547171    1.337306873  -47.103117004 1446.828963289 1034.550879237
    0.363514043    1.337306873  -37.267828531 1373.082082377  883.646631968
    0.370480915    1.337306873  -28.067820134 1258.718834210  708.414207313
    0.377447788    1.337306873  -19.880926598 1081.398013095  529.598903338
    0.384414660    1.337306873  -13.114972466  853.946371793  366.717929797
    0.391381532    1.337306873   -7.993506611  617.267677367  235.398502153
    0.398348405    1.337306873   -4.465430979  402.494478382  138.688562590
    0.405315277    1.337306873   -2.264898673  238.299942165   75.531681348
    0.412282149    1.337306873   -1.023827562  126.453577520   37.765277223
    0.419249022    1.337306873   -0.395781744   59.967994747   17.260300901
    0.426215894    1.337306873   -0.121566686   22.607360137    6.654294320
    0.433182766    1.337306873   -0.028173861    6.688551279    2.098341516
    0.440149638    1.337306873   -0.002621865    1.286350824    0.462432674
    0.447116511    1.337306873   -0.000000000   -0.000000000   -0.000000000
    0.454083383    1.337306873   -0.000000000   -0.000000000   -0.000000000
    0.461050255    1.337306873   -0.000000000   -0.000000000   -0.000000000
    0.468017128    1.337306873   -0.000000000   -0.000000000   -0.000000000
    0.474984000    1.337306873   -0.000000000   -0.000000000   -0.000000000

    0.022137300    1.354953690   -0.000000000   -0.000000000   -0.000000000
    0.029104172    1.354953690   -0.003666646   -2.593015916   -0.138010505
    0.036071045    1.354953690   -0.073347605  -20.574703941   -0.882913601
    0.043037917    1.354953690   -0.375984486  -74.839903582   -2.800868922
    0.050004789    1.354953690   -1.327503120 -220.192720948   -7.647193958
    0.056971662    1.354953690   -3.830073556 -532.422488625  -16.701133523
    0.063938534    1.354953690   -9.330015021 -1097.808532153  -31.816068789
    0.070905406    1.354953690  -19.931712454 -2004.925248041  -54.316537879
    0.077872278    1.354953690  -38.056562915 -3246.560130943  -80.736620340
    0.084839151    1.354953690  -65.602220817 -4671.656829248 -106.562879503
    0.091806023    1.354953690 -102.873797908 -5980.230605153 -122.723917347
    0.098772895    1.354953690 -147.823607516 -6812.975713398 -118.854211287
    0.105739768    1.354953690 -196.009229353 -6879.930313923  -90.150442958
    0.112706640    1.354953690 -241.780835975 -6137.669623246  -41.308004999
    0.119673512    1.354953690 -280.155124934 -4809.952849640   16.353907730
    0.126640385    1.354953690 -308.328261048 -3276.000482431   68.618162781
    0.133607257    1.354953690 -326.124545503 -1872.612051461  102.080657070
    0.140574129    1.354953690 -335.091065802 -749.416615135  107.754975061
    0.147541002    1.354953690 -337.167845607  120.798969697   84.759100076
    0.154507874    1.354953690 -333.709269887  856.081257428   44.287915820
    0.161474746    1.354953690 -325.381579831 1524.765527160    5.768429290
    0.168441618    1.354953690 -312.638571583 2116.152806430  -12.150749670
    0.175408491    1.354953690 -296.199558015 2575.451836686    5.759773746
    0.182375363    1.354953690 -277.187339248 2851.461658779   58.502500597
    0.189342235    1.354953690 -256.921460320 2934.135501379  128.260927987
    0.196309108    1.354953690 -236.705784971 2843.497258952  195.577385296
    0.203275980    1.354953690 -217.615915088 2619.564423674  245.892335152
    0.210242852    1.354953690 -200.381948563 2322.284592281  282.565546775
    0.217209725    1.354953690 -185.290340789 2014.661267450  325.371142967
    0.224176597    1.354953690 -172.233732688 1738.705128667  394.036399896
    0.231143469    1.354953690 -160.970933200 1497.881424047  500.232597575
    0.238110342    1.354953690 -151.339276558 1268.439542039  639.925868264
    0.245077214    1.354953690 -143.335259222 1029.165297054  799.034281582
    0.252044086    1.354953690 -136.994346148  796.406159102  952.642481293
    0.259010958    1.354953690 -132.106901571  619.811128953 1082.514441108
    0.265977831    1.354953690 -128.158803626  529.813276888 1175.989530782
    0.272944703    1.354953690 -124.503780506  531.698866665 1230.732339288
    0.279911575    1.354953690 -120.614740338  590.752815528 1252.674664311
    0.286878448    1.354953690 -116.244766288  665.668042023 1251.413063984
    0.293845320    1.354953690 -111.307463148  755.817600705 1238.275903989
    0.300812192    1.354953690 -105.608703158  889.458899899 1223.531634719
    0.307779065    1.354953690  -98.772800377 1081.016816164 1208.309419144
    0.314745937    1.354953690  -90.474760503 1301.549246856 1188.506979704
    0.321712809    1.354953690  -80.708106991 1490.932069165 1161.847443051
    0.328679682    1.354953690  -69.936961189 1580.912568555 1124.453467095
    0.335646554    1.354953690  -58.966753898 1549.118406242 1073.410368838
    0.342613426    1.354953690  -48.565305805 1425.782311094 1004.604550289
    0.349580298    1.354953690  -39.176323712 1267.964570062  912.775591377
    0.356547171    1.354953690  -30.882753550 1116.073240385  798.027957536
    0.363514043    1.354953690  -23.586583687  979.760505406  663.352813370
    0.370480915    1.354953690  -17.229571477  843.306881179  518.829715764
    0.377447788    1.354953690  -11.878505253  690.338882811  378.398123957
    0.384414660    1.354953690   -7.637573758  526.556914640  256.010597231
    0.391381532    1.354953690   -4.524754018  369.148608634  159.880312394
    0.398348405    1.354953690   -2.443270958  234.199198048   91.855541847
    0.405315277    1.354953690   -1.179319286  134.191490963   48.335746157
    0.412282149    1.354953690   -0.491170101   68.849404941   23.147232977
    0.419249022    1.354953690   -0.161787850   29.201159807    9.458431035
    0.426215894    1.354953690   -0.037741483    9.084193025    3.023053419
    0.433182766    1.354953690   -0.004196593    1.922596660    0.617070737
    0.440149638    1.354953690   -0.000034238    0.139290259    0.041110084
    0.447116511    1.354953690   -0.000000000   -0.000000000   -0.000000000
    0.454083383    1.354953690   -0.000000000   -0.000000000   -0.000000000
    0.461050255    1.354953690   -0.000000000   -0.000000000   -0.000000000
    0.468017128    1.354953690   -0.000000000   -0.000000000   -0.000000000
    0.474984000    1.354953690   -0.000000000   -0.000000000   -0.000000000

    0.022137300    1.372600507   -0.000000000   -0.000000000   -0.000000000
    0.029104172    1.372600507   -0.005554205   -3.384400159   -0.067066635
    0.036071045    1.372600507   -0.085782992  -23.175989254   -0.508884641
    0.043037917    1.372600507   -0.411632002  -80.223999697   -1.191140402
    0.050004789    1.372600507   -1.429464504 -233.353420235   -3.496224396
    0.056971662    1.372600507   -4.050501547 -554.117756382   -7.685215972
    0.063938534    1.372600507   -9.753699519 -1133.738716242  -15.343646214
    0.070905406    1.372600507  -20.644908571 -2051.006840854  -25.080442387
    0.077872278    1.372600507  -39.105825571 -3294.502528047  -35.928482009
    0.084839151    1.372600507  -66.967059826 -4710.451023721  -45.305572456
    0.091806023    1.372600507 -104.455669857 -6000.034322786  -53.079050082
    0.098772895    1.372600507 -149.405048995 -6792.249100211  -55.048394102
    0.105739768    1.372600507 -197.296620789 -6816.399972813  -48.536040156
    0.112706640    1.372600507 -242.515978984 -6044.533960573  -34.093081310
    0.119673512    1.372600507 -280.194436109 -4705.151229537  -11.237190751
    0.126640385    1.372600507 -307.661495142 -3180.895731906   17.243163615
    0.133607257    1.372600507 -324.893826964 -1811.596323761   48.056414480
    0.140574129    1.372600507 -333.600462030 -739.420056519   70.705673196
    0.147541002    1.372600507 -335.782704656   80.931948946   80.057488814
    0.154507874    1.372600507 -332.729802956  786.084193096   72.985649072
    0.161474746    1.372600507 -324.879896528 1464.981999230   56.794780411
    0.168441618    1.372600507 -312.372568885 2115.305089231   45.626662445
    0.175408491    1.372600507 -295.672401977 2652.877686245   54.548175960
    0.182375363    1.372600507 -275.854231782 2997.273781077   91.602659399
    0.189342235    1.372600507 -254.462029764 3103.873856292  147.912029890
    0.196309108    1.372600507 -233.099795998 2997.873649013  211.128279645
    0.203275980    1.372600507 -213.018826120 2749.033616644  273.825114103
    0.210242852    1.372600507 -194.921139312 2447.993009179  337.394265201
    0.217209725    1.372600507 -178.813115306 2187.110014226  412.066358400
    0.224176597    1.372600507 -164.298241427 1989.876260115  510.781653962
    0.231143469    1.372600507 -151.001132734 1828.495715871  634.152803511
    0.238110342    1.372600507 -138.872604782 1646.132127792  774.283773423
    0.245077214    1.372600507 -128.196939184 1408.396861016  914.385694970
    0.252044086    1.372600507 -119.351435755 1126.675536032 1040.084882557
    0.259010958    1.372600507 -112.432309687  869.258726618 1137.780744989
    0.265977831    1.372600507 -107.071502199  685.854773647 1202.641358724
    0.272944703    1.372600507 -102.643522671  601.160178047 1234.657429378
    0.279911575    1.372600507  -98.509735158  594.480912997 1240.909908992
    0.286878448    1.372600507  -94.256221278  632.010008805 1229.853416617
    0.293845320    1.372600507  -89.610296858  708.950925879 1210.866453240
    0.300812192    1.372600507  -84.267727450  832.932925027 1186.242018698
    0.307779065    1.372600507  -77.875286214 1008.451745160 1152.363660467
    0.314745937    1.372600507  -70.172719160 1201.900795138 1105.693265073
    0.321712809    1.372600507  -61.215655850 1356.803461169 1041.953312178
    0.328679682    1.372600507  -51.498949443 1413.086764634  961.783205437
    0.335646554    1.372600507  -41.810324275 1348.859441423  869.755157072
    0.342613426    1.372600507  -32.915513512 1193.673686719  771.079568012
    0.349580298    1.372600507  -25.261534975 1001.264403806  667.885006039
    0.356547171    1.372600507  -18.939662801  817.997295585  560.386702612
    0.363514043    1.372600507  -13.803905764  661.004193239  450.177316877
    0.370480915    1.372600507   -9.675158419  526.813880755  341.863026949
    0.377447788    1.372600507   -6.432563655  405.903441871  242.971336860
    0.384414660    1.372600507   -3.994153526  295.890256915  160.298624493
    0.391381532    1.372600507   -2.277714569  199.545510189   97.311951602
    0.398348405    1.372600507   -1.171055098  122.277412011   54.023628370
    0.405315277    1.372600507   -0.523353630   67.040462504   27.123502509
    0.412282149    1.372600507   -0.188320671   31.561540481   11.750865114
    0.419249022    1.372600507   -0.047264961   11.095587953    3.840168026
    0.426215894    1.372600507   -0.007251176    2.146735746    0.673773850
    0.433182766    1.372600507   -0.000200911    0.255115857    0.089949851
    0.440149638    1.372600507   -0.000000000   -0.000000000   -0.000000000
    0.447116511    1.372600507   -0.000000000   -0.000000000   -0.000000000
    0.454083383    1.372600507   -0.000000000   -0.000000000   -0.000000000
    0.461050255    1.372600507   -0.000000000   -0.000000000   -0.000000000
    0.468017128    1.372600507   -0.000000000   -0.000000000   -0.000000000
    0.474984000    1.372600507   -0.000000000   -0.000000000   -0.000000000

    0.022137300    1.390247324   -0.000000000   -0.000000000   -0.000000000
    0.029104172    1.390247324   -0.006003183   -3.644553272    0.027797383
    0.036071045    1.390247324   -0.089863365  -23.638523522    0.063737969
    0.043037917    1.390247324   -0.418166983  -81.035960920    0.457433214
    0.050004789    1.390247324   -1.448809938 -235.830272205    1.368854870
    0.056971662    1.390247324   -4.094951388 -558.685925983    2.543601052
    0.063938534    1.390247324   -9.844155256 -1142.590575282    5.053103155
    0.070905406    1.390247324  -20.788886159 -2056.983253554    9.403205741
    0.077872278    1.390247324  -39.278050248 -3296.688235353   16.767514737
    0.084839151    1.390247324  -67.153867751 -4713.929925412   24.715038345
    0.091806023    1.390247324 -104.667032005 -6003.150256613   30.898728662
    0.098772895    1.390247324 -149.629787773 -6793.732015774   32.893222264
    0.105739768    1.390247324 -197.516240249 -6812.654358808   29.757644117
    0.112706640    1.390247324 -242.678663938 -6029.741158806   24.405887243
    0.119673512    1.390247324 -280.173662314 -4668.164348320   25.148398705
    0.126640385    1.390247324 -307.299274173 -3120.413299376   36.509260629
    0.133607257    1.390247324 -324.044037877 -1734.854984718   60.845863719
    0.140574129    1.390247324 -332.251120894 -674.101603625   92.523768121
    0.147541002    1.390247324 -334.082630592  114.630824468  118.913904210
    0.154507874    1.390247324 -330.955304368  775.787450484  130.202058987
    0.161474746    1.390247324 -323.283870596 1430.047096522  123.459146327
    0.168441618    1.390247324 -310.996162246 2092.849616234  108.268564341
    0.175408491    1.390247324 -294.290805433 2681.213538038   98.926904607
    0.182375363    1.390247324 -274.046939920 3090.664003780  110.754846491
    0.189342235    1.390247324 -251.826525009 3244.111106451  149.150063395
    0.196309108    1.390247324 -229.367642346 3170.070992521  210.926523660
    0.203275980    1.390247324 -208.021131827 2941.597487197  293.230830601
    0.210242852    1.390247324 -188.481129446 2671.601463632  392.951316633
    0.217209725    1.390247324 -170.667204855 2454.986321587  510.823830855
    0.224176597    1.390247324 -154.134452313 2300.755863462  640.040531937
    0.231143469    1.390247324 -138.564631278 2165.255459979  772.688194639
    0.238110342    1.390247324 -124.089249985 1978.546621059  896.567994059
    0.245077214    1.390247324 -111.219505266 1701.233324020 1002.719718833
    0.252044086    1.390247324 -100.536079283 1360.680124732 1083.979653797
    0.259010958    1.390247324  -92.261417620 1024.809670366 1138.627871675
    0.265977831    1.390247324  -86.067138370  770.306755215 1168.140254789
    0.272944703    1.390247324  -81.279830370  622.363796121 1176.504497075
    0.279911575    1.390247324  -77.163875999  572.311000384 1168.924316092
    0.286878448    1.390247324  -73.157721878  585.553023047 1151.876414285
    0.293845320    1.390247324  -68.887355900  647.592912024 1128.104595014
    0.300812192    1.390247324  -64.041924336  749.576678838 1096.702958837
    0.307779065    1.390247324  -58.363328100  885.442933032 1050.115119201
    0.314745937    1.390247324  -51.680632509 1030.136629656  982.291028467
    0.321712809    1.390247324  -44.099473402 1135.750408868  892.879653261
    0.328679682    1.390247324  -36.062676011 1155.735914461  786.297590010
    0.335646554    1.390247324  -28.228269510 1078.282341838  672.129529524
    0.342613426    1.390247324  -21.219823905  924.515477120  559.932699701
    0.349580298    1.390247324  -15.413786051  740.481182689  455.784307601
    0.356547171    1.390247324  -10.877930106  565.957274689  361.659233596
    0.363514043    1.390247324   -7.460938378  420.507604083  276.422642290
    0.370480915    1.390247324   -4.944222172  307.102315166  201.457619619
    0.377447788    1.390247324   -3.121892799  219.842992437  138.194102852
    0.384414660    1.390247324   -1.842011500  150.515533927   88.157675850
    0.391381532    1.390247324   -0.992237512   95.908844174   51.391503712
    0.398348405    1.390247324   -0.471615175   55.640402332   26.931668219
    0.405315277    1.390247324   -0.186686684   28.429505004   12.218152512
    0.412282149    1.390247324   -0.053291077   11.244206688    4.392505557
    0.419249022    1.390247324   -0.009389477    2.716531463    1.022638018
    0.426215894    1.390247324   -0.000314487    0.542535860    0.203855332
    0.433182766    1.390247324   -0.000000000   -0.000000000   -0.000000000
    0.440149638    1.390247324   -0.000000000   -0.000000000   -0.000000000
    0.447116511    1.390247324   -0.000000000   -0.000000000   -0.000000000
    0.454083383    1.390247324   -0.000000000   -0.000000000   -0.000000000
    0.461050255    1.390247324   -0.000000000   -0.000000000   -0.000000000
    0.468017128    1.390247324   -0.000000000   -0.000000000   -0.000000000
    0.474984000    1.390247324   -0.000000000   -0.000000000   -0.000000000

    0.022137300    1.407894141   -0.000000000   -0.000000000   -0.000000000
    0.029104172    1.407894141   -0.005154451   -3.508344886    0.063057039
    0.036071045    1.407894141   -0.084585078  -22.444705678    0.555732106
    0.043037917    1.407894141   -0.396322282  -77.141356050    1.969153378
    0.050004789    1.407894141   -1.387252173 -228.468757630    5.416784713
    0.056971662    1.407894141   -3.962879721 -545.353403043   12.122453281
    0.063938534    1.407894141   -9.583187766 -1117.424864526   24.038644120
    0.070905406    1.407894141  -20.317347986 -2022.391840795   43.419592545
    0.077872278    1.407894141  -38.526239504 -3252.985057547   68.061197775
    0.084839151    1.407894141  -66.082445532 -4668.019577765   96.155077133
    0.091806023    1.407894141 -103.317401154 -5970.210361505  122.163778418
    0.098772895    1.407894141 -148.139424551 -6785.761197190  138.401714301
    0.105739768    1.407894141 -196.058502090 -6828.985278207  140.873488852
    0.112706640    1.407894141 -241.353807371 -6046.526253754  134.413545524
    0.119673512    1.407894141 -278.919330645 -4668.909180374  127.567165283
    0.126640385    1.407894141 -305.930992247 -3085.447967720  129.835594779
    0.133607257    1.407894141 -322.318123067 -1669.250273756  144.937239873
    0.140574129    1.407894141 -330.013242263 -600.584406126  168.207220356
    0.147541002    1.407894141 -331.408110188  160.715684979  187.728440331
    0.154507874    1.407894141 -328.108562672  775.864801086  192.324175993
    0.161474746    1.407894141 -320.595300035 1387.459551069  179.727303795
    0.168441618    1.407894141 -308.665373286 2038.403516455  154.271347399
    0.175408491    1.407894141 -292.261706081 2656.626390914  130.745981020
    0.182375363    1.407894141 -271.985096786 3131.641138140  126.067109533
    0.189342235    1.407894141 -249.201301235 3364.482166527  151.957724323
    0.196309108    1.407894141 -225.621268364 3367.958208951  217.099826853
    0.203275980    1.407894141 -202.649393502 3208.598674949  318.406121931
    0.210242852    1.407894141 -181.042888714 2994.218279666  450.263735712
    0.217209725    1.407894141 -160.856293245 2808.382696275  598.258183734
    0.224176597    1.407894141 -141.848796010 2649.794484867  745.555465140
    0.231143469    1.407894141 -123.956141081 2477.403920624  873.902263157
    0.238110342    1.407894141 -107.504396359 2229.859071091  971.874981472
    0.245077214    1.407894141  -93.128596711 1881.243318758 1036.534893640
    0.252044086    1.407894141  -81.432067354 1472.008228868 1070.560999053
    0.259010958    1.407894141  -72.577257569 1079.741489681 1082.848599084
    0.265977831    1.407894141  -66.164629940  779.301075742 1079.716849603
    0.272944703    1.407894141  -61.425970043  600.691602346 1065.698817459
    0.279911575    1.407894141  -57.551717714  527.927645718 1046.206918795
    0.286878448    1.407894141  -53.912217754  527.234577023 1021.755747534
    0.293845320    1.407894141  -50.106903462  570.943749852  991.886420871
    0.300812192    1.407894141  -45.892537704  641.439850195  951.548524550
    0.307779065    1.407894141  -41.125974350  728.744505943  895.685785798
    0.314745937    1.407894141  -35.738466273  815.446562453  818.783208274
    0.321712809    1.407894141  -29.839972922  869.799430587  720.533227518
    0.328679682    1.407894141  -23.762041162  862.769651933  608.246785171
    0.335646554    1.407894141  -17.980893725  785.824642403  492.768457675
    0.342613426    1.407894141  -12.936282493  656.288637406  385.028988068
    0.349580298    1.407894141   -8.887724299  505.742714211  291.929153420
    0.356547171    1.407894141   -5.867691358  364.689917379  215.147561392
    0.363514043    1.407894141   -3.741043430  250.376447925  153.646604988
    0.370480915    1.407894141   -2.302198229  168.078395756  105.866934978
    0.377447788    1.407894141   -1.346191659  109.956501375   69.203941555
    0.384414660    1.407894141   -0.732599295   68.420777416   41.779385494
    0.391381532    1.407894141   -0.360628123   39.915039021   22.906748933
    0.398348405    1.407894141   -0.151780585   21.636981699   11.345248074
    0.405315277    1.407894141   -0.046755397    9.256874692    4.422144709
    0.412282149    1.407894141   -0.008727118    2.526451743    1.156692933
    0.419249022    1.407894141   -0.000319657    0.304639936    0.127299622
    0.426215894    1.407894141   -0.000000000   -0.000000000   -0.000000000
    0.433182766    1.407894141   -0.000000000   -0.000000000   -0.000000000
    0.440149638    1.407894141   -0.000000000   -0.000000000   -0.000000000
    0.447116511    1.407894141   -0.000000000   -0.000000000   -0.000000000
    0.454083383    1.407894141   -0.000000000   -0.000000000   -0.000000000
    0.461050255    1.407894141   -0.000000000   -0.000000000   -0.000000000
    0.468017128    1.407894141   -0.000000000   -0.000000000   -0.000000000
    0.474984000    1.407894141   -0.000000000   -0.000000000   -0.000000000

    0.022137300    1.425540958   -0.000000000   -0.000000000   -0.000000000
    0.029104172    1.425540958   -0.004076192   -2.739883085    0.047667926
    0.036071045    1.425540958   -0.070665896  -19.718136028    0.958580075
    0.043037917    1.425540958   -0.351092366  -70.872438279    3.146520021
    0.050004789    1.425540958   -1.264314933 -212.955982307    8.110309397
    0.056971662    1.425540958   -3.682334768 -514.285349068   19.059427830
    0.063938534    1.425540958   -9.019164699 -1065.667481035   39.192083744
    0.070905406    1.425540958  -19.303887660 -1945.909529399   70.459135746
    0.077872278    1.425540958  -36.917169415 -3159.558456631  112.416680262
    0.084839151    1.425540958  -63.793687315 -4568.392450081  161.748780334
    0.091806023    1.425540958 -100.369381181 -5884.561447616  210.930610762
    0.098772895    1.425540958 -144.711900550 -6735.434378233  250.041422567
    0.105739768    1.425540958 -192.416805069 -6816.604204309  273.699534771
    0.112706640    1.425540958 -237.707629729 -6057.190990968  281.495858674
    0.119673512    1.425540958 -275.370000280 -4680.881957111  278.880518833
    0.126640385    1.425540958 -302.406825145 -3079.375862492  274.095193754
    0.133607257    1.425540958 -318.671973634 -1640.534661659  272.443128602
    0.140574129    1.425540958 -326.135956820 -565.658111599  274.494633477
    0.147541002    1.425540958 -327.347031594  174.673969210  275.591792611
    0.154507874    1.425540958 -324.090398425  749.913184344  266.541266760
    0.161474746    1.425540958 -316.886456620 1326.500161693  244.972795118
    0.168441618    1.425540958 -305.454329810 1964.115899684  216.584146522
    0.175408491    1.425540958 -289.500351536 2608.959405564  191.705980559
    0.182375363    1.425540958 -269.356631960 3143.234921339  182.396930839
    0.189342235    1.425540958 -246.185769222 3472.922318117  200.416927361
    0.196309108    1.425540958 -221.479697952 3585.897188987  262.360042053
    0.203275980    1.425540958 -196.642616242 3522.571406336  367.002529164
    0.210242852    1.425540958 -172.602336648 3371.447623407  505.706065045
    0.217209725    1.425540958 -149.722685243 3195.005421321  657.283629457
    0.224176597    1.425540958 -128.136827754 2994.429268989  797.470595921
    0.231143469    1.425540958 -108.139542544 2733.930659827  905.382537372
    0.238110342    1.425540958  -90.243642281 2386.919118606  970.293844518
    0.245077214    1.425540958  -75.088252637 1951.718330952  994.798333994
    0.252044086    1.425540958  -63.144314014 1478.052785229  990.225962090
    0.259010958    1.425540958  -54.382783891 1049.992042336  969.784856050
    0.265977831    1.425540958  -48.255097322  730.247190832  942.669408856
    0.272944703    1.425540958  -43.908650825  539.361046913  913.545675517
    0.279911575    1.425540958  -40.477487526  459.556686808  882.989746008
    0.286878448    1.425540958  -37.344312089  448.844843225  850.250151276
    0.293845320    1.425540958  -34.137055910  475.777058972  812.780638597
    0.300812192    1.425540958  -30.693886237  513.867061054  766.180400019
    0.307779065    1.425540958  -26.957309740  558.965902779  706.068676586
    0.314745937    1.425540958  -22.931270946  594.817435032  630.410354833
    0.321712809    1.425540958  -18.723465380  608.430939780  539.413199072
    0.328679682    1.425540958  -14.546082626  584.251274981  438.827155859
    0.335646554    1.425540958  -10.681002009  519.090272512  339.769887402
    0.342613426    1.425540958   -7.388040327  422.704470653  250.625675618
    0.349580298    1.425540958   -4.815680734  315.362182572  177.324609027
    0.356547171    1.425540958   -2.968622803  217.564433429  120.958851326
    0.363514043    1.425540958   -1.739630808  139.880504291   79.914931170
    0.370480915    1.425540958   -0.963329375   86.591490703   51.324946816
    0.377447788    1.425540958   -0.498634551   49.476105124   30.511493016
    0.384414660    1.425540958   -0.237204337   27.289010091   17.102147528
    0.391381532    1.425540958   -0.097669063   14.102639944    8.639222795
    0.398348405    1.425540958   -0.029096715    5.983590074    3.502871709
    0.405315277    1.425540958   -0.004849710    1.645362865    0.911743178
    0.412282149    1.425540958   -0.000113153    0.097911480    0.048228211
    0.419249022    1.425540958   -0.000000000   -0.000000000   -0.000000000
    0.426215894    1.425540958   -0.000000000   -0.000000000   -0.000000000
    0.433182766    1.425540958   -0.000000000   -0.000000000   -0.000000000
    0.440149638    1.425540958   -0.000000000   -0.000000000   -0.000000000
    0.447116511    1.425540958   -0.000000000   -0.000000000   -0.000000000
    0.454083383    1.425540958   -0.000000000   -0.000000000   -0.000000000
    0.461050255    1.425540958   -0.000000000   -0.000000000   -0.000000000
    0.468017128    1.425540958   -0.000000000   -0.000000000   -0.000000000
    0.474984000    1.425540958   -0.000000000   -0.000000000   -0.000000000

    0.022137300    1.443187775   -0.000000000   -0.000000000   -0.000000000
    0.029104172    1.443187775   -0.003176624   -1.975956766    0.057785599
    0.036071045    1.443187775   -0.052557225  -14.946598588    1.001045084
    0.043037917    1.443187775   -0.290315015  -62.219197689    3.702255908
    0.050004789    1.443187775   -1.108008412 -191.845801733    9.479398212
    0.056971662    1.443187775   -3.305384604 -472.789467448   22.973932935
    0.063938534    1.443187775   -8.239466375 -991.858540441   47.973090788
    0.070905406    1.443187775  -17.888626156 -1837.247800204   88.438740277
    0.077872278    1.443187775  -34.629713038 -3019.134931435  144.311725025
    0.084839151    1.443187775  -60.460654671 -4412.986373127  212.582265810
    0.091806023    1.443187775  -95.965802481 -5738.894364570  284.200334493
    0.098772895    1.443187775 -139.384009352 -6621.790587552  349.129096516
    0.105739768    1.443187775 -186.449632523 -6748.106724075  397.391560701
    0.112706640    1.443187775 -231.448590950 -6038.338513074  421.231969919
    0.119673512    1.443187775 -269.100355728 -4693.422650768  426.481157112
    0.126640385    1.443187775 -296.259856470 -3099.195191753  418.018293115
    0.133607257    1.443187775 -312.664050613 -1660.141899109  405.261883402
    0.140574129    1.443187775 -320.248284288 -583.015914962  390.593209521
    0.147541002    1.443187775 -321.602190877  148.995816156  376.346121419
    0.154507874    1.443187775 -318.574001643  708.267495196  362.135252408
    0.161474746    1.443187775 -311.723528038 1268.796920967  347.460084599
    0.168441618    1.443187775 -300.711969726 1904.112177816  330.899413177
    0.175408491    1.443187775 -285.117429447 2568.929026632  316.989357257
    0.182375363    1.443187775 -265.129171617 3144.921166053  309.287459000
    0.189342235    1.443187775 -241.678404628 3557.009931441  321.604836151
    0.196309108    1.443187775 -216.027148841 3773.418414003  364.272834446
    0.203275980    1.443187775 -189.523020290 3809.544579473  444.648040155
    0.210242852    1.443187775 -163.233067327 3719.354991315  554.813346642
    0.217209725    1.443187775 -137.899378505 3539.720143690  675.132931685
    0.224176597    1.443187775 -114.111317773 3274.581114467  780.684805677
    0.231143469    1.443187775  -92.518179171 2909.741727923  852.001213827
    0.238110342    1.443187775  -73.791351867 2453.245639188  880.843118757
    0.245077214    1.443187775  -58.496417253 1931.129452211  873.262511702
    0.252044086    1.443187775  -46.878836709 1410.942998184  843.464687700
    0.259010958    1.443187775  -38.657967004  965.767682025  805.616685013
    0.265977831    1.443187775  -33.127602225  645.224736540  766.500139440
    0.272944703    1.443187775  -29.371529998  453.902254896  729.897509401
    0.279911575    1.443187775  -26.545268918  371.399047118  693.118443553
    0.286878448    1.443187775  -24.043224657  353.738962514  654.738931918
    0.293845320    1.443187775  -21.549013361  364.773022830  612.742599749
    0.300812192    1.443187775  -18.956757299  379.908169585  563.950026445
    0.307779065    1.443187775  -16.258447967  393.322674511  506.670058648
    0.314745937    1.443187775  -13.498605741  397.075446221  440.037843537
    0.321712809    1.443187775  -10.756421237  387.121054599  366.550975166
    0.328679682    1.443187775   -8.148289415  357.984074827  289.994265112
    0.335646554    1.443187775   -5.813314174  309.158061552  216.966640974
    0.342613426    1.443187775   -3.877372868  244.958458205  152.492088746
    0.349580298    1.443187775   -2.404355582  177.628831897  101.497683901
    0.356547171    1.443187775   -1.380537525  118.292465393   64.097649773
    0.363514043    1.443187775   -0.729081590   71.541892918   38.396880886
    0.370480915    1.443187775   -0.349771727   39.732688488   21.705790058
    0.377447788    1.443187775   -0.148702055   19.947765312   11.446487626
    0.384414660    1.443187775   -0.051619315    8.997827035    5.421456130
    0.391381532    1.443187775   -0.012248731    3.166820845    1.956268490
    0.398348405    1.443187775   -0.001183934    0.547351720    0.296938705
    0.405315277    1.443187775   -0.000000000   -0.000000000   -0.000000000
    0.412282149    1.443187775   -0.000000000   -0.000000000   -0.000000000
    0.419249022    1.443187775   -0.000000000   -0.000000000   -0.000000000
    0.426215894    1.443187775   -0.000000000   -0.000000000   -0.000000000
    0.433182766    1.443187775   -0.000000000   -0.000000000   -0.000000000
    0.440149638    1.443187775   -0.000000000   -0.000000000   -0.000000000
    0.447116511    1.443187775   -0.000000000   -0.000000000   -0.000000000
    0.454083383    1.443187775   -0.000000000   -0.000000000   -0.000000000
    0.461050255    1.443187775   -0.000000000   -0.000000000   -0.000000000
    0.468017128    1.443187775   -0.000000000   -0.000000000   -0.000000000
    0.474984000    1.443187775   -0.000000000   -0.000000000   -0.000000000

    0.022137300    1.460834592   -0.000000000   -0.000000000   -0.000000000
    0.029104172    1.460834592   -0.001993614   -1.277959240    0.058595764
    0.036071045    1.460834592   -0.035430383  -10.629183078    0.902744708
    0.043037917    1.460834592   -0.224381807  -52.277059670    3.639000692
    0.050004789    1.460834592   -0.936908936 -169.446513228    9.910045458
    0.056971662    1.460834592   -2.892043692 -423.071196747   23.580510977
    0.063938534    1.460834592   -7.359024724 -905.128314490   50.769249561
    0.070905406    1.460834592  -16.248133994 -1705.714613599   95.869701045
    0.077872278    1.460834592  -31.917850051 -2845.634952565  160.188582579
    0.084839151    1.460834592  -56.424995980 -4212.458824988  241.074068973
    0.091806023    1.460834592  -90.506901593 -5535.709932022  328.750646940
    0.098772895    1.460834592 -132.611112789 -6451.410334135  410.782226390
    0.105739768    1.460834592 -178.696892396 -6641.020335019  471.598999938
    0.112706640    1.460834592 -223.170212393 -5995.068254610  504.529235764
    0.119673512    1.460834592 -260.698137757 -4697.734733354  512.873730549
    0.126640385    1.460834592 -288.014203751 -3135.746638721  503.123407353
    0.133607257    1.460834592 -304.705582888 -1703.572861722  485.160214599
    0.140574129    1.460834592 -312.579365667 -620.398301858  469.949432577
    0.147541002    1.460834592 -314.139189800  126.957953604  464.402804891
    0.154507874    1.460834592 -311.218676910  697.499656632  469.256785754
    0.161474746    1.460834592 -304.427457282 1260.894474687  480.012671537
    0.168441618    1.460834592 -293.491171847 1891.655785479  490.254918580
    0.175408491    1.460834592 -277.995650135 2552.370318122  494.030920923
    0.182375363    1.460834592 -258.097268089 3141.500641023  492.398123167
    0.189342235    1.460834592 -234.533890869 3596.346984955  492.232884438
    0.196309108    1.460834592 -208.380897485 3881.912763622  505.038881442
    0.203275980    1.460834592 -180.845844333 3995.852847180  539.407675310
    0.210242852    1.460834592 -153.070165666 3952.455014967  593.938159415
    0.217209725    1.460834592 -126.102423381 3766.222411179  655.872608737
    0.224176597    1.460834592 -100.920504640 3441.107455601  705.850515113
    0.231143469    1.460834592  -78.476377291 2984.857517688  730.373700432
    0.238110342    1.460834592  -59.546987764 2438.153715427  725.950720481
    0.245077214    1.460834592  -44.593996555 1854.469713262  696.862953006
    0.252044086    1.460834592  -33.616381207 1309.710044830  655.241815298
    0.259010958    1.460834592  -26.131753514  860.055618682  611.802787076
    0.265977831    1.460834592  -21.314259680  545.824806385  571.109006432
    0.272944703    1.460834592  -18.226256247  360.295985106  533.728650802
    0.279911575    1.460834592  -16.050560109  277.306361602  497.252262548
    0.286878448    1.460834592  -14.226710031  252.741167642  460.150124854
    0.293845320    1.460834592  -12.472863848  252.609898367  419.749243146
    0.300812192    1.460834592  -10.709976022  253.517280894  375.344918563
    0.307779065    1.460834592   -8.949794796  251.152897968  327.521546496
    0.314745937    1.460834592   -7.232715388  240.806779313  276.214562495
    0.321712809    1.460834592   -5.609309660  223.656516566  223.147855685
    0.328679682    1.460834592   -4.134442938  198.684922041  170.888495870
    0.335646554    1.460834592   -2.859826123  166.028370559  123.051739591
    0.342613426    1.460834592   -1.837227845  127.443284877   82.605669091
    0.349580298    1.460834592   -1.083434412   89.593681986   51.620916563
    0.356547171    1.460834592   -0.576460689   56.918257853   29.958287016
    0.363514043    1.460834592   -0.270844466   32.382835488   15.886745071
    0.370480915    1.460834592   -0.107165978   15.866396498    7.358101842
    0.377447788    1.460834592   -0.032722312    6.248028738    2.641715640
    0.384414660    1.460834592   -0.006833103    1.758565234    0.688940962
    0.391381532    1.460834592   -0.000887567    0.228743196    0.074656155
    0.398348405    1.460834592   -0.000000000   -0.000000000   -0.000000000
    0.405315277    1.460834592   -0.000000000   -0.000000000   -0.000000000
    0.412282149    1.460834592   -0.000000000   -0.000000000   -0.000000000
    0.419249022    1.460834592   -0.000000000   -0.000000000   -0.000000000
    0.426215894    1.460834592   -0.000000000   -0.000000000   -0.000000000
    0.433182766    1.460834592   -0.000000000   -0.000000000   -0.000000000
    0.440149638    1.460834592   -0.000000000   -0.000000000   -0.000000000
    0.447116511    1.460834592   -0.000000000   -0.000000000   -0.000000000
    0.454083383    1.460834592   -0.000000000   -0.000000000   -0.000000000
    0.461050255    1.460834592   -0.000000000   -0.000000000   -0.000000000
    0.468017128    1.460834592   -0.000000000   -0.000000000   -0.000000000
    0.474984000    1.460834592   -0.000000000   -0.000000000   -0.000000000

    0.022137300    1.478481408   -0.000000000   -0.000000000   -0.000000000
    0.029104172    1.478481408   -0.000774739   -0.754461806    0.063729114
    0.036071045    1.478481408   -0.021714640   -6.826493622    0.617317343
    0.043037917    1.478481408   -0.165855683  -42.330611838    2.934465373
    0.050004789    1.478481408   -0.765063703 -145.910824789    9.292147224
    0.056971662    1.478481408   -2.482897576 -374.004729588   22.601972335
    0.063938534    1.478481408   -6.475868696 -814.934479493   48.697964774
    0.070905406    1.478481408  -14.559879846 -1563.945104339   93.945085884
    0.077872278    1.478481408  -29.061535532 -2653.184338352  161.617155948
    0.084839151    1.478481408  -52.095365889 -3982.932590743  246.857709201
    0.091806023    1.478481408  -84.554346802 -5304.824660853  340.817108233
    0.098772895    1.478481408 -125.158858564 -6258.271351633  427.451327184
    0.105739768    1.478481408 -170.136239568 -6518.344769526  490.099133433
    0.112706640    1.478481408 -214.035394605 -5950.223914316  520.679103660
    0.119673512    1.478481408 -251.462905386 -4711.773003187  520.899537083
    0.126640385    1.478481408 -279.001738460 -3179.186786036  504.008990423
    0.133607257    1.478481408 -296.000148249 -1740.827395339  487.638330062
    0.140574129    1.478481408 -304.039304239 -626.326421431  485.951750324
    0.147541002    1.478481408 -305.495395360  162.513053459  504.011244907
    0.154507874    1.478481408 -302.216297456  762.634166745  540.936729325
    0.161474746    1.478481408 -294.932867244 1333.102310198  586.833203737
    0.168441618    1.478481408 -283.525142852 1946.913660448  629.088563858
    0.175408491    1.478481408 -267.771105631 2572.316708805  656.599675319
    0.182375363    1.478481408 -247.830599929 3135.267960047  663.961101704
    0.189342235    1.478481408 -224.359200431 3579.296663711  653.030928061
    0.196309108    1.478481408 -198.285907043 3882.864647608  631.687672221
    0.203275980    1.478481408 -170.614028604 4034.874165889  613.674000737
    0.210242852    1.478481408 -142.441825096 4024.526133014  605.381615788
    0.217209725    1.478481408 -114.958392332 3835.127644174  603.095732265
    0.224176597    1.478481408  -89.401722485 3472.695912696  596.686186980
    0.231143469    1.478481408  -66.905006751 2964.104724626  578.938714746
    0.238110342    1.478481408  -48.316342638 2363.034483104  546.395380331
    0.245077214    1.478481408  -34.007160696 1748.466002889  503.776385465
    0.252044086    1.478481408  -23.799269270 1196.158404822  459.051107350
    0.259010958    1.478481408  -17.071303400  757.006407961  417.925948271
    0.265977831    1.478481408  -12.932570961  453.830442691  382.559159202
    0.272944703    1.478481408  -10.458122727  275.698605387  351.524599465
    0.279911575    1.478481408   -8.871777998  192.582949586  321.512172085
    0.286878448    1.478481408   -7.650354121  163.484598310  290.895689466
    0.293845320    1.478481408   -6.546063176  154.995825876  257.831922415
    0.300812192    1.478481408   -5.484005600  150.477579948  223.869836650
    0.307779065    1.478481408   -4.454627290  143.683959826  189.375346782
    0.314745937    1.478481408   -3.496934148  130.778973049  154.583984684
    0.321712809    1.478481408   -2.635590322  115.514060531  121.029131592
    0.328679682    1.478481408   -1.888431658   98.371062059   89.925034366
    0.335646554    1.478481408   -1.269951327   78.894643909   62.921685997
    0.342613426    1.478481408   -0.788150888   59.403394278   41.141633038
    0.349580298    1.478481408   -0.441105083   40.665474274   24.583117075
    0.356547171    1.478481408   -0.218488698   24.087791212   12.985978227
    0.363514043    1.478481408   -0.092041788   12.746000263    6.137248852
    0.370480915    1.478481408   -0.030718043    5.523294709    2.422360079
    0.377447788    1.478481408   -0.007241946    1.681807406    0.699527247
    0.384414660    1.478481408   -0.000974929    0.290555611    0.116454445
    0.391381532    1.478481408   -0.000040592    0.065632488    0.025606214
    0.398348405    1.478481408   -0.000000000   -0.000000000   -0.000000000
    0.405315277    1.478481408   -0.000000000   -0.000000000   -0.000000000
    0.412282149    1.478481408   -0.000000000   -0.000000000   -0.000000000
    0.419249022    1.478481408   -0.000000000   -0.000000000   -0.000000000
    0.426215894    1.478481408   -0.000000000   -0.000000000   -0.000000000
    0.433182766    1.478481408   -0.000000000   -0.000000000   -0.000000000
    0.440149638    1.478481408   -0.000000000   -0.000000000   -0.000000000
    0.447116511    1.478481408   -0.000000000   -0.000000000   -0.000000000
    0.454083383    1.478481408   -0.000000000   -0.000000000   -0.000000000
    0.461050255    1.478481408   -0.000000000   -0.000000000   -0.000000000
    0.468017128    1.478481408   -0.000000000   -0.000000000   -0.000000000
    0.474984000    1.478481408   -0.000000000   -0.000000000   -0.000000000

    0.022137300    1.496128225   -0.000000000   -0.000000000   -0.000000000
    0.029104172    1.496128225   -0.000102582   -0.117465104    0.012210740
    0.036071045    1.496128225   -0.012142805   -4.819130357    0.423172931
    0.043037917    1.496128225   -0.121450398  -33.620280993    2.179255024
    0.050004789    1.496128225   -0.616590866 -122.626432357    7.576315934
    0.056971662    1.496128225   -2.099599472 -326.794091132   20.660951030
    0.063938534    1.496128225   -5.638257652 -730.754022922   46.052685954
    0.070905406    1.496128225  -12.951142910 -1423.983193176   88.490099000
    0.077872278    1.496128225  -26.273310191 -2455.540571313  154.190169423
    0.084839151    1.496128225  -47.786600471 -3748.110865500  240.325312729
    0.091806023    1.496128225  -78.570153977 -5066.241331108  336.316161566
    0.098772895    1.496128225 -117.643898428 -6065.178493666  423.288306400
    0.105739768    1.496128225 -161.554632831 -6408.330003491  481.266784576
    0.112706640    1.496128225 -205.014193371 -5932.249441029  500.205893623
    0.119673512    1.496128225 -242.578809262 -4759.776474348  484.056135429
    0.126640385    1.496128225 -270.529857535 -3239.135812110  452.719886348
    0.133607257    1.496128225 -287.844738462 -1765.839600709  430.417605234
    0.140574129    1.496128225 -295.833284023 -585.415559175  435.563117288
    0.147541002    1.496128225 -296.773012823  267.804537147  473.286631302
    0.154507874    1.496128225 -292.588847796  911.433827664  537.073926847
    0.161474746    1.496128225 -284.209812441 1491.893463599  612.758439607
    0.168441618    1.496128225 -271.787536569 2075.879113050  684.919026919
    0.175408491    1.496128225 -255.315167402 2644.705784001  737.615468289
    0.182375363    1.496128225 -235.130986454 3133.363411148  758.300636946
    0.189342235    1.496128225 -211.911453992 3514.569039734  743.376822706
    0.196309108    1.496128225 -186.418516151 3785.159455002  702.193313504
    0.203275980    1.496128225 -159.430984887 3941.013665230  646.352658229
    0.210242852    1.496128225 -131.872183648 3943.157218070  587.377953851
    0.217209725    1.496128225 -104.920165888 3761.043308347  531.637641836
    0.224176597    1.496128225  -79.905561756 3391.542242290  479.451025785
    0.231143469    1.496128225  -58.029123892 2864.903146680  428.922206546
    0.238110342    1.496128225  -40.189640410 2250.639652328  378.968355120
    0.245077214    1.496128225  -26.683832429 1634.385120839  332.198125722
    0.252044086    1.496128225  -17.243442899 1092.259985473  290.827024564
    0.259010958    1.496128225  -11.183677500  669.350402106  256.417998901
    0.265977831    1.496128225   -7.599212971  380.903476767  228.573649159
    0.272944703    1.496128225   -5.610154920  209.102508773  205.277457792
    0.279911575    1.496128225   -4.474343521  128.748471913  184.401666540
    0.286878448    1.496128225   -3.710038702   96.275276457  163.771526726
    0.293845320    1.496128225   -3.091111147   84.116493148  141.602411406
    0.300812192    1.496128225   -2.522171370   79.612277702  120.082518818
    0.307779065    1.496128225   -1.985959817   73.483970026   98.599388531
    0.314745937    1.496128225   -1.504089350   64.559493402   78.441420027
    0.321712809    1.496128225   -1.090317181   54.220237950   59.929272666
    0.328679682    1.496128225   -0.747466002   43.949059593   43.724095153
    0.335646554    1.496128225   -0.477396349   33.687677938   29.979714115
    0.342613426    1.496128225   -0.276417731   23.933837251   18.934238215
    0.349580298    1.496128225   -0.142575715   14.845501171   10.653661587
    0.356547171    1.496128225   -0.062959626    8.199325692    5.272478966
    0.363514043    1.496128225   -0.021858358    3.823375182    2.217670819
    0.370480915    1.496128225   -0.005147320    1.239027042    0.672762650
    0.377447788    1.496128225   -0.000685026    0.222514301    0.117091030
    0.384414660    1.496128225   -0.000000000   -0.000000000   -0.000000000
    0.391381532    1.496128225   -0.000000000   -0.000000000   -0.000000000
    0.398348405    1.496128225   -0.000000000   -0.000000000   -0.000000000
    0.405315277    1.496128225   -0.000000000   -0.000000000   -0.000000000
    0.412282149    1.496128225   -0.000000000   -0.000000000   -0.000000000
    0.419249022    1.496128225   -0.000000000   -0.000000000   -0.000000000
    0.426215894    1.496128225   -0.000000000   -0.000000000   -0.000000000
    0.433182766    1.496128225   -0.000000000   -0.000000000   -0.000000000
    0.440149638    1.496128225   -0.000000000   -0.000000000   -0.000000000
    0.447116511    1.496128225   -0.000000000   -0.000000000   -0.000000000
    0.454083383    1.496128225   -0.000000000   -0.000000000   -0.000000000
    0.461050255    1.496128225   -0.000000000   -0.000000000   -0.000000000
    0.468017128    1.496128225   -0.000000000   -0.000000000   -0.000000000
    0.474984000    1.496128225   -0.000000000   -0.000000000   -0.000000000

    0.022137300    1.513775042   -0.000000000   -0.000000000   -0.000000000
    0.029104172    1.513775042   -0.000000000   -0.000000000   -0.000000000
    0.036071045    1.513775042   -0.005957556   -3.183574216    0.275070197
    0.043037917    1.513775042   -0.088546412  -26.568998983    1.622196791
    0.050004789    1.513775042   -0.495951267 -102.697777729    6.145879715
    0.056971662    1.513775042   -1.752991471 -281.872909890   18.650660448
    0.063938534    1.513775042   -4.859427632 -647.621349410   42.416634224
    0.070905406    1.513775042  -11.424076272 -1288.860081207   84.883418754
    0.077872278    1.513775042  -23.600607753 -2261.351112331  149.980764433
    0.084839151    1.513775042  -43.585346423 -3507.089111990  238.029594012
    0.091806023    1.513775042  -72.639628232 -4822.627726846  338.277956362
    0.098772895    1.513775042 -110.165339393 -5875.187516685  428.252033354
    0.105739768    1.513775042 -153.073962315 -6316.914867985  485.234157812
    0.112706640    1.513775042 -196.292853049 -5952.763523558  495.061783068
    0.119673512    1.513775042 -234.284903612 -4852.676381885  463.939731707
    0.126640385    1.513775042 -262.950650469 -3341.155865582  414.091195131
    0.133607257    1.513775042 -280.793422349 -1807.490901270  375.463476890
    0.140574129    1.513775042 -288.752593966 -533.697009074  370.092055542
    0.147541002    1.513775042 -289.008081706  409.041702024  404.688883335
    0.154507874    1.513775042 -283.615701864 1111.223790099  473.310101922
    0.161474746    1.513775042 -273.769094758 1707.359709831  560.591535922
    0.168441618    1.513775042 -259.911984072 2264.747302225  648.429255465
    0.175408491    1.513775042 -242.348337156 2762.949367437  718.518207633
    0.182375363    1.513775042 -221.665917825 3156.237071388  754.895496324
    0.189342235    1.513775042 -198.616026745 3444.117773534  750.366569289
    0.196309108    1.513775042 -173.890144990 3640.020929041  706.306910537
    0.203275980    1.513775042 -148.088349987 3752.152970767  631.478167608
    0.210242852    1.513775042 -121.882623610 3745.867139421  539.890627511
    0.217209725    1.513775042  -96.267994141 3578.205356854  448.216365201
    0.224176597    1.513775042  -72.449017636 3229.172897705  367.286849565
    0.231143469    1.513775042  -51.649484817 2720.385859292  299.028245492
    0.238110342    1.513775042  -34.741238879 2125.122787900  244.629908436
    0.245077214    1.513775042  -22.043155311 1527.212103732  200.673446510
    0.252044086    1.513775042  -13.276531475 1005.425834722  166.626140728
    0.259010958    1.513775042   -7.749415464  602.894904898  140.530760687
    0.265977831    1.513775042   -4.582604500  327.226480739  121.696340834
    0.272944703    1.513775042   -2.928110728  165.378250461  106.944364086
    0.279911575    1.513775042   -2.079895762   87.579862758   94.569188294
    0.286878448    1.513775042   -1.603399299   54.062042323   81.984024221
    0.293845320    1.513775042   -1.278596287   42.223085721   69.971219149
    0.300812192    1.513775042   -1.002016131   37.730240281   57.875024680
    0.307779065    1.513775042   -0.752446250   33.583375468   46.195683787
    0.314745937    1.513775042   -0.536923566   28.119001774   35.498950995
    0.321712809    1.513775042   -0.360588323   22.520835240   26.217808456
    0.328679682    1.513775042   -0.223953543   16.564702013   18.194625643
    0.335646554    1.513775042   -0.126473608   11.565950964   11.698098495
    0.342613426    1.513775042   -0.062901119    6.829377979    6.591662916
    0.349580298    1.513775042   -0.027143930    3.745744724    3.299584700
    0.356547171    1.513775042   -0.008743472    1.607202958    1.291417387
    0.363514043    1.513775042   -0.001861453    0.501448336    0.359411103
    0.370480915    1.513775042   -0.000096292    0.042448473    0.036494363
    0.377447788    1.513775042   -0.000000000   -0.000000000   -0.000000000
    0.384414660    1.513775042   -0.000000000   -0.000000000   -0.000000000
    0.391381532    1.513775042   -0.000000000   -0.000000000   -0.000000000
    0.398348405    1.513775042   -0.000000000   -0.000000000   -0.000000000
    0.405315277    1.513775042   -0.000000000   -0.000000000   -0.000000000
    0.412282149    1.513775042   -0.000000000   -0.000000000   -0.000000000
    0.419249022    1.513775042   -0.000000000   -0.000000000   -0.000000000
    0.426215894    1.513775042   -0.000000000   -0.000000000   -0.000000000
    0.433182766    1.513775042   -0.000000000   -0.000000000   -0.000000000
    0.440149638    1.513775042   -0.000000000   -0.000000000   -0.000000000
    0.447116511    1.513775042   -0.000000000   -0.000000000   -0.000000000
    0.454083383    1.513775042   -0.000000000   -0.000000000   -0.000000000
    0.461050255    1.513775042   -0.000000000   -0.000000000   -0.000000000
    0.468017128    1.513775042   -0.000000000   -0.000000000   -0.000000000
    0.474984000    1.513775042   -0.000000000   -0.000000000   -0.000000000

    0.022137300    1.531421859   -0.000000000   -0.000000000   -0.000000000
    0.029104172    1.531421859   -0.000000000   -0.000000000   -0.000000000
    0.036071045    1.531421859   -0.002681471   -1.809821496    0.103307532
    0.043037917    1.531421859   -0.063518204  -19.807787507    1.214782953
    0.050004789    1.531421859   -0.394214371  -84.841730735    5.467009992
    0.056971662    1.531421859   -1.443852145 -239.670928114   16.433923361
    0.063938534    1.531421859   -4.135441163 -568.028523077   39.860571181
    0.070905406    1.531421859   -9.952218575 -1151.558778716   82.186529401
    0.077872278    1.531421859  -20.955576919 -2059.962327500  150.265694821
    0.084839151    1.531421859  -39.333722365 -3252.329900416  245.311235112
    0.091806023    1.531421859  -66.538502818 -4556.358066554  355.751083450
    0.098772895    1.531421859 -102.360574662 -5664.355967731  460.192702569
    0.105739768    1.531421859 -144.166987882 -6219.404173623  531.358805753
    0.112706640    1.531421859 -187.165982233 -5986.406891759  549.798282908
    0.119673512    1.531421859 -225.770815687 -4984.396463425  515.175628872
    0.126640385    1.531421859 -255.467629447 -3492.248021768  449.940438146
    0.133607257    1.531421859 -274.205025808 -1902.480163596  386.708663388
    0.140574129    1.531421859 -282.485297048 -525.889771752  353.407659511
    0.147541002    1.531421859 -282.321329246  519.195798138  363.138722047
    0.154507874    1.531421859 -275.872094487 1298.265048030  411.041884076
    0.161474746    1.531421859 -264.560624778 1931.983087129  485.915031124
    0.168441618    1.531421859 -249.147590456 2479.220301749  571.669676619
    0.175408491    1.531421859 -230.271896382 2917.792982643  648.690943819
    0.182375363    1.531421859 -208.820473418 3216.883507735  696.400164850
    0.189342235    1.531421859 -185.748960159 3388.980995988  701.769285043
    0.196309108    1.531421859 -161.789613245 3478.972493335  659.996543898
    0.203275980    1.531421859 -137.388870656 3517.614508838  577.302556190
    0.210242852    1.531421859 -112.937722068 3485.561525690  472.083955171
    0.217209725    1.531421859  -89.099814315 3334.112184100  364.827608996
    0.224176597    1.531421859  -66.846038065 3025.981428871  271.402328324
    0.231143469    1.531421859  -47.298913494 2563.706532489  199.177474044
    0.238110342    1.531421859  -31.346476374 2006.903564992  146.602310902
    0.245077214    1.531421859  -19.351991674 1441.547938096  111.076726923
    0.252044086    1.531421859  -11.104617415  942.857393753   86.756360593
    0.259010958    1.531421859   -5.947422015  557.435002608   69.884794704
    0.265977831    1.531421859   -3.055092804  292.927985773   57.445454512
    0.272944703    1.531421859   -1.603974442  140.066803740   48.620025602
    0.279911575    1.531421859   -0.927135734   64.192069367   41.558987076
    0.286878448    1.531421859   -0.610559075   31.646070010   35.395319856
    0.293845320    1.531421859   -0.440488046   19.339386894   29.225170601
    0.300812192    1.531421859   -0.320448091   15.642879750   23.113259956
    0.307779065    1.531421859   -0.218728232   13.376807674   17.532270712
    0.314745937    1.531421859   -0.134943032   10.561923761   12.648742765
    0.321712809    1.531421859   -0.072950304    7.117446439    8.262302078
    0.328679682    1.531421859   -0.033953812    4.103335222    4.740444262
    0.335646554    1.531421859   -0.013173101    1.935286958    2.429473013
    0.342613426    1.531421859   -0.004290798    0.747764205    0.920688145
    0.349580298    1.531421859   -0.001216597    0.254664384    0.266605852
    0.356547171    1.531421859   -0.000089020    0.047369193    0.043266983
    0.363514043    1.531421859   -0.000000000   -0.000000000   -0.000000000
    0.370480915    1.531421859   -0.000000000   -0.000000000   -0.000000000
    0.377447788    1.531421859   -0.000000000   -0.000000000   -0.000000000
    0.384414660    1.531421859   -0.000000000   -0.000000000   -0.000000000
    0.391381532    1.531421859   -0.000000000   -0.000000000   -0.000000000
    0.398348405    1.531421859   -0.000000000   -0.000000000   -0.000000000
    0.405315277    1.531421859   -0.000000000   -0.000000000   -0.000000000
    0.412282149    1.531421859   -0.000000000   -0.000000000   -0.000000000
    0.419249022    1.531421859   -0.000000000   -0.000000000   -0.000000000
    0.426215894    1.531421859   -0.000000000   -0.000000000   -0.000000000
    0.433182766    1.531421859   -0.000000000   -0.000000000   -0.000000000
    0.440149638    1.531421859   -0.000000000   -0.000000000   -0.000000000
    0.447116511    1.531421859   -0.000000000   -0.000000000   -0.000000000
    0.454083383    1.531421859   -0.000000000   -0.000000000   -0.000000000
    0.461050255    1.531421859   -0.000000000   -0.000000000   -0.000000000
    0.468017128    1.531421859   -0.000000000   -0.000000000   -0.000000000
    0.474984000    1.531421859   -0.000000000   -0.000000000   -0.000000000

    0.022137300    1.549068676   -0.000000000   -0.000000000   -0.000000000
    0.029104172    1.549068676   -0.000000000   -0.000000000   -0.000000000
    0.036071045    1.549068676   -0.001427250   -1.063754241    0.056197551
    0.043037917    1.549068676   -0.044890444  -15.355553849    0.930605398
    0.050004789    1.549068676   -0.301926716  -68.855464508    4.908498880
    0.056971662    1.549068676   -1.168333585 -199.757303508   14.826829464
    0.063938534    1.549068676   -3.452290966 -487.802858002   37.469246123
    0.070905406    1.549068676   -8.525101036 -1015.603243767   79.495766996
    0.077872278    1.549068676  -18.306493020 -1844.456920434  149.056229972
    0.084839151    1.549068676  -34.934295684 -2970.569556517  252.269508733
    0.091806023    1.549068676  -60.052001710 -4247.018779001  378.689910299
    0.098772895    1.549068676  -93.822901406 -5396.692006655  507.479367423
    0.105739768    1.549068676 -134.129703631 -6065.589964966  608.588006287
    0.112706640    1.549068676 -176.580880131 -5982.778963965  656.550452977
    0.119673512    1.549068676 -215.643163228 -5111.360949770  643.376159606
    0.126640385    1.549068676 -246.482315025 -3678.171685130  583.230032455
    0.133607257    1.549068676 -266.481054763 -2064.667507622  507.229324866
    0.140574129    1.549068676 -275.619578797 -604.033376864  444.891736685
    0.147541002    1.549068676 -275.623721713  548.167309643  415.588253947
    0.154507874    1.549068676 -268.639603303 1418.877070833  426.250831420
    0.161474746    1.549068676 -256.257093802 2113.012611295  471.033772528
    0.168441618    1.549068676 -239.495327328 2674.801776187  534.025719325
    0.175408491    1.549068676 -219.354618786 3076.911248197  597.164292637
    0.182375363    1.549068676 -197.076114230 3287.523973316  639.660062206
    0.189342235    1.549068676 -173.905683534 3343.654878419  643.354044900
    0.196309108    1.549068676 -150.673893318 3316.689238833  600.780324521
    0.203275980    1.549068676 -127.746618412 3266.049080366  516.922968596
    0.210242852    1.549068676 -105.193744860 3202.210898695  408.690236442
    0.217209725    1.549068676  -83.286910021 3069.895745387  298.739372638
    0.224176597    1.549068676  -62.703071813 2814.585900204  204.809496995
    0.231143469    1.549068676  -44.416427468 2411.326881349  134.927763626
    0.238110342    1.549068676  -29.334204523 1907.178217180   88.271059086
    0.245077214    1.549068676  -17.897479253 1378.332624493   59.736543304
    0.252044086    1.549068676  -10.007847823  901.017130298   42.326907631
    0.259010958    1.549068676   -5.098947227  526.750033947   30.601793207
    0.265977831    1.549068676   -2.382305014  273.258575058   23.291849295
    0.272944703    1.549068676   -1.039500303  126.571652754   19.342451793
    0.279911575    1.549068676   -0.448242392   52.777781452   16.256928385
    0.286878448    1.549068676   -0.209962275   20.504352374   13.330242771
    0.293845320    1.549068676   -0.119377198    7.809237987    9.926980095
    0.300812192    1.549068676   -0.075548799    5.419424923    7.050511570
    0.307779065    1.549068676   -0.041178027    4.302029911    4.514110155
    0.314745937    1.549068676   -0.017993381    2.396781229    2.271584221
    0.321712809    1.549068676   -0.005776462    1.116186704    0.979200969
    0.328679682    1.549068676   -0.000892297    0.351447913    0.346676126
    0.335646554    1.549068676   -0.000000000   -0.000000000   -0.000000000
    0.342613426    1.549068676   -0.000000000   -0.000000000   -0.000000000
    0.349580298    1.549068676   -0.000000000   -0.000000000   -0.000000000
    0.356547171    1.549068676   -0.000000000   -0.000000000   -0.000000000
    0.363514043    1.549068676   -0.000000000   -0.000000000   -0.000000000
    0.370480915    1.549068676   -0.000000000   -0.000000000   -0.000000000
    0.377447788    1.549068676   -0.000000000   -0.000000000   -0.000000000
    0.384414660    1.549068676   -0.000000000   -0.000000000   -0.000000000
    0.391381532    1.549068676   -0.000000000   -0.000000000   -0.000000000
    0.398348405    1.549068676   -0.000000000   -0.000000000   -0.000000000
    0.405315277    1.549068676   -0.000000000   -0.000000000   -0.000000000
    0.412282149    1.549068676   -0.000000000   -0.000000000   -0.000000000
    0.419249022    1.549068676   -0.000000000   -0.000000000   -0.000000000
    0.426215894    1.549068676   -0.000000000   -0.000000000   -0.000000000
    0.433182766    1.549068676   -0.000000000   -0.000000000   -0.000000000
    0.440149638    1.549068676   -0.000000000   -0.000000000   -0.000000000
    0.447116511    1.549068676   -0.000000000   -0.000000000   -0.000000000
    0.454083383    1.549068676   -0.000000000   -0.000000000   -0.000000000
    0.461050255    1.549068676   -0.000000000   -0.000000000   -0.000000000
    0.468017128    1.549068676   -0.000000000   -0.000000000   -0.000000000
    0.474984000    1.549068676   -0.000000000   -0.000000000   -0.000000000

    0.022137300    1.566715493   -0.000000000   -0.000000000   -0.000000000
    0.029104172    1.566715493   -0.000000000   -0.000000000   -0.000000000
    0.036071045    1.566715493   -0.000643922   -0.491749192    0.040134923
    0.043037917    1.566715493   -0.030161279  -11.014589001    0.770774129
    0.050004789    1.566715493   -0.222754283  -52.839993664    4.035215322
    0.056971662    1.566715493   -0.920853130 -164.087319387   13.027444972
    0.063938534    1.566715493   -2.827769106 -412.629133315   32.870054329
    0.070905406    1.566715493   -7.178191337 -879.194290763   72.269316265
    0.077872278    1.566715493  -15.728421022 -1625.936935850  141.646902135
    0.084839151    1.566715493  -30.513642255 -2662.485181955  245.653056046
    0.091806023    1.566715493  -53.279551387 -3887.119057916  384.229124399
    0.098772895    1.566715493  -84.545864004 -5051.316349086  538.286571366
    0.105739768    1.566715493 -122.725976304 -5812.672378595  678.949060517
    0.112706640    1.566715493 -163.915421385 -5879.882990985  775.940166633
    0.119673512    1.566715493 -202.819984828 -5164.248488608  812.476621082
    0.126640385    1.566715493 -234.448565218 -3840.234505343  787.889012346
    0.133607257    1.566715493 -255.726222788 -2256.570108785  724.037619798
    0.140574129    1.566715493 -266.098939765 -756.930374353  650.411649274
    0.147541002    1.566715493 -266.909583900  475.807413996  590.967187558
    0.154507874    1.566715493 -260.097538303 1441.274748703  561.733519377
    0.161474746    1.566715493 -247.286116042 2207.561930934  564.098073527
    0.168441618    1.566715493 -229.733634534 2800.585877465  588.454595151
    0.175408491    1.566715493 -208.753638888 3182.636218223  616.636370480
    0.182375363    1.566715493 -185.955252949 3324.358919289  630.441705447
    0.189342235    1.566715493 -162.862574514 3279.766669935  614.893230673
    0.196309108    1.566715493 -140.454260060 3145.838767415  562.692514263
    0.203275980    1.566715493 -119.017621650 3014.941399460  477.203824470
    0.210242852    1.566715493  -98.347426103 2923.196220012  373.402752358
    0.217209725    1.566715493  -78.330758710 2813.584116178  269.865332847
    0.224176597    1.566715493  -59.360383433 2611.921726201  181.452100976
    0.231143469    1.566715493  -42.276655606 2269.713966768  114.805686427
    0.238110342    1.566715493  -27.988264766 1817.913559697   70.535244501
    0.245077214    1.566715493  -17.038950047 1325.147097163   42.558588145
    0.252044086    1.566715493   -9.445117544  867.384547345   25.778162383
    0.259010958    1.566715493   -4.726493115  506.552737347   15.018737031
    0.265977831    1.566715493   -2.111346961  262.084708698    9.490631441
    0.272944703    1.566715493   -0.827177792  120.061722419    6.541973422
    0.279911575    1.566715493   -0.274228443   47.633933678    4.905098413
    0.286878448    1.566715493   -0.074752731   14.892185342    3.650278710
    0.293845320    1.566715493   -0.020643668    3.146105909    2.432459058
    0.300812192    1.566715493   -0.008880716    0.997049636    1.474911190
    0.307779065    1.566715493   -0.003500362    0.528305430    0.654049453
    0.314745937    1.566715493   -0.000709345    0.241954400    0.232980498
    0.321712809    1.566715493   -0.000021599    0.033965673    0.032135648
    0.328679682    1.566715493   -0.000000000   -0.000000000   -0.000000000
    0.335646554    1.566715493   -0.000000000   -0.000000000   -0.000000000
    0.342613426    1.566715493   -0.000000000   -0.000000000   -0.000000000
    0.349580298    1.566715493   -0.000000000   -0.000000000   -0.000000000
    0.356547171    1.566715493   -0.000000000   -0.000000000   -0.000000000
    0.363514043    1.566715493   -0.000000000   -0.000000000   -0.000000000
    0.370480915    1.566715493   -0.000000000   -0.000000000   -0.000000000
    0.377447788    1.566715493   -0.000000000   -0.000000000   -0.000000000
    0.384414660    1.566715493   -0.000000000   -0.000000000   -0.000000000
    0.391381532    1.566715493   -0.000000000   -0.000000000   -0.000000000
    0.398348405    1.566715493   -0.000000000   -0.000000000   -0.000000000
    0.405315277    1.566715493   -0.000000000   -0.000000000   -0.000000000
    0.412282149    1.566715493   -0.000000000   -0.000000000   -0.000000000
    0.419249022    1.566715493   -0.000000000   -0.000000000   -0.000000000
    0.426215894    1.566715493   -0.000000000   -0.000000000   -0.000000000
    0.433182766    1.566715493   -0.000000000   -0.000000000   -0.000000000
    0.440149638    1.566715493   -0.000000000   -0.000000000   -0.000000000
    0.447116511    1.566715493   -0.000000000   -0.000000000   -0.000000000
    0.454083383    1.566715493   -0.000000000   -0.000000000   -0.000000000
    0.461050255    1.566715493   -0.000000000   -0.000000000   -0.000000000
    0.468017128    1.566715493   -0.000000000   -0.000000000   -0.000000000
    0.474984000    1.566715493   -0.000000000   -0.000000000   -0.000000000

    0.022137300    1.584362310   -0.000000000   -0.000000000   -0.000000000
    0.029104172    1.584362310   -0.000000000   -0.000000000   -0.000000000
    0.036071045    1.584362310   -0.000062534   -0.060133096    0.004223140
    0.043037917    1.584362310   -0.018300586   -7.300893171    0.551444837
    0.050004789    1.584362310   -0.160572314  -40.217874762    3.061266769
    0.056971662    1.584362310   -0.714102630 -133.751545202   10.106761279
    0.063938534    1.584362310   -2.305669545 -348.517950530   26.100809607
    0.070905406    1.584362310   -6.009300798 -752.609584704   59.242465993
    0.077872278    1.584362310  -13.391626397 -1414.659329690  121.534098081
    0.084839151    1.584362310  -26.369100643 -2354.799240883  220.311862008
    0.091806023    1.584362310  -46.682989027 -3496.504063792  357.592204634
    0.098772895    1.584362310  -75.082959718 -4631.790244893  525.536936552
    0.105739768    1.584362310 -110.449126468 -5438.596597402  702.823067661
    0.112706640    1.584362310 -149.412130275 -5625.805509911  857.169444262
    0.119673512    1.584362310 -187.096854445 -5071.371889720  961.761962129
    0.126640385    1.584362310 -218.629907979 -3899.818057062 1000.106571845
    0.133607257    1.584362310 -240.699645439 -2413.194521130  977.981161749
    0.140574129    1.584362310 -252.291054609 -937.563788425  918.522790133
    0.147541002    1.584362310 -254.267761957  328.937670761  848.978232501
    0.154507874    1.584362310 -248.257620844 1359.022200089  789.667099188
    0.161474746    1.584362310 -235.788656616 2188.516848134  749.025802019
    0.168441618    1.584362310 -218.234481521 2812.679661162  723.457298015
    0.175408491    1.584362310 -197.190897542 3182.226794629  702.292091157
    0.182375363    1.584362310 -174.521893910 3282.280135257  672.647538164
    0.189342235    1.584362310 -151.971877485 3166.891971259  625.315618222
    0.196309108    1.584362310 -130.620912265 2958.188702798  557.523276199
    0.203275980    1.584362310 -110.695155682 2773.032724238  472.428166228
    0.210242852    1.584362310  -91.783617806 2666.591335515  378.142486352
    0.217209725    1.584362310  -73.501757538 2578.229738113  285.663223590
    0.224176597    1.584362310  -56.030515488 2418.690190554  203.703104065
    0.231143469    1.584362310  -40.108260763 2129.829169764  138.199638285
    0.238110342    1.584362310  -26.631766060 1722.448795544   89.019501095
    0.245077214    1.584362310  -16.226009452 1263.784051274   54.320272115
    0.252044086    1.584362310   -8.973679849  829.683490398   31.261076786
    0.259010958    1.584362310   -4.462837684  484.531385030   17.063274086
    0.265977831    1.584362310   -1.968603581  249.878975486    8.215302871
    0.272944703    1.584362310   -0.750530246  113.567593243    3.440260011
    0.279911575    1.584362310   -0.229695343   44.318864989    1.446050948
    0.286878448    1.584362310   -0.047428108   12.692655489    0.490746867
    0.293845320    1.584362310   -0.003759290    1.693786937    0.119153682
    0.300812192    1.584362310   -0.000018059    0.033908341    0.038477750
    0.307779065    1.584362310   -0.000000000   -0.000000000   -0.000000000
    0.314745937    1.584362310   -0.000000000   -0.000000000   -0.000000000
    0.321712809    1.584362310   -0.000000000   -0.000000000   -0.000000000
    0.328679682    1.584362310   -0.000000000   -0.000000000   -0.000000000
    0.335646554    1.584362310   -0.000000000   -0.000000000   -0.000000000
    0.342613426    1.584362310   -0.000000000   -0.000000000   -0.000000000
    0.349580298    1.584362310   -0.000000000   -0.000000000   -0.000000000
    0.356547171    1.584362310   -0.000000000   -0.000000000   -0.000000000
    0.363514043    1.584362310   -0.000000000   -0.000000000   -0.000000000
    0.370480915    1.584362310   -0.000000000   -0.000000000   -0.000000000
    0.377447788    1.584362310   -0.000000000   -0.000000000   -0.000000000
    0.384414660    1.584362310   -0.000000000   -0.000000000   -0.000000000
    0.391381532    1.584362310   -0.000000000   -0.000000000   -0.000000000
    0.398348405    1.584362310   -0.000000000   -0.000000000   -0.000000000
    0.405315277    1.584362310   -0.000000000   -0.000000000   -0.000000000
    0.412282149    1.584362310   -0.000000000   -0.000000000   -0.000000000
    0.419249022    1.584362310   -0.000000000   -0.000000000   -0.000000000
    0.426215894    1.584362310   -0.000000000   -0.000000000   -0.000000000
    0.433182766    1.584362310   -0.000000000   -0.000000000   -0.000000000
    0.440149638    1.584362310   -0.000000000   -0.000000000   -0.000000000
    0.447116511    1.584362310   -0.000000000   -0.000000000   -0.000000000
    0.454083383    1.584362310   -0.000000000   -0.000000000   -0.000000000
    0.461050255    1.584362310   -0.000000000   -0.000000000   -0.000000000
    0.468017128    1.584362310   -0.000000000   -0.000000000   -0.000000000
    0.474984000    1.584362310   -0.000000000   -0.000000000   -0.000000000

    0.022137300    1.602009127   -0.000000000   -0.000000000   -0.000000000
    0.029104172    1.602009127   -0.000000000   -0.000000000   -0.000000000
    0.036071045    1.602009127   -0.000000000   -0.000000000   -0.000000000
    0.043037917    1.602009127   -0.010991857   -5.177128737    0.242909117
    0.050004789    1.602009127   -0.119966072  -31.139977422    1.645262329
    0.056971662    1.602009127   -0.570618129 -109.981263895    6.154482302
    0.063938534    1.602009127   -1.917671717 -299.130671337   17.976516576
    0.070905406    1.602009127   -5.106581750 -649.704884107   43.091187968
    0.077872278    1.602009127  -11.503812260 -1231.338094479   91.154182447
    0.084839151    1.602009127  -22.860887290 -2070.022501083  174.598989571
    0.091806023    1.602009127  -40.833845284 -3111.248119616  300.598248424
    0.098772895    1.602009127  -66.255104231 -4167.026831725  468.555316575
    0.105739768    1.602009127  -98.277945543 -4956.363402896  667.697717770
    0.112706640    1.602009127 -134.060197640 -5208.623028872  870.370244870
    0.119673512    1.602009127 -169.293750477 -4794.836829097 1041.644491974
    0.126640385    1.602009127 -199.512375507 -3799.266260805 1151.702199838
    0.133607257    1.602009127 -221.459584279 -2470.408559268 1188.857580691
    0.140574129    1.602009127 -233.825195948 -1091.287622331 1162.501996129
    0.147541002    1.602009127 -237.003188541  148.579002184 1097.984998816
    0.154507874    1.602009127 -232.203335631 1196.515891947 1022.207816716
    0.161474746    1.602009127 -220.762237918 2055.247487104  949.695415265
    0.168441618    1.602009127 -204.069104095 2696.749079199  880.424977330
    0.175408491    1.602009127 -183.828512213 3063.237293092  811.647092061
    0.182375363    1.602009127 -162.071139533 3136.849483615  739.895871905
    0.189342235    1.602009127 -140.628016383 2992.010287028  664.385542908
    0.196309108    1.602009127 -120.581247341 2758.199856245  585.574417051
    0.203275980    1.602009127 -102.107737254 2557.286883334  507.289569513
    0.210242852    1.602009127  -84.733366047 2443.368999643  428.013297441
    0.217209725    1.602009127  -67.974233184 2366.183457349  347.808487953
    0.224176597    1.602009127  -51.897643146 2232.139599931  271.053422349
    0.231143469    1.602009127  -37.169059049 1974.693663460  199.375101019
    0.238110342    1.602009127  -24.669235656 1599.041538798  136.609218122
    0.245077214    1.602009127  -15.003111463 1174.095155845   86.991332152
    0.252044086    1.602009127   -8.260003343  771.051095901   51.120589009
    0.259010958    1.602009127   -4.081272375  446.396052338   27.060650171
    0.265977831    1.602009127   -1.791116623  228.574723018   12.303148496
    0.272944703    1.602009127   -0.679901056  103.602948660    4.905150209
    0.279911575    1.602009127   -0.204540937   40.176309441    1.662792092
    0.286878448    1.602009127   -0.039966500   11.366786612    0.485016657
    0.293845320    1.602009127   -0.002840595    1.361481363    0.046950124
    0.300812192    1.602009127   -0.000000000   -0.000000000   -0.000000000
    0.307779065    1.602009127   -0.000000000   -0.000000000   -0.000000000
    0.314745937    1.602009127   -0.000000000   -0.000000000   -0.000000000
    0.321712809    1.602009127   -0.000000000   -0.000000000   -0.000000000
    0.328679682    1.602009127   -0.000000000   -0.000000000   -0.000000000
    0.335646554    1.602009127   -0.000000000   -0.000000000   -0.000000000
    0.342613426    1.602009127   -0.000000000   -0.000000000   -0.000000000
    0.349580298    1.602009127   -0.000000000   -0.000000000   -0.000000000
    0.356547171    1.602009127   -0.000000000   -0.000000000   -0.000000000
    0.363514043    1.602009127   -0.000000000   -0.000000000   -0.000000000
    0.370480915    1.602009127   -0.000000000   -0.000000000   -0.000000000
    0.377447788    1.602009127   -0.000000000   -0.000000000   -0.000000000
    0.384414660    1.602009127   -0.000000000   -0.000000000   -0.000000000
    0.391381532    1.602009127   -0.000000000   -0.000000000   -0.000000000
    0.398348405    1.602009127   -0.000000000   -0.000000000   -0.000000000
    0.405315277    1.602009127   -0.000000000   -0.000000000   -0.000000000
    0.412282149    1.602009127   -0.000000000   -0.000000000   -0.000000000
    0.419249022    1.602009127   -0.000000000   -0.000000000   -0.000000000
    0.426215894    1.602009127   -0.000000000   -0.000000000   -0.000000000
    0.433182766    1.602009127   -0.000000000   -0.000000000   -0.000000000
    0.440149638    1.602009127   -0.000000000   -0.000000000   -0.000000000
    0.447116511    1.602009127   -0.000000000   -0.000000000   -0.000000000
    0.454083383    1.602009127   -0.000000000   -0.000000000   -0.000000000
    0.461050255    1.602009127   -0.000000000   -0.000000000   -0.000000000
    0.468017128    1.602009127   -0.000000000   -0.000000000   -0.000000000
    0.474984000    1.602009127   -0.000000000   -0.000000000   -0.000000000

    0.022137300    1.619655944   -0.000000000   -0.000000000   -0.000000000
    0.029104172    1.619655944   -0.000000000   -0.000000000   -0.000000000
    0.036071045    1.619655944   -0.000000000   -0.000000000   -0.000000000
    0.043037917    1.619655944   -0.008447824   -3.824311730    0.029977066
    0.050004789    1.619655944   -0.103123510  -27.902303902    0.335941323
    0.056971662    1.619655944   -0.499368824  -96.752268675    1.989478627
    0.063938534    1.619655944   -1.674334730 -262.224416414    9.480368164
    0.070905406    1.619655944   -4.496789454 -576.765372844   26.330509016
    0.077872278    1.619655944  -10.174539791 -1091.443560912   59.756400469
    0.084839151    1.619655944  -20.242726451 -1834.588526661  122.319990646
    0.091806023    1.619655944  -36.172649665 -2757.953765291  226.968303038
    0.098772895    1.619655944  -58.721167618 -3697.577162954  382.620625471
    0.105739768    1.619655944  -87.163752462 -4409.010408345  585.915057896
    0.112706640    1.619655944 -119.091183046 -4666.397503535  816.178894763
    0.119673512    1.619655944 -150.851517216 -4355.248006034 1034.865875685
    0.126640385    1.619655944 -178.589918977 -3536.091838711 1202.438866808
    0.133607257    1.619655944 -199.391192049 -2402.567350605 1292.696955068
    0.140574129    1.619655944 -211.879575857 -1183.842772180 1304.968273920
    0.147541002    1.619655944 -216.044159233  -31.079416848 1257.885878912
    0.154507874    1.619655944 -212.622133822  988.654036190 1179.358798200
    0.161474746    1.619655944 -202.644713642 1845.071553834 1089.688768533
    0.168441618    1.619655944 -187.418144307 2484.556919763  996.607496508
    0.175408491    1.619655944 -168.671792061 2847.746605730  900.550689448
    0.182375363    1.619655944 -148.418331806 2921.514978497  805.877051729
    0.189342235    1.619655944 -128.453526960 2785.079349351  716.590909496
    0.196309108    1.619655944 -109.797574979 2566.699943877  639.892113309
    0.203275980    1.619655944  -92.610950289 2379.247934649  573.213230384
    0.210242852    1.619655944  -76.500156334 2258.720670879  509.068894583
    0.217209725    1.619655944  -61.051861376 2173.338600728  439.060060866
    0.224176597    1.619655944  -46.341453469 2033.522100114  359.086986982
    0.231143469    1.619655944  -32.990316924 1779.937630485  273.501445516
    0.238110342    1.619655944  -21.759889984 1431.412840658  192.298713599
    0.245077214    1.619655944  -13.133854896 1043.530610696  123.815051406
    0.252044086    1.619655944   -7.169920186  677.785205567   71.480043867
    0.259010958    1.619655944   -3.511171609  387.799677116   36.971983318
    0.265977831    1.619655944   -1.532384487  196.515333625   16.779533263
    0.272944703    1.619655944   -0.576223243   89.296878009    6.802932706
    0.279911575    1.619655944   -0.167585800   34.499090853    2.479234188
    0.286878448    1.619655944   -0.029671789    9.090489731    0.641760934
    0.293845320    1.619655944   -0.001757759    0.854212414    0.049270338
    0.300812192    1.619655944   -0.000000000   -0.000000000   -0.000000000
    0.307779065    1.619655944   -0.000000000   -0.000000000   -0.000000000
    0.314745937    1.619655944   -0.000000000   -0.000000000   -0.000000000
    0.321712809    1.619655944   -0.000000000   -0.000000000   -0.000000000
    0.328679682    1.619655944   -0.000000000   -0.000000000   -0.000000000
    0.335646554    1.619655944   -0.000000000   -0.000000000   -0.000000000
    0.342613426    1.619655944   -0.000000000   -0.000000000   -0.000000000
    0.349580298    1.619655944   -0.000000000   -0.000000000   -0.000000000
    0.356547171    1.619655944   -0.000000000   -0.000000000   -0.000000000
    0.363514043    1.619655944   -0.000000000   -0.000000000   -0.000000000
    0.370480915    1.619655944   -0.000000000   -0.000000000   -0.000000000
    0.377447788    1.619655944   -0.000000000   -0.000000000   -0.000000000
    0.384414660    1.619655944   -0.000000000   -0.000000000   -0.000000000
    0.391381532    1.619655944   -0.000000000   -0.000000000   -0.000000000
    0.398348405    1.619655944   -0.000000000   -0.000000000   -0.000000000
    0.405315277    1.619655944   -0.000000000   -0.000000000   -0.000000000
    0.412282149    1.619655944   -0.000000000   -0.000000000   -0.000000000
    0.419249022    1.619655944   -0.000000000   -0.000000000   -0.000000000
    0.426215894    1.619655944   -0.000000000   -0.000000000   -0.000000000
    0.433182766    1.619655944   -0.000000000   -0.000000000   -0.000000000
    0.440149638    1.619655944   -0.000000000   -0.000000000   -0.000000000
    0.447116511    1.619655944   -0.000000000   -0.000000000   -0.000000000
    0.454083383    1.619655944   -0.000000000   -0.000000000   -0.000000000
    0.461050255    1.619655944   -0.000000000   -0.000000000   -0.000000000
    0.468017128    1.619655944   -0.000000000   -0.000000000   -0.000000000
    0.474984000    1.619655944   -0.000000000   -0.000000000   -0.000000000

    0.022137300    1.637302761   -0.000000000   -0.000000000   -0.000000000
    0.029104172    1.637302761   -0.000000000   -0.000000000   -0.000000000
    0.036071045    1.637302761   -0.000000000   -0.000000000   -0.000000000
    0.043037917    1.637302761   -0.008773337   -4.116665548   -0.047032946
    0.050004789    1.637302761   -0.105771953  -28.200925916   -0.550297813
    0.056971662    1.637302761   -0.490582746  -91.360527905   -0.676484118
    0.063938534    1.637302761   -1.573393557 -240.166831974    2.306821547
    0.070905406    1.637302761   -4.160996934 -529.560911137   12.150525435
    0.077872278    1.637302761   -9.362149280 -995.662194732   33.712766992
    0.084839151    1.637302761  -18.498658172 -1656.978820257   77.461143137
    0.091806023    1.637302761  -32.787249403 -2459.525576524  159.444051709
    0.098772895    1.637302761  -52.761409456 -3257.693380274  294.347647866
    0.105739768    1.637302761  -77.704039039 -3851.593215066  484.779900698
    0.112706640    1.637302761 -105.520403894 -4059.878103730  716.748647579
    0.119673512    1.637302761 -133.204064829 -3810.639695449  954.181776642
    0.126640385    1.637302761 -157.671027173 -3155.343202311 1152.558451315
    0.133607257    1.637302761 -176.546134761 -2233.198463655 1277.007034066
    0.140574129    1.637302761 -188.549905238 -1206.330412714 1317.278478734
    0.147541002    1.637302761 -193.366969194 -182.597431800 1291.876289094
    0.154507874    1.637302761 -191.237783851  778.340636625 1226.197461203
    0.161474746    1.637302761 -182.818214142 1611.514054906 1143.699050620
    0.168441618    1.637302761 -169.256025025 2241.016391721 1053.365118751
    0.175408491    1.637302761 -152.221884458 2601.413336729  959.036815462
    0.182375363    1.637302761 -133.655060029 2687.204409550  866.379745457
    0.189342235    1.637302761 -115.221027767 2582.060429297  783.978418618
    0.196309108    1.637302761  -97.854964988 2399.425329158  715.215219912
    0.203275980    1.637302761  -81.760347663 2226.465994724  655.966352353
    0.210242852    1.637302761  -66.726797647 2095.346506721  595.441838320
    0.217209725    1.637302761  -52.530806687 1976.338124225  522.109224610
    0.224176597    1.637302761  -39.320295083 1802.155039572  431.365709987
    0.231143469    1.637302761  -27.621370894 1541.898380468  329.692811926
    0.238110342    1.637302761  -17.984057239 1216.202427814  231.152099185
    0.245077214    1.637302761  -10.720494564  869.771459730  146.574520892
    0.252044086    1.637302761   -5.784758563  556.456019765   83.555373782
    0.259010958    1.637302761   -2.801270538  313.328372689   42.496080753
    0.265977831    1.637302761   -1.209399553  157.691834452   19.464310713
    0.272944703    1.637302761   -0.443023163   71.456056181    8.128233650
    0.279911575    1.637302761   -0.120119513   26.416271435    2.804170321
    0.286878448    1.637302761   -0.018808540    5.952202760    0.580662717
    0.293845320    1.637302761   -0.001101361    0.461475762    0.038719568
    0.300812192    1.637302761   -0.000000000   -0.000000000   -0.000000000
    0.307779065    1.637302761   -0.000000000   -0.000000000   -0.000000000
    0.314745937    1.637302761   -0.000000000   -0.000000000   -0.000000000
    0.321712809    1.637302761   -0.000000000   -0.000000000   -0.000000000
    0.328679682    1.637302761   -0.000000000   -0.000000000   -0.000000000
    0.335646554    1.637302761   -0.000000000   -0.000000000   -0.000000000
    0.342613426    1.637302761   -0.000000000   -0.000000000   -0.000000000
    0.349580298    1.637302761   -0.000000000   -0.000000000   -0.000000000
    0.356547171    1.637302761   -0.000000000   -0.000000000   -0.000000000
    0.363514043    1.637302761   -0.000000000   -0.000000000   -0.000000000
    0.370480915    1.637302761   -0.000000000   -0.000000000   -0.000000000
    0.377447788    1.637302761   -0.000000000   -0.000000000   -0.000000000
    0.384414660    1.637302761   -0.000000000   -0.000000000   -0.000000000
    0.391381532    1.637302761   -0.000000000   -0.000000000   -0.000000000
    0.398348405    1.637302761   -0.000000000   -0.000000000   -0.000000000
    0.405315277    1.637302761   -0.000000000   -0.000000000   -0.000000000
    0.412282149    1.637302761   -0.000000000   -0.000000000   -0.000000000
    0.419249022    1.637302761   -0.000000000   -0.000000000   -0.000000000
    0.426215894    1.637302761   -0.000000000   -0.000000000   -0.000000000
    0.433182766    1.637302761   -0.000000000   -0.000000000   -0.000000000
    0.440149638    1.637302761   -0.000000000   -0.000000000   -0.000000000
    0.447116511    1.637302761   -0.000000000   -0.000000000   -0.000000000
    0.454083383    1.637302761   -0.000000000   -0.000000000   -0.000000000
    0.461050255    1.637302761   -0.000000000   -0.000000000   -0.000000000
    0.468017128    1.637302761   -0.000000000   -0.000000000   -0.000000000
    0.474984000    1.637302761   -0.000000000   -0.000000000   -0.000000000

    0.022137300    1.654949577   -0.000000000   -0.000000000   -0.000000000
    0.029104172    1.654949577   -0.000000000   -0.000000000   -0.000000000
    0.036071045    1.654949577   -0.000000000   -0.000000000   -0.000000000
    0.043037917    1.654949577   -0.009630516   -4.707557844   -0.046087579
    0.050004789    1.654949577   -0.118241242  -30.673822609   -0.687966335
    0.056971662    1.654949577   -0.515241447  -92.095529385   -1.758072287
    0.063938534    1.654949577   -1.575730468 -230.529680062   -1.880134673
    0.070905406    1.654949577   -4.034768100 -500.481423922    3.227125722
    0.077872278    1.654949577   -8.929752233 -933.458994584   17.136147743
    0.084839151    1.654949577  -17.413843921 -1526.726615949   48.916845080
    0.091806023    1.654949577  -30.427819886 -2217.580394692  111.954190901
    0.098772895    1.654949577  -48.229343420 -2873.257448919  223.097681268
    0.105739768    1.654949577  -70.010169169 -3331.883419731  389.446912586
    0.112706640    1.654949577  -93.891344189 -3463.860501008  601.011769872
    0.119673512    1.654949577 -117.448175495 -3242.429559156  826.448801173
    0.126640385    1.654949577 -138.379205968 -2723.719956749 1024.022826546
    0.133607257    1.654949577 -154.940328499 -2004.216462724 1158.030401471
    0.140574129    1.654949577 -166.038337026 -1168.319567422 1218.331732859
    0.147541002    1.654949577 -171.090859912 -276.451242501 1217.648841788
    0.154507874    1.654949577 -169.888625792  615.017658261 1179.414214908
    0.161474746    1.654949577 -162.720018937 1420.099902973 1122.940594879
    0.168441618    1.654949577 -150.549983408 2033.746381728 1057.211652159
    0.175408491    1.654949577 -134.996174028 2385.133029202  985.776578303
    0.182375363    1.654949577 -117.908094443 2482.784096364  912.600034122
    0.189342235    1.654949577 -100.825609085 2400.984718049  842.798342576
    0.196309108    1.654949577  -84.626298310 2244.088928152  779.549980884
    0.203275980    1.654949577  -69.585857015 2074.975587259  717.539873225
    0.210242852    1.654949577  -55.675775264 1918.851924048  648.743653739
    0.217209725    1.654949577  -42.875339505 1750.947839387  562.751671168
    0.224176597    1.654949577  -31.393157745 1535.920880946  457.802060325
    0.231143469    1.654949577  -21.599417055 1267.730399745  344.934309355
    0.238110342    1.654949577  -13.797027860  968.546746853  237.828266979
    0.245077214    1.654949577   -8.085351925  674.652693247  148.371815307
    0.252044086    1.654949577   -4.294403751  423.285080302   83.518457395
    0.259010958    1.654949577   -2.044821467  234.423877706   42.191340010
    0.265977831    1.654949577   -0.861235945  116.265185259   19.425243936
    0.272944703    1.654949577   -0.299841347   51.194634187    7.813266970
    0.279911575    1.654949577   -0.072621473   17.552087037    2.460180039
    0.286878448    1.654949577   -0.009279332    3.290028488    0.454678263
    0.293845320    1.654949577   -0.000385864    0.233355218    0.027866818
    0.300812192    1.654949577   -0.000000000   -0.000000000   -0.000000000
    0.307779065    1.654949577   -0.000000000   -0.000000000   -0.000000000
    0.314745937    1.654949577   -0.000000000   -0.000000000   -0.000000000
    0.321712809    1.654949577   -0.000000000   -0.000000000   -0.000000000
    0.328679682    1.654949577   -0.000000000   -0.000000000   -0.000000000
    0.335646554    1.654949577   -0.000000000   -0.000000000   -0.000000000
    0.342613426    1.654949577   -0.000000000   -0.000000000   -0.000000000
    0.349580298    1.654949577   -0.000000000   -0.000000000   -0.000000000
    0.356547171    1.654949577   -0.000000000   -0.000000000   -0.000000000
    0.363514043    1.654949577   -0.000000000   -0.000000000   -0.000000000
    0.370480915    1.654949577   -0.000000000   -0.000000000   -0.000000000
    0.377447788    1.654949577   -0.000000000   -0.000000000   -0.000000000
    0.384414660    1.654949577   -0.000000000   -0.000000000   -0.000000000
    0.391381532    1.654949577   -0.000000000   -0.000000000   -0.000000000
    0.398348405    1.654949577   -0.000000000   -0.000000000   -0.000000000
    0.405315277    1.654949577   -0.000000000   -0.000000000   -0.000000000
    0.412282149    1.654949577   -0.000000000   -0.000000000   -0.000000000
    0.419249022    1.654949577   -0.000000000   -0.000000000   -0.000000000
    0.426215894    1.654949577   -0.000000000   -0.000000000   -0.000000000
    0.433182766    1.654949577   -0.000000000   -0.000000000   -0.000000000
    0.440149638    1.654949577   -0.000000000   -0.000000000   -0.000000000
    0.447116511    1.654949577   -0.000000000   -0.000000000   -0.000000000
    0.454083383    1.654949577   -0.000000000   -0.000000000   -0.000000000
    0.461050255    1.654949577   -0.000000000   -0.000000000   -0.000000000
    0.468017128    1.654949577   -0.000000000   -0.000000000   -0.000000000
    0.474984000    1.654949577   -0.000000000   -0.000000000   -0.000000000

    0.022137300    1.672596394   -0.000000000   -0.000000000   -0.000000000
    0.029104172    1.672596394   -0.000000000   -0.000000000   -0.000000000
    0.036071045    1.672596394   -0.000000000   -0.000000000   -0.000000000
    0.043037917    1.672596394   -0.010687316   -5.090349336   -0.070417492
    0.050004789    1.672596394   -0.129044501  -33.042008709   -0.410554227
    0.056971662    1.672596394   -0.545283253  -95.042023573   -1.497230272
    0.063938534    1.672596394   -1.615628891 -227.635032167   -2.069876516
    0.070905406    1.672596394   -4.006271958 -482.273623675    1.031482407
    0.077872278    1.672596394   -8.687361123 -885.284512601   12.019915796
    0.084839151    1.672596394  -16.668902128 -1424.944986737   38.350535218
    0.091806023    1.672596394  -28.682067770 -2023.939550927   89.919021791
    0.098772895    1.672596394  -44.711229422 -2555.801424401  180.615137721
    0.105739768    1.672596394  -63.814098660 -2885.502158623  318.181433708
    0.112706640    1.672596394  -84.258299197 -2936.476444405  494.618579033
    0.119673512    1.672596394 -104.109394958 -2724.100336195  685.906258080
    0.126640385    1.672596394 -121.755195364 -2312.108483371  857.775820989
    0.133607257    1.672596394 -136.000321836 -1755.651661544  983.662756212
    0.140574129    1.672596394 -145.943250813 -1079.786685356 1051.869085935
    0.147541002    1.672596394 -150.800571552 -300.591720073 1072.894563460
    0.154507874    1.672596394 -150.008091880  529.719996171 1064.161650008
    0.161474746    1.672596394 -143.553189320 1303.510313158 1038.926901097
    0.168441618    1.672596394 -132.272203064 1896.623808472 1004.544550188
    0.175408491    1.672596394 -117.729909926 2233.153257605  961.272329047
    0.182375363    1.672596394 -101.729445138 2323.500468624  910.396701229
    0.189342235    1.672596394  -85.755403430 2242.838013506  853.881080636
    0.196309108    1.672596394  -70.648844289 2086.189595523  793.580736616
    0.203275980    1.672596394  -56.752683476 1900.595463581  725.069668518
    0.210242852    1.672596394  -44.177867514 1706.520287700  642.490012412
    0.217209725    1.672596394  -33.031084118 1489.255727367  542.485631225
    0.224176597    1.672596394  -23.480941835 1246.669233599  430.607346047
    0.231143469    1.672596394  -15.703407776  983.214872893  316.756619908
    0.238110342    1.672596394   -9.774830164  721.377875102  213.726462857
    0.245077214    1.672596394   -5.595208450  484.980235185  131.148787074
    0.252044086    1.672596394   -2.903498144  296.372617281   72.635890270
    0.259010958    1.672596394   -1.344042614  160.681901069   36.330422756
    0.265977831    1.672596394   -0.542144134   77.393411408   16.290825831
    0.272944703    1.672596394   -0.174097943   32.793565679    6.275095336
    0.279911575    1.672596394   -0.035271075    9.816902314    1.755808443
    0.286878448    1.672596394   -0.003322896    1.462446212    0.252319220
    0.293845320    1.672596394   -0.000000000   -0.000000000   -0.000000000
    0.300812192    1.672596394   -0.000000000   -0.000000000   -0.000000000
    0.307779065    1.672596394   -0.000000000   -0.000000000   -0.000000000
    0.314745937    1.672596394   -0.000000000   -0.000000000   -0.000000000
    0.321712809    1.672596394   -0.000000000   -0.000000000   -0.000000000
    0.328679682    1.672596394   -0.000000000   -0.000000000   -0.000000000
    0.335646554    1.672596394   -0.000000000   -0.000000000   -0.000000000
    0.342613426    1.672596394   -0.000000000   -0.000000000   -0.000000000
    0.349580298    1.672596394   -0.000000000   -0.000000000   -0.000000000
    0.356547171    1.672596394   -0.000000000   -0.000000000   -0.000000000
    0.363514043    1.672596394   -0.000000000   -0.000000000   -0.000000000
    0.370480915    1.672596394   -0.000000000   -0.000000000   -0.000000000
    0.377447788    1.672596394   -0.000000000   -0.000000000   -0.000000000
    0.384414660    1.672596394   -0.000000000   -0.000000000   -0.000000000
    0.391381532    1.672596394   -0.000000000   -0.000000000   -0.000000000
    0.398348405    1.672596394   -0.000000000   -0.000000000   -0.000000000
    0.405315277    1.672596394   -0.000000000   -0.000000000   -0.000000000
    0.412282149    1.672596394   -0.000000000   -0.000000000   -0.000000000
    0.419249022    1.672596394   -0.000000000   -0.000000000   -0.000000000
    0.426215894    1.672596394   -0.000000000   -0.000000000   -0.000000000
    0.433182766    1.672596394   -0.000000000   -0.000000000   -0.000000000
    0.440149638    1.672596394   -0.000000000   -0.000000000   -0.000000000
    0.447116511    1.672596394   -0.000000000   -0.000000000   -0.000000000
    0.454083383    1.672596394   -0.000000000   -0.000000000   -0.000000000
    0.461050255    1.672596394   -0.000000000   -0.000000000   -0.000000000
    0.468017128    1.672596394   -0.000000000   -0.000000000   -0.000000000
    0.474984000    1.672596394   -0.000000000   -0.000000000   -0.000000000

    0.022137300    1.690243211   -0.000000000   -0.000000000   -0.000000000
    0.029104172    1.690243211   -0.000000000   -0.000000000   -0.000000000
    0.036071045    1.690243211   -0.000000000   -0.000000000   -0.000000000
    0.043037917    1.690243211   -0.011168287   -5.296769657    0.028499113
    0.050004789    1.690243211   -0.131426873  -34.105419893    0.053850261
    0.056971662    1.690243211   -0.559776803  -96.090932846   -0.121242955
    0.063938534    1.690243211   -1.630380889 -225.686636004    0.649181767
    0.070905406    1.690243211   -3.960312295 -465.478527696    4.964942449
    0.077872278    1.690243211   -8.439332208 -842.722370771   17.207033457
    0.084839151    1.690243211  -15.974785869 -1335.611178916   42.157690423
    0.091806023    1.690243211  -27.122296812 -1861.221055879   89.749423574
    0.098772895    1.690243211  -41.685958768 -2293.772552042  166.332741760
    0.105739768    1.690243211  -58.605642273 -2524.259686719  276.835214084
    0.112706640    1.690243211  -76.284645084 -2512.052324114  413.598507962
    0.119673512    1.690243211  -93.149311864 -2303.011598348  559.767917598
    0.126640385    1.690243211 -108.084207172 -1966.245705642  693.408083951
    0.133607257    1.690243211 -120.311978021 -1526.076454465  795.088923510
    0.140574129    1.690243211 -129.069803845 -965.611736465  859.161258872
    0.147541002    1.690243211 -133.445028413 -269.047046828  890.796234286
    0.154507874    1.690243211 -132.615121144  513.278013842  900.435589875
    0.161474746    1.690243211 -126.374554303 1259.420990981  898.265411100
    0.168441618    1.690243211 -115.488580552 1827.557582046  885.977896138
    0.175408491    1.690243211 -101.511434129 2140.576520631  863.016807552
    0.182375363    1.690243211  -86.242376279 2206.622808705  830.224699305
    0.189342235    1.690243211  -71.153574822 2105.465812641  786.041885666
    0.196309108    1.690243211  -57.086514950 1924.039731268  729.495757631
    0.203275980    1.690243211  -44.439933652 1703.354327139  657.857383296
    0.210242852    1.690243211  -33.389659079 1465.975255616  569.996312981
    0.217209725    1.690243211  -24.045515076 1215.369852299  467.734732823
    0.224176597    1.690243211  -16.455336537  963.490392768  360.170964614
    0.231143469    1.690243211  -10.604918504  717.951315732  257.212040062
    0.238110342    1.690243211   -6.377743948  501.053279687  169.185269710
    0.245077214    1.690243211   -3.532544491  322.804536250  101.482632164
    0.252044086    1.690243211   -1.770929411  190.149168723   55.101542919
    0.259010958    1.690243211   -0.783556119   99.436205627   26.838596633
    0.265977831    1.690243211   -0.294660562   46.172736745   11.686829984
    0.272944703    1.690243211   -0.081200195   18.263863317    4.218872204
    0.279911575    1.690243211   -0.011087268    3.910237020    0.904047036
    0.286878448    1.690243211   -0.000610239    0.334435807    0.071537363
    0.293845320    1.690243211   -0.000000000   -0.000000000   -0.000000000
    0.300812192    1.690243211   -0.000000000   -0.000000000   -0.000000000
    0.307779065    1.690243211   -0.000000000   -0.000000000   -0.000000000
    0.314745937    1.690243211   -0.000000000   -0.000000000   -0.000000000
    0.321712809    1.690243211   -0.000000000   -0.000000000   -0.000000000
    0.328679682    1.690243211   -0.000000000   -0.000000000   -0.000000000
    0.335646554    1.690243211   -0.000000000   -0.000000000   -0.000000000
    0.342613426    1.690243211   -0.000000000   -0.000000000   -0.000000000
    0.349580298    1.690243211   -0.000000000   -0.000000000   -0.000000000
    0.356547171    1.690243211   -0.000000000   -0.000000000   -0.000000000
    0.363514043    1.690243211   -0.000000000   -0.000000000   -0.000000000
    0.370480915    1.690243211   -0.000000000   -0.000000000   -0.000000000
    0.377447788    1.690243211   -0.000000000   -0.000000000   -0.000000000
    0.384414660    1.690243211   -0.000000000   -0.000000000   -0.000000000
    0.391381532    1.690243211   -0.000000000   -0.000000000   -0.000000000
    0.398348405    1.690243211   -0.000000000   -0.000000000   -0.000000000
    0.405315277    1.690243211   -0.000000000   -0.000000000   -0.000000000
    0.412282149    1.690243211   -0.000000000   -0.000000000   -0.000000000
    0.419249022    1.690243211   -0.000000000   -0.000000000   -0.000000000
    0.426215894    1.690243211   -0.000000000   -0.000000000   -0.000000000
    0.433182766    1.690243211   -0.000000000   -0.000000000   -0.000000000
    0.440149638    1.690243211   -0.000000000   -0.000000000   -0.000000000
    0.447116511    1.690243211   -0.000000000   -0.000000000   -0.000000000
    0.454083383    1.690243211   -0.000000000   -0.000000000   -0.000000000
    0.461050255    1.690243211   -0.000000000   -0.000000000   -0.000000000
    0.468017128    1.690243211   -0.000000000   -0.000000000   -0.000000000
    0.474984000    1.690243211   -0.000000000   -0.000000000   -0.000000000

    0.022137300    1.707890028   -0.000000000   -0.000000000   -0.000000000
    0.029104172    1.707890028   -0.000000000   -0.000000000   -0.000000000
    0.036071045    1.707890028   -0.000000000   -0.000000000   -0.000000000
    0.043037917    1.707890028   -0.010154867   -5.035760021    0.104145306
    0.050004789    1.707890028   -0.126499978  -33.242923911    0.410915040
    0.056971662    1.707890028   -0.546027312  -94.556576517    1.649010409
    0.063938534    1.707890028   -1.585799654 -217.584093499    4.430180217
    0.070905406    1.707890028   -3.812518183 -442.477275141   11.705120321
    0.077872278    1.707890028   -8.050925649 -793.652438034   27.222956337
    0.084839151    1.707890028  -15.114408508 -1245.008881742   56.182573646
    0.091806023    1.707890028  -25.436914592 -1712.334432516  102.816526971
    0.098772895    1.707890028  -38.732591511 -2077.148370995  169.869276483
    0.105739768    1.707890028  -53.921562396 -2246.578888795  256.591816832
    0.112706640    1.707890028  -69.524253009 -2200.577045726  356.244724575
    0.119673512    1.707890028  -84.207736766 -1996.052514837  457.230723386
    0.126640385    1.707890028  -97.156291775 -1708.861551386  549.102773558
    0.133607257    1.707890028 -107.844957305 -1343.966841474  620.735436355
    0.140574129    1.707890028 -115.603550519 -858.489659736  668.899657684
    0.147541002    1.707890028 -119.439802172 -218.076446769  696.705438980
    0.154507874    1.707890028 -118.387869382  528.843337878  708.555531912
    0.161474746    1.707890028 -112.135963997 1248.680968638  709.604610040
    0.168441618    1.707890028 -101.396634532 1795.408050801  702.167682694
    0.175408491    1.707890028  -87.726287521 2084.326984271  687.292456688
    0.182375363    1.707890028  -72.938853692 2124.064438710  664.756220798
    0.189342235    1.707890028  -58.526027907 1992.667956963  632.683064724
    0.196309108    1.707890028  -45.378048817 1770.811377007  586.553437143
    0.203275980    1.707890028  -33.931302489 1510.465974971  524.339774167
    0.210242852    1.707890028  -24.369331605 1233.480201984  446.301198848
    0.217209725    1.707890028  -16.728791933  962.347634237  357.642239301
    0.224176597    1.707890028  -10.902153584  714.633467918  267.734126073
    0.231143469    1.707890028   -6.696865215  499.194893915  185.085663700
    0.238110342    1.707890028   -3.841937612  327.642922940  118.323867621
    0.245077214    1.707890028   -2.029683729  199.976740630   69.260840895
    0.252044086    1.707890028   -0.962041592  112.394208282   36.831456774
    0.259010958    1.707890028   -0.395285550   55.562934033   17.276929344
    0.265977831    1.707890028   -0.130576032   23.962289188    7.098254138
    0.272944703    1.707890028   -0.025509392    7.571952666    2.126053926
    0.279911575    1.707890028   -0.002104768    0.965176138    0.279890972
    0.286878448    1.707890028   -0.000000000   -0.000000000   -0.000000000
    0.293845320    1.707890028   -0.000000000   -0.000000000   -0.000000000
    0.300812192    1.707890028   -0.000000000   -0.000000000   -0.000000000
    0.307779065    1.707890028   -0.000000000   -0.000000000   -0.000000000
    0.314745937    1.707890028   -0.000000000   -0.000000000   -0.000000000
    0.321712809    1.707890028   -0.000000000   -0.000000000   -0.000000000
    0.328679682    1.707890028   -0.000000000   -0.000000000   -0.000000000
    0.335646554    1.707890028   -0.000000000   -0.000000000   -0.000000000
    0.342613426    1.707890028   -0.000000000   -0.000000000   -0.000000000
    0.349580298    1.707890028   -0.000000000   -0.000000000   -0.000000000
    0.356547171    1.707890028   -0.000000000   -0.000000000   -0.000000000
    0.363514043    1.707890028   -0.000000000   -0.000000000   -0.000000000
    0.370480915    1.707890028   -0.000000000   -0.000000000   -0.000000000
    0.377447788    1.707890028   -0.000000000   -0.000000000   -0.000000000
    0.384414660    1.707890028   -0.000000000   -0.000000000   -0.000000000
    0.391381532    1.707890028   -0.000000000   -0.000000000   -0.000000000
    0.398348405    1.707890028   -0.000000000   -0.000000000   -0.000000000
    0.405315277    1.707890028   -0.000000000   -0.000000000   -0.000000000
    0.412282149    1.707890028   -0.000000000   -0.000000000   -0.000000000
    0.419249022    1.707890028   -0.000000000   -0.000000000   -0.000000000
    0.426215894    1.707890028   -0.000000000   -0.000000000   -0.000000000
    0.433182766    1.707890028   -0.000000000   -0.000000000   -0.000000000
    0.440149638    1.707890028   -0.000000000   -0.000000000   -0.000000000
    0.447116511    1.707890028   -0.000000000   -0.000000000   -0.000000000
    0.454083383    1.707890028   -0.000000000   -0.000000000   -0.000000000
    0.461050255    1.707890028   -0.000000000   -0.000000000   -0.000000000
    0.468017128    1.707890028   -0.000000000   -0.000000000   -0.000000000
    0.474984000    1.707890028   -0.000000000   -0.000000000   -0.000000000

    0.022137300    1.725536845   -0.000000000   -0.000000000   -0.000000000
    0.029104172    1.725536845   -0.000000000   -0.000000000   -0.000000000
    0.036071045    1.725536845   -0.000000000   -0.000000000   -0.000000000
    0.043037917    1.725536845   -0.008104783   -4.421486280    0.096923709
    0.050004789    1.725536845   -0.114827737  -30.318978094    0.906445555
    0.056971662    1.725536845   -0.502642382  -88.181328248    3.206153123
    0.063938534    1.725536845   -1.474879356 -203.052370527    7.957587526
    0.070905406    1.725536845   -3.548152350 -410.825870124   18.074837138
    0.077872278    1.725536845   -7.469229511 -734.557540117   38.346755083
    0.084839151    1.725536845  -13.986884043 -1146.756869622   71.347304193
    0.091806023    1.725536845  -23.474938933 -1570.089902641  119.315511901
    0.098772895    1.725536845  -35.647786471 -1897.299144517  179.677588806
    0.105739768    1.725536845  -49.481729632 -2039.306954952  247.873430603
    0.112706640    1.725536845  -63.610655268 -1987.452284004  316.226781722
    0.119673512    1.725536845  -76.865029889 -1801.365174619  378.174868170
    0.126640385    1.725536845  -88.559923608 -1547.515982701  429.480822264
    0.133607257    1.725536845  -98.274576742 -1226.374928795  468.375584501
    0.140574129    1.725536845 -105.370681504 -785.393712133  494.960306841
    0.147541002    1.725536845 -108.832595982 -182.361934340  508.235103495
    0.154507874    1.725536845 -107.646350177  532.780314824  510.285307669
    0.161474746    1.725536845 -101.450135244 1229.398551181  501.360757909
    0.168441618    1.725536845  -90.901835271 1761.366207306  486.579232373
    0.175408491    1.725536845  -77.504463441 2040.689818928  469.476563709
    0.182375363    1.725536845  -63.053513094 2069.710928091  453.153669444
    0.189342235    1.725536845  -49.097122164 1913.348620280  433.105667905
    0.196309108    1.725536845  -36.620598598 1657.233703692  403.503073496
    0.203275980    1.725536845  -26.111656897 1356.490770554  360.881453908
    0.210242852    1.725536845  -17.742981606 1048.022009363  305.190522848
    0.217209725    1.725536845  -11.454022229  763.197602876  241.093662588
    0.224176597    1.725536845   -7.006401814  522.199271012  175.910237363
    0.231143469    1.725536845   -4.036023600  339.562421719  118.683371004
    0.238110342    1.725536845   -2.160066085  206.416585600   73.932544350
    0.245077214    1.725536845   -1.055874453  117.183141888   42.129397870
    0.252044086    1.725536845   -0.454746891   60.026141732   21.440173617
    0.259010958    1.725536845   -0.160975593   27.798684231    9.739368392
    0.265977831    1.725536845   -0.038213410    9.959065151    3.402133050
    0.272944703    1.725536845   -0.003536487    1.488371456    0.511897277
    0.279911575    1.725536845   -0.000000000   -0.000000000   -0.000000000
    0.286878448    1.725536845   -0.000000000   -0.000000000   -0.000000000
    0.293845320    1.725536845   -0.000000000   -0.000000000   -0.000000000
    0.300812192    1.725536845   -0.000000000   -0.000000000   -0.000000000
    0.307779065    1.725536845   -0.000000000   -0.000000000   -0.000000000
    0.314745937    1.725536845   -0.000000000   -0.000000000   -0.000000000
    0.321712809    1.725536845   -0.000000000   -0.000000000   -0.000000000
    0.328679682    1.725536845   -0.000000000   -0.000000000   -0.000000000
    0.335646554    1.725536845   -0.000000000   -0.000000000   -0.000000000
    0.342613426    1.725536845   -0.000000000   -0.000000000   -0.000000000
    0.349580298    1.725536845   -0.000000000   -0.000000000   -0.000000000
    0.356547171    1.725536845   -0.000000000   -0.000000000   -0.000000000
    0.363514043    1.725536845   -0.000000000   -0.000000000   -0.000000000
    0.370480915    1.725536845   -0.000000000   -0.000000000   -0.000000000
    0.377447788    1.725536845   -0.000000000   -0.000000000   -0.000000000
    0.384414660    1.725536845   -0.000000000   -0.000000000   -0.000000000
    0.391381532    1.725536845   -0.000000000   -0.000000000   -0.000000000
    0.398348405    1.725536845   -0.000000000   -0.000000000   -0.000000000
    0.405315277    1.725536845   -0.000000000   -0.000000000   -0.000000000
    0.412282149    1.725536845   -0.000000000   -0.000000000   -0.000000000
    0.419249022    1.725536845   -0.000000000   -0.000000000   -0.000000000
    0.426215894    1.725536845   -0.000000000   -0.000000000   -0.000000000
    0.433182766    1.725536845   -0.000000000   -0.000000000   -0.000000000
    0.440149638    1.725536845   -0.000000000   -0.000000000   -0.000000000
    0.447116511    1.725536845   -0.000000000   -0.000000000   -0.000000000
    0.454083383    1.725536845   -0.000000000   -0.000000000   -0.000000000
    0.461050255    1.725536845   -0.000000000   -0.000000000   -0.000000000
    0.468017128    1.725536845   -0.000000000   -0.000000000   -0.000000000
    0.474984000    1.725536845   -0.000000000   -0.000000000   -0.000000000

    0.022137300    1.743183662   -0.000000000   -0.000000000   -0.000000000
    0.029104172    1.743183662   -0.000000000   -0.000000000   -0.000000000
    0.036071045    1.743183662   -0.000000000   -0.000000000   -0.000000000
    0.043037917    1.743183662   -0.006373883   -3.626066223    0.087999717
    0.050004789    1.743183662   -0.096492948  -26.313193334    1.138993454
    0.056971662    1.743183662   -0.437158020  -78.070280319    4.141610717
    0.063938534    1.743183662   -1.309407407 -183.714688258   10.530236384
    0.070905406    1.743183662   -3.181104660 -370.113507887   23.195100585
    0.077872278    1.743183662   -6.713491309 -662.826859115   46.987369714
    0.084839151    1.743183662  -12.613512018 -1041.260735926   82.973019371
    0.091806023    1.743183662  -21.254682360 -1433.701726614  131.707992811
    0.098772895    1.743183662  -32.401309040 -1744.161831806  187.676898850
    0.105739768    1.743183662  -45.161133050 -1888.274197718  242.359005461
    0.112706640    1.743183662  -58.302776610 -1858.001865744  286.226830014
    0.119673512    1.743183662  -70.757218542 -1701.406029260  316.222312488
    0.126640385    1.743183662  -81.849593823 -1473.571048425  334.584458817
    0.133607257    1.743183662  -91.135384077 -1177.144557318  345.505577865
    0.140574129    1.743183662  -97.962331836 -757.676173192  351.095711688
    0.147541002    1.743183662 -101.318724460 -180.535031916  350.146218531
    0.154507874    1.743183662 -100.211383228  508.418183627  340.741837230
    0.161474746    1.743183662  -94.260518105 1185.296508697  322.771626575
    0.168441618    1.743183662  -84.050539493 1710.304809875  299.982403704
    0.175408491    1.743183662  -70.990255021 1996.058771028  278.839343546
    0.182375363    1.743183662  -56.820324654 2030.926298430  262.348003888
    0.189342235    1.743183662  -43.145646585 1870.059377907  250.888625225
    0.196309108    1.743183662  -31.035035785 1591.928805766  237.486130548
    0.203275980    1.743183662  -21.088496521 1259.201511256  215.551482790
    0.210242852    1.743183662  -13.489475906  925.320103608  182.646283030
    0.217209725    1.743183662   -8.108912573  627.769199145  142.699931567
    0.224176597    1.743183662   -4.583604418  395.946334036  102.837144474
    0.231143469    1.743183662   -2.415232728  236.205889517   68.069965178
    0.238110342    1.743183662   -1.165186768  130.896146297   41.126327213
    0.245077214    1.743183662   -0.495901350   66.384791480   22.736512800
    0.252044086    1.743183662   -0.175736474   30.091549891   10.950124245
    0.259010958    1.743183662   -0.041962301    9.927252049    3.983077366
    0.265977831    1.743183662   -0.005144351    2.353676411    0.889100991
    0.272944703    1.743183662   -0.000000000   -0.000000000   -0.000000000
    0.279911575    1.743183662   -0.000000000   -0.000000000   -0.000000000
    0.286878448    1.743183662   -0.000000000   -0.000000000   -0.000000000
    0.293845320    1.743183662   -0.000000000   -0.000000000   -0.000000000
    0.300812192    1.743183662   -0.000000000   -0.000000000   -0.000000000
    0.307779065    1.743183662   -0.000000000   -0.000000000   -0.000000000
    0.314745937    1.743183662   -0.000000000   -0.000000000   -0.000000000
    0.321712809    1.743183662   -0.000000000   -0.000000000   -0.000000000
    0.328679682    1.743183662   -0.000000000   -0.000000000   -0.000000000
    0.335646554    1.743183662   -0.000000000   -0.000000000   -0.000000000
    0.342613426    1.743183662   -0.000000000   -0.000000000   -0.000000000
    0.349580298    1.743183662   -0.000000000   -0.000000000   -0.000000000
    0.356547171    1.743183662   -0.000000000   -0.000000000   -0.000000000
    0.363514043    1.743183662   -0.000000000   -0.000000000   -0.000000000
    0.370480915    1.743183662   -0.000000000   -0.000000000   -0.000000000
    0.377447788    1.743183662   -0.000000000   -0.000000000   -0.000000000
    0.384414660    1.743183662   -0.000000000   -0.000000000   -0.000000000
    0.391381532    1.743183662   -0.000000000   -0.000000000   -0.000000000
    0.398348405    1.743183662   -0.000000000   -0.000000000   -0.000000000
    0.405315277    1.743183662   -0.000000000   -0.000000000   -0.000000000
    0.412282149    1.743183662   -0.000000000   -0.000000000   -0.000000000
    0.419249022    1.743183662   -0.000000000   -0.000000000   -0.000000000
    0.426215894    1.743183662   -0.000000000   -0.000000000   -0.000000000
    0.433182766    1.743183662   -0.000000000   -0.000000000   -0.000000000
    0.440149638    1.743183662   -0.000000000   -0.000000000   -0.000000000
    0.447116511    1.743183662   -0.000000000   -0.000000000   -0.000000000
    0.454083383    1.743183662   -0.000000000   -0.000000000   -0.000000000
    0.461050255    1.743183662   -0.000000000   -0.000000000   -0.000000000
    0.468017128    1.743183662   -0.000000000   -0.000000000   -0.000000000
    0.474984000    1.743183662   -0.000000000   -0.000000000   -0.000000000

    0.022137300    1.760830479   -0.000000000   -0.000000000   -0.000000000
    0.029104172    1.760830479   -0.000000000   -0.000000000   -0.000000000
    0.036071045    1.760830479   -0.000000000   -0.000000000   -0.000000000
    0.043037917    1.760830479   -0.004725101   -2.920246999    0.098662209
    0.050004789    1.760830479   -0.075743379  -21.427976146    1.241954999
    0.056971662    1.760830479   -0.359565900  -66.230675183    4.547781619
    0.063938534    1.760830479   -1.110594389 -158.893448122   11.830780031
    0.070905406    1.760830479   -2.740112799 -323.573259740   26.399032629
    0.077872278    1.760830479   -5.839974735 -583.941626467   51.383072938
    0.084839151    1.760830479  -11.083198576 -930.521223000   89.411362180
    0.091806023    1.760830479  -18.864754803 -1300.896505221  138.015119649
    0.098772895    1.760830479  -29.060644464 -1608.280787958  190.059537374
    0.105739768    1.760830479  -40.950088495 -1779.403741373  234.075062641
    0.112706640    1.760830479  -53.480796392 -1791.889515027  260.953015094
    0.119673512    1.760830479  -65.614161210 -1673.788483798  268.519027913
    0.126640385    1.760830479  -76.605533402 -1468.524858932  263.454309359
    0.133607257    1.760830479  -85.885498303 -1178.441692470  255.670403205
    0.140574129    1.760830479  -92.731280971 -762.309214912  249.536217645
    0.147541002    1.760830479  -96.155679906 -197.623614245  244.859776053
    0.154507874    1.760830479  -95.234258672  471.367380140  236.087971187
    0.161474746    1.760830479  -89.610333915 1129.894547506  219.570167975
    0.168441618    1.760830479  -79.815011051 1650.063481027  198.168712302
    0.175408491    1.760830479  -67.144509813 1946.222970430  175.733912116
    0.182375363    1.760830479  -53.264836214 1999.706700541  159.533976319
    0.189342235    1.760830479  -39.762075837 1848.887124882  149.148722313
    0.196309108    1.760830479  -27.829623886 1559.704884219  139.154150061
    0.203275980    1.760830479  -18.182658397 1204.589714594  124.115178605
    0.210242852    1.760830479  -11.038371166  850.558166500  103.201534753
    0.217209725    1.760830479   -6.205201288  548.173373854   79.192519966
    0.224176597    1.760830479   -3.222342662  322.972453036   55.702992324
    0.231143469    1.760830479   -1.525588839  175.705327806   35.612607831
    0.238110342    1.760830479   -0.635554703   88.154949586   20.636965769
    0.245077214    1.760830479   -0.213334494   37.863709347   10.208340016
    0.252044086    1.760830479   -0.049995179   12.485245662    3.660088353
    0.259010958    1.760830479   -0.005617749    2.251249551    0.797869802
    0.265977831    1.760830479   -0.000000000   -0.000000000   -0.000000000
    0.272944703    1.760830479   -0.000000000   -0.000000000   -0.000000000
    0.279911575    1.760830479   -0.000000000   -0.000000000   -0.000000000
    0.286878448    1.760830479   -0.000000000   -0.000000000   -0.000000000
    0.293845320    1.760830479   -0.000000000   -0.000000000   -0.000000000
    0.300812192    1.760830479   -0.000000000   -0.000000000   -0.000000000
    0.307779065    1.760830479   -0.000000000   -0.000000000   -0.000000000
    0.314745937    1.760830479   -0.000000000   -0.000000000   -0.000000000
    0.321712809    1.760830479   -0.000000000   -0.000000000   -0.000000000
    0.328679682    1.760830479   -0.000000000   -0.000000000   -0.000000000
    0.335646554    1.760830479   -0.000000000   -0.000000000   -0.000000000
    0.342613426    1.760830479   -0.000000000   -0.000000000   -0.000000000
    0.349580298    1.760830479   -0.000000000   -0.000000000   -0.000000000
    0.356547171    1.760830479   -0.000000000   -0.000000000   -0.000000000
    0.363514043    1.760830479   -0.000000000   -0.000000000   -0.000000000
    0.370480915    1.760830479   -0.000000000   -0.000000000   -0.000000000
    0.377447788    1.760830479   -0.000000000   -0.000000000   -0.000000000
    0.384414660    1.760830479   -0.000000000   -0.000000000   -0.000000000
    0.391381532    1.760830479   -0.000000000   -0.000000000   -0.000000000
    0.398348405    1.760830479   -0.000000000   -0.000000000   -0.000000000
    0.405315277    1.760830479   -0.000000000   -0.000000000   -0.000000000
    0.412282149    1.760830479   -0.000000000   -0.000000000   -0.000000000
    0.419249022    1.760830479   -0.000000000   -0.000000000   -0.000000000
    0.426215894    1.760830479   -0.000000000   -0.000000000   -0.000000000
    0.433182766    1.760830479   -0.000000000   -0.000000000   -0.000000000
    0.440149638    1.760830479   -0.000000000   -0.000000000   -0.000000000
    0.447116511    1.760830479   -0.000000000   -0.000000000   -0.000000000
    0.454083383    1.760830479   -0.000000000   -0.000000000   -0.000000000
    0.461050255    1.760830479   -0.000000000   -0.000000000   -0.000000000
    0.468017128    1.760830479   -0.000000000   -0.000000000   -0.000000000
    0.474984000    1.760830479   -0.000000000   -0.000000000   -0.000000000

    0.022137300    1.778477296   -0.000000000   -0.000000000   -0.000000000
    0.029104172    1.778477296   -0.000000000   -0.000000000   -0.000000000
    0.036071045    1.778477296   -0.000000000   -0.000000000   -0.000000000
    0.043037917    1.778477296   -0.002786882   -1.983646997    0.095864284
    0.050004789    1.778477296   -0.056248729  -15.633251086    1.051808059
    0.056971662    1.778477296   -0.277514879  -54.243276740    4.599777120
    0.063938534    1.778477296   -0.897966617 -132.041357038   12.090059827
    0.070905406    1.778477296   -2.265526503 -274.650237285   26.935475748
    0.077872278    1.778477296   -4.925001193 -503.842775347   52.029825506
    0.084839151    1.778477296   -9.491723823 -818.892193408   89.819152696
    0.091806023    1.778477296  -16.421872710 -1172.024173090  137.260023221
    0.098772895    1.778477296  -25.735819735 -1489.476096403  185.391907012
    0.105739768    1.778477296  -36.923575568 -1700.022485250  221.660747213
    0.112706640    1.778477296  -49.085641775 -1766.489097934  237.140452164
    0.119673512    1.778477296  -61.217042706 -1694.842719368  230.918213787
    0.126640385    1.778477296  -72.431939272 -1506.382639814  212.434186359
    0.133607257    1.778477296  -81.947549434 -1204.897504027  195.827019413
    0.140574129    1.778477296  -88.907409794 -769.108280306  190.370647100
    0.147541002    1.778477296  -92.340438608 -195.809126948  196.660038538
    0.154507874    1.778477296  -91.437242848  461.371459222  205.457274956
    0.161474746    1.778477296  -85.953385442 1099.767301719  208.829660007
    0.168441618    1.778477296  -76.429078479 1604.027831515  202.007669739
    0.175408491    1.778477296  -64.097698616 1897.056261439  186.090469761
    0.182375363    1.778477296  -50.542018670 1956.207963981  165.088498250
    0.189342235    1.778477296  -37.318641810 1809.840821778  141.726941618
    0.196309108    1.778477296  -25.666895281 1515.964600331  117.731436096
    0.203275980    1.778477296  -16.346328300 1155.266872123   93.698485253
    0.210242852    1.778477296   -9.570317023  795.609428625   70.030364405
    0.217209725    1.778477296   -5.123086177  493.726633852   48.342205039
    0.224176597    1.778477296   -2.487179043  277.024541508   30.574248979
    0.231143469    1.778477296   -1.074249709  140.221042907   17.359874863
    0.238110342    1.778477296   -0.392617810   63.743827561    8.535348954
    0.245077214    1.778477296   -0.104998644   23.408895050    3.115963099
    0.252044086    1.778477296   -0.016119980    5.158758227    0.715553885
    0.259010958    1.778477296   -0.000608596    0.488355902    0.081099322
    0.265977831    1.778477296   -0.000000000   -0.000000000   -0.000000000
    0.272944703    1.778477296   -0.000000000   -0.000000000   -0.000000000
    0.279911575    1.778477296   -0.000000000   -0.000000000   -0.000000000
    0.286878448    1.778477296   -0.000000000   -0.000000000   -0.000000000
    0.293845320    1.778477296   -0.000000000   -0.000000000   -0.000000000
    0.300812192    1.778477296   -0.000000000   -0.000000000   -0.000000000
    0.307779065    1.778477296   -0.000000000   -0.000000000   -0.000000000
    0.314745937    1.778477296   -0.000000000   -0.000000000   -0.000000000
    0.321712809    1.778477296   -0.000000000   -0.000000000   -0.000000000
    0.328679682    1.778477296   -0.000000000   -0.000000000   -0.000000000
    0.335646554    1.778477296   -0.000000000   -0.000000000   -0.000000000
    0.342613426    1.778477296   -0.000000000   -0.000000000   -0.000000000
    0.349580298    1.778477296   -0.000000000   -0.000000000   -0.000000000
    0.356547171    1.778477296   -0.000000000   -0.000000000   -0.000000000
    0.363514043    1.778477296   -0.000000000   -0.000000000   -0.000000000
    0.370480915    1.778477296   -0.000000000   -0.000000000   -0.000000000
    0.377447788    1.778477296   -0.000000000   -0.000000000   -0.000000000
    0.384414660    1.778477296   -0.000000000   -0.000000000   -0.000000000
    0.391381532    1.778477296   -0.000000000   -0.000000000   -0.000000000
    0.398348405    1.778477296   -0.000000000   -0.000000000   -0.000000000
    0.405315277    1.778477296   -0.000000000   -0.000000000   -0.000000000
    0.412282149    1.778477296   -0.000000000   -0.000000000   -0.000000000
    0.419249022    1.778477296   -0.000000000   -0.000000000   -0.000000000
    0.426215894    1.778477296   -0.000000000   -0.000000000   -0.000000000
    0.433182766    1.778477296   -0.000000000   -0.000000000   -0.000000000
    0.440149638    1.778477296   -0.000000000   -0.000000000   -0.000000000
    0.447116511    1.778477296   -0.000000000   -0.000000000   -0.000000000
    0.454083383    1.778477296   -0.000000000   -0.000000000   -0.000000000
    0.461050255    1.778477296   -0.000000000   -0.000000000   -0.000000000
    0.468017128    1.778477296   -0.000000000   -0.000000000   -0.000000000
    0.474984000    1.778477296   -0.000000000   -0.000000000   -0.000000000

    0.022137300    1.796124113   -0.000000000   -0.000000000   -0.000000000
    0.029104172    1.796124113   -0.000000000   -0.000000000   -0.000000000
    0.036071045    1.796124113   -0.000000000   -0.000000000   -0.000000000
    0.043037917    1.796124113   -0.001474217   -1.118619824    0.070277994
    0.050004789    1.796124113   -0.038053781  -11.122241594    1.004288483
    0.056971662    1.796124113   -0.202237600  -41.024875906    3.828055009
    0.063938534    1.796124113   -0.690368626 -105.739184327   11.272366884
    0.070905406    1.796124113   -1.804516344 -226.559749117   25.134071808
    0.077872278    1.796124113   -4.027555505 -425.642977080   49.060158327
    0.084839151    1.796124113   -7.940109277 -710.679578822   85.093403992
    0.091806023    1.796124113  -14.061911397 -1050.751136922  129.192521460
    0.098772895    1.796124113  -22.570921227 -1384.084866700  172.610375481
    0.105739768    1.796124113  -33.165538318 -1638.968317161  203.367112995
    0.112706640    1.796124113  -45.113087643 -1765.621307523  212.640396227
    0.119673512    1.796124113  -57.417733325 -1741.026240410  200.719547002
    0.126640385    1.796124113  -69.011363768 -1561.992305230  178.271966703
    0.133607257    1.796124113  -78.826999148 -1230.335467992  162.290670490
    0.140574129    1.796124113  -85.805334131 -748.992838443  166.648042905
    0.147541002    1.796124113  -88.967738181 -142.631733871  192.250486406
    0.154507874    1.796124113  -87.663608946  518.084455124  228.746801194
    0.161474746    1.796124113  -81.864619424 1129.672515115  261.427628112
    0.168441618    1.796124113  -72.268112766 1594.155637789  277.029727322
    0.175408491    1.796124113  -60.144706806 1848.987652965  269.217805756
    0.182375363    1.796124113  -47.022431860 1882.680942025  241.158806918
    0.189342235    1.796124113  -34.365861860 1722.876071331  199.360863318
    0.196309108    1.796124113  -23.331255796 1427.979379064  152.834106601
    0.203275980    1.796124113  -14.609050216 1072.324056202  108.023889942
    0.210242852    1.796124113   -8.371820571  725.179924825   69.843189025
    0.217209725    1.796124113   -4.358795708  439.755658395   41.443124324
    0.224176597    1.796124113   -2.040421173  239.554929591   22.272471250
    0.231143469    1.796124113   -0.841626765  116.171150858   10.695021958
    0.238110342    1.796124113   -0.289088081   49.372658647    4.042031734
    0.245077214    1.796124113   -0.070523567   16.980466514    1.190887508
    0.252044086    1.796124113   -0.010451707    3.433053243    0.202864252
    0.259010958    1.796124113   -0.000302778    0.232829549    0.005915018
    0.265977831    1.796124113   -0.000000000   -0.000000000   -0.000000000
    0.272944703    1.796124113   -0.000000000   -0.000000000   -0.000000000
    0.279911575    1.796124113   -0.000000000   -0.000000000   -0.000000000
    0.286878448    1.796124113   -0.000000000   -0.000000000   -0.000000000
    0.293845320    1.796124113   -0.000000000   -0.000000000   -0.000000000
    0.300812192    1.796124113   -0.000000000   -0.000000000   -0.000000000
    0.307779065    1.796124113   -0.000000000   -0.000000000   -0.000000000
    0.314745937    1.796124113   -0.000000000   -0.000000000   -0.000000000
    0.321712809    1.796124113   -0.000000000   -0.000000000   -0.000000000
    0.328679682    1.796124113   -0.000000000   -0.000000000   -0.000000000
    0.335646554    1.796124113   -0.000000000   -0.000000000   -0.000000000
    0.342613426    1.796124113   -0.000000000   -0.000000000   -0.000000000
    0.349580298    1.796124113   -0.000000000   -0.000000000   -0.000000000
    0.356547171    1.796124113   -0.000000000   -0.000000000   -0.000000000
    0.363514043    1.796124113   -0.000000000   -0.000000000   -0.000000000
    0.370480915    1.796124113   -0.000000000   -0.000000000   -0.000000000
    0.377447788    1.796124113   -0.000000000   -0.000000000   -0.000000000
    0.384414660    1.796124113   -0.000000000   -0.000000000   -0.000000000
    0.391381532    1.796124113   -0.000000000   -0.000000000   -0.000000000
    0.398348405    1.796124113   -0.000000000   -0.000000000   -0.000000000
    0.405315277    1.796124113   -0.000000000   -0.000000000   -0.000000000
    0.412282149    1.796124113   -0.000000000   -0.000000000   -0.000000000
    0.419249022    1.796124113   -0.000000000   -0.000000000   -0.000000000
    0.426215894    1.796124113   -0.000000000   -0.000000000   -0.000000000
    0.433182766    1.796124113   -0.000000000   -0.000000000   -0.000000000
    0.440149638    1.796124113   -0.000000000   -0.000000000   -0.000000000
    0.447116511    1.796124113   -0.000000000   -0.000000000   -0.000000000
    0.454083383    1.796124113   -0.000000000   -0.000000000   -0.000000000
    0.461050255    1.796124113   -0.000000000   -0.000000000   -0.000000000
    0.468017128    1.796124113   -0.000000000   -0.000000000   -0.000000000
    0.474984000    1.796124113   -0.000000000   -0.000000000   -0.000000000

    0.022137300    1.813770930   -0.000000000   -0.000000000   -0.000000000
    0.029104172    1.813770930   -0.000000000   -0.000000000   -0.000000000
    0.036071045    1.813770930   -0.000000000   -0.000000000   -0.000000000
    0.043037917    1.813770930   -0.000714372   -0.491758520    0.034219489
    0.050004789    1.813770930   -0.021087398   -7.581076134    0.868231444
    0.056971662    1.813770930   -0.140449475  -30.043959477    3.207435857
    0.063938534    1.813770930   -0.505269615  -81.461224470    9.370605328
    0.070905406    1.813770930   -1.389489717 -182.627657806   21.790062425
    0.077872278    1.813770930   -3.209511780 -354.050287240   43.355757535
    0.084839151    1.813770930   -6.522094831 -610.926035752   75.357397493
    0.091806023    1.813770930  -11.899421133 -940.548224591  115.352024999
    0.098772895    1.813770930  -19.670857722 -1288.481899892  155.684065476
    0.105739768    1.813770930  -29.744436606 -1589.996047147  184.373210478
    0.112706640    1.813770930  -41.549593901 -1774.434845327  192.706202881
    0.119673512    1.813770930  -54.074240884 -1790.236428881  181.337226390
    0.126640385    1.813770930  -66.042787942 -1612.285003120  162.844390076
    0.133607257    1.813770930  -76.076528708 -1236.387661860  154.804387800
    0.140574129    1.813770930  -82.864258399 -687.355544605  171.884025413
    0.147541002    1.813770930  -85.392624653  -27.475899163  216.990094177
    0.154507874    1.813770930  -83.211593035  646.492427308  277.574420658
    0.161474746    1.813770930  -76.609635797 1224.367144429  333.693286465
    0.168441618    1.813770930  -66.577038734 1621.119265890  365.882325016
    0.175408491    1.813770930  -54.529820591 1801.147808910  364.319121653
    0.182375363    1.813770930  -41.966445360 1773.128705691  328.741985423
    0.189342235    1.813770930  -30.206655607 1579.814738991  269.124907541
    0.196309108    1.813770930  -20.202553914 1279.662100224  200.177257704
    0.203275980    1.813770930  -12.462607088  940.814485457  134.922614780
    0.210242852    1.813770930   -7.031598985  625.232344061   82.239092136
    0.217209725    1.813770930   -3.599245338  372.912103938   45.363195504
    0.224176597    1.813770930   -1.650735654  199.250248810   22.787649531
    0.231143469    1.813770930   -0.665805468   94.256183636    9.867326079
    0.238110342    1.813770930   -0.222975536   39.345831538    3.602708290
    0.245077214    1.813770930   -0.053250137   12.586080072    0.882059769
    0.252044086    1.813770930   -0.007420969    2.569755720    0.190895953
    0.259010958    1.813770930   -0.000127040    0.202463425    0.013414411
    0.265977831    1.813770930   -0.000000000   -0.000000000   -0.000000000
    0.272944703    1.813770930   -0.000000000   -0.000000000   -0.000000000
    0.279911575    1.813770930   -0.000000000   -0.000000000   -0.000000000
    0.286878448    1.813770930   -0.000000000   -0.000000000   -0.000000000
    0.293845320    1.813770930   -0.000000000   -0.000000000   -0.000000000
    0.300812192    1.813770930   -0.000000000   -0.000000000   -0.000000000
    0.307779065    1.813770930   -0.000000000   -0.000000000   -0.000000000
    0.314745937    1.813770930   -0.000000000   -0.000000000   -0.000000000
    0.321712809    1.813770930   -0.000000000   -0.000000000   -0.000000000
    0.328679682    1.813770930   -0.000000000   -0.000000000   -0.000000000
    0.335646554    1.813770930   -0.000000000   -0.000000000   -0.000000000
    0.342613426    1.813770930   -0.000000000   -0.000000000   -0.000000000
    0.349580298    1.813770930   -0.000000000   -0.000000000   -0.000000000
    0.356547171    1.813770930   -0.000000000   -0.000000000   -0.000000000
    0.363514043    1.813770930   -0.000000000   -0.000000000   -0.000000000
    0.370480915    1.813770930   -0.000000000   -0.000000000   -0.000000000
    0.377447788    1.813770930   -0.000000000   -0.000000000   -0.000000000
    0.384414660    1.813770930   -0.000000000   -0.000000000   -0.000000000
    0.391381532    1.813770930   -0.000000000   -0.000000000   -0.000000000
    0.398348405    1.813770930   -0.000000000   -0.000000000   -0.000000000
    0.405315277    1.813770930   -0.000000000   -0.000000000   -0.000000000
    0.412282149    1.813770930   -0.000000000   -0.000000000   -0.000000000
    0.419249022    1.813770930   -0.000000000   -0.000000000   -0.000000000
    0.426215894    1.813770930   -0.000000000   -0.000000000   -0.000000000
    0.433182766    1.813770930   -0.000000000   -0.000000000   -0.000000000
    0.440149638    1.813770930   -0.000000000   -0.000000000   -0.000000000
    0.447116511    1.813770930   -0.000000000   -0.000000000   -0.000000000
    0.454083383    1.813770930   -0.000000000   -0.000000000   -0.000000000
    0.461050255    1.813770930   -0.000000000   -0.000000000   -0.000000000
    0.468017128    1.813770930   -0.000000000   -0.000000000   -0.000000000
    0.474984000    1.813770930   -0.000000000   -0.000000000   -0.000000000

    0.022137300    1.831417746   -0.000000000   -0.000000000   -0.000000000
    0.029104172    1.831417746   -0.000000000   -0.000000000   -0.000000000
    0.036071045    1.831417746   -0.000000000   -0.000000000   -0.000000000
    0.043037917    1.831417746   -0.000321553   -0.192197482    0.021502208
    0.050004789    1.831417746   -0.008990125   -3.888289861    0.494243156
    0.056971662    1.831417746   -0.087125845  -21.868226380    2.717137385
    0.063938534    1.831417746   -0.359814226  -61.403330826    7.315279831
    0.070905406    1.831417746   -1.041774116 -143.006608840   17.310853153
    0.077872278    1.831417746   -2.506659150 -290.420709220   36.138232417
    0.084839151    1.831417746   -5.291821500 -523.854072858   64.203137395
    0.091806023    1.831417746   -9.995914780 -837.877707285  100.610186100
    0.098772895    1.831417746  -17.072294858 -1196.716040791  139.632290868
    0.105739768    1.831417746  -26.623608408 -1535.357324270  171.144479411
    0.112706640    1.831417746  -38.227960240 -1771.103565943  187.167222112
    0.119673512    1.831417746  -50.872419815 -1823.076090663  186.849890859
    0.126640385    1.831417746  -63.080632913 -1639.999346070  179.949415737
    0.133607257    1.831417746  -73.157922665 -1214.724963366  182.985258098
    0.140574129    1.831417746  -79.546524302 -592.996857887  210.140563534
    0.147541002    1.831417746  -81.190077804  127.191810344  263.120028792
    0.154507874    1.831417746  -77.848004303  815.949358732  330.460069990
    0.161474746    1.831417746  -70.179440781 1352.419560211  391.677040514
    0.168441618    1.831417746  -59.529535052 1665.019072613  425.777536992
    0.175408491    1.831417746  -47.521233853 1745.685814615  421.243039073
    0.182375363    1.831417746  -35.655206221 1633.235180464  377.627169731
    0.189342235    1.831417746  -25.057935981 1392.647884209  306.586670682
    0.196309108    1.831417746  -16.401657981 1086.529381893  225.434781745
    0.203275980    1.831417746   -9.923928963  776.361044621  149.640878294
    0.210242852    1.831417746   -5.497256053  504.006345492   90.098528932
    0.217209725    1.831417746   -2.758180215  294.419884122   48.739271707
    0.224176597    1.831417746   -1.241365384  152.965767585   23.195264538
    0.231143469    1.831417746   -0.491725504   70.750098944    9.654126913
    0.238110342    1.831417746   -0.161306015   29.238436595    3.566542782
    0.245077214    1.831417746   -0.035824172    9.059763763    1.030060146
    0.252044086    1.831417746   -0.004100059    1.706640616    0.193703706
    0.259010958    1.831417746   -0.000000000   -0.000000000   -0.000000000
    0.265977831    1.831417746   -0.000000000   -0.000000000   -0.000000000
    0.272944703    1.831417746   -0.000000000   -0.000000000   -0.000000000
    0.279911575    1.831417746   -0.000000000   -0.000000000   -0.000000000
    0.286878448    1.831417746   -0.000000000   -0.000000000   -0.000000000
    0.293845320    1.831417746   -0.000000000   -0.000000000   -0.000000000
    0.300812192    1.831417746   -0.000000000   -0.000000000   -0.000000000
    0.307779065    1.831417746   -0.000000000   -0.000000000   -0.000000000
    0.314745937    1.831417746   -0.000000000   -0.000000000   -0.000000000
    0.321712809    1.831417746   -0.000000000   -0.000000000   -0.000000000
    0.328679682    1.831417746   -0.000000000   -0.000000000   -0.000000000
    0.335646554    1.831417746   -0.000000000   -0.000000000   -0.000000000
    0.342613426    1.831417746   -0.000000000   -0.000000000   -0.000000000
    0.349580298    1.831417746   -0.000000000   -0.000000000   -0.000000000
    0.356547171    1.831417746   -0.000000000   -0.000000000   -0.000000000
    0.363514043    1.831417746   -0.000000000   -0.000000000   -0.000000000
    0.370480915    1.831417746   -0.000000000   -0.000000000   -0.000000000
    0.377447788    1.831417746   -0.000000000   -0.000000000   -0.000000000
    0.384414660    1.831417746   -0.000000000   -0.000000000   -0.000000000
    0.391381532    1.831417746   -0.000000000   -0.000000000   -0.000000000
    0.398348405    1.831417746   -0.000000000   -0.000000000   -0.000000000
    0.405315277    1.831417746   -0.000000000   -0.000000000   -0.000000000
    0.412282149    1.831417746   -0.000000000   -0.000000000   -0.000000000
    0.419249022    1.831417746   -0.000000000   -0.000000000   -0.000000000
    0.426215894    1.831417746   -0.000000000   -0.000000000   -0.000000000
    0.433182766    1.831417746   -0.000000000   -0.000000000   -0.000000000
    0.440149638    1.831417746   -0.000000000   -0.000000000   -0.000000000
    0.447116511    1.831417746   -0.000000000   -0.000000000   -0.000000000
    0.454083383    1.831417746   -0.000000000   -0.000000000   -0.000000000
    0.461050255    1.831417746   -0.000000000   -0.000000000   -0.000000000
    0.468017128    1.831417746   -0.000000000   -0.000000000   -0.000000000
    0.474984000    1.831417746   -0.000000000   -0.000000000   -0.000000000

    0.022137300    1.849064563   -0.000000000   -0.000000000   -0.000000000
    0.029104172    1.849064563   -0.000000000   -0.000000000   -0.000000000
    0.036071045    1.849064563   -0.000000000   -0.000000000   -0.000000000
    0.043037917    1.849064563   -0.000000000   -0.000000000   -0.000000000
    0.050004789    1.849064563   -0.003316766   -1.383201544    0.192718781
    0.056971662    1.849064563   -0.047816408  -13.935755177    1.775016320
    0.063938534    1.849064563   -0.243732823  -46.031682384    5.846737240
    0.070905406    1.849064563   -0.770436923 -111.814876446   13.760118629
    0.077872278    1.849064563   -1.937021272 -236.018353957   28.771821391
    0.084839151    1.849064563   -4.252864514 -443.764823378   53.625997961
    0.091806023    1.849064563   -8.329699703 -739.710729191   88.862242053
    0.098772895    1.849064563  -14.705274308 -1097.257450909  130.124384727
    0.105739768    1.849064563  -23.625565677 -1457.365050749  171.091095491
    0.112706640    1.849064563  -34.808157673 -1729.447634178  204.391695852
    0.119673512    1.849064563  -47.277160868 -1810.806945412  226.511399464
    0.126640385    1.849064563  -59.423860807 -1628.773503196  241.655931334
    0.133607257    1.849064563  -69.319690783 -1168.384595280  260.245397394
    0.140574129    1.849064563  -75.194004389 -490.788066485  290.988087957
    0.147541002    1.849064563  -75.950662178  274.875084827  336.063952152
    0.154507874    1.849064563  -71.528885341  969.981976401  387.897351804
    0.161474746    1.849064563  -62.914433063 1461.337399754  430.222637759
    0.168441618    1.849064563  -51.786258130 1688.235566373  446.272029803
    0.175408491    1.849064563  -39.968537964 1667.808058751  426.931860654
    0.182375363    1.849064563  -28.953694698 1472.658448548  373.648877652
    0.189342235    1.849064563  -19.657125414 1187.065897052  297.634417234
    0.196309108    1.849064563  -12.460428529  880.203350852  215.614984604
    0.203275980    1.849064563   -7.320206106  603.014665789  141.633186126
    0.210242852    1.849064563   -3.942986755  376.347467476   83.867005072
    0.217209725    1.849064563   -1.927065050  212.013239974   44.498911252
    0.224176597    1.849064563   -0.846669137  107.509228276   21.050258821
    0.231143469    1.849064563   -0.325608705   48.931465719    8.982076126
    0.238110342    1.849064563   -0.099039516   20.011350320    3.372743664
    0.245077214    1.849064563   -0.018370438    5.642915168    0.890173216
    0.252044086    1.849064563   -0.001514318    0.792364143    0.125000989
    0.259010958    1.849064563   -0.000000000   -0.000000000   -0.000000000
    0.265977831    1.849064563   -0.000000000   -0.000000000   -0.000000000
    0.272944703    1.849064563   -0.000000000   -0.000000000   -0.000000000
    0.279911575    1.849064563   -0.000000000   -0.000000000   -0.000000000
    0.286878448    1.849064563   -0.000000000   -0.000000000   -0.000000000
    0.293845320    1.849064563   -0.000000000   -0.000000000   -0.000000000
    0.300812192    1.849064563   -0.000000000   -0.000000000   -0.000000000
    0.307779065    1.849064563   -0.000000000   -0.000000000   -0.000000000
    0.314745937    1.849064563   -0.000000000   -0.000000000   -0.000000000
    0.321712809    1.849064563   -0.000000000   -0.000000000   -0.000000000
    0.328679682    1.849064563   -0.000000000   -0.000000000   -0.000000000
    0.335646554    1.849064563   -0.000000000   -0.000000000   -0.000000000
    0.342613426    1.849064563   -0.000000000   -0.000000000   -0.000000000
    0.349580298    1.849064563   -0.000000000   -0.000000000   -0.000000000
    0.356547171    1.849064563   -0.000000000   -0.000000000   -0.000000000
    0.363514043    1.849064563   -0.000000000   -0.000000000   -0.000000000
    0.370480915    1.849064563   -0.000000000   -0.000000000   -0.000000000
    0.377447788    1.849064563   -0.000000000   -0.000000000   -0.000000000
    0.384414660    1.849064563   -0.000000000   -0.000000000   -0.000000000
    0.391381532    1.849064563   -0.000000000   -0.000000000   -0.000000000
    0.398348405    1.849064563   -0.000000000   -0.000000000   -0.000000000
    0.405315277    1.849064563   -0.000000000   -0.000000000   -0.000000000
    0.412282149    1.849064563   -0.000000000   -0.000000000   -0.000000000
    0.419249022    1.849064563   -0.000000000   -0.000000000   -0.000000000
    0.426215894    1.849064563   -0.000000000   -0.000000000   -0.000000000
    0.433182766    1.849064563   -0.000000000   -0.000000000   -0.000000000
    0.440149638    1.849064563   -0.000000000   -0.000000000   -0.000000000
    0.447116511    1.849064563   -0.000000000   -0.000000000   -0.000000000
    0.454083383    1.849064563   -0.000000000   -0.000000000   -0.000000000
    0.461050255    1.849064563   -0.000000000   -0.000000000   -0.000000000
    0.468017128    1.849064563   -0.000000000   -0.000000000   -0.000000000
    0.474984000    1.849064563   -0.000000000   -0.000000000   -0.000000000

    0.022137300    1.866711380   -0.000000000   -0.000000000   -0.000000000
    0.029104172    1.866711380   -0.000000000   -0.000000000   -0.000000000
    0.036071045    1.866711380   -0.000000000   -0.000000000   -0.000000000
    0.043037917    1.866711380   -0.000000000   -0.000000000   -0.000000000
    0.050004789    1.866711380   -0.000969808   -0.618307960    0.093643381
    0.056971662    1.866711380   -0.024682374   -8.522393800    0.998007945
    0.063938534    1.866711380   -0.156213683  -32.794323361    4.025027391
    0.070905406    1.866711380   -0.552597732  -86.083333500   10.983297553
    0.077872278    1.866711380   -1.476796135 -190.278261730   23.834509191
    0.084839151    1.866711380   -3.377642227 -370.183278335   46.259722190
    0.091806023    1.866711380   -6.837850221 -637.435463105   81.130390676
    0.098772895    1.866711380  -12.435942395 -978.302223752  128.211281392
    0.105739768    1.866711380  -20.512483067 -1336.411843995  183.178331007
    0.112706640    1.866711380  -30.899769958 -1623.721230661  240.807148411
    0.119673512    1.866711380  -42.710195190 -1727.157030765  294.448346189
    0.126640385    1.866711380  -54.326593817 -1558.020549016  340.317619234
    0.133607257    1.866711380  -63.725851718 -1093.661917425  379.138623984
    0.140574129    1.866711380  -69.028250140 -400.847875921  413.032743004
    0.147541002    1.866711380  -69.119782585  373.327904787  441.950975344
    0.154507874    1.866711380  -64.051833576 1051.840053806  461.620746954
    0.161474746    1.866711380  -55.019502005 1494.310438110  464.550770026
    0.168441618    1.866711380  -43.911261366 1647.133712249  444.134630378
    0.175408491    1.866711380  -32.656602049 1549.114284173  398.528395536
    0.182375363    1.866711380  -22.688786784 1294.830221848  332.166851388
    0.189342235    1.866711380  -14.741334323  984.172561041  255.650383018
    0.196309108    1.866711380   -8.939966262  687.931207003  180.396903869
    0.203275980    1.866711380   -5.030480629  444.581660429  115.846358624
    0.210242852    1.866711380   -2.599249742  264.142149754   67.353290923
    0.217209725    1.866711380   -1.219662295  141.461908852   35.183669114
    0.224176597    1.866711380   -0.510701150   68.552675205   16.634835479
    0.231143469    1.866711380   -0.183626229   29.787695126    6.945941558
    0.238110342    1.866711380   -0.047512469   10.696889575    2.342644538
    0.245077214    1.866711380   -0.006219804    2.123633585    0.446524584
    0.252044086    1.866711380   -0.000099849    0.177830594    0.037339842
    0.259010958    1.866711380   -0.000000000   -0.000000000   -0.000000000
    0.265977831    1.866711380   -0.000000000   -0.000000000   -0.000000000
    0.272944703    1.866711380   -0.000000000   -0.000000000   -0.000000000
    0.279911575    1.866711380   -0.000000000   -0.000000000   -0.000000000
    0.286878448    1.866711380   -0.000000000   -0.000000000   -0.000000000
    0.293845320    1.866711380   -0.000000000   -0.000000000   -0.000000000
    0.300812192    1.866711380   -0.000000000   -0.000000000   -0.000000000
    0.307779065    1.866711380   -0.000000000   -0.000000000   -0.000000000
    0.314745937    1.866711380   -0.000000000   -0.000000000   -0.000000000
    0.321712809    1.866711380   -0.000000000   -0.000000000   -0.000000000
    0.328679682    1.866711380   -0.000000000   -0.000000000   -0.000000000
    0.335646554    1.866711380   -0.000000000   -0.000000000   -0.000000000
    0.342613426    1.866711380   -0.000000000   -0.000000000   -0.000000000
    0.349580298    1.866711380   -0.000000000   -0.000000000   -0.000000000
    0.356547171    1.866711380   -0.000000000   -0.000000000   -0.000000000
    0.363514043    1.866711380   -0.000000000   -0.000000000   -0.000000000
    0.370480915    1.866711380   -0.000000000   -0.000000000   -0.000000000
    0.377447788    1.866711380   -0.000000000   -0.000000000   -0.000000000
    0.384414660    1.866711380   -0.000000000   -0.000000000   -0.000000000
    0.391381532    1.866711380   -0.000000000   -0.000000000   -0.000000000
    0.398348405    1.866711380   -0.000000000   -0.000000000   -0.000000000
    0.405315277    1.866711380   -0.000000000   -0.000000000   -0.000000000
    0.412282149    1.866711380   -0.000000000   -0.000000000   -0.000000000
    0.419249022    1.866711380   -0.000000000   -0.000000000   -0.000000000
    0.426215894    1.866711380   -0.000000000   -0.000000000   -0.000000000
    0.433182766    1.866711380   -0.000000000   -0.000000000   -0.000000000
    0.440149638    1.866711380   -0.000000000   -0.000000000   -0.000000000
    0.447116511    1.866711380   -0.000000000   -0.000000000   -0.000000000
    0.454083383    1.866711380   -0.000000000   -0.000000000   -0.000000000
    0.461050255    1.866711380   -0.000000000   -0.000000000   -0.000000000
    0.468017128    1.866711380   -0.000000000   -0.000000000   -0.000000000
    0.474984000    1.866711380   -0.000000000   -0.000000000   -0.000000000

    0.022137300    1.884358197   -0.000000000   -0.000000000   -0.000000000
    0.029104172    1.884358197   -0.000000000   -0.000000000   -0.000000000
    0.036071045    1.884358197   -0.000000000   -0.000000000   -0.000000000
    0.043037917    1.884358197   -0.000000000   -0.000000000   -0.000000000
    0.050004789    1.884358197   -0.000002460   -0.151034875    0.002062133
    0.056971662    1.884358197   -0.012140982   -4.859572070    0.514879606
    0.063938534    1.884358197   -0.098524771  -22.423585683    2.678668437
    0.070905406    1.884358197   -0.381430996  -63.595738265    8.348997344
    0.077872278    1.884358197   -1.089949222 -149.058894524   20.111480304
    0.084839151    1.884358197   -2.603529641 -298.276417464   41.592095961
    0.091806023    1.884358197   -5.437857254 -529.487732393   77.799847072
    0.098772895    1.884358197  -10.151549025 -833.494469783  130.941975510
    0.105739768    1.884358197  -17.122356383 -1166.318465112  200.978792133
    0.112706640    1.884358197  -26.274714879 -1443.015142594  282.663374809
    0.119673512    1.884358197  -36.849763875 -1556.570609087  368.363484690
    0.126640385    1.884358197  -47.364608444 -1413.774989088  447.244152525
    0.133607257    1.884358197  -55.873734761 -983.517103622  508.918933844
    0.140574129    1.884358197  -60.542516430 -329.806649538  546.980103947
    0.147541002    1.884358197  -60.288830848  400.421200834  557.448404876
    0.154507874    1.884358197  -55.202978047 1028.656281002  540.172131985
    0.161474746    1.884358197  -46.523245513 1415.923951695  497.695313933
    0.168441618    1.884358197  -36.152024549 1515.230016430  434.748417221
    0.175408491    1.884358197  -25.969901371 1375.912071129  358.878083432
    0.182375363    1.884358197  -17.294121563 1101.300400248  278.867146989
    0.189342235    1.884358197  -10.696825549  794.064805230  202.499242143
    0.196309108    1.884358197   -6.145302376  522.531324522  136.262219166
    0.203275980    1.884358197   -3.264673579  315.761075664   84.080433816
    0.210242852    1.884358197   -1.590014375  175.850859039   47.301576081
    0.217209725    1.884358197   -0.694427878   88.441030656   24.324861460
    0.224176597    1.884358197   -0.265788745   40.196627544   11.136835842
    0.231143469    1.884358197   -0.082343258   16.508000818    4.570983881
    0.238110342    1.884358197   -0.016008178    4.733060404    1.263378262
    0.245077214    1.884358197   -0.001120428    0.651112242    0.178846360
    0.252044086    1.884358197   -0.000000000   -0.000000000   -0.000000000
    0.259010958    1.884358197   -0.000000000   -0.000000000   -0.000000000
    0.265977831    1.884358197   -0.000000000   -0.000000000   -0.000000000
    0.272944703    1.884358197   -0.000000000   -0.000000000   -0.000000000
    0.279911575    1.884358197   -0.000000000   -0.000000000   -0.000000000
    0.286878448    1.884358197   -0.000000000   -0.000000000   -0.000000000
    0.293845320    1.884358197   -0.000000000   -0.000000000   -0.000000000
    0.300812192    1.884358197   -0.000000000   -0.000000000   -0.000000000
    0.307779065    1.884358197   -0.000000000   -0.000000000   -0.000000000
    0.314745937    1.884358197   -0.000000000   -0.000000000   -0.000000000
    0.321712809    1.884358197   -0.000000000   -0.000000000   -0.000000000
    0.328679682    1.884358197   -0.000000000   -0.000000000   -0.000000000
    0.335646554    1.884358197   -0.000000000   -0.000000000   -0.000000000
    0.342613426    1.884358197   -0.000000000   -0.000000000   -0.000000000
    0.349580298    1.884358197   -0.000000000   -0.000000000   -0.000000000
    0.356547171    1.884358197   -0.000000000   -0.000000000   -0.000000000
    0.363514043    1.884358197   -0.000000000   -0.000000000   -0.000000000
    0.370480915    1.884358197   -0.000000000   -0.000000000   -0.000000000
    0.377447788    1.884358197   -0.000000000   -0.000000000   -0.000000000
    0.384414660    1.884358197   -0.000000000   -0.000000000   -0.000000000
    0.391381532    1.884358197   -0.000000000   -0.000000000   -0.000000000
    0.398348405    1.884358197   -0.000000000   -0.000000000   -0.000000000
    0.405315277    1.884358197   -0.000000000   -0.000000000   -0.000000000
    0.412282149    1.884358197   -0.000000000   -0.000000000   -0.000000000
    0.419249022    1.884358197   -0.000000000   -0.000000000   -0.000000000
    0.426215894    1.884358197   -0.000000000   -0.000000000   -0.000000000
    0.433182766    1.884358197   -0.000000000   -0.000000000   -0.000000000
    0.440149638    1.884358197   -0.000000000   -0.000000000   -0.000000000
    0.447116511    1.884358197   -0.000000000   -0.000000000   -0.000000000
    0.454083383    1.884358197   -0.000000000   -0.000000000   -0.000000000
    0.461050255    1.884358197   -0.000000000   -0.000000000   -0.000000000
    0.468017128    1.884358197   -0.000000000   -0.000000000   -0.000000000
    0.474984000    1.884358197   -0.000000000   -0.000000000   -0.000000000

    0.022137300    1.902005014   -0.000000000   -0.000000000   -0.000000000
    0.029104172    1.902005014   -0.000000000   -0.000000000   -0.000000000
    0.036071045    1.902005014   -0.000000000   -0.000000000   -0.000000000
    0.043037917    1.902005014   -0.000000000   -0.000000000   -0.000000000
    0.050004789    1.902005014   -0.000000000   -0.000000000   -0.000000000
    0.056971662    1.902005014   -0.005339206   -2.555135122    0.277545732
    0.063938534    1.902005014   -0.058769803  -14.782019589    1.871861277
    0.070905406    1.902005014   -0.254038762  -44.860185927    6.327405347
    0.077872278    1.902005014   -0.765988758 -110.285008079   16.512710031
    0.084839151    1.902005014   -1.908978670 -228.205922277   36.966895817
    0.091806023    1.902005014   -4.103515547 -413.905560119   72.796364620
    0.098772895    1.902005014   -7.838337135 -667.402939250  129.836011726
    0.105739768    1.902005014  -13.479403781 -952.205288002  209.312934949
    0.112706640    1.902005014  -21.016708177 -1197.616960595  308.383673101
    0.119673512    1.902005014  -29.857223865 -1309.432633382  417.622423223
    0.126640385    1.902005014  -38.743997004 -1200.127333874  521.240814102
    0.133607257    1.902005014  -45.983590108 -837.450540514  601.941184988
    0.140574129    1.902005014  -49.938927675 -273.264836406  645.157985747
    0.147541002    1.902005014  -49.624320037  361.808468457  642.732131946
    0.154507874    1.902005014  -45.115640703  904.527578424  596.597879217
    0.161474746    1.902005014  -37.533763691 1229.274123640  517.506218913
    0.168441618    1.902005014  -28.595554340 1295.503821316  420.526548273
    0.175408491    1.902005014  -19.976650129 1151.053953736  320.687333804
    0.182375363    1.902005014  -12.817379461  893.823145325  229.825635427
    0.189342235    1.902005014   -7.563011068  617.956042188  154.278676784
    0.196309108    1.902005014   -4.104748592  385.298890093   96.453551559
    0.203275980    1.902005014   -2.038787332  218.704412182   56.260123675
    0.210242852    1.902005014   -0.912474133  114.252882404   30.350061005
    0.217209725    1.902005014   -0.353209814   51.611911518   14.708946736
    0.224176597    1.902005014   -0.113420269   20.886664358    6.333990214
    0.231143469    1.902005014   -0.025440061    6.185081018    1.908392335
    0.238110342    1.902005014   -0.002420467    1.088266643    0.352953581
    0.245077214    1.902005014   -0.000000000   -0.000000000   -0.000000000
    0.252044086    1.902005014   -0.000000000   -0.000000000   -0.000000000
    0.259010958    1.902005014   -0.000000000   -0.000000000   -0.000000000
    0.265977831    1.902005014   -0.000000000   -0.000000000   -0.000000000
    0.272944703    1.902005014   -0.000000000   -0.000000000   -0.000000000
    0.279911575    1.902005014   -0.000000000   -0.000000000   -0.000000000
    0.286878448    1.902005014   -0.000000000   -0.000000000   -0.000000000
    0.293845320    1.902005014   -0.000000000   -0.000000000   -0.000000000
    0.300812192    1.902005014   -0.000000000   -0.000000000   -0.000000000
    0.307779065    1.902005014   -0.000000000   -0.000000000   -0.000000000
    0.314745937    1.902005014   -0.000000000   -0.000000000   -0.000000000
    0.321712809    1.902005014   -0.000000000   -0.000000000   -0.000000000
    0.328679682    1.902005014   -0.000000000   -0.000000000   -0.000000000
    0.335646554    1.902005014   -0.000000000   -0.000000000   -0.000000000
    0.342613426    1.902005014   -0.000000000   -0.000000000   -0.000000000
    0.349580298    1.902005014   -0.000000000   -0.000000000   -0.000000000
    0.356547171    1.902005014   -0.000000000   -0.000000000   -0.000000000
    0.363514043    1.902005014   -0.000000000   -0.000000000   -0.000000000
    0.370480915    1.902005014   -0.000000000   -0.000000000   -0.000000000
    0.377447788    1.902005014   -0.000000000   -0.000000000   -0.000000000
    0.384414660    1.902005014   -0.000000000   -0.000000000   -0.000000000
    0.391381532    1.902005014   -0.000000000   -0.000000000   -0.000000000
    0.398348405    1.902005014   -0.000000000   -0.000000000   -0.000000000
    0.405315277    1.902005014   -0.000000000   -0.000000000   -0.000000000
    0.412282149    1.902005014   -0.000000000   -0.000000000   -0.000000000
    0.419249022    1.902005014   -0.000000000   -0.000000000   -0.000000000
    0.426215894    1.902005014   -0.000000000   -0.000000000   -0.000000000
    0.433182766    1.902005014   -0.000000000   -0.000000000   -0.000000000
    0.440149638    1.902005014   -0.000000000   -0.000000000   -0.000000000
    0.447116511    1.902005014   -0.000000000   -0.000000000   -0.000000000
    0.454083383    1.902005014   -0.000000000   -0.000000000   -0.000000000
    0.461050255    1.902005014   -0.000000000   -0.000000000   -0.000000000
    0.468017128    1.902005014   -0.000000000   -0.000000000   -0.000000000
    0.474984000    1.902005014   -0.000000000   -0.000000000   -0.000000000

    0.022137300    1.919651831   -0.000000000   -0.000000000   -0.000000000
    0.029104172    1.919651831   -0.000000000   -0.000000000   -0.000000000
    0.036071045    1.919651831   -0.000000000   -0.000000000   -0.000000000
    0.043037917    1.919651831   -0.000000000   -0.000000000   -0.000000000
    0.050004789    1.919651831   -0.000000000   -0.000000000   -0.000000000
    0.056971662    1.919651831   -0.002290995   -1.068790110    0.111809771
    0.063938534    1.919651831   -0.032168159   -8.560713072    1.174822284
    0.070905406    1.919651831   -0.155635904  -29.340267436    4.725673008
    0.077872278    1.919651831   -0.504573992  -75.743199123   13.183853038
    0.084839151    1.919651831   -1.308585189 -162.918835256   31.034260253
    0.091806023    1.919651831   -2.890994527 -300.797394192   63.604317742
    0.098772895    1.919651831   -5.632333225 -494.341488507  118.293151310
    0.105739768    1.919651831   -9.850938151 -718.410070654  198.196796308
    0.112706640    1.919651831  -15.585676808 -917.744948878  301.141931865
    0.119673512    1.919651831  -22.403395353 -1016.355878506  418.131031285
    0.126640385    1.919651831  -29.343940276 -942.870521338  532.159340076
    0.133607257    1.919651831  -35.062041122 -665.466318050  621.993335251
    0.140574129    1.919651831  -38.225200553 -221.868374212  668.086454938
    0.147541002    1.919651831  -38.009476538  282.855537165  660.645033915
    0.154507874    1.919651831  -34.452315976  715.833839881  601.629654681
    0.161474746    1.919651831  -28.450061519  972.538867665  505.281079511
    0.168441618    1.919651831  -21.397506332 1018.537957781  391.960300710
    0.175408491    1.919651831  -14.656030761  894.539577051  281.780913163
    0.182375363    1.919651831   -9.140850973  680.919473152  188.114719460
    0.189342235    1.919651831   -5.189875783  457.210801029  116.736274873
    0.196309108    1.919651831   -2.670883151  275.040571885   67.821345615
    0.203275980    1.919651831   -1.232645268  147.743816570   36.489282334
    0.210242852    1.919651831   -0.491387102   72.029899529   18.254080854
    0.217209725    1.919651831   -0.157021220   28.774832067    7.874937304
    0.224176597    1.919651831   -0.036245246    7.981761903    2.342752807
    0.231143469    1.919651831   -0.004197887    1.809165103    0.532752765
    0.238110342    1.919651831   -0.000000000   -0.000000000   -0.000000000
    0.245077214    1.919651831   -0.000000000   -0.000000000   -0.000000000
    0.252044086    1.919651831   -0.000000000   -0.000000000   -0.000000000
    0.259010958    1.919651831   -0.000000000   -0.000000000   -0.000000000
    0.265977831    1.919651831   -0.000000000   -0.000000000   -0.000000000
    0.272944703    1.919651831   -0.000000000   -0.000000000   -0.000000000
    0.279911575    1.919651831   -0.000000000   -0.000000000   -0.000000000
    0.286878448    1.919651831   -0.000000000   -0.000000000   -0.000000000
    0.293845320    1.919651831   -0.000000000   -0.000000000   -0.000000000
    0.300812192    1.919651831   -0.000000000   -0.000000000   -0.000000000
    0.307779065    1.919651831   -0.000000000   -0.000000000   -0.000000000
    0.314745937    1.919651831   -0.000000000   -0.000000000   -0.000000000
    0.321712809    1.919651831   -0.000000000   -0.000000000   -0.000000000
    0.328679682    1.919651831   -0.000000000   -0.000000000   -0.000000000
    0.335646554    1.919651831   -0.000000000   -0.000000000   -0.000000000
    0.342613426    1.919651831   -0.000000000   -0.000000000   -0.000000000
    0.349580298    1.919651831   -0.000000000   -0.000000000   -0.000000000
    0.356547171    1.919651831   -0.000000000   -0.000000000   -0.000000000
    0.363514043    1.919651831   -0.000000000   -0.000000000   -0.000000000
    0.370480915    1.919651831   -0.000000000   -0.000000000   -0.000000000
    0.377447788    1.919651831   -0.000000000   -0.000000000   -0.000000000
    0.384414660    1.919651831   -0.000000000   -0.000000000   -0.000000000
    0.391381532    1.919651831   -0.000000000   -0.000000000   -0.000000000
    0.398348405    1.919651831   -0.000000000   -0.000000000   -0.000000000
    0.405315277    1.919651831   -0.000000000   -0.000000000   -0.000000000
    0.412282149    1.919651831   -0.000000000   -0.000000000   -0.000000000
    0.419249022    1.919651831   -0.000000000   -0.000000000   -0.000000000
    0.426215894    1.919651831   -0.000000000   -0.000000000   -0.000000000
    0.433182766    1.919651831   -0.000000000   -0.000000000   -0.000000000
    0.440149638    1.919651831   -0.000000000   -0.000000000   -0.000000000
    0.447116511    1.919651831   -0.000000000   -0.000000000   -0.000000000
    0.454083383    1.919651831   -0.000000000   -0.000000000   -0.000000000
    0.461050255    1.919651831   -0.000000000   -0.000000000   -0.000000000
    0.468017128    1.919651831   -0.000000000   -0.000000000   -0.000000000
    0.474984000    1.919651831   -0.000000000   -0.000000000   -0.000000000

    0.022137300    1.937298648   -0.000000000   -0.000000000   -0.000000000
    0.029104172    1.937298648   -0.000000000   -0.000000000   -0.000000000
    0.036071045    1.937298648   -0.000000000   -0.000000000   -0.000000000
    0.043037917    1.937298648   -0.000000000   -0.000000000   -0.000000000
    0.050004789    1.937298648   -0.000000000   -0.000000000   -0.000000000
    0.056971662    1.937298648   -0.000810812   -0.504356442    0.067891792
    0.063938534    1.937298648   -0.015226708   -4.712951078    0.720954792
    0.070905406    1.937298648   -0.083960136  -17.558661126    3.312604139
    0.077872278    1.937298648   -0.299420685  -48.285837582    9.952710614
    0.084839151    1.937298648   -0.819688813 -106.368434355   24.240710355
    0.091806023    1.937298648   -1.871719949 -201.406919857   51.186319388
    0.098772895    1.937298648   -3.723094953 -335.531106880   97.085787443
    0.105739768    1.937298648   -6.611588459 -495.287186782  166.607494479
    0.112706640    1.937298648  -10.596940261 -642.581277318  259.255084899
    0.119673512    1.937298648  -15.407545918 -721.919352035  367.378719711
    0.126640385    1.937298648  -20.368058335 -678.299214507  474.811283075
    0.133607257    1.937298648  -24.512341663 -486.771991919  561.534721465
    0.140574129    1.937298648  -26.856411491 -170.330961816  606.870629803
    0.147541002    1.937298648  -26.772153747  194.577602354  600.577589428
    0.154507874    1.937298648  -24.259627226  510.481141289  543.226718918
    0.161474746    1.937298648  -19.962749698  697.925440804  449.605315354
    0.168441618    1.937298648  -14.898670727  730.918229511  340.507888303
    0.175408491    1.937298648  -10.072392945  638.190793130  236.196701686
    0.182375363    1.937298648   -6.158936068  479.776307696  150.140558487
    0.189342235    1.937298648   -3.392069824  317.372249033   88.034545022
    0.196309108    1.937298648   -1.664181366  185.174587205   47.537597613
    0.203275980    1.937298648   -0.710333229   95.634191066   23.488506400
    0.210242852    1.937298648   -0.246857534   42.489705645   10.004182474
    0.217209725    1.937298648   -0.063516923   13.836041878    3.152893501
    0.224176597    1.937298648   -0.010593189    3.006744832    0.618954237
    0.231143469    1.937298648   -0.000531720    0.270664178    0.022122491
    0.238110342    1.937298648   -0.000000000   -0.000000000   -0.000000000
    0.245077214    1.937298648   -0.000000000   -0.000000000   -0.000000000
    0.252044086    1.937298648   -0.000000000   -0.000000000   -0.000000000
    0.259010958    1.937298648   -0.000000000   -0.000000000   -0.000000000
    0.265977831    1.937298648   -0.000000000   -0.000000000   -0.000000000
    0.272944703    1.937298648   -0.000000000   -0.000000000   -0.000000000
    0.279911575    1.937298648   -0.000000000   -0.000000000   -0.000000000
    0.286878448    1.937298648   -0.000000000   -0.000000000   -0.000000000
    0.293845320    1.937298648   -0.000000000   -0.000000000   -0.000000000
    0.300812192    1.937298648   -0.000000000   -0.000000000   -0.000000000
    0.307779065    1.937298648   -0.000000000   -0.000000000   -0.000000000
    0.314745937    1.937298648   -0.000000000   -0.000000000   -0.000000000
    0.321712809    1.937298648   -0.000000000   -0.000000000   -0.000000000
    0.328679682    1.937298648   -0.000000000   -0.000000000   -0.000000000
    0.335646554    1.937298648   -0.000000000   -0.000000000   -0.000000000
    0.342613426    1.937298648   -0.000000000   -0.000000000   -0.000000000
    0.349580298    1.937298648   -0.000000000   -0.000000000   -0.000000000
    0.356547171    1.937298648   -0.000000000   -0.000000000   -0.000000000
    0.363514043    1.937298648   -0.000000000   -0.000000000   -0.000000000
    0.370480915    1.937298648   -0.000000000   -0.000000000   -0.000000000
    0.377447788    1.937298648   -0.000000000   -0.000000000   -0.000000000
    0.384414660    1.937298648   -0.000000000   -0.000000000   -0.000000000
    0.391381532    1.937298648   -0.000000000   -0.000000000   -0.000000000
    0.398348405    1.937298648   -0.000000000   -0.000000000   -0.000000000
    0.405315277    1.937298648   -0.000000000   -0.000000000   -0.000000000
    0.412282149    1.937298648   -0.000000000   -0.000000000   -0.000000000
    0.419249022    1.937298648   -0.000000000   -0.000000000   -0.000000000
    0.426215894    1.937298648   -0.000000000   -0.000000000   -0.000000000
    0.433182766    1.937298648   -0.000000000   -0.000000000   -0.000000000
    0.440149638    1.937298648   -0.000000000   -0.000000000   -0.000000000
    0.447116511    1.937298648   -0.000000000   -0.000000000   -0.000000000
    0.454083383    1.937298648   -0.000000000   -0.000000000   -0.000000000
    0.461050255    1.937298648   -0.000000000   -0.000000000   -0.000000000
    0.468017128    1.937298648   -0.000000000   -0.000000000   -0.000000000
    0.474984000    1.937298648   -0.000000000   -0.000000000   -0.000000000

    0.022137300    1.954945465   -0.000000000   -0.000000000   -0.000000000
    0.029104172    1.954945465   -0.000000000   -0.000000000   -0.000000000
    0.036071045    1.954945465   -0.000000000   -0.000000000   -0.000000000
    0.043037917    1.954945465   -0.000000000   -0.000000000   -0.000000000
    0.050004789    1.954945465   -0.000000000   -0.000000000   -0.000000000
    0.056971662    1.954945465   -0.000005171   -0.136573461    0.026288231
    0.063938534    1.954945465   -0.005788121   -2.308640337    0.416823890
    0.070905406    1.954945465   -0.038977252   -8.496530963    1.868520058
    0.077872278    1.954945465   -0.153761084  -26.964349075    6.603168044
    0.084839151    1.954945465   -0.455286324  -63.069167305   16.989698814
    0.091806023    1.954945465   -1.090159023 -123.731150748   37.352303835
    0.098772895    1.954945465   -2.232347196 -208.407265189   71.650778192
    0.105739768    1.954945465   -4.034955407 -310.804612556  124.525216438
    0.112706640    1.954945465   -6.553675943 -408.865346974  197.026635576
    0.119673512    1.954945465   -9.634845530 -465.440255071  283.346044884
    0.126640385    1.954945465  -12.856421465 -443.765211474  371.333413853
    0.133607257    1.954945465  -15.587886572 -324.063423399  443.610422757
    0.140574129    1.954945465  -17.172763354 -120.144026618  482.830488915
    0.147541002    1.954945465  -17.178057952  119.133184844  479.647929116
    0.154507874    1.954945465  -15.583431761  328.234451850  433.745809001
    0.161474746    1.954945465  -12.802742966  453.146872382  357.037704037
    0.168441618    1.954945465   -9.509985094  475.551018352  267.313325525
    0.175408491    1.954945465   -6.372675030  413.957692561  181.846858522
    0.182375363    1.954945465   -3.838990334  310.148166708  112.574568681
    0.189342235    1.954945465   -2.058907838  202.682474069   63.254578079
    0.196309108    1.954945465   -0.967912681  114.953869904   31.532441158
    0.203275980    1.954945465   -0.388204065   56.468422378   13.578578292
    0.210242852    1.954945465   -0.123257925   23.259235565    4.833412816
    0.217209725    1.954945465   -0.028153317    6.916776072    1.289869714
    0.224176597    1.954945465   -0.004403948    1.377359187    0.190218361
    0.231143469    1.954945465   -0.000108337    0.199716078    0.024736251
    0.238110342    1.954945465   -0.000000000   -0.000000000   -0.000000000
    0.245077214    1.954945465   -0.000000000   -0.000000000   -0.000000000
    0.252044086    1.954945465   -0.000000000   -0.000000000   -0.000000000
    0.259010958    1.954945465   -0.000000000   -0.000000000   -0.000000000
    0.265977831    1.954945465   -0.000000000   -0.000000000   -0.000000000
    0.272944703    1.954945465   -0.000000000   -0.000000000   -0.000000000
    0.279911575    1.954945465   -0.000000000   -0.000000000   -0.000000000
    0.286878448    1.954945465   -0.000000000   -0.000000000   -0.000000000
    0.293845320    1.954945465   -0.000000000   -0.000000000   -0.000000000
    0.300812192    1.954945465   -0.000000000   -0.000000000   -0.000000000
    0.307779065    1.954945465   -0.000000000   -0.000000000   -0.000000000
    0.314745937    1.954945465   -0.000000000   -0.000000000   -0.000000000
    0.321712809    1.954945465   -0.000000000   -0.000000000   -0.000000000
    0.328679682    1.954945465   -0.000000000   -0.000000000   -0.000000000
    0.335646554    1.954945465   -0.000000000   -0.000000000   -0.000000000
    0.342613426    1.954945465   -0.000000000   -0.000000000   -0.000000000
    0.349580298    1.954945465   -0.000000000   -0.000000000   -0.000000000
    0.356547171    1.954945465   -0.000000000   -0.000000000   -0.000000000
    0.363514043    1.954945465   -0.000000000   -0.000000000   -0.000000000
    0.370480915    1.954945465   -0.000000000   -0.000000000   -0.000000000
    0.377447788    1.954945465   -0.000000000   -0.000000000   -0.000000000
    0.384414660    1.954945465   -0.000000000   -0.000000000   -0.000000000
    0.391381532    1.954945465   -0.000000000   -0.000000000   -0.000000000
    0.398348405    1.954945465   -0.000000000   -0.000000000   -0.000000000
    0.405315277    1.954945465   -0.000000000   -0.000000000   -0.000000000
    0.412282149    1.954945465   -0.000000000   -0.000000000   -0.000000000
    0.419249022    1.954945465   -0.000000000   -0.000000000   -0.000000000
    0.426215894    1.954945465   -0.000000000   -0.000000000   -0.000000000
    0.433182766    1.954945465   -0.000000000   -0.000000000   -0.000000000
    0.440149638    1.954945465   -0.000000000   -0.000000000   -0.000000000
    0.447116511    1.954945465   -0.000000000   -0.000000000   -0.000000000
    0.454083383    1.954945465   -0.000000000   -0.000000000   -0.000000000
    0.461050255    1.954945465   -0.000000000   -0.000000000   -0.000000000
    0.468017128    1.954945465   -0.000000000   -0.000000000   -0.000000000
    0.474984000    1.954945465   -0.000000000   -0.000000000   -0.000000000

    0.022137300    1.972592282   -0.000000000   -0.000000000   -0.000000000
    0.029104172    1.972592282   -0.000000000   -0.000000000   -0.000000000
    0.036071045    1.972592282   -0.000000000   -0.000000000   -0.000000000
    0.043037917    1.972592282   -0.000000000   -0.000000000   -0.000000000
    0.050004789    1.972592282   -0.000000000   -0.000000000   -0.000000000
    0.056971662    1.972592282   -0.000000000   -0.000000000   -0.000000000
    0.063938534    1.972592282   -0.001015795   -0.579027221    0.140969099
    0.070905406    1.972592282   -0.015411965   -3.858976881    0.971182016
    0.077872278    1.972592282   -0.065011094  -12.267838402    3.447808662
    0.084839151    1.972592282   -0.215701845  -32.952819256   10.398249775
    0.091806023    1.972592282   -0.554527363  -67.280599854   23.741758095
    0.098772895    1.972592282   -1.189192131 -117.170688296   47.070061742
    0.105739768    1.972592282   -2.211425544 -177.219831341   82.944598771
    0.112706640    1.972592282   -3.654962032 -235.390973025  132.448840894
    0.119673512    1.972592282   -5.440916101 -271.703560178  192.987390493
    0.126640385    1.972592282   -7.333856597 -262.570569762  255.525707824
    0.133607257    1.972592282   -8.962528911 -195.092884440  307.830828835
    0.140574129    1.972592282   -9.931535105  -76.304914904  337.638050504
    0.147541002    1.972592282   -9.972672438   65.101587044  336.811585435
    0.154507874    1.972592282   -9.063535356  189.947835667  305.049956382
    0.161474746    1.972592282   -7.443031946  265.270081075  250.739065496
    0.168441618    1.972592282   -5.512230439  279.075744432  186.301952758
    0.175408491    1.972592282   -3.670077491  243.462817901  125.370978991
    0.182375363    1.972592282   -2.181169946  181.748024798   76.100188224
    0.189342235    1.972592282   -1.145945845  116.575181169   41.069433946
    0.196309108    1.972592282   -0.525995688   64.815713370   19.584975361
    0.203275980    1.972592282   -0.202290269   31.249549556    8.183612243
    0.210242852    1.972592282   -0.058445548   12.271257189    2.829290694
    0.217209725    1.972592282   -0.011803740    2.432811576    0.494400478
    0.224176597    1.972592282   -0.001715783    0.587093233    0.108157498
    0.231143469    1.972592282   -0.000000000   -0.000000000   -0.000000000
    0.238110342    1.972592282   -0.000000000   -0.000000000   -0.000000000
    0.245077214    1.972592282   -0.000000000   -0.000000000   -0.000000000
    0.252044086    1.972592282   -0.000000000   -0.000000000   -0.000000000
    0.259010958    1.972592282   -0.000000000   -0.000000000   -0.000000000
    0.265977831    1.972592282   -0.000000000   -0.000000000   -0.000000000
    0.272944703    1.972592282   -0.000000000   -0.000000000   -0.000000000
    0.279911575    1.972592282   -0.000000000   -0.000000000   -0.000000000
    0.286878448    1.972592282   -0.000000000   -0.000000000   -0.000000000
    0.293845320    1.972592282   -0.000000000   -0.000000000   -0.000000000
    0.300812192    1.972592282   -0.000000000   -0.000000000   -0.000000000
    0.307779065    1.972592282   -0.000000000   -0.000000000   -0.000000000
    0.314745937    1.972592282   -0.000000000   -0.000000000   -0.000000000
    0.321712809    1.972592282   -0.000000000   -0.000000000   -0.000000000
    0.328679682    1.972592282   -0.000000000   -0.000000000   -0.000000000
    0.335646554    1.972592282   -0.000000000   -0.000000000   -0.000000000
    0.342613426    1.972592282   -0.000000000   -0.000000000   -0.000000000
    0.349580298    1.972592282   -0.000000000   -0.000000000   -0.000000000
    0.356547171    1.972592282   -0.000000000   -0.000000000   -0.000000000
    0.363514043    1.972592282   -0.000000000   -0.000000000   -0.000000000
    0.370480915    1.972592282   -0.000000000   -0.000000000   -0.000000000
    0.377447788    1.972592282   -0.000000000   -0.000000000   -0.000000000
    0.384414660    1.972592282   -0.000000000   -0.000000000   -0.000000000
    0.391381532    1.972592282   -0.000000000   -0.000000000   -0.000000000
    0.398348405    1.972592282   -0.000000000   -0.000000000   -0.000000000
    0.405315277    1.972592282   -0.000000000   -0.000000000   -0.000000000
    0.412282149    1.972592282   -0.000000000   -0.000000000   -0.000000000
    0.419249022    1.972592282   -0.000000000   -0.000000000   -0.000000000
    0.426215894    1.972592282   -0.000000000   -0.000000000   -0.000000000
    0.433182766    1.972592282   -0.000000000   -0.000000000   -0.000000000
    0.440149638    1.972592282   -0.000000000   -0.000000000   -0.000000000
    0.447116511    1.972592282   -0.000000000   -0.000000000   -0.000000000
    0.454083383    1.972592282   -0.000000000   -0.000000000   -0.000000000
    0.461050255    1.972592282   -0.000000000   -0.000000000   -0.000000000
    0.468017128    1.972592282   -0.000000000   -0.000000000   -0.000000000
    0.474984000    1.972592282   -0.000000000   -0.000000000   -0.000000000

    0.022137300    1.990239099   -0.000000000   -0.000000000   -0.000000000
    0.029104172    1.990239099   -0.000000000   -0.000000000   -0.000000000
    0.036071045    1.990239099   -0.000000000   -0.000000000   -0.000000000
    0.043037917    1.990239099   -0.000000000   -0.000000000   -0.000000000
    0.050004789    1.990239099   -0.000000000   -0.000000000   -0.000000000
    0.056971662    1.990239099   -0.000000000   -0.000000000   -0.000000000
    0.063938534    1.990239099   -0.000000000   -0.000000000   -0.000000000
    0.070905406    1.990239099   -0.003249826   -1.458430350    0.437542835
    0.077872278    1.990239099   -0.022898084   -4.532971734    1.532424544
    0.084839151    1.990239099   -0.083185926  -13.792427750    4.883187392
    0.091806023    1.990239099   -0.237282517  -31.185194876   12.601913058
    0.098772895    1.990239099   -0.544769744  -58.379552996   26.959017462
    0.105739768    1.990239099   -1.063689805  -91.104662446   48.837492695
    0.112706640    1.990239099   -1.810676102 -122.558590506   78.947529818
    0.119673512    1.990239099   -2.745709147 -142.932888355  116.032200184
    0.126640385    1.990239099   -3.746769365 -139.745393686  155.026561543
    0.133607257    1.990239099   -4.620630996 -105.811794586  188.601667583
    0.140574129    1.990239099   -5.154737732  -43.718586657  208.449642774
    0.147541002    1.990239099   -5.198886963   31.513333518  208.894073985
    0.154507874    1.990239099   -4.735088826   98.472338988  189.696262946
    0.161474746    1.990239099   -3.888532148  139.285499339  155.898818420
    0.168441618    1.990239099   -2.870072607  147.714675375  115.994126845
    0.175408491    1.990239099   -1.894217951  128.711906108   77.636957304
    0.182375363    1.990239099   -1.110446571   95.039936522   46.523861354
    0.189342235    1.990239099   -0.573909495   59.872293554   24.601121774
    0.196309108    1.990239099   -0.254290672   33.388774956   11.777487855
    0.203275980    1.990239099   -0.089936044   15.623262457    4.766418101
    0.210242852    1.990239099   -0.022194663    4.825247374    1.349374109
    0.217209725    1.990239099   -0.004587520    1.251169899    0.319828427
    0.224176597    1.990239099   -0.000267213    0.202814574    0.047101978
    0.231143469    1.990239099   -0.000000000   -0.000000000   -0.000000000
    0.238110342    1.990239099   -0.000000000   -0.000000000   -0.000000000
    0.245077214    1.990239099   -0.000000000   -0.000000000   -0.000000000
    0.252044086    1.990239099   -0.000000000   -0.000000000   -0.000000000
    0.259010958    1.990239099   -0.000000000   -0.000000000   -0.000000000
    0.265977831    1.990239099   -0.000000000   -0.000000000   -0.000000000
    0.272944703    1.990239099   -0.000000000   -0.000000000   -0.000000000
    0.279911575    1.990239099   -0.000000000   -0.000000000   -0.000000000
    0.286878448    1.990239099   -0.000000000   -0.000000000   -0.000000000
    0.293845320    1.990239099   -0.000000000   -0.000000000   -0.000000000
    0.300812192    1.990239099   -0.000000000   -0.000000000   -0.000000000
    0.307779065    1.990239099   -0.000000000   -0.000000000   -0.000000000
    0.314745937    1.990239099   -0.000000000   -0.000000000   -0.000000000
    0.321712809    1.990239099   -0.000000000   -0.000000000   -0.000000000
    0.328679682    1.990239099   -0.000000000   -0.000000000   -0.000000000
    0.335646554    1.990239099   -0.000000000   -0.000000000   -0.000000000
    0.342613426    1.990239099   -0.000000000   -0.000000000   -0.000000000
    0.349580298    1.990239099   -0.000000000   -0.000000000   -0.000000000
    0.356547171    1.990239099   -0.000000000   -0.000000000   -0.000000000
    0.363514043    1.990239099   -0.000000000   -0.000000000   -0.000000000
    0.370480915    1.990239099   -0.000000000   -0.000000000   -0.000000000
    0.377447788    1.990239099   -0.000000000   -0.000000000   -0.000000000
    0.384414660    1.990239099   -0.000000000   -0.000000000   -0.000000000
    0.391381532    1.990239099   -0.000000000   -0.000000000   -0.000000000
    0.398348405    1.990239099   -0.000000000   -0.000000000   -0.000000000
    0.405315277    1.990239099   -0.000000000   -0.000000000   -0.000000000
    0.412282149    1.990239099   -0.000000000   -0.000000000   -0.000000000
    0.419249022    1.990239099   -0.000000000   -0.000000000   -0.000000000
    0.426215894    1.990239099   -0.000000000   -0.000000000   -0.000000000
    0.433182766    1.990239099   -0.000000000   -0.000000000   -0.000000000
    0.440149638    1.990239099   -0.000000000   -0.000000000   -0.000000000
    0.447116511    1.990239099   -0.000000000   -0.000000000   -0.000000000
    0.454083383    1.990239099   -0.000000000   -0.000000000   -0.000000000
    0.461050255    1.990239099   -0.000000000   -0.000000000   -0.000000000
    0.468017128    1.990239099   -0.000000000   -0.000000000   -0.000000000
    0.474984000    1.990239099   -0.000000000   -0.000000000   -0.000000000

    0.022137300    2.007885915   -0.000000000   -0.000000000   -0.000000000
    0.029104172    2.007885915   -0.000000000   -0.000000000   -0.000000000
    0.036071045    2.007885915   -0.000000000   -0.000000000   -0.000000000
    0.043037917    2.007885915   -0.000000000   -0.000000000   -0.000000000
    0.050004789    2.007885915   -0.000000000   -0.000000000   -0.000000000
    0.056971662    2.007885915   -0.000000000   -0.000000000   -0.000000000
    0.063938534    2.007885915   -0.000000000   -0.000000000   -0.000000000
    0.070905406    2.007885915   -0.000000000   -0.000000000   -0.000000000
    0.077872278    2.007885915   -0.004606369   -1.615468809    0.635115166
    0.084839151    2.007885915   -0.024225196   -4.888338967    2.058291584
    0.091806023    2.007885915   -0.081680682  -12.415645740    5.622311856
    0.098772895    2.007885915   -0.207713960  -23.986256289   12.369153765
    0.105739768    2.007885915   -0.431625721  -40.684388031   24.365130653
    0.112706640    2.007885915   -0.773688473  -57.073557624   41.113773295
    0.119673512    2.007885915   -1.212627870  -67.527922247   61.341211855
    0.126640385    2.007885915   -1.689350783  -66.998512682   82.924610353
    0.133607257    2.007885915   -2.111426396  -51.566607442  101.644240816
    0.140574129    2.007885915   -2.375531693  -22.385334587  112.910838479
    0.147541002    2.007885915   -2.407548876   13.450551001  113.777681983
    0.154507874    2.007885915   -2.195968199   45.841815768  103.848945689
    0.161474746    2.007885915   -1.798228553   65.795725312   85.541628283
    0.168441618    2.007885915   -1.316334719   69.828952440   63.511100196
    0.175408491    2.007885915   -0.857315491   60.308435145   42.210468245
    0.182375363    2.007885915   -0.494260279   43.773346651   24.927177546
    0.189342235    2.007885915   -0.246657670   27.590066245   13.136822255
    0.196309108    2.007885915   -0.101598442   15.121197968    6.163540483
    0.203275980    2.007885915   -0.029466775    6.069866131    2.197377159
    0.210242852    2.007885915   -0.006982715    1.486958188    0.509837401
    0.217209725    2.007885915   -0.000897688    0.409605435    0.127987519
    0.224176597    2.007885915   -0.000000000   -0.000000000   -0.000000000
    0.231143469    2.007885915   -0.000000000   -0.000000000   -0.000000000
    0.238110342    2.007885915   -0.000000000   -0.000000000   -0.000000000
    0.245077214    2.007885915   -0.000000000   -0.000000000   -0.000000000
    0.252044086    2.007885915   -0.000000000   -0.000000000   -0.000000000
    0.259010958    2.007885915   -0.000000000   -0.000000000   -0.000000000
    0.265977831    2.007885915   -0.000000000   -0.000000000   -0.000000000
    0.272944703    2.007885915   -0.000000000   -0.000000000   -0.000000000
    0.279911575    2.007885915   -0.000000000   -0.000000000   -0.000000000
    0.286878448    2.007885915   -0.000000000   -0.000000000   -0.000000000
    0.293845320    2.007885915   -0.000000000   -0.000000000   -0.000000000
    0.300812192    2.007885915   -0.000000000   -0.000000000   -0.000000000
    0.307779065    2.007885915   -0.000000000   -0.000000000   -0.000000000
    0.314745937    2.007885915   -0.000000000   -0.000000000   -0.000000000
    0.321712809    2.007885915   -0.000000000   -0.000000000   -0.000000000
    0.328679682    2.007885915   -0.000000000   -0.000000000   -0.000000000
    0.335646554    2.007885915   -0.000000000   -0.000000000   -0.000000000
    0.342613426    2.007885915   -0.000000000   -0.000000000   -0.000000000
    0.349580298    2.007885915   -0.000000000   -0.000000000   -0.000000000
    0.356547171    2.007885915   -0.000000000   -0.000000000   -0.000000000
    0.363514043    2.007885915   -0.000000000   -0.000000000   -0.000000000
    0.370480915    2.007885915   -0.000000000   -0.000000000   -0.000000000
    0.377447788    2.007885915   -0.000000000   -0.000000000   -0.000000000
    0.384414660    2.007885915   -0.000000000   -0.000000000   -0.000000000
    0.391381532    2.007885915   -0.000000000   -0.000000000   -0.000000000
    0.398348405    2.007885915   -0.000000000   -0.000000000   -0.000000000
    0.405315277    2.007885915   -0.000000000   -0.000000000   -0.000000000
    0.412282149    2.007885915   -0.000000000   -0.000000000   -0.000000000
    0.419249022    2.007885915   -0.000000000   -0.000000000   -0.000000000
    0.426215894    2.007885915   -0.000000000   -0.000000000   -0.000000000
    0.433182766    2.007885915   -0.000000000   -0.000000000   -0.000000000
    0.440149638    2.007885915   -0.000000000   -0.000000000   -0.000000000
    0.447116511    2.007885915   -0.000000000   -0.000000000   -0.000000000
    0.454083383    2.007885915   -0.000000000   -0.000000000   -0.000000000
    0.461050255    2.007885915   -0.000000000   -0.000000000   -0.000000000
    0.468017128    2.007885915   -0.000000000   -0.000000000   -0.000000000
    0.474984000    2.007885915   -0.000000000   -0.000000000   -0.000000000

    0.022137300    2.025532732   -0.000000000   -0.000000000   -0.000000000
    0.029104172    2.025532732   -0.000000000   -0.000000000   -0.000000000
    0.036071045    2.025532732   -0.000000000   -0.000000000   -0.000000000
    0.043037917    2.025532732   -0.000000000   -0.000000000   -0.000000000
    0.050004789    2.025532732   -0.000000000   -0.000000000   -0.000000000
    0.056971662    2.025532732   -0.000000000   -0.000000000   -0.000000000
    0.063938534    2.025532732   -0.000000000   -0.000000000   -0.000000000
    0.070905406    2.025532732   -0.000000000   -0.000000000   -0.000000000
    0.077872278    2.025532732   -0.000000000   -0.000000000   -0.000000000
    0.084839151    2.025532732   -0.003308897   -1.110045427    0.576201324
    0.091806023    2.025532732   -0.018225711   -3.827220363    2.026099982
    0.098772895    2.025532732   -0.059852143   -8.450733181    4.911634585
    0.105739768    2.025532732   -0.142265545  -15.022320638   10.059220958
    0.112706640    2.025532732   -0.273323278  -22.364974692   17.862173696
    0.119673512    2.025532732   -0.451759495  -27.867754657   27.814267435
    0.126640385    2.025532732   -0.651767833  -28.492806159   38.780129441
    0.133607257    2.025532732   -0.833138252  -22.381578246   48.274403897
    0.140574129    2.025532732   -0.949092543  -10.068093294   54.049916895
    0.147541002    2.025532732   -0.966652955    5.193145462   54.813494723
    0.154507874    2.025532732   -0.880186298   18.984067368   49.968620711
    0.161474746    2.025532732   -0.715425781   27.186123333   40.814638616
    0.168441618    2.025532732   -0.517196337   28.378558548   29.815270100
    0.175408491    2.025532732   -0.331301814   24.480214544   19.687864812
    0.182375363    2.025532732   -0.184022605   17.786568189   11.520305763
    0.189342235    2.025532732   -0.084002751   11.286179797    6.152861279
    0.196309108    2.025532732   -0.027542310    5.298829390    2.508009346
    0.203275980    2.025532732   -0.007035988    1.402444007    0.628720183
    0.210242852    2.025532732   -0.001128674    0.384114812    0.160786603
    0.217209725    2.025532732   -0.000000000   -0.000000000   -0.000000000
    0.224176597    2.025532732   -0.000000000   -0.000000000   -0.000000000
    0.231143469    2.025532732   -0.000000000   -0.000000000   -0.000000000
    0.238110342    2.025532732   -0.000000000   -0.000000000   -0.000000000
    0.245077214    2.025532732   -0.000000000   -0.000000000   -0.000000000
    0.252044086    2.025532732   -0.000000000   -0.000000000   -0.000000000
    0.259010958    2.025532732   -0.000000000   -0.000000000   -0.000000000
    0.265977831    2.025532732   -0.000000000   -0.000000000   -0.000000000
    0.272944703    2.025532732   -0.000000000   -0.000000000   -0.000000000
    0.279911575    2.025532732   -0.000000000   -0.000000000   -0.000000000
    0.286878448    2.025532732   -0.000000000   -0.000000000   -0.000000000
    0.293845320    2.025532732   -0.000000000   -0.000000000   -0.000000000
    0.300812192    2.025532732   -0.000000000   -0.000000000   -0.000000000
    0.307779065    2.025532732   -0.000000000   -0.000000000   -0.000000000
    0.314745937    2.025532732   -0.000000000   -0.000000000   -0.000000000
    0.321712809    2.025532732   -0.000000000   -0.000000000   -0.000000000
    0.328679682    2.025532732   -0.000000000   -0.000000000   -0.000000000
    0.335646554    2.025532732   -0.000000000   -0.000000000   -0.000000000
    0.342613426    2.025532732   -0.000000000   -0.000000000   -0.000000000
    0.349580298    2.025532732   -0.000000000   -0.000000000   -0.000000000
    0.356547171    2.025532732   -0.000000000   -0.000000000   -0.000000000
    0.363514043    2.025532732   -0.000000000   -0.000000000   -0.000000000
    0.370480915    2.025532732   -0.000000000   -0.000000000   -0.000000000
    0.377447788    2.025532732   -0.000000000   -0.000000000   -0.000000000
    0.384414660    2.025532732   -0.000000000   -0.000000000   -0.000000000
    0.391381532    2.025532732   -0.000000000   -0.000000000   -0.000000000
    0.398348405    2.025532732   -0.000000000   -0.000000000   -0.000000000
    0.405315277    2.025532732   -0.000000000   -0.000000000   -0.000000000
    0.412282149    2.025532732   -0.000000000   -0.000000000   -0.000000000
    0.419249022    2.025532732   -0.000000000   -0.000000000   -0.000000000
    0.426215894    2.025532732   -0.000000000   -0.000000000   -0.000000000
    0.433182766    2.025532732   -0.000000000   -0.000000000   -0.000000000
    0.440149638    2.025532732   -0.000000000   -0.000000000   -0.000000000
    0.447116511    2.025532732   -0.000000000   -0.000000000   -0.000000000
    0.454083383    2.025532732   -0.000000000   -0.000000000   -0.000000000
    0.461050255    2.025532732   -0.000000000   -0.000000000   -0.000000000
    0.468017128    2.025532732   -0.000000000   -0.000000000   -0.000000000
    0.474984000    2.025532732   -0.000000000   -0.000000000   -0.000000000

    0.022137300    2.043179549   -0.000000000   -0.000000000   -0.000000000
    0.029104172    2.043179549   -0.000000000   -0.000000000   -0.000000000
    0.036071045    2.043179549   -0.000000000   -0.000000000   -0.000000000
    0.043037917    2.043179549   -0.000000000   -0.000000000   -0.000000000
    0.050004789    2.043179549   -0.000000000   -0.000000000   -0.000000000
    0.056971662    2.043179549   -0.000000000   -0.000000000   -0.000000000
    0.063938534    2.043179549   -0.000000000   -0.000000000   -0.000000000
    0.070905406    2.043179549   -0.000000000   -0.000000000   -0.000000000
    0.077872278    2.043179549   -0.000000000   -0.000000000   -0.000000000
    0.084839151    2.043179549   -0.000000000   -0.000000000   -0.000000000
    0.091806023    2.043179549   -0.000887120   -0.371391002    0.243238572
    0.098772895    2.043179549   -0.008621997   -1.991133738    1.305916601
    0.105739768    2.043179549   -0.030731136   -4.415029780    3.356232668
    0.112706640    2.043179549   -0.071671427   -7.385406569    6.517743771
    0.119673512    2.043179549   -0.130731852   -9.562428217   10.497818780
    0.126640385    2.043179549   -0.201626455  -10.364687831   15.131912377
    0.133607257    2.043179549   -0.268674266   -8.396163792   19.164362751
    0.140574129    2.043179549   -0.313098336   -4.064090753   21.880705710
    0.147541002    2.043179549   -0.322156922    1.457576961   22.157951501
    0.154507874    2.043179549   -0.293600950    6.477915512   20.126944257
    0.161474746    2.043179549   -0.236744452    9.474470782   16.455258647
    0.168441618    2.043179549   -0.167354570   10.092551573   12.136425817
    0.175408491    2.043179549   -0.100649375    8.757010166    8.016856154
    0.182375363    2.043179549   -0.048533581    6.157275641    4.531028822
    0.189342235    2.043179549   -0.016842357    3.062525236    1.911925930
    0.196309108    2.043179549   -0.004677583    0.870313453    0.514599609
    0.203275980    2.043179549   -0.000612280    0.275602497    0.154741566
    0.210242852    2.043179549   -0.000000000   -0.000000000   -0.000000000
    0.217209725    2.043179549   -0.000000000   -0.000000000   -0.000000000
    0.224176597    2.043179549   -0.000000000   -0.000000000   -0.000000000
    0.231143469    2.043179549   -0.000000000   -0.000000000   -0.000000000
    0.238110342    2.043179549   -0.000000000   -0.000000000   -0.000000000
    0.245077214    2.043179549   -0.000000000   -0.000000000   -0.000000000
    0.252044086    2.043179549   -0.000000000   -0.000000000   -0.000000000
    0.259010958    2.043179549   -0.000000000   -0.000000000   -0.000000000
    0.265977831    2.043179549   -0.000000000   -0.000000000   -0.000000000
    0.272944703    2.043179549   -0.000000000   -0.000000000   -0.000000000
    0.279911575    2.043179549   -0.000000000   -0.000000000   -0.000000000
    0.286878448    2.043179549   -0.000000000   -0.000000000   -0.000000000
    0.293845320    2.043179549   -0.000000000   -0.000000000   -0.000000000
    0.300812192    2.043179549   -0.000000000   -0.000000000   -0.000000000
    0.307779065    2.043179549   -0.000000000   -0.000000000   -0.000000000
    0.314745937    2.043179549   -0.000000000   -0.000000000   -0.000000000
    0.321712809    2.043179549   -0.000000000   -0.000000000   -0.000000000
    0.328679682    2.043179549   -0.000000000   -0.000000000   -0.000000000
    0.335646554    2.043179549   -0.000000000   -0.000000000   -0.000000000
    0.342613426    2.043179549   -0.000000000   -0.000000000   -0.000000000
    0.349580298    2.043179549   -0.000000000   -0.000000000   -0.000000000
    0.356547171    2.043179549   -0.000000000   -0.000000000   -0.000000000
    0.363514043    2.043179549   -0.000000000   -0.000000000   -0.000000000
    0.370480915    2.043179549   -0.000000000   -0.000000000   -0.000000000
    0.377447788    2.043179549   -0.000000000   -0.000000000   -0.000000000
    0.384414660    2.043179549   -0.000000000   -0.000000000   -0.000000000
    0.391381532    2.043179549   -0.000000000   -0.000000000   -0.000000000
    0.398348405    2.043179549   -0.000000000   -0.000000000   -0.000000000
    0.405315277    2.043179549   -0.000000000   -0.000000000   -0.000000000
    0.412282149    2.043179549   -0.000000000   -0.000000000   -0.000000000
    0.419249022    2.043179549   -0.000000000   -0.000000000   -0.000000000
    0.426215894    2.043179549   -0.000000000   -0.000000000   -0.000000000
    0.433182766    2.043179549   -0.000000000   -0.000000000   -0.000000000
    0.440149638    2.043179549   -0.000000000   -0.000000000   -0.000000000
    0.447116511    2.043179549   -0.000000000   -0.000000000   -0.000000000
    0.454083383    2.043179549   -0.000000000   -0.000000000   -0.000000000
    0.461050255    2.043179549   -0.000000000   -0.000000000   -0.000000000
    0.468017128    2.043179549   -0.000000000   -0.000000000   -0.000000000
    0.474984000    2.043179549   -0.000000000   -0.000000000   -0.000000000

    0.022137300    2.060826366   -0.000000000   -0.000000000   -0.000000000
    0.029104172    2.060826366   -0.000000000   -0.000000000   -0.000000000
    0.036071045    2.060826366   -0.000000000   -0.000000000   -0.000000000
    0.043037917    2.060826366   -0.000000000   -0.000000000   -0.000000000
    0.050004789    2.060826366   -0.000000000   -0.000000000   -0.000000000
    0.056971662    2.060826366   -0.000000000   -0.000000000   -0.000000000
    0.063938534    2.060826366   -0.000000000   -0.000000000   -0.000000000
    0.070905406    2.060826366   -0.000000000   -0.000000000   -0.000000000
    0.077872278    2.060826366   -0.000000000   -0.000000000   -0.000000000
    0.084839151    2.060826366   -0.000000000   -0.000000000   -0.000000000
    0.091806023    2.060826366   -0.000000000   -0.000000000   -0.000000000
    0.098772895    2.060826366   -0.000144045   -0.092025678    0.070527986
    0.105739768    2.060826366   -0.001783444   -0.504637842    0.384897220
    0.112706640    2.060826366   -0.009101998   -1.524889006    1.396107462
    0.119673512    2.060826366   -0.022481500   -2.425954439    2.901393939
    0.126640385    2.060826366   -0.041205595   -2.790880881    4.498102378
    0.133607257    2.060826366   -0.059718008   -2.578785751    6.127914296
    0.140574129    2.060826366   -0.073937846   -1.442864101    7.189119802
    0.147541002    2.060826366   -0.078396652    0.193884421    7.418443090
    0.154507874    2.060826366   -0.071325343    1.780249432    6.782198177
    0.161474746    2.060826366   -0.055037729    2.778373957    5.519342930
    0.168441618    2.060826366   -0.034993259    2.812350885    3.791458285
    0.175408491    2.060826366   -0.017162362    2.184494999    2.200763188
    0.182375363    2.060826366   -0.006113170    1.131846364    0.937018762
    0.189342235    2.060826366   -0.001361173    0.467577050    0.373737618
    0.196309108    2.060826366   -0.000000000   -0.000000000   -0.000000000
    0.203275980    2.060826366   -0.000000000   -0.000000000   -0.000000000
    0.210242852    2.060826366   -0.000000000   -0.000000000   -0.000000000
    0.217209725    2.060826366   -0.000000000   -0.000000000   -0.000000000
    0.224176597    2.060826366   -0.000000000   -0.000000000   -0.000000000
    0.231143469    2.060826366   -0.000000000   -0.000000000   -0.000000000
    0.238110342    2.060826366   -0.000000000   -0.000000000   -0.000000000
    0.245077214    2.060826366   -0.000000000   -0.000000000   -0.000000000
    0.252044086    2.060826366   -0.000000000   -0.000000000   -0.000000000
    0.259010958    2.060826366   -0.000000000   -0.000000000   -0.000000000
    0.265977831    2.060826366   -0.000000000   -0.000000000   -0.000000000
    0.272944703    2.060826366   -0.000000000   -0.000000000   -0.000000000
    0.279911575    2.060826366   -0.000000000   -0.000000000   -0.000000000
    0.286878448    2.060826366   -0.000000000   -0.000000000   -0.000000000
    0.293845320    2.060826366   -0.000000000   -0.000000000   -0.000000000
    0.300812192    2.060826366   -0.000000000   -0.000000000   -0.000000000
    0.307779065    2.060826366   -0.000000000   -0.000000000   -0.000000000
    0.314745937    2.060826366   -0.000000000   -0.000000000   -0.000000000
    0.321712809    2.060826366   -0.000000000   -0.000000000   -0.000000000
    0.328679682    2.060826366   -0.000000000   -0.000000000   -0.000000000
    0.335646554    2.060826366   -0.000000000   -0.000000000   -0.000000000
    0.342613426    2.060826366   -0.000000000   -0.000000000   -0.000000000
    0.349580298    2.060826366   -0.000000000   -0.000000000   -0.000000000
    0.356547171    2.060826366   -0.000000000   -0.000000000   -0.000000000
    0.363514043    2.060826366   -0.000000000   -0.000000000   -0.000000000
    0.370480915    2.060826366   -0.000000000   -0.000000000   -0.000000000
    0.377447788    2.060826366   -0.000000000   -0.000000000   -0.000000000
    0.384414660    2.060826366   -0.000000000   -0.000000000   -0.000000000
    0.391381532    2.060826366   -0.000000000   -0.000000000   -0.000000000
    0.398348405    2.060826366   -0.000000000   -0.000000000   -0.000000000
    0.405315277    2.060826366   -0.000000000   -0.000000000   -0.000000000
    0.412282149    2.060826366   -0.000000000   -0.000000000   -0.000000000
    0.419249022    2.060826366   -0.000000000   -0.000000000   -0.000000000
    0.426215894    2.060826366   -0.000000000   -0.000000000   -0.000000000
    0.433182766    2.060826366   -0.000000000   -0.000000000   -0.000000000
    0.440149638    2.060826366   -0.000000000   -0.000000000   -0.000000000
    0.447116511    2.060826366   -0.000000000   -0.000000000   -0.000000000
    0.454083383    2.060826366   -0.000000000   -0.000000000   -0.000000000
    0.461050255    2.060826366   -0.000000000   -0.000000000   -0.000000000
    0.468017128    2.060826366   -0.000000000   -0.000000000   -0.000000000
    0.474984000    2.060826366   -0.000000000   -0.000000000   -0.000000000

    0.022137300    2.078473183   -0.000000000   -0.000000000   -0.000000000
    0.029104172    2.078473183   -0.000000000   -0.000000000   -0.000000000
    0.036071045    2.078473183   -0.000000000   -0.000000000   -0.000000000
    0.043037917    2.078473183   -0.000000000   -0.000000000   -0.000000000
    0.050004789    2.078473183   -0.000000000   -0.000000000   -0.000000000
    0.056971662    2.078473183   -0.000000000   -0.000000000   -0.000000000
    0.063938534    2.078473183   -0.000000000   -0.000000000   -0.000000000
    0.070905406    2.078473183   -0.000000000   -0.000000000   -0.000000000
    0.077872278    2.078473183   -0.000000000   -0.000000000   -0.000000000
    0.084839151    2.078473183   -0.000000000   -0.000000000   -0.000000000
    0.091806023    2.078473183   -0.000000000   -0.000000000   -0.000000000
    0.098772895    2.078473183   -0.000000000   -0.000000000   -0.000000000
    0.105739768    2.078473183   -0.000000000   -0.000000000   -0.000000000
    0.112706640    2.078473183   -0.000000000   -0.000000000   -0.000000000
    0.119673512    2.078473183   -0.001071594   -0.270426793    0.322549573
    0.126640385    2.078473183   -0.004130430   -0.486821212    0.787520849
    0.133607257    2.078473183   -0.007288734   -0.437331476    1.118811212
    0.140574129    2.078473183   -0.009513125   -0.233730748    1.376360380
    0.147541002    2.078473183   -0.010087299    0.062356834    1.429643118
    0.154507874    2.078473183   -0.008496188    0.368906112    1.242292654
    0.161474746    2.078473183   -0.005437013    0.481918540    0.991873411
    0.168441618    2.078473183   -0.002194293    0.462994060    0.664204892
    0.175408491    2.078473183   -0.000198368    0.067496414    0.062824288
    0.182375363    2.078473183   -0.000000000   -0.000000000   -0.000000000
    0.189342235    2.078473183   -0.000000000   -0.000000000   -0.000000000
    0.196309108    2.078473183   -0.000000000   -0.000000000   -0.000000000
    0.203275980    2.078473183   -0.000000000   -0.000000000   -0.000000000
    0.210242852    2.078473183   -0.000000000   -0.000000000   -0.000000000
    0.217209725    2.078473183   -0.000000000   -0.000000000   -0.000000000
    0.224176597    2.078473183   -0.000000000   -0.000000000   -0.000000000
    0.231143469    2.078473183   -0.000000000   -0.000000000   -0.000000000
    0.238110342    2.078473183   -0.000000000   -0.000000000   -0.000000000
    0.245077214    2.078473183   -0.000000000   -0.000000000   -0.000000000
    0.252044086    2.078473183   -0.000000000   -0.000000000   -0.000000000
    0.259010958    2.078473183   -0.000000000   -0.000000000   -0.000000000
    0.265977831    2.078473183   -0.000000000   -0.000000000   -0.000000000
    0.272944703    2.078473183   -0.000000000   -0.000000000   -0.000000000
    0.279911575    2.078473183   -0.000000000   -0.000000000   -0.000000000
    0.286878448    2.078473183   -0.000000000   -0.000000000   -0.000000000
    0.293845320    2.078473183   -0.000000000   -0.000000000   -0.000000000
    0.300812192    2.078473183   -0.000000000   -0.000000000   -0.000000000
    0.307779065    2.078473183   -0.000000000   -0.000000000   -0.000000000
    0.314745937    2.078473183   -0.000000000   -0.000000000   -0.000000000
    0.321712809    2.078473183   -0.000000000   -0.000000000   -0.000000000
    0.328679682    2.078473183   -0.000000000   -0.000000000   -0.000000000
    0.335646554    2.078473183   -0.000000000   -0.000000000   -0.000000000
    0.342613426    2.078473183   -0.000000000   -0.000000000   -0.000000000
    0.349580298    2.078473183   -0.000000000   -0.000000000   -0.000000000
    0.356547171    2.078473183   -0.000000000   -0.000000000   -0.000000000
    0.363514043    2.078473183   -0.000000000   -0.000000000   -0.000000000
    0.370480915    2.078473183   -0.000000000   -0.000000000   -0.000000000
    0.377447788    2.078473183   -0.000000000   -0.000000000   -0.000000000
    0.384414660    2.078473183   -0.000000000   -0.000000000   -0.000000000
    0.391381532    2.078473183   -0.000000000   -0.000000000   -0.000000000
    0.398348405    2.078473183   -0.000000000   -0.000000000   -0.000000000
    0.405315277    2.078473183   -0.000000000   -0.000000000   -0.000000000
    0.412282149    2.078473183   -0.000000000   -0.000000000   -0.000000000
    0.419249022    2.078473183   -0.000000000   -0.000000000   -0.000000000
    0.426215894    2.078473183   -0.000000000   -0.000000000   -0.000000000
    0.433182766    2.078473183   -0.000000000   -0.000000000   -0.000000000
    0.440149638    2.078473183   -0.000000000   -0.000000000   -0.000000000
    0.447116511    2.078473183   -0.000000000   -0.000000000   -0.000000000
    0.454083383    2.078473183   -0.000000000   -0.000000000   -0.000000000
    0.461050255    2.078473183   -0.000000000   -0.000000000   -0.000000000
    0.468017128    2.078473183   -0.000000000   -0.000000000   -0.000000000
    0.474984000    2.078473183   -0.000000000   -0.000000000   -0.000000000

    0.022137300    2.096120000   -0.000000000   -0.000000000   -0.000000000
    0.029104172    2.096120000   -0.000000000   -0.000000000   -0.000000000
    0.036071045    2.096120000   -0.000000000   -0.000000000   -0.000000000
    0.043037917    2.096120000   -0.000000000   -0.000000000   -0.000000000
    0.050004789    2.096120000   -0.000000000   -0.000000000   -0.000000000
    0.056971662    2.096120000   -0.000000000   -0.000000000   -0.000000000
    0.063938534    2.096120000   -0.000000000   -0.000000000   -0.000000000
    0.070905406    2.096120000   -0.000000000   -0.000000000   -0.000000000
    0.077872278    2.096120000   -0.000000000   -0.000000000   -0.000000000
    0.084839151    2.096120000   -0.000000000   -0.000000000   -0.000000000
    0.091806023    2.096120000   -0.000000000   -0.000000000   -0.000000000
    0.098772895    2.096120000   -0.000000000   -0.000000000   -0.000000000
    0.105739768    2.096120000   -0.000000000   -0.000000000   -0.000000000
    0.112706640    2.096120000   -0.000000000   -0.000000000   -0.000000000
    0.119673512    2.096120000   -0.000000000   -0.000000000   -0.000000000
    0.126640385    2.096120000   -0.000000000   -0.000000000   -0.000000000
    0.133607257    2.096120000   -0.000000000   -0.000000000   -0.000000000
    0.140574129    2.096120000   -0.000000000   -0.000000000   -0.000000000
    0.147541002    2.096120000   -0.000000000   -0.000000000   -0.000000000
    0.154507874    2.096120000   -0.000000000   -0.000000000   -0.000000000
    0.161474746    2.096120000   -0.000000000   -0.000000000   -0.000000000
    0.168441618    2.096120000   -0.000000000   -0.000000000   -0.000000000
    0.175408491    2.096120000   -0.000000000   -0.000000000   -0.000000000
    0.182375363    2.096120000   -0.000000000   -0.000000000   -0.000000000
    0.189342235    2.096120000   -0.000000000   -0.000000000   -0.000000000
    0.196309108    2.096120000   -0.000000000   -0.000000000   -0.000000000
    0.203275980    2.096120000   -0.000000000   -0.000000000   -0.000000000
    0.210242852    2.096120000   -0.000000000   -0.000000000   -0.000000000
    0.217209725    2.096120000   -0.000000000   -0.000000000   -0.000000000
    0.224176597    2.096120000   -0.000000000   -0.000000000   -0.000000000
    0.231143469    2.096120000   -0.000000000   -0.000000000   -0.000000000
    0.238110342    2.096120000   -0.000000000   -0.000000000   -0.000000000
    0.245077214    2.096120000   -0.000000000   -0.000000000   -0.000000000
    0.252044086    2.096120000   -0.000000000   -0.000000000   -0.000000000
    0.259010958    2.096120000   -0.000000000   -0.000000000   -0.000000000
    0.265977831    2.096120000   -0.000000000   -0.000000000   -0.000000000
    0.272944703    2.096120000   -0.000000000   -0.000000000   -0.000000000
    0.279911575    2.096120000   -0.000000000   -0.000000000   -0.000000000
    0.286878448    2.096120000   -0.000000000   -0.000000000   -0.000000000
    0.293845320    2.096120000   -0.000000000   -0.000000000   -0.000000000
    0.300812192    2.096120000   -0.000000000   -0.000000000   -0.000000000
    0.307779065    2.096120000   -0.000000000   -0.000000000   -0.000000000
    0.314745937    2.096120000   -0.000000000   -0.000000000   -0.000000000
    0.321712809    2.096120000   -0.000000000   -0.000000000   -0.000000000
    0.328679682    2.096120000   -0.000000000   -0.000000000   -0.000000000
    0.335646554    2.096120000   -0.000000000   -0.000000000   -0.000000000
    0.342613426    2.096120000   -0.000000000   -0.000000000   -0.000000000
    0.349580298    2.096120000   -0.000000000   -0.000000000   -0.000000000
    0.356547171    2.096120000   -0.000000000   -0.000000000   -0.000000000
    0.363514043    2.096120000   -0.000000000   -0.000000000   -0.000000000
    0.370480915    2.096120000   -0.000000000   -0.000000000   -0.000000000
    0.377447788    2.096120000   -0.000000000   -0.000000000   -0.000000000
    0.384414660    2.096120000   -0.000000000   -0.000000000   -0.000000000
    0.391381532    2.096120000   -0.000000000   -0.000000000   -0.000000000
    0.398348405    2.096120000   -0.000000000   -0.000000000   -0.000000000
    0.405315277    2.096120000   -0.000000000   -0.000000000   -0.000000000
    0.412282149    2.096120000   -0.000000000   -0.000000000   -0.000000000
    0.419249022    2.096120000   -0.000000000   -0.000000000   -0.000000000
    0.426215894    2.096120000   -0.000000000   -0.000000000   -0.000000000
    0.433182766    2.096120000   -0.000000000   -0.000000000   -0.000000000
    0.440149638    2.096120000   -0.000000000   -0.000000000   -0.000000000
    0.447116511    2.096120000   -0.000000000   -0.000000000   -0.000000000
    0.454083383    2.096120000   -0.000000000   -0.000000000   -0.000000000
    0.461050255    2.096120000   -0.000000000   -0.000000000   -0.000000000
    0.468017128    2.096120000   -0.000000000   -0.000000000   -0.000000000
    0.474984000    2.096120000   -0.000000000   -0.000000000   -0.000000000
